Kadar Al2O3;Reactive SiO2 (Kaolinite, Clay,Ect);Fe2O3 (Hematite — INERT in NaOH);TiO2 (Rutile/Anatase — INERT);CaO (Calcium Oxide — INERT);MgO (Magnesium Oxide — INERT);Na2O (Sodium Oxide — INERT);K2O (Potassium Oxide — INERT);Cr2O3 (Chromium Oxide — INERT);Others;Alumunium Feed (Al) from bauxite   ;Alumunium in Recycled Spent Liquor  ;Alumunium Lost in Red Mud   ;Alumina Hydrate Seed;Alumunium Recovery Rate (From Feed) ;Pure Al(OH)3 (dry, precipitated)    ;NaOH Consumed (Net, Digestion)  ;Net Make-up NaOH Required (Recycled Spent Liquor)   ;CaOH Consumed (Net, Pre-Desilication)   ;CaOH2 Lost in Red Mud (Net, Clarification)  ;CaOH2  consumption (Net, Spent Liquor Conditioning) ;Total CaO consumed  ;CaO Addition in process ;Water Consumption (Pre-Decilication, Digestion, Precipitation)  ;Water added from redmud washing into conditioning   ;Water removed through evaporation   ;Wet Red Mud Discharge   ;-----;Bauxite Particle size ;Target Ca/Si Ratio in Pre-Desilication Slurry   ;Pre-Desilication Process Efficiency ;Digestion Efficiency of Bauxite   ;Steam Injected Into digester    ;Suhu Digester   ;L/S Ratio (Liquor-to-Solid in Digester) ;Target NaOH Solution Concentration in Digestion Tank    ;Digestion Steam Evaporation Loss    ;Steam Flashing Water release    ;Precipitation Temperature   ;Precipitation Yield (Al(OH)? from liquor)   ;Clarification Process Efficiency    ;Seed Alumino Hydrate Ratio  ;Free Moisture in Wet Alumina Hydrate    ;NaOH affected by carbonation    ;Wash Water Added to Red Mud (ton/ton RM)    ;Red Mud Wash Efficiency ;Spent Liquor Na2CO3 conversion efficiency   ;Minimum Causticity (Active NaOH/(NaOH+Na2CO3)   ;Total NaOH OPEX (per Hr)  ;Total CaO OPEX (Per Hr);Total OPEX;Al/Si Rati;Bauxite Feed Rate;Moisture in Bauxite;Dry Bauxite Feed rate
53.94%;7.70%;15.01%;1.88%;1.01%;0.39%;0.21%;0.53%;0.03%;19.30%;266.2006608;87.85300556;31.85606414;892.8148574;83.72%;644.3279392;352.1091435;28.33315166;49.20860844;0.049208608;12.2529435;46.51503148;26.55476615;483.7720635;758.7817514;719.3971722;572.9268294;;70.282341;1.2;80.00%;92.49%;0.05;144.9542084;3;155.866394;0.03;0.02;60.72565079;0.728974318;98.00%;2.334920406;0.1;0.1;2.5;80.00%;0.9;0.85;14166.57583;3488.627361;17655.20319;7.00609695;1000;0.2;800
49.61%;1.76%;16.83%;1.23%;1.07%;0.55%;0.20%;0.11%;0.10%;28.53%;228.3740089;87.85300556;46.4189891;758.4528272;83.32%;550.0838465;294.0692125;56.34045461;72.91479443;0.072914794;18.15578381;68.92359012;51.62834283;529.4166634;717.4279526;579.9994745;541.5684568;;70.55255127;1.2;80.00%;98.44%;0.05;146.0691681;3;148.0413818;0.03;0.02;65.10643005;0.774876625;98.00%;2.916939497;0.1;0.1;2.5;80.00%;0.9;0.85;28170.2273;5169.269259;33339.49656;28.22681342;1000;0.2;800
55.38%;6.10%;18.98%;2.25%;1.25%;0.65%;0.12%;0.60%;0.15%;14.53%;210.0607079;75.00298572;11.44967341;884.7184823;98.99%;601.1439566;301.4281392;6.131402868;16.64669778;0.016646698;4.145027746;15.73549214;-6.52748955;340.9646554;399.2977658;473.3017877;303.1080658;;59.09573746;1.2;80.00%;98.18%;0.05;144.2741394;3;159.5708771;0.03;0.02;65.74011993;0.751865283;98.00%;2.913559914;0.1;0.1;2.5;80.00%;0.9;0.85;3065.701434;1180.16191;4245.863344;9.082231565;1000;0.2;800
49.92%;4.44%;17.89%;2.75%;0.70%;0.92%;0.24%;0.13%;0.14%;22.88%;234.4538001;64.79183934;36.98736732;915.5694501;84.06%;569.7521817;323.7766935;75.86845362;57.74439407;0.057744394;14.37835412;54.58358595;41.51120712;481.1221362;675.0755377;616.4375615;509.7372602;;62.25677109;1.2;80.00%;99.87%;0.05;147.5646362;3;144.8254395;0.03;0.02;52.48376083;0.748475815;98.00%;2.900915623;0.1;0.1;2.5;80.00%;0.9;0.85;37934.22681;4093.768946;42027.99576;11.24791279;1000;0.2;800
62.75%;4.38%;13.73%;1.01%;1.36%;0.82%;0.24%;0.07%;0.13%;15.52%;211.3439213;69.31948875;27.18330271;871.2226583;90.24%;551.3900251;299.6662386;3.348096892;42.0303439;0.042030344;10.46555563;39.72969022;23.28746176;413.7205067;567.5950546;562.7976389;429.2367363;;68.59518433;1.2;80.00%;99.73%;0.05;142.4036102;3;148.6212006;0.03;0.02;60.10769653;0.813775211;98.00%;2.280640602;0.1;0.1;2.5;80.00%;0.9;0.85;1674.048446;2979.726767;4653.775213;14.31806053;1000;0.2;800
51.07%;4.14%;21.65%;1.18%;1.39%;0.60%;0.12%;0.43%;0.05%;19.37%;265.651965;68.25292812;27.06722712;800.3029802;93.99%;721.8446353;379.6888955;10.02431841;41.50247162;0.041502472;10.33411543;39.23071258;20.42504436;490.4714164;469.3179103;443.3036675;355.83475;;56.75382614;1.2;80.00%;96.43%;0.05;145.279007;3;146.8741608;0.03;0.02;56.33272934;0.777978109;98.00%;2.574302912;0.1;0.1;2.5;80.00%;0.9;0.85;5012.159204;2942.303443;7954.462647;12.34543418;1000;0.2;800
62.43%;3.24%;13.85%;1.79%;1.34%;0.38%;0.19%;0.36%;0.12%;16.30%;216.2107674;62.14721841;25.37676007;747.0229444;88.97%;556.1016647;297.6948974;32.19582759;39.17563752;0.039175638;9.754733742;37.03124454;18.08717223;404.8556062;611.8840833;614.3915378;462.2495646;;70.69078064;1.2;80.00%;99.85%;0.05;147.4255066;3;148.27005;0.03;0.02;66.82032013;0.79624628;98.00%;2.174870014;0.1;0.1;2.5;80.00%;0.9;0.85;16097.91379;2777.34334;18875.25713;19.29245704;1000;0.2;800
56.16%;7.51%;13.39%;0.90%;0.25%;0.70%;0.13%;0.53%;0.11%;20.32%;264.3266714;58.93135686;20.29515651;737.4063469;90.92%;694.8246438;381.5749513;25.04744762;30.64774799;0.030647748;7.63128925;28.97015396;10.92426964;436.9747314;424.0886358;460.0695628;321.8401437;;50.86836243;1.2;80.00%;98.81%;0.05;142.3977203;3;158.8249817;0.03;0.02;51.49097443;0.742429103;98.00%;2.398954391;0.1;0.1;2.5;80.00%;0.9;0.85;12523.72381;2172.761547;14696.48536;7.4829933;1000;0.2;800
62.16%;6.11%;17.30%;2.27%;0.48%;0.57%;0.26%;0.23%;0.10%;10.51%;237.7828443;66.42876994;45.2818126;769.8877149;81.79%;562.2296687;326.4862173;75.50142615;71.0804689;0.071080469;17.69903676;67.18967176;59.43835546;527.9318229;626.977183;519.6956009;473.6672191;;61.24282074;1.2;80.00%;100.00%;0.05;148.6824951;3;156.2115173;0.03;0.02;51.54571533;0.817996451;98.00%;2.933590412;0.1;0.1;2.5;80.00%;0.9;0.85;37750.71308;5039.225382;42789.93846;10.16644091;1000;0.2;800
57.16%;4.22%;15.27%;2.10%;1.29%;0.59%;0.21%;0.33%;0.03%;18.80%;263.1933443;71.74540106;37.24757442;1039.168258;93.45%;711.0638143;371.8635583;18.91651111;57.90966925;0.057909669;14.41950764;54.7398143;37.52765262;547.3808054;627.0990597;532.0536879;474.1536452;;58.14865875;1.2;80.00%;100.00%;0.05;142.0378265;3;145.7255402;0.03;0.02;51.56568146;0.817797868;98.00%;2.021293402;0.1;0.1;2.5;80.00%;0.9;0.85;9458.255557;4105.486073;13563.74163;13.55651549;1000;0.2;800
61.92%;7.77%;22.23%;2.76%;0.81%;0.27%;0.26%;0.60%;0.06%;3.31%;242.0061847;59.63388268;25.96719441;645.5919003;93.47%;653.9764368;346.1297901;9.758908129;39.93222534;0.039932225;9.943124109;37.74641831;16.50504696;453.1321874;499.7406831;487.9092554;378.3884266;;53.42116165;1.2;80.00%;98.72%;0.05;144.7457428;3;154.7686157;0.03;0.02;66.064888;0.81778791;98.00%;2.977149963;0.1;0.1;2.5;80.00%;0.9;0.85;4879.454065;2830.981373;7710.435438;7.967478454;1000;0.2;800
56.53%;1.80%;20.31%;1.47%;0.82%;0.63%;0.14%;0.06%;0.13%;18.10%;262.1470545;54.91445603;46.89262688;986.5203294;85.12%;645.1038391;361.0807614;51.26332059;73.59854141;0.073598541;18.32603681;69.56991021;55.59400968;576.0276991;806.4966184;673.367053;608.3296949;;55.35100174;1.2;80.00%;100.00%;0.05;141.4667969;3;147.7210846;0.03;0.02;64.8710556;0.746387366;98.00%;2.881688595;0.1;0.1;2.5;80.00%;0.9;0.85;25631.66029;5217.743265;30849.40356;31.44687162;1000;0.2;800
56.32%;3.90%;21.15%;1.66%;0.68%;0.27%;0.19%;0.24%;0.08%;15.51%;239.339699;54.17279994;11.7305516;895.7612754;87.17%;603.1947504;349.3848123;51.44553456;17.02481556;0.017024816;4.239179076;16.09291254;-4.330132406;343.1969963;449.8207038;564.4260278;340.9322816;;52.31460571;1.2;80.00%;99.19%;0.05;143.883667;3;148.080719;0.03;0.02;56.70962143;0.753218123;98.00%;2.543281555;0.1;0.1;2.5;80.00%;0.9;0.85;25722.76728;1206.968441;26929.73572;14.42290592;1000;0.2;800
50.41%;3.59%;20.63%;1.80%;0.60%;0.45%;0.12%;0.40%;0.08%;21.90%;238.4501723;75.458213;24.17980805;844.6889123;91.07%;627.7817173;339.1561334;39.64465862;36.9819658;0.036981966;9.208509485;34.95764985;26.37542668;429.8614693;572.4562772;580.9408971;433.0175095;;60.17406082;1.2;80.00%;99.95%;0.05;148.8212128;3;159.7420197;0.03;0.02;55.3658371;0.794507682;98.00%;2.073828936;0.1;0.1;2.5;80.00%;0.9;0.85;19822.32931;2621.823739;22444.15305;14.0278416;1000;0.2;800
54.56%;2.43%;24.24%;2.66%;1.22%;0.85%;0.08%;0.35%;0.07%;13.54%;213.4419769;75.85251247;22.26118422;643.1796566;99.47%;613.8025077;305.5142948;45.54917048;34.03565432;0.034035654;8.474877926;32.17261334;20.38974568;412.1498892;550.2284064;548.4186151;416.2159851;;60.79028702;1.2;80.00%;100.00%;0.05;147.0307159;3;144.291153;0.03;0.02;57.79999161;0.800770976;98.00%;2.67147398;0.1;0.1;2.5;80.00%;0.9;0.85;22774.58524;2412.946;25187.53124;22.41762581;1000;0.2;800
57.28%;7.85%;12.92%;2.92%;1.39%;0.66%;0.20%;0.59%;0.12%;16.07%;231.0117513;59.27565293;15.45430006;824.3340461;94.81%;633.2015562;335.1510003;4.229407233;23.05098985;0.02305099;5.739696474;21.78922658;5.634523252;379.6157223;569.9096052;630.2524894;431.0381068;;65.24326324;1.2;80.00%;99.74%;0.05;142.3255768;3;156.191452;0.03;0.02;68.59079742;0.788973601;98.00%;2.454098701;0.1;0.1;2.5;80.00%;0.9;0.85;2114.703616;1634.191993;3748.89561;7.293886184;1000;0.2;800
61.80%;3.89%;20.96%;0.58%;0.68%;0.29%;0.27%;0.51%;0.06%;10.95%;242.4965108;58.95765621;47.31734016;782.1443189;84.43%;591.9255306;335.2098691;68.55922237;74.36894741;0.074368947;18.51786791;70.29814579;54.91799418;554.2123219;662.2441749;532.144151;500.0250547;;66.60301971;1.2;80.00%;98.22%;0.05;143.2561188;3;142.7346344;0.03;0.02;50.08184433;0.732479702;98.00%;2.43735075;0.1;0.1;2.5;80.00%;0.9;0.85;34279.61118;5272.360934;39551.97212;15.87012153;1000;0.2;800
52.07%;1.94%;20.21%;1.76%;0.43%;0.75%;0.14%;0.44%;0.02%;22.24%;261.6650057;59.00006594;24.13441692;812.0901629;81.87%;619.3152878;369.8082305;38.91211938;36.88166471;0.036881665;9.183534514;34.86283904;15.43956067;425.7658568;565.6030488;607.3444312;427.8889194;;53.34516907;1.2;80.00%;96.82%;0.05;142.0110016;3;140.6325989;0.03;0.02;62.6062355;0.824055073;98.00%;2.000952482;0.1;0.1;2.5;80.00%;0.9;0.85;19456.05969;2614.712928;22070.77262;26.90169764;1000;0.2;800
50.07%;2.96%;22.94%;0.92%;1.46%;0.88%;0.24%;0.26%;0.13%;20.14%;220.4413251;83.0132841;12.55266087;637.4273204;105.45%;672.0200151;311.0113003;-6.096015836;18.32983049;0.01832983;4.564127791;17.32649366;6.952260942;379.9096347;491.1522922;526.6030856;372.0014354;;60.75469971;1.2;80.00%;99.26%;0.05;147.7325897;3;146.1247864;0.03;0.02;64.16430664;0.765198571;98.00%;2.437041283;0.1;0.1;2.5;80.00%;0.9;0.85;3048.007918;1299.487024;4347.494943;16.89768357;1000;0.2;800
57.87%;3.65%;12.82%;1.17%;0.64%;0.54%;0.18%;0.33%;0.11%;22.69%;211.9896477;54.23606008;18.45988299;690.0179551;88.83%;544.4402844;303.1955849;57.76170752;28.0629035;0.028062903;6.987662971;26.52679848;11.42648537;357.8629064;552.8663922;612.086226;417.8710363;;68.91184235;1.2;80.00%;99.88%;0.05;143.934021;3;140.4763336;0.03;0.02;63.92949295;0.756660854;98.00%;2.42429018;0.1;0.1;2.5;80.00%;0.9;0.85;28880.85376;1989.509886;30870.36365;15.84075006;1000;0.2;800
58.67%;4.61%;19.06%;1.64%;1.28%;0.36%;0.13%;0.22%;0.07%;13.95%;245.0247311;61.80427435;22.68070324;786.4450401;87.69%;621.1860776;351.8859815;39.32711787;34.60025523;0.034600255;8.615463552;32.70630917;22.29047724;417.8287212;419.4159591;452.8741505;318.1179642;;62.10366821;1.2;80.00%;96.25%;0.05;142.2051392;3;157.7416534;0.03;0.02;68.95729828;0.758081694;98.00%;2.521559715;0.1;0.1;2.5;80.00%;0.9;0.85;19663.55894;2452.973188;22116.53212;12.73554928;1000;0.2;800
59.08%;6.73%;14.60%;0.26%;1.27%;0.35%;0.15%;0.27%;0.03%;17.26%;248.4136591;73.73646902;28.30916927;840.6766159;87.46%;628.1416473;341.8506447;75.68017348;43.63177833;0.043631778;10.86431281;41.24346547;24.48741735;454.9513087;599.7019045;582.9687939;453.3742108;;70.75524139;1.2;80.00%;98.95%;0.05;146.8952789;3;146.6687317;0.03;0.02;68.47242737;0.730352157;98.00%;2.02483201;0.1;0.1;2.5;80.00%;0.9;0.85;37840.08674;3093.25991;40933.34665;8.780413837;1000;0.2;800
60.11%;2.86%;24.84%;0.29%;0.92%;0.32%;0.06%;0.14%;0.06%;10.41%;250.12493;74.01514066;40.79900496;692.9178304;83.24%;601.9341465;347.2547474;27.26935755;63.72166534;0.063721665;15.86669467;60.23367381;41.90676815;518.5939255;586.6478146;506.8156793;443.7108997;;73.22407532;1.2;80.00%;98.42%;0.05;147.9597778;3;143.6191406;0.03;0.02;65.10900879;0.733164016;98.00%;2.78117609;0.1;0.1;2.5;80.00%;0.9;0.85;13634.67877;4517.525536;18152.20431;21.04816914;1000;0.2;800
58.01%;5.88%;17.44%;1.96%;1.37%;0.83%;0.08%;0.13%;0.08%;14.22%;254.4848955;81.52505961;18.09872113;977.5456962;90.08%;662.7716988;363.0360013;31.02483519;27.04536259;0.027045363;6.734295286;25.56495565;6.211586211;408.2785635;564.7694407;616.9381796;427.4816728;;66.05157471;1.2;80.00%;98.14%;0.05;141.6583405;3;158.378479;0.03;0.02;67.47894287;0.751751056;98.00%;2.8034935;0.1;0.1;2.5;80.00%;0.9;0.85;15512.41759;1917.371674;17429.78927;9.868747657;1000;0.2;800
53.46%;6.70%;18.02%;1.87%;0.95%;0.61%;0.04%;0.29%;0.03%;18.04%;245.62198;88.54130475;35.8417941;988.5305801;90.90%;645.488144;340.5029928;62.43990598;55.67372842;0.055673728;13.86275838;52.62626423;36.61981751;508.235696;630.4011148;552.8215559;476.55742;;67.51528168;1.2;80.00%;97.88%;0.05;141.2922668;3;159.732605;0.03;0.02;63.44341278;0.738827776;98.00%;2.77979517;0.1;0.1;2.5;80.00%;0.9;0.85;31219.95299;3946.969817;35166.92281;7.978795713;1000;0.2;800
51.12%;4.03%;15.96%;1.93%;1.14%;0.77%;0.07%;0.05%;0.07%;24.85%;226.3358876;78.57984156;40.54897358;895.0807202;86.36%;565.0969011;309.3504236;42.09643392;63.45432052;0.063454321;15.80012581;59.98096289;41.92904031;500.2992066;677.0951802;585.1234959;511.4466548;;50.57567215;1.2;80.00%;97.42%;0.05;142.6683807;3;152.6844177;0.03;0.02;58.46246338;0.760846015;98.00%;2.820760489;0.1;0.1;2.5;80.00%;0.9;0.85;21048.21696;4498.572217;25546.78918;12.68585257;1000;0.2;800
49.31%;2.62%;20.43%;2.67%;1.36%;0.71%;0.29%;0.31%;0.09%;22.19%;216.4479307;73.41555593;24.80459769;861.1622331;91.71%;573.8822492;301.230535;16.57123503;38.16619819;0.038166198;9.50338335;36.07705982;15.00844666;409.1486165;517.3739334;517.9451949;391.6339434;;57.561203;1.2;80.00%;99.98%;0.05;141.4768982;3;144.1862946;0.03;0.02;68.39776611;0.786101277;98.00%;2.039327621;0.1;0.1;2.5;80.00%;0.9;0.85;8285.617515;2705.779487;10991.397;18.84841213;1000;0.2;800
50.61%;1.65%;19.53%;0.26%;1.04%;0.56%;0.15%;0.47%;0.02%;25.69%;208.7799549;66.65475683;16.46535486;602.7445788;97.18%;586.5743669;301.6016079;5.404770213;24.77759518;0.024777595;6.169621199;23.42132111;5.35645176;365.0793524;515.8817716;564.0937819;390.4053287;;55.18539429;1.2;80.00%;98.45%;0.05;142.2709961;3;159.263092;0.03;0.02;61.14344788;0.733597486;98.00%;2.806064129;0.1;0.1;2.5;80.00%;0.9;0.85;2702.385106;1756.599083;4458.98419;30.63881508;1000;0.2;800
58.16%;3.21%;14.11%;2.24%;1.45%;0.54%;0.19%;0.37%;0.12%;19.60%;214.2752789;59.42167382;10.78223805;813.9288432;88.21%;546.4176843;307.9272379;91.36004947;15.64390703;0.015643907;3.895332851;14.78759207;1.784276495;311.7830566;426.6508815;540.8924936;323.3454698;;69.73971558;1.2;80.00%;99.86%;0.05;141.2352448;3;154.4008636;0.03;0.02;66.4601059;0.772217215;98.00%;2.774068832;0.1;0.1;2.5;80.00%;0.9;0.85;45680.02474;1109.069406;46789.09414;18.09867246;1000;0.2;800
53.60%;7.22%;15.51%;2.74%;1.21%;0.45%;0.02%;0.54%;0.07%;18.65%;246.2250837;72.84247294;20.14488789;936.7919261;93.43%;665.0609533;354.9098676;28.63723485;30.43201406;0.030432014;7.577571501;28.76622885;14.26948061;422.416208;436.8385049;466.3204417;331.4643247;;73.55596924;1.2;80.00%;96.00%;0.05;147.4308929;3;140.0761566;0.03;0.02;58.3868866;0.744483597;98.00%;2.017155886;0.1;0.1;2.5;80.00%;0.9;0.85;14318.61743;2157.467164;16476.08459;7.425878011;1000;0.2;800
54.29%;6.51%;16.63%;2.30%;1.27%;0.79%;0.13%;0.26%;0.13%;17.68%;226.9302598;72.71996597;43.55412063;629.1077062;83.18%;545.6827637;303.3384743;7.13603369;68.35805898;0.068358059;17.02115669;64.6162809;49.22319737;509.7618426;691.8692837;584.9859374;522.3758829;;50.08200073;1.2;80.00%;97.32%;0.05;149.7048798;3;149.3008728;0.03;0.02;59.60674667;0.786475557;98.00%;2.875070095;0.1;0.1;2.5;80.00%;0.9;0.85;3568.016845;4846.221068;8414.237913;8.3432137;1000;0.2;800
56.79%;3.79%;13.69%;0.90%;1.23%;0.90%;0.18%;0.09%;0.12%;22.30%;229.8598509;68.92082921;39.38690327;899.5104737;88.36%;587.1677858;313.3670549;48.01632332;61.6275462;0.061627546;15.345259;58.2541824;35.23036638;503.8243285;661.0186467;566.7548992;499.1238022;;71.16439056;1.2;80.00%;100.00%;0.05;148.9506836;3;154.0579224;0.03;0.02;62.13979721;0.780084883;98.00%;2.349482536;0.1;0.1;2.5;80.00%;0.9;0.85;24008.16166;4369.06368;28377.22534;14.97552103;1000;0.2;800
55.23%;2.32%;16.77%;0.88%;0.96%;0.73%;0.01%;0.26%;0.03%;22.80%;240.4446866;59.35682745;23.46902833;746.1218221;89.78%;624.0690157;345.0827846;57.79219692;35.91520633;0.035915206;8.942886376;33.94928258;12.51285966;424.119344;437.120086;457.498216;331.3628631;;51.38195038;1.2;80.00%;99.58%;0.05;147.9081268;3;156.5023041;0.03;0.02;63.73979568;0.767648938;98.00%;2.144517422;0.1;0.1;2.5;80.00%;0.9;0.85;28896.09846;2546.196193;31442.29465;23.81525475;1000;0.2;800
60.62%;1.74%;16.07%;2.26%;1.42%;0.52%;0.13%;0.59%;0.10%;16.55%;233.8447409;65.37242042;14.81246743;679.9601116;92.53%;625.548277;338.3079384;54.29536752;21.96430666;0.021964307;5.469112357;20.76202616;6.329323762;371.8326309;415.9280081;487.7846174;315.5819711;;50.52376938;1.2;80.00%;100.00%;0.05;143.1896515;3;146.8029022;0.03;0.02;64.3687439;0.759184023;98.00%;2.695561171;0.1;0.1;2.5;80.00%;0.9;0.85;27147.68376;1557.151962;28704.83572;34.83402844;1000;0.2;800
50.62%;6.30%;17.32%;0.85%;0.26%;0.86%;0.18%;0.53%;0.11%;22.97%;256.6527525;70.09421501;11.52639573;927.1563413;92.40%;685.5992798;375.2245845;28.68281681;16.48114374;0.016481144;4.103804791;15.57900018;0.120917791;379.2009217;397.9244214;492.048301;302.3399837;;51.55551147;1.2;80.00%;99.96%;0.05;146.7208405;3;144.5;0.03;0.02;52.12462616;0.755711148;98.00%;2.78010273;0.1;0.1;2.5;80.00%;0.9;0.85;14341.4084;1168.425014;15509.83342;8.03621649;1000;0.2;800
62.91%;2.06%;15.83%;0.65%;0.70%;0.81%;0.22%;0.12%;0.14%;16.56%;214.314394;80.32384891;38.16813702;878.7388543;91.78%;568.6672875;298.7596828;17.98681567;59.65472328;0.059654723;14.8540261;56.3893477;51.22059211;487.9684634;623.666988;534.7690276;471.2537678;;72.6677475;1.2;80.00%;100.00%;0.05;146.2823944;3;145.2532196;0.03;0.02;52.99729538;0.815350171;98.00%;2.554354191;0.1;0.1;2.5;80.00%;0.9;0.85;8993.407834;4229.201078;13222.60891;30.47283935;1000;0.2;800
60.62%;4.57%;16.19%;2.66%;0.98%;0.43%;0.29%;0.09%;0.13%;14.02%;266.332794;67.83437171;13.45925347;895.1025336;97.41%;750.0204297;388.6061767;-4.961582873;19.55045394;0.019550454;4.868063032;18.48030273;1.617921178;420.7238903;381.9001025;439.3007557;290.3903193;;53.25008774;1.2;80.00%;97.49%;0.05;147.341156;3;159.8552551;0.03;0.02;63.82740784;0.811500877;98.00%;2.109402657;0.1;0.1;2.5;80.00%;0.9;0.85;2480.791436;1386.022704;3866.814141;13.25560808;1000;0.2;800
56.02%;6.87%;12.54%;2.36%;1.08%;0.38%;0.19%;0.21%;0.11%;20.26%;256.6588848;63.94715764;28.11473766;701.8075111;91.00%;675.2062283;358.037003;57.46980572;43.31135495;0.043311355;10.78452738;40.9405814;29.42358219;475.8624179;558.5950417;531.2869927;422.5585528;;59.88483429;1.2;80.00%;100.00%;0.05;140.8577423;3;157.3861694;0.03;0.02;52.84357834;0.758800476;98.00%;2.890644312;0.1;0.1;2.5;80.00%;0.9;0.85;28734.90286;3070.543605;31805.44646;8.159578069;1000;0.2;800
57.84%;4.02%;16.82%;0.54%;0.93%;0.42%;0.07%;0.28%;0.04%;19.04%;237.1673248;58.94936591;41.49983779;907.2093443;82.95%;568.7457795;331.0632305;49.64187699;65.01780081;0.065017801;16.1894324;61.45886152;44.71807318;508.2269226;585.9112824;504.6131244;442.9195799;;64.7039032;1.2;80.00%;98.79%;0.05;144.2582092;3;149.383255;0.03;0.02;57.15258026;0.812024158;98.00%;2.574249744;0.1;0.1;2.5;80.00%;0.9;0.85;24820.93849;4609.414614;29430.35311;14.39046859;1000;0.2;800
55.52%;5.43%;17.68%;0.61%;1.07%;0.72%;0.12%;0.49%;0.07%;18.29%;244.8891154;66.7665766;24.83929069;843.1315431;94.38%;668.2084873;346.946148;12.58653002;38.06621266;0.038066213;9.478486951;35.98254729;16.35231502;452.3636582;496.9289042;486.0399683;376.3829675;;54.70280075;1.2;80.00%;98.65%;0.05;145.2573242;3;156.9016876;0.03;0.02;51.55773163;0.792408903;98.00%;2.244409561;0.1;0.1;2.5;80.00%;0.9;0.85;6293.265008;2698.691046;8991.956055;10.22931927;1000;0.2;800
60.73%;6.16%;15.73%;1.32%;0.68%;0.67%;0.15%;0.16%;0.13%;14.26%;235.0683859;58.15188416;33.03515982;691.462913;87.69%;595.9227735;328.0462016;58.75015473;51.40349099;0.051403491;12.79946926;48.58977072;32.92613239;469.3288122;589.9326771;546.7902607;445.8504719;;61.85536575;1.2;80.00%;100.00%;0.05;140.7208862;3;147.3405914;0.03;0.02;68.08036804;0.817792414;98.00%;2.965111256;0.1;0.1;2.5;80.00%;0.9;0.85;29375.07737;3644.232804;33019.31017;9.852232598;1000;0.2;800
62.34%;7.43%;24.37%;0.31%;0.80%;0.75%;0.26%;0.28%;0.05%;3.42%;257.1016924;58.24736218;37.45682279;986.5275282;89.47%;664.9925933;362.6991305;16.75386343;58.37345538;0.058373455;14.53499039;55.17821375;40.07584462;527.5838567;590.2184848;510.9672058;446.2669853;;60.12305069;1.2;80.00%;97.17%;0.05;145.2545013;3;152.9099121;0.03;0.02;50.55944061;0.735247159;98.00%;2.090198278;0.1;0.1;2.5;80.00%;0.9;0.85;8376.931714;4138.366031;12515.29774;8.389176028;1000;0.2;800
62.47%;2.20%;19.43%;2.77%;0.72%;0.56%;0.01%;0.29%;0.10%;11.46%;263.9540185;55.84139;44.89391998;690.9350058;76.19%;581.4330495;359.4295231;77.14322232;70.38078295;0.070380783;17.52481495;66.52828516;49.20102086;534.461281;800.7981392;715.3869936;604.0610224;;56.70246887;1.2;80.00%;99.77%;0.05;146.706604;3;147.6127777;0.03;0.02;53.70427322;0.822097957;98.00%;2.905460358;0.1;0.1;2.5;80.00%;0.9;0.85;38571.61116;4989.621387;43561.23255;28.33628908;1000;0.2;800
56.42%;6.29%;19.32%;2.13%;1.13%;0.88%;0.02%;0.19%;0.05%;13.56%;264.4811884;76.88518722;14.30916364;1040.279881;100.72%;770.1587447;384.593808;-6.814709309;20.87838665;0.020878387;5.198718276;19.73554716;0.740971897;434.5522515;480.4318485;517.8043885;364.3631441;;61.10499573;1.2;80.00%;99.97%;0.05;148.272934;3;144.6185913;0.03;0.02;60.97541046;0.808165695;98.00%;2.446504116;0.1;0.1;2.5;80.00%;0.9;0.85;3407.354655;1480.166037;4887.520691;8.974176278;1000;0.2;800
61.42%;2.16%;12.47%;2.82%;1.28%;0.49%;0.12%;0.57%;0.02%;18.66%;238.8899769;62.93860975;38.12921887;783.2775654;90.46%;624.7745437;335.2528294;25.42566309;59.54543266;0.059545433;14.82681273;56.28603943;43.38219843;513.1079951;669.579986;583.0445824;505.6370208;;71.91213989;1.2;80.00%;99.89%;0.05;149.3900604;3;140.9016876;0.03;0.02;60.66859055;0.773626296;98.00%;2.586154938;0.1;0.1;2.5;80.00%;0.9;0.85;12712.83154;4221.452957;16934.2845;28.41502684;1000;0.2;800
49.87%;2.60%;24.11%;1.16%;0.57%;0.63%;0.04%;0.07%;0.13%;20.83%;260.034438;55.66334231;13.95473484;856.7849196;89.07%;669.5674171;378.5677193;22.51704794;20.47047501;0.020470475;5.097148277;19.34996375;-2.060607641;386.7815483;368.8781477;458.5936164;280.3915032;;52.3004303;1.2;80.00%;98.79%;0.05;140.1054993;3;141.0206299;0.03;0.02;64.57688141;0.775117876;98.00%;2.735141039;0.1;0.1;2.5;80.00%;0.9;0.85;11258.52397;1451.247281;12709.77125;19.19573493;1000;0.2;800
52.98%;7.15%;19.87%;1.25%;1.34%;0.88%;0.05%;0.46%;0.01%;16.00%;211.1435765;72.65752941;16.38214378;826.6026222;96.94%;591.7335675;301.6479199;26.32605528;24.60471009;0.02460471;6.126572812;23.25789939;14.8945667;366.2178363;553.9197383;599.9831077;418.881845;;71.67962646;1.2;80.00%;98.78%;0.05;146.1119537;3;156.913147;0.03;0.02;58.60588455;0.754783782;98.00%;2.749808788;0.1;0.1;2.5;80.00%;0.9;0.85;13163.02764;1744.342455;14907.37009;7.412320129;1000;0.2;800
59.62%;3.24%;22.65%;2.63%;1.28%;0.32%;0.16%;0.34%;0.14%;9.63%;224.3232038;63.69402345;43.11899542;835.8334427;83.37%;540.6546139;307.7310111;80.72614897;67.69633451;0.067696335;16.85638729;63.99077785;48.70581905;505.0245079;718.7669212;620.4720574;542.3387243;;72.03790283;1.2;80.00%;98.79%;0.05;144.1329346;3;145.5816345;0.03;0.02;59.71712112;0.785380789;98.00%;2.890618324;0.1;0.1;2.5;80.00%;0.9;0.85;40363.07448;4799.308339;45162.38282;18.37933866;1000;0.2;800
53.04%;2.77%;16.68%;2.03%;0.41%;0.66%;0.19%;0.43%;0.13%;23.66%;252.4152803;64.80184643;20.30621238;960.0834454;91.30%;666.2563201;360.1891257;16.39129517;30.72068423;0.030720684;7.649450374;29.03909782;6.074029705;423.9711948;586.9549688;619.4185366;443.9557196;;73.837883;1.2;80.00%;96.21%;0.05;149.8477325;3;151.5443726;0.03;0.02;58.57450485;0.779913429;98.00%;2.925170422;0.1;0.1;2.5;80.00%;0.9;0.85;8195.647586;2177.932337;10373.57992;19.1440506;1000;0.2;800
55.59%;2.59%;21.90%;2.62%;0.39%;0.34%;0.14%;0.26%;0.03%;16.15%;224.5619065;67.76701688;17.40717487;889.8393012;92.43%;600.0818815;312.7023759;44.59583991;26.23900583;0.026239006;6.533512451;24.80273718;15.78478286;376.5791753;484.9874717;529.7304363;367.2152365;;67.55710602;1.2;80.00%;99.41%;0.05;143.0426025;3;145.9273224;0.03;0.02;52.26893997;0.7855647;98.00%;2.719515562;0.1;0.1;2.5;80.00%;0.9;0.85;22297.91995;1860.205288;24158.12524;21.42882648;1000;0.2;800
54.84%;6.15%;22.85%;2.64%;0.59%;0.56%;0.26%;0.17%;0.05%;11.89%;235.3417623;62.91917196;16.42075998;857.85645;93.24%;634.3719438;339.1510994;27.89064388;24.56663853;0.024566639;6.117092994;23.22191179;15.1425905;386.0069521;534.2283579;590.727734;404.2558596;;68.21691895;1.2;80.00%;96.83%;0.05;147.1763763;3;159.0714874;0.03;0.02;56.49607849;0.81471242;98.00%;2.911494255;0.1;0.1;2.5;80.00%;0.9;0.85;13945.32194;1741.643385;15686.96532;8.91436472;1000;0.2;800
52.33%;4.34%;24.88%;2.48%;0.37%;0.54%;0.16%;0.59%;0.10%;14.20%;232.1665791;64.45748047;37.28442436;899.2605438;90.06%;604.4998057;316.2113398;52.85341271;58.25784641;0.058257846;14.50620376;55.06893297;45.7447608;499.4431771;746.1316937;658.7146472;562.9806957;;66.49323273;1.2;80.00%;99.67%;0.05;143.047287;3;148.5310669;0.03;0.02;51.56216812;0.795505074;98.00%;2.509857655;0.1;0.1;2.5;80.00%;0.9;0.85;26426.70636;4130.169973;30556.87633;12.05034664;1000;0.2;800
59.40%;4.08%;19.34%;0.55%;0.27%;0.67%;0.02%;0.36%;0.06%;15.26%;221.5515617;51.74401147;26.59159655;727.3171803;88.91%;569.4543592;314.4463264;21.54859046;41.12637189;0.041126372;10.2404666;38.87519977;24.95269705;418.4552257;672.978652;675.2949261;508.1106836;;66.25319672;1.2;80.00%;97.49%;0.05;148.7491455;3;149.3370361;0.03;0.02;61.59302521;0.817789411;98.00%;2.512919426;0.1;0.1;2.5;80.00%;0.9;0.85;10774.29523;2915.639982;13689.93521;14.56736045;1000;0.2;800
50.20%;5.97%;19.92%;1.90%;0.94%;0.49%;0.18%;0.49%;0.10%;19.80%;251.4894396;54.67698786;25.14668695;797.090288;89.73%;652.3889141;351.9335528;44.00743846;38.61748705;0.038617487;9.615754276;36.50364607;26.6382514;447.0017327;557.6068111;557.602498;421.678058;;54.61135101;1.2;80.00%;99.77%;0.05;140.6038818;3;158.4014435;0.03;0.02;51.32117081;0.770354832;98.00%;2.890489817;0.1;0.1;2.5;80.00%;0.9;0.85;22003.71923;2737.773455;24741.49269;8.409870637;1000;0.2;800
53.45%;3.27%;23.50%;0.40%;0.53%;0.66%;0.27%;0.10%;0.03%;17.80%;212.5316056;54.7840518;36.11993689;819.9663296;85.05%;522.5993544;296.5817944;64.87349813;56.53004493;0.056530045;14.07598119;53.43570776;38.68519682;454.9173461;660.6173137;608.7337689;498.6835274;;56.84901047;1.2;80.00%;99.61%;0.05;142.2582855;3;149.9374237;0.03;0.02;69.82603455;0.818788661;98.00%;2.522840977;0.1;0.1;2.5;80.00%;0.9;0.85;32436.74907;4007.678082;36444.42715;16.32395227;1000;0.2;800
50.00%;4.32%;12.09%;0.91%;1.34%;0.53%;0.05%;0.49%;0.09%;30.18%;226.2778712;57.71790255;20.35921519;760.4703575;95.08%;621.9970105;324.4180655;10.82115434;31.00715289;0.031007153;7.72078107;29.30988578;14.43353576;404.8721167;558.4285084;581.926928;422.3374662;;59.79079437;1.2;80.00%;99.34%;0.05;141.6322021;3;143.7696381;0.03;0.02;55.6023407;0.725330728;98.00%;2.940452576;0.1;0.1;2.5;80.00%;0.9;0.85;5410.57717;2198.241434;7608.818604;11.56117219;1000;0.2;800
60.78%;4.30%;24.64%;2.60%;0.73%;0.39%;0.21%;0.52%;0.03%;5.80%;211.6789858;51.90559638;26.44491484;821.9603329;81.41%;498.2019749;298.9778937;51.02943408;40.95632676;0.040956327;10.19812536;38.71446255;22.20377677;384.647715;442.5460388;471.3455532;335.1310203;;68.48182678;1.2;80.00%;97.91%;0.05;147.905838;3;153.4105072;0.03;0.02;62.33158112;0.799621144;98.00%;2.95828867;0.1;0.1;2.5;80.00%;0.9;0.85;25514.71704;2903.584691;28418.30173;14.12733701;1000;0.2;800
57.13%;2.84%;18.97%;2.64%;0.38%;0.35%;0.14%;0.16%;0.04%;17.35%;257.3190964;69.13587053;26.54955266;1005.742948;91.88%;683.5194297;361.2127438;39.68756497;40.7433594;0.040743359;10.14509649;38.51315258;24.97335865;469.8393974;680.4795876;662.2377661;514.0670113;;67.25953674;1.2;80.00%;99.57%;0.05;143.2336731;3;145.7769928;0.03;0.02;69.73161316;0.766631463;98.00%;2.548356771;0.1;0.1;2.5;80.00%;0.9;0.85;19843.78249;2888.486443;22732.26893;20.09709394;1000;0.2;800
57.20%;3.08%;13.93%;0.90%;0.56%;0.45%;0.02%;0.37%;0.07%;23.42%;241.8977729;64.07426672;17.91482221;823.6448847;90.67%;634.0714456;348.6217306;31.71584828;26.92425718;0.026924257;6.704140037;25.45047929;14.77518662;394.7530002;497.4373952;552.9851382;376.7279942;;62.56370163;1.2;80.00%;97.04%;0.05;146.372345;3;149.4230347;0.03;0.02;68.85942078;0.725916408;98.00%;2.544298172;0.1;0.1;2.5;80.00%;0.9;0.85;15857.92414;1908.785947;17766.71009;18.55299136;1000;0.2;800
61.28%;7.38%;17.64%;2.87%;0.56%;0.40%;0.13%;0.31%;0.10%;9.33%;242.168979;71.43464037;19.33194907;829.8884133;85.98%;601.9298279;339.7373637;64.77940768;29.19777055;0.029197771;7.270244868;27.59954527;18.03581092;388.1990546;428.0869199;484.3023254;324.6868531;;66.07855225;1.2;80.00%;99.65%;0.05;147.910141;3;153.1625519;0.03;0.02;56.24194336;0.730936792;98.00%;2.021758556;0.1;0.1;2.5;80.00%;0.9;0.85;32389.70384;2069.965895;34459.66974;8.3083944;1000;0.2;800
56.92%;7.05%;17.46%;2.63%;1.22%;0.42%;0.13%;0.38%;0.11%;13.69%;259.4672445;83.29488709;44.68392872;736.3621507;85.05%;637.9476181;361.4147382;53.11251937;69.85710089;0.069857101;17.39441812;66.03326837;56.07426383;558.3077757;705.4790387;592.4150192;532.9228224;;58.05062485;1.2;80.00%;99.77%;0.05;149.2855988;3;141.9581604;0.03;0.02;56.21008682;0.796688256;98.00%;2.448289871;0.1;0.1;2.5;80.00%;0.9;0.85;26556.25968;4952.495128;31508.75481;8.077719497;1000;0.2;800
61.54%;4.16%;24.90%;2.49%;1.28%;0.80%;0.15%;0.35%;0.06%;4.29%;240.9800076;86.1570644;42.68518496;855.6504794;95.33%;664.1778775;335.4484711;-13.88301449;66.73249593;0.066732496;16.61639149;63.07969779;40.22688183;558.6505201;683.2073085;544.9955033;516.1766749;;51.87618637;1.2;80.00%;99.99%;0.05;140.2825623;3;141.95047;0.03;0.02;55.81082153;0.79675943;98.00%;2.946534395;0.1;0.1;2.5;80.00%;0.9;0.85;6941.507247;4730.977334;11672.48458;14.80767239;1000;0.2;800
62.45%;7.40%;15.67%;2.86%;0.59%;0.43%;0.17%;0.26%;0.10%;10.07%;260.5489902;63.33610569;25.70088048;1005.087727;91.33%;687.9608862;373.7714785;11.15257141;39.35933205;0.039359332;9.80047368;37.20488401;14.43907505;466.5305027;661.1836163;657.7790628;499.6307288;;62.30190659;1.2;80.00%;99.02%;0.05;142.1894226;3;151.5029602;0.03;0.02;61.67240524;0.798711938;98.00%;2.26444006;0.1;0.1;2.5;80.00%;0.9;0.85;5576.285706;2790.366301;8366.652007;8.435876703;1000;0.2;800
53.07%;4.38%;24.75%;1.14%;1.02%;0.39%;0.22%;0.23%;0.05%;14.76%;264.4137844;65.5769395;44.78575288;785.1708789;86.95%;664.6323576;366.5134721;36.36783782;70.11307121;0.070113071;17.45815473;66.2752274;54.18264604;571.6876599;680.3907653;555.9741076;513.9325076;;60.83256531;1.2;80.00%;98.38%;0.05;146.3098145;3;140.137558;0.03;0.02;53.19776535;0.770068094;98.00%;2.296256065;0.1;0.1;2.5;80.00%;0.9;0.85;18183.91891;4970.642055;23154.56096;12.11930916;1000;0.2;800
60.04%;5.05%;21.90%;0.50%;1.32%;0.40%;0.10%;0.05%;0.13%;10.52%;224.6917937;62.6363818;26.85145396;695.2279103;88.63%;575.738085;315.0807422;13.26721571;41.47195127;0.041471951;10.32651587;39.20186284;17.84740041;422.8002572;651.9368095;649.4599944;492.3971472;;58.18956375;1.2;80.00%;99.38%;0.05;140.0124207;3;142.2358704;0.03;0.02;51.46097183;0.810566261;98.00%;2.24805975;0.1;0.1;2.5;80.00%;0.9;0.85;6633.607856;2940.139713;9573.747569;11.89985709;1000;0.2;800
59.28%;5.92%;16.14%;2.76%;1.23%;0.68%;0.11%;0.27%;0.14%;13.46%;254.1917092;63.6845802;30.893806;751.7806461;91.64%;673.4291354;359.5906781;16.80394937;47.78204779;0.047782048;11.8977299;45.1665578;26.81123105;491.4370483;620.3330545;577.2214482;468.8612441;;59.9139328;1.2;80.00%;97.18%;0.05;145.0073853;3;157.3808289;0.03;0.02;68.18183899;0.818048578;98.00%;2.791565657;0.1;0.1;2.5;80.00%;0.9;0.85;8401.974683;3387.491835;11789.46652;10.01573018;1000;0.2;800
60.53%;5.57%;21.25%;1.40%;0.37%;0.65%;0.21%;0.11%;0.06%;9.85%;250.9753417;59.13059407;35.97139523;897.3957292;88.35%;641.0626232;345.0136802;65.75573455;56.05231586;0.056052316;13.95702665;52.98412858;34.18138858;507.6711436;633.8793366;561.3287946;478.8269193;;72.45766449;1.2;80.00%;99.87%;0.05;145.0366974;3;154.2142792;0.03;0.02;64.15366364;0.734764234;98.00%;2.799965858;0.1;0.1;2.5;80.00%;0.9;0.85;32877.86728;3973.809644;36851.67692;10.87243112;1000;0.2;800
55.45%;2.16%;24.95%;2.45%;0.39%;0.55%;0.10%;0.08%;0.02%;13.85%;256.284743;53.74562661;33.93375551;913.6556471;79.83%;591.4723722;362.8107437;66.49862429;52.72798933;0.052727989;13.12926934;49.84176878;36.32191738;472.4742177;649.418535;634.8684654;490.6334359;;68.35704803;1.2;80.00%;97.84%;0.05;142.6661835;3;159.684906;0.03;0.02;51.49911118;0.757062476;98.00%;2.509550571;0.1;0.1;2.5;80.00%;0.9;0.85;33249.31215;3738.132658;36987.44481;25.67440075;1000;0.2;800
59.82%;2.92%;16.73%;2.78%;1.44%;0.71%;0.07%;0.58%;0.06%;14.88%;234.7847639;78.39859798;13.91725372;824.7356206;94.30%;640.0552952;334.3760382;50.32391184;20.45571751;0.020455718;5.09347366;19.33601404;6.304854742;373.0521313;572.985215;639.3568506;433.5241624;;50.33174896;1.2;80.00%;98.03%;0.05;147.3666077;3;140.5619659;0.03;0.02;59.12915039;0.818064579;98.00%;2.200860023;0.1;0.1;2.5;80.00%;0.9;0.85;25161.95592;1450.201053;26612.15697;20.50792754;1000;0.2;800
49.93%;5.46%;15.22%;1.54%;0.97%;0.50%;0.10%;0.29%;0.08%;25.90%;253.2805809;75.81854154;18.4277011;755.4754111;98.42%;720.7078171;359.6984735;-24.19842562;27.6264602;0.02762646;6.87898859;26.11424518;10.73729864;437.2682936;494.702378;509.3502053;374.9262376;;60.40353775;1.2;80.00%;100.00%;0.05;149.571228;3;149.0895844;0.03;0.02;65.78020477;0.782816118;98.00%;2.743118525;0.1;0.1;2.5;80.00%;0.9;0.85;12099.21281;1958.568389;14057.7812;9.142773752;1000;0.2;800
58.73%;3.67%;13.61%;0.46%;1.42%;0.35%;0.10%;0.52%;0.14%;21.01%;211.4113506;60.41688977;33.15988845;795.1126944;89.53%;547.1905768;297.0724027;53.93524857;51.7243987;0.051724399;12.87937528;48.89311261;35.97224859;447.9752557;549.7992282;504.143979;415.5618313;;61.37815475;1.2;80.00%;100.00%;0.05;147.8975372;3;149.6566162;0.03;0.02;50.00437164;0.748187963;98.00%;2.595699787;0.1;0.1;2.5;80.00%;0.9;0.85;26967.62428;3666.983446;30634.60773;16.01872678;1000;0.2;800
56.75%;7.24%;24.62%;1.40%;0.42%;0.40%;0.26%;0.12%;0.01%;8.77%;248.6631122;56.45890427;22.75160903;836.0701144;85.00%;611.0493994;357.6348739;66.74635743;34.72389973;0.0347239;8.646251034;32.82318563;11.77817434;413.4126026;420.9526524;465.1107356;319.252987;;74.28430939;1.2;80.00%;99.93%;0.05;149.220459;3;148.3572998;0.03;0.02;51.48777008;0.82439113;98.00%;2.110372543;0.1;0.1;2.5;80.00%;0.9;0.85;33373.17872;2461.738922;35834.91764;7.837678131;1000;0.2;800
58.43%;7.41%;19.97%;2.18%;0.90%;0.74%;0.09%;0.40%;0.06%;9.82%;240.2840878;75.74818522;43.78628514;710.9694189;95.02%;660.0552218;334.351137;6.489387943;68.57766759;0.068577668;17.07583923;64.82386859;54.93449298;564.0150269;780.1707227;635.1594594;588.7371402;;61.61341858;1.2;80.00%;98.95%;0.05;143.7846527;3;152.3173218;0.03;0.02;63.072052;0.818091781;98.00%;2.228077412;0.1;0.1;2.5;80.00%;0.9;0.85;3244.693972;4861.790144;8106.484116;7.882218153;1000;0.2;800
57.81%;4.69%;17.23%;0.58%;1.25%;0.72%;0.25%;0.50%;0.13%;16.84%;247.3633569;53.15564418;44.72128256;701.7098822;85.63%;612.3653031;341.222763;51.59259496;70.19917985;0.07019918;17.47959578;66.35662264;46.26214116;547.673484;745.3885751;627.0065404;562.3742947;;52.45388794;1.2;80.00%;99.23%;0.05;140.0434265;3;150.6606903;0.03;0.02;57.85398102;0.762656595;98.00%;2.913985968;0.1;0.1;2.5;80.00%;0.9;0.85;25796.29748;4976.746698;30773.04418;12.33588666;1000;0.2;800
59.31%;1.80%;24.65%;0.43%;1.33%;0.38%;0.07%;0.40%;0.10%;11.53%;244.7461814;51.32579397;28.69621582;906.104583;83.31%;589.490342;346.2572021;56.15544353;44.3803453;0.044380345;11.05070598;41.95105743;18.76616534;440.2007844;542.7076538;548.5835027;410.4746981;;61.86365891;1.2;80.00%;99.40%;0.05;146.4116211;3;153.9920959;0.03;0.02;60.73819351;0.788890794;98.00%;2.924591064;0.1;0.1;2.5;80.00%;0.9;0.85;28077.72177;3146.329307;31224.05107;32.98074636;1000;0.2;800
52.50%;3.09%;12.45%;1.02%;1.35%;0.60%;0.29%;0.25%;0.03%;28.41%;251.1286979;67.82097135;11.83133621;980.2181899;95.20%;691.1536202;364.7099104;45.40704199;17.03260159;0.017032602;4.241117797;16.10027238;-2.873112623;383.6858132;509.082582;588.2362335;385.5869273;;63.07481003;1.2;80.00%;99.85%;0.05;149.6201019;3;154.2700043;0.03;0.02;58.81804657;0.774815781;98.00%;2.75057745;0.1;0.1;2.5;80.00%;0.9;0.85;22703.521;1207.520429;23911.04142;16.99066634;1000;0.2;800
49.47%;4.66%;17.31%;0.90%;1.08%;0.65%;0.11%;0.49%;0.14%;25.19%;222.2905333;68.92293263;19.3101319;854.6443214;94.51%;607.389855;319.796691;32.26152973;29.26548186;0.029265482;7.287104983;27.6635502;13.70694939;391.610153;382.3141658;416.7807538;290.3359535;;52.37392426;1.2;80.00%;100.00%;0.05;141.8593597;3;151.9453125;0.03;0.02;69.95959473;0.78437647;98.00%;2.829223633;0.1;0.1;2.5;80.00%;0.9;0.85;16130.76486;2074.766265;18205.53113;10.60488628;1000;0.2;800
54.92%;6.81%;22.33%;1.12%;0.97%;0.77%;0.29%;0.54%;0.11%;12.14%;209.4370751;65.48666665;28.49213467;832.1322134;93.03%;563.2914096;296.5142362;27.15815705;44.17663898;0.044176639;10.99998311;41.75850157;27.66554964;427.0051728;540.4402973;517.1567775;408.7422701;;52.75199509;1.2;80.00%;99.83%;0.05;141.3995667;3;142.2406464;0.03;0.02;53.96370697;0.724562889;98.00%;2.370085955;0.1;0.1;2.5;80.00%;0.9;0.85;13579.07852;3131.887618;16710.96614;8.060272005;1000;0.2;800
52.51%;3.82%;24.76%;2.22%;0.71%;0.76%;0.21%;0.58%;0.09%;14.32%;232.5198006;57.61696863;41.17151654;728.2087073;78.93%;530.6008576;323.8274088;37.82767459;64.52906416;0.064529064;16.06773698;60.9968773;44.98614685;489.0123084;733.0536787;668.0635768;553.1667074;;58.66759872;1.2;80.00%;99.27%;0.05;143.8748169;3;157.4452972;0.03;0.02;55.68130875;0.807164107;98.00%;2.387713909;0.1;0.1;2.5;80.00%;0.9;0.85;18913.83729;4574.765797;23488.60309;13.74757549;1000;0.2;800
52.46%;5.37%;17.96%;0.47%;1.20%;0.59%;0.17%;0.28%;0.01%;21.47%;222.3232386;73.90441341;23.60958798;752.5339637;98.62%;633.8451488;315.9205915;51.34817756;36.17461101;0.036174611;9.007478142;34.19448799;16.3485076;429.6828072;647.5634766;634.5771087;489.1756456;;55.51712036;1.2;80.00%;99.80%;0.05;143.9188232;3;147.1007233;0.03;0.02;54.45672989;0.799213611;98.00%;2.78514576;0.1;0.1;2.5;80.00%;0.9;0.85;25674.08878;2564.586599;28238.67538;9.769312063;1000;0.2;800
53.04%;2.44%;20.64%;1.01%;1.01%;0.28%;0.20%;0.34%;0.07%;20.97%;222.1045476;56.81360385;32.64795036;824.6088059;89.51%;574.7723468;312.6134383;14.14228299;50.85557757;0.050855578;12.66303882;48.07184895;31.67944846;457.6165349;573.8592692;531.0948613;433.7894668;;53.65574646;1.2;80.00%;99.75%;0.05;149.3397217;3;142.951767;0.03;0.02;59.27419662;0.804872581;98.00%;2.581935406;0.1;0.1;2.5;80.00%;0.9;0.85;7071.141496;3605.388671;10676.53017;21.73534004;1000;0.2;800
52.01%;6.64%;16.28%;2.60%;0.29%;0.70%;0.28%;0.33%;0.12%;20.74%;224.5625626;54.00898352;15.44243319;764.6208728;93.72%;608.4507795;324.7857942;28.42606491;23.11085642;0.023110856;5.75460325;21.84581617;4.178115197;368.690249;479.0146368;542.7144524;362.6408175;;58.06299591;1.2;80.00%;100.00%;0.05;142.5214844;3;140.5384521;0.03;0.02;53.98242569;0.782101424;98.00%;2.630461454;0.1;0.1;2.5;80.00%;0.9;0.85;14213.03246;1638.436213;15851.46867;7.837725934;1000;0.2;800
51.52%;7.59%;20.24%;0.47%;1.29%;0.41%;0.06%;0.20%;0.14%;18.07%;220.2002755;55.2918934;40.07025368;768.8687785;85.27%;542.8466162;306.5984391;33.45940346;62.84531502;0.062845315;15.64848344;59.40529309;52.76615587;488.3015969;645.7770657;564.8125976;487.5222168;;50.99651337;1.2;80.00%;98.48%;0.05;146.2392883;3;154.3033447;0.03;0.02;61.97238159;0.807033299;98.00%;2.41426754;0.1;0.1;2.5;80.00%;0.9;0.85;16729.70173;4455.396982;21185.09871;6.784432027;1000;0.2;800
59.60%;6.69%;14.01%;1.85%;1.50%;0.31%;0.15%;0.20%;0.04%;15.66%;218.1339661;56.23346519;45.68206418;695.0034197;85.81%;541.1385666;296.5511779;66.10460251;71.92086846;0.071920868;17.90829625;67.98406959;45.87556832;521.1997622;725.9819316;599.7042311;547.5883941;;71.22793579;1.2;80.00%;100.00%;0.05;143.5765839;3;148.0897064;0.03;0.02;64.68312073;0.768453647;98.00%;2.772182941;0.1;0.1;2.5;80.00%;0.9;0.85;33052.30126;5098.805219;38151.10647;8.910304656;1000;0.2;800
52.70%;7.39%;22.58%;0.33%;0.56%;0.87%;0.03%;0.34%;0.03%;15.16%;252.3158775;48.54221172;40.48018151;878.0916919;80.62%;588.0745007;354.0438661;50.12486074;63.34278436;0.063342784;15.7723533;59.87553198;34.39198281;510.7562368;590.3342096;525.7484037;446.1651185;;54.70449066;1.2;80.00%;96.42%;0.05;144.1310272;3;147.9050751;0.03;0.02;53.31078339;0.754057618;98.00%;2.641974449;0.1;0.1;2.5;80.00%;0.9;0.85;25062.43037;4490.664899;29553.09527;7.133094359;1000;0.2;800
49.54%;6.76%;15.91%;1.21%;1.28%;0.89%;0.18%;0.40%;0.13%;23.70%;223.1341062;65.61317217;44.51606438;793.5512761;82.13%;529.8269956;298.6569134;41.44893982;69.97342168;0.069973422;17.423382;66.143222;49.76070209;508.5626903;774.1748731;664.8709644;583.9372981;;57.73014832;1.2;80.00%;99.86%;0.05;141.1972656;3;148.8255615;0.03;0.02;58.09569168;0.810107025;98.00%;2.167280436;0.1;0.1;2.5;80.00%;0.9;0.85;20724.46991;4960.74165;25685.21156;7.322601809;1000;0.2;800
57.52%;1.74%;20.85%;1.34%;0.26%;0.81%;0.16%;0.30%;0.08%;16.94%;209.7267158;63.74170992;40.81861219;631.2599883;91.65%;555.7121474;290.3238564;22.30122537;64.06686312;0.064066863;15.95264892;60.55997618;37.14275741;498.6040932;629.0323402;521.5897187;475.0453293;;65.01007843;1.2;80.00%;98.70%;0.05;147.1134491;3;152.915863;0.03;0.02;64.56259155;0.787840175;98.00%;2.761576176;0.1;0.1;2.5;80.00%;0.9;0.85;11150.61269;4541.998213;15692.6109;32.98585496;1000;0.2;800
49.10%;5.85%;14.26%;0.60%;0.32%;0.48%;0.28%;0.45%;0.12%;28.53%;243.5099439;48.93105468;11.39689373;845.5255848;89.21%;628.0478713;351.2051614;65.98094028;16.51330789;0.016513308;4.111813666;15.60940374;1.473310466;352.7813819;471.076895;575.2850296;356.7665912;;66.15209198;1.2;80.00%;99.70%;0.05;146.4595947;3;140.0397034;0.03;0.02;51.08901978;0.754499199;98.00%;2.972919464;0.1;0.1;2.5;80.00%;0.9;0.85;32990.47014;1170.70528;34161.17542;8.394872619;1000;0.2;800
58.48%;2.29%;15.94%;2.05%;1.00%;0.71%;0.24%;0.45%;0.13%;18.70%;207.8936835;63.00314614;35.43017328;858.1313425;86.59%;520.450356;289.9081687;7.768283032;55.39522191;0.055395222;13.79341026;52.36300259;46.72891147;449.8745956;543.3035988;491.2495374;410.8054076;;65.46888733;1.2;80.00%;98.51%;0.05;149.2948151;3;158.4360657;0.03;0.02;67.1767807;0.819811453;98.00%;2.243227482;0.1;0.1;2.5;80.00%;0.9;0.85;3884.141516;3927.225194;7811.36671;25.52486669;1000;0.2;800
58.68%;7.88%;23.61%;2.30%;1.03%;0.34%;0.26%;0.48%;0.13%;5.30%;247.609706;62.47163173;14.68128424;727.539319;96.04%;687.5318559;354.9293631;54.64499608;21.6994789;0.021699479;5.403170247;20.51169453;2.076373337;400.0140731;434.1957146;486.6462341;329.2657559;;71.17485046;1.2;80.00%;99.99%;0.05;149.1212463;3;146.9359741;0.03;0.02;56.80154419;0.740506554;98.00%;2.905835867;0.1;0.1;2.5;80.00%;0.9;0.85;27322.49804;1538.377089;28860.87513;7.443289988;1000;0.2;800
52.63%;7.90%;20.33%;1.94%;0.94%;0.32%;0.17%;0.24%;0.04%;15.49%;248.4194633;57.00619617;47.51340083;938.4335601;78.63%;564.6872036;344.6645254;37.15263233;74.6561866;0.074656187;18.58939046;70.5696621;58.30338141;542.8558963;815.9737264;709.0937072;615.4690469;;66.32108307;1.2;80.00%;99.25%;0.05;142.7619171;3;145.694931;0.03;0.02;56.21560287;0.793961714;98.00%;2.015089035;0.1;0.1;2.5;80.00%;0.9;0.85;18576.31617;5292.724658;23869.04082;6.663818001;1000;0.2;800
59.39%;4.60%;14.74%;0.62%;0.47%;0.29%;0.03%;0.55%;0.14%;19.16%;222.8254758;72.7531999;47.55615729;633.3242872;90.05%;580.079058;304.6637011;17.94275542;74.79745791;0.074797458;18.62456702;70.70320051;49.17355399;550.2792954;758.2002338;605.5409338;572.0468602;;70.06252289;1.2;80.00%;96.98%;0.05;141.8403168;3;157.315918;0.03;0.02;60.57872009;0.796839162;98.00%;2.851710796;0.1;0.1;2.5;80.00%;0.9;0.85;8971.377711;5302.740039;14274.11775;12.90875032;1000;0.2;800
57.88%;7.81%;13.22%;2.35%;0.66%;0.82%;0.24%;0.47%;0.03%;16.51%;251.4636237;56.19543547;28.22212206;906.3627835;86.81%;631.1048698;348.6883624;74.30287705;43.57486913;0.043574869;10.85014241;41.18967136;23.39726309;455.8815076;513.2691813;501.6102424;388.3926921;;54.10079193;1.2;80.00%;96.77%;0.05;148.0488281;3;145.2381134;0.03;0.02;58.79210281;0.775247187;98.00%;2.197706223;0.1;0.1;2.5;80.00%;0.9;0.85;37151.43853;3089.225352;40240.66388;7.407877893;1000;0.2;800
52.32%;5.49%;20.89%;2.49%;1.00%;0.35%;0.15%;0.36%;0.05%;16.91%;245.0542818;60.12951973;47.07672386;695.2768268;81.38%;576.5712302;329.9103668;15.37297446;73.99691315;0.073996913;18.42523137;69.94647591;56.53122021;545.8148566;678.7199993;554.8364988;512.5034375;;60.39659882;1.2;80.00%;100.00%;0.05;146.8940125;3;141.2661896;0.03;0.02;60.91053772;0.784494741;98.00%;2.724545717;0.1;0.1;2.5;80.00%;0.9;0.85;7686.487229;5245.985693;12932.47292;9.525438084;1000;0.2;800
62.97%;5.94%;15.85%;2.69%;0.89%;0.51%;0.22%;0.19%;0.12%;10.62%;221.5230456;62.01833627;33.39068193;822.5938136;89.64%;574.0779251;311.9666607;26.69742257;52.02104571;0.052021046;12.95324038;49.17352178;27.26288423;461.6230843;655.248376;606.8493664;494.7695502;;72.49544525;1.2;80.00%;99.63%;0.05;147.1056213;3;159.1151733;0.03;0.02;67.50759125;0.773774015;98.00%;2.088380337;0.1;0.1;2.5;80.00%;0.9;0.85;13348.71128;3688.014133;17036.72542;10.5937163;1000;0.2;800
59.10%;4.39%;13.27%;1.92%;1.31%;0.41%;0.13%;0.49%;0.03%;18.95%;266.6104352;58.68149114;36.20460203;713.2100911;84.49%;651.2668222;376.1350041;63.97709096;56.29553206;0.056295532;14.01758748;53.21403163;36.36275646;513.5655041;604.3148716;553.3990486;456.902714;;74.06031799;1.2;80.00%;99.19%;0.05;145.3974457;3;155.8460999;0.03;0.02;55.36901474;0.738634182;98.00%;2.576037407;0.1;0.1;2.5;80.00%;0.9;0.85;31988.54548;3991.052373;35979.59785;13.46773025;1000;0.2;800
50.86%;7.75%;14.13%;2.79%;0.53%;0.59%;0.09%;0.32%;0.14%;22.78%;250.2103774;70.61515851;27.04462983;870.3558781;86.44%;625.2563383;355.0073548;49.71850115;41.5581333;0.041558133;10.34797519;39.28332745;18.21548939;445.8045025;480.060356;486.0537115;363.8215795;;59.45518494;1.2;80.00%;97.86%;0.05;148.7671204;3;148.0670929;0.03;0.02;58.88917923;0.800634351;98.00%;2.39554739;0.1;0.1;2.5;80.00%;0.9;0.85;24859.25057;2946.249559;27805.50013;6.560315739;1000;0.2;800
56.09%;6.17%;13.78%;2.06%;1.45%;0.87%;0.05%;0.14%;0.05%;19.35%;215.3231333;81.30925033;46.69611085;753.0910891;93.70%;583.3050992;290.3465338;-9.322142486;73.4194407;0.073419441;18.28144074;69.40061311;57.36242085;546.4022053;682.1009277;521.1409387;515.1074517;;67.47304535;1.2;80.00%;99.99%;0.05;149.0223999;3;154.7751617;0.03;0.02;51.54571152;0.784011295;98.00%;2.954952955;0.1;0.1;2.5;80.00%;0.9;0.85;4661.071243;5205.045983;9866.117226;9.094510433;1000;0.2;800
53.62%;2.28%;14.53%;0.45%;1.27%;0.51%;0.13%;0.29%;0.12%;26.80%;237.4835763;54.35547497;37.38640782;912.3428472;85.24%;585.2322453;333.5903879;66.15546446;58.41163701;0.058411637;14.54449762;55.2143054;29.85984074;490.62507;572.6164724;511.4312643;432.8076708;;65.55220795;1.2;80.00%;99.87%;0.05;146.7216797;3;143.7137146;0.03;0.02;56.82723236;0.817780131;98.00%;2.7231493;0.1;0.1;2.5;80.00%;0.9;0.85;33077.73223;4141.072905;37218.80513;23.5358563;1000;0.2;800
52.06%;3.10%;16.01%;1.97%;0.69%;0.64%;0.11%;0.41%;0.03%;24.97%;226.9996322;59.98338384;14.52442505;831.476271;97.52%;640.0068054;329.2536618;3.684472637;21.5744768;0.021574477;5.372044723;20.39353478;-0.743052919;377.3278029;367.1302491;424.0802647;278.8986938;;68.07466125;1.2;80.00%;99.04%;0.05;144.2159729;3;143.1204987;0.03;0.02;62.98920822;0.79395446;98.00%;2.516504765;0.1;0.1;2.5;80.00%;0.9;0.85;1842.236319;1529.515108;3371.751427;16.79614056;1000;0.2;800
56.85%;4.29%;12.11%;0.68%;1.18%;0.80%;0.08%;0.29%;0.03%;23.69%;220.4283541;53.74739221;19.29173723;730.3026671;91.05%;580.239328;314.550797;39.71473927;29.35641917;0.029356419;7.309748372;27.74950979;18.18944604;378.9767163;464.3819219;508.8653868;351.5709515;;53.590168;1.2;80.00%;97.11%;0.05;149.9799347;3;145.741333;0.03;0.02;61.01292419;0.763206193;98.00%;2.305012703;0.1;0.1;2.5;80.00%;0.9;0.85;19857.36963;2081.213234;21938.58287;13.25597577;1000;0.2;800
57.32%;4.80%;13.45%;0.81%;0.75%;0.79%;0.08%;0.53%;0.07%;21.40%;240.6986821;56.21330919;26.34728049;709.9732104;84.15%;585.5574672;334.5025515;60.00836766;40.61693365;0.040616934;10.11361648;38.39364711;23.44322352;423.8041327;456.8671972;469.9544337;346.0168033;;52.05993652;1.2;80.00%;100.00%;0.05;148.9194946;3;156.9844055;0.03;0.02;50.14262009;0.773317932;98.00%;2.88172555;0.1;0.1;2.5;80.00%;0.9;0.85;30004.18383;2879.523533;32883.70736;11.93961742;1000;0.2;800
61.61%;7.05%;13.96%;0.87%;1.24%;0.68%;0.19%;0.38%;0.11%;13.92%;242.6713172;67.17412539;29.43045077;947.0629033;89.87%;630.5042097;345.3768689;68.79510519;45.46457747;0.045464577;11.32067979;42.97594099;29.3261477;462.8416618;485.6132448;463.1107404;367.770282;;54.46353912;1.2;80.00%;100.00%;0.05;145.8435211;3;144.0901337;0.03;0.02;60.37569427;0.823703718;98.00%;2.989220142;0.1;0.1;2.5;80.00%;0.9;0.85;34397.55259;3223.195574;37620.74817;8.735586686;1000;0.2;800
56.36%;4.82%;17.97%;2.56%;0.52%;0.91%;0.20%;0.38%;0.02%;16.26%;260.830341;68.53286585;42.73167791;1042.453041;91.90%;692.9733528;365.5788732;-4.822551157;66.78995551;0.066789956;16.63069892;63.13401215;44.67829685;572.3073867;601.5314675;474.239535;454.873024;;53.36288834;1.2;80.00%;99.95%;0.05;141.7870941;3;148.1918182;0.03;0.02;66.28108978;0.776648088;98.00%;2.746843338;0.1;0.1;2.5;80.00%;0.9;0.85;2411.275578;4735.050911;7146.32649;11.69105614;1000;0.2;800
51.76%;1.74%;13.76%;1.43%;0.83%;0.61%;0.28%;0.25%;0.01%;29.33%;238.6115534;56.05322077;29.48703806;856.8172821;86.89%;599.3895527;339.1492248;58.62236614;45.65442157;0.045654422;11.36795097;43.15539342;26.468194;449.4554028;586.0875203;574.2833977;442.9489435;;54.26697922;1.2;80.00%;99.60%;0.05;145.3738251;3;146.1417084;0.03;0.02;51.52076721;0.74551431;98.00%;2.47248888;0.1;0.1;2.5;80.00%;0.9;0.85;29311.18307;3236.654506;32547.83758;29.82292983;1000;0.2;800
54.05%;7.36%;16.60%;2.21%;1.09%;0.34%;0.13%;0.33%;0.11%;17.80%;219.1599413;63.98250027;11.32201365;746.5998566;91.45%;579.4140451;318.4146803;41.91932276;16.43826554;0.016438266;4.093128119;15.53846904;0.292460165;330.3118957;345.2300965;447.0197069;262.4249133;;53.8911705;1.2;80.00%;99.96%;0.05;143.9046326;3;153.9778748;0.03;0.02;68.44930267;0.817957175;98.00%;2.242656469;0.1;0.1;2.5;80.00%;0.9;0.85;20959.66138;1165.385178;22125.04656;7.348454806;1000;0.2;800
62.96%;4.93%;21.67%;0.55%;1.08%;0.91%;0.07%;0.27%;0.01%;7.56%;228.8377368;72.80289272;44.39939212;721.7952755;93.79%;620.4657342;317.1281387;34.42039606;69.65892038;0.06965892;17.34507117;65.84593585;54.11393699;549.4797139;674.115805;531.334318;509.038462;;62.65473175;1.2;80.00%;99.97%;0.05;141.3607635;3;148.9065704;0.03;0.02;62.16664505;0.733232484;98.00%;2.784542084;0.1;0.1;2.5;80.00%;0.9;0.85;17210.19803;4938.445189;22148.64322;12.77508034;1000;0.2;800
55.27%;3.58%;22.46%;2.96%;1.17%;0.29%;0.03%;0.10%;0.02%;14.13%;266.5446714;52.04861297;30.21348596;930.7706138;79.76%;614.6159496;380.2671667;60.51035448;46.67147081;0.046671471;11.62119623;44.11677149;22.39177856;460.0186793;616.3636212;630.052308;465.9148633;;55.01044464;1.2;80.00%;97.54%;0.05;143.0082703;3;151.6753235;0.03;0.02;53.39896393;0.767392949;98.00%;2.543908596;0.1;0.1;2.5;80.00%;0.9;0.85;30255.17724;3308.757862;33563.9351;15.43435946;1000;0.2;800
58.97%;3.29%;19.41%;0.71%;1.02%;0.59%;0.11%;0.43%;0.11%;15.36%;233.9964821;82.08054057;22.27124071;844.1406644;94.58%;639.7990064;328.2366904;33.67952203;33.91297115;0.033912971;8.444329816;32.05664559;13.95699652;423.4721498;608.9376874;614.0656866;460.428061;;62.44997025;1.2;80.00%;99.79%;0.05;148.7915344;3;156.2115936;0.03;0.02;59.58262253;0.809723695;98.00%;2.02248764;0.1;0.1;2.5;80.00%;0.9;0.85;16839.76101;2404.248419;19244.00943;17.92709382;1000;0.2;800
62.06%;1.62%;12.03%;0.99%;1.50%;0.70%;0.24%;0.60%;0.13%;20.15%;249.6600413;71.78878253;20.60005211;686.7545725;97.21%;701.60761;359.5055181;36.80386619;31.15188058;0.031151881;7.756818266;29.44669138;14.95807474;441.8257053;503.1357384;513.072675;381.1212068;;55.27875519;1.2;80.00%;100.00%;0.05;140.2033844;3;158.4020691;0.03;0.02;58.52631378;0.780584313;98.00%;2.728663683;0.1;0.1;2.5;80.00%;0.9;0.85;18401.9331;2208.501854;20610.43495;38.41174165;1000;0.2;800
49.65%;3.82%;22.65%;2.13%;0.29%;0.33%;0.21%;0.57%;0.14%;20.22%;262.7523284;61.92144218;10.78645999;929.4554807;92.36%;701.5809066;384.6193213;49.87919371;15.30127769;0.015301278;3.810018144;14.46371755;-3.365442166;382.3774542;310.2999108;408.7692267;236.5954812;;65.5042038;1.2;80.00%;99.43%;0.05;147.8193359;3;140.8876038;0.03;0.02;64.02626038;0.785600231;98.00%;2.335189342;0.1;0.1;2.5;80.00%;0.9;0.85;24939.59685;1084.778816;26024.37567;12.98344977;1000;0.2;800
60.30%;6.11%;21.62%;1.28%;0.84%;0.66%;0.18%;0.27%;0.13%;8.61%;210.1935602;73.2896501;23.58451368;707.6766403;96.99%;589.3859352;298.5174876;-18.7688365;36.21382736;0.036213827;9.017243013;34.23155771;29.07662609;409.2759501;604.5999449;601.5416818;457.0296354;;59.43090439;1.2;80.00%;99.22%;0.05;149.1832123;3;155.7487183;0.03;0.02;67.80962372;0.75774752;98.00%;2.887681007;0.1;0.1;2.5;80.00%;0.9;0.85;9384.41825;2567.366828;11951.78508;9.875693489;1000;0.2;800
58.30%;7.78%;16.59%;2.32%;0.94%;0.32%;0.24%;0.11%;0.12%;13.28%;255.2927601;59.87459775;37.10901119;956.1071783;83.00%;612.5713169;357.5829434;73.71490823;57.82505029;0.05782505;14.39843752;54.65982722;41.13842667;501.3657333;689.187832;636.5910108;520.4162782;;74.80662537;1.2;80.00%;100.00%;0.05;149.2321167;3;151.9568176;0.03;0.02;67.18091583;0.736815293;98.00%;2.157645702;0.1;0.1;2.5;80.00%;0.9;0.85;36857.45412;4099.487041;40956.94116;7.495605167;1000;0.2;800
51.84%;5.94%;13.12%;1.03%;1.06%;0.33%;0.22%;0.51%;0.14%;25.82%;246.8486785;72.30573527;46.95467367;732.958917;82.90%;591.5947824;342.6903575;40.98998591;73.66636279;0.073666363;18.34292433;69.63401919;51.29716807;551.5001261;692.5606184;572.8077295;523.0648751;;68.61282349;1.2;80.00%;99.13%;0.05;147.9476166;3;159.4659882;0.03;0.02;62.74669266;0.740500636;98.00%;2.483790159;0.1;0.1;2.5;80.00%;0.9;0.85;20494.99295;5222.551439;25717.54439;8.732816823;1000;0.2;800
50.63%;5.67%;24.85%;1.96%;0.74%;0.26%;0.16%;0.22%;0.11%;15.42%;219.4719784;77.62691363;36.04020142;786.0904307;88.66%;562.5617936;305.1386444;52.52354785;56.21728283;0.056217283;13.99810342;53.1400656;30.82771384;472.2790457;539.2756989;474.0524672;408.0089374;;52.84349442;1.2;80.00%;99.78%;0.05;142.4213562;3;146.8203583;0.03;0.02;55.59321594;0.764394927;98.00%;2.695361137;0.1;0.1;2.5;80.00%;0.9;0.85;26261.77393;3985.50492;30247.27885;8.934974343;1000;0.2;800
62.17%;2.57%;15.94%;1.34%;1.21%;0.35%;0.08%;0.12%;0.02%;16.20%;214.3468468;72.48150058;34.41985354;826.2595177;90.99%;563.8770993;300.2075311;2.518697363;53.6622542;0.053662254;13.3619013;50.72489393;34.26067205;463.1294415;717.4598422;658.095781;541.6404704;;51.8659668;1.2;80.00%;99.73%;0.05;143.0218811;3;154.1522522;0.03;0.02;58.29236221;0.799686488;98.00%;2.961266041;0.1;0.1;2.5;80.00%;0.9;0.85;1259.348682;3804.367045;5063.715727;24.22987342;1000;0.2;800
49.08%;6.41%;12.53%;0.30%;0.60%;0.81%;0.10%;0.57%;0.09%;29.50%;263.2259233;64.28307665;16.37549591;1016.70854;93.79%;713.7563454;381.4948715;33.22134256;24.3009155;0.024300915;6.050927958;22.97073389;3.213671859;421.5607023;412.605535;464.4335078;313.3069153;;71.20753479;1.2;80.00%;99.98%;0.05;145.8508148;3;148.4457703;0.03;0.02;59.11057281;0.786906071;98.00%;2.658724785;0.1;0.1;2.5;80.00%;0.9;0.85;16610.67128;1722.805041;18333.47632;7.651433509;1000;0.2;800
53.59%;7.49%;12.31%;0.26%;0.74%;0.70%;0.06%;0.39%;0.10%;24.35%;207.8026843;66.88308539;38.76826211;780.0451866;90.98%;546.5644357;288.8247947;13.72261013;60.75100508;0.060751005;15.12700027;57.42562132;48.06068734;481.6981187;543.3107289;453.8658208;410.8482584;;73.86164856;1.2;80.00%;97.96%;0.05;146.1753998;3;152.9410858;0.03;0.02;63.7959938;0.782942996;98.00%;2.605203867;0.1;0.1;2.5;80.00%;0.9;0.85;6861.305063;4306.921599;11168.22666;7.154152044;1000;0.2;800
54.82%;3.14%;13.64%;2.42%;1.04%;0.61%;0.22%;0.06%;0.06%;24.00%;226.8918765;55.11857258;45.10138854;767.3024447;82.40%;540.4782732;308.1598792;55.15897268;70.94240447;0.070942404;17.66465871;67.05916469;49.72121407;517.197497;602.0674203;491.2294176;454.7733302;;66.45728302;1.2;80.00%;98.03%;0.05;140.025238;3;147.5544586;0.03;0.02;64.31867981;0.758918491;98.00%;2.247381687;0.1;0.1;2.5;80.00%;0.9;0.85;27579.48634;5029.437351;32608.92369;17.46071221;1000;0.2;800
51.83%;2.33%;20.72%;0.31%;0.51%;0.50%;0.12%;0.43%;0.14%;23.10%;232.0893331;55.72699853;19.5705761;677.4992302;86.24%;578.6187397;328.3025518;40.67626919;29.73297388;0.029732974;7.403510496;28.10545268;6.407940154;379.8949051;438.5146209;495.1579271;332.3475062;;53.88545227;1.2;80.00%;95.03%;0.05;143.6404877;3;142.1886749;0.03;0.02;68.9389801;0.756119806;98.00%;2.650894165;0.1;0.1;2.5;80.00%;0.9;0.85;20338.1346;2107.908951;22446.04355;22.27041597;1000;0.2;800
57.08%;5.54%;14.66%;2.29%;1.45%;0.76%;0.07%;0.47%;0.02%;17.66%;219.4476766;67.88390396;14.7752186;787.985036;89.90%;570.3771615;302.9444863;25.76462248;22.04183673;0.022041837;5.488417345;20.83531239;11.19997839;346.889622;507.0372225;577.3397104;383.7365707;;52.22645187;1.2;80.00%;99.68%;0.05;142.9591675;3;149.8092804;0.03;0.02;52.97901154;0.730300741;98.00%;2.384611607;0.1;0.1;2.5;80.00%;0.9;0.85;12882.31124;1562.64843;14444.95967;10.29824488;1000;0.2;800
52.24%;4.53%;13.65%;2.98%;0.29%;0.55%;0.09%;0.32%;0.01%;25.34%;241.6627798;67.89493439;33.7838952;782.0641533;83.93%;586.3459944;340.6445026;74.09929632;52.49182532;0.052491825;13.0704645;49.6185319;33.91569474;468.8894882;565.3840195;534.1386705;427.534627;;56.07160187;1.2;80.00%;99.91%;0.05;147.8310699;3;151.1613617;0.03;0.02;54.67225647;0.811539802;98.00%;2.643197775;0.1;0.1;2.5;80.00%;0.9;0.85;37049.64816;3721.389892;40771.03805;11.54576829;1000;0.2;800
60.11%;2.44%;23.39%;2.35%;0.93%;0.81%;0.08%;0.33%;0.13%;9.43%;221.1946558;79.43369361;27.77450744;850.2600316;100.55%;642.9959652;314.1127462;12.70907742;42.85454763;0.042854548;10.67078236;40.50877875;28.36194158;458.7898202;502.6594704;455.8871207;380.6184484;;62.58334732;1.2;80.00%;100.00%;0.05;148.1456451;3;148.0019836;0.03;0.02;65.46632385;0.803919575;98.00%;2.201700211;0.1;0.1;2.5;80.00%;0.9;0.85;6354.538708;3038.158407;9392.697114;24.67529817;1000;0.2;800
55.44%;4.70%;20.58%;1.07%;0.44%;0.74%;0.08%;0.53%;0.11%;16.31%;254.4779557;56.12386525;15.54686065;719.9558842;92.69%;681.940717;369.9270821;33.46965972;23.06921841;0.023069218;5.744235384;21.80645734;6.340333244;402.2194341;551.5708227;615.6237362;417.3397356;;60.88731766;1.2;80.00%;99.87%;0.05;141.5614929;3;146.7231903;0.03;0.02;69.15377808;0.74996342;98.00%;2.045920849;0.1;0.1;2.5;80.00%;0.9;0.85;16734.82986;1635.4843;18370.31416;11.7920194;1000;0.2;800
57.54%;3.89%;24.12%;0.71%;0.70%;0.25%;0.18%;0.50%;0.14%;11.97%;234.7194797;62.32325047;28.79569421;644.712418;86.16%;584.6540593;333.4856211;50.0879807;44.52521976;0.04452522;11.08677972;42.08800176;34.26731145;438.112361;599.9305614;596.4462046;453.4230797;;51.64021683;1.2;80.00%;97.90%;0.05;145.0249634;3;159.2407227;0.03;0.02;69.20615387;0.729147123;98.00%;2.772317886;0.1;0.1;2.5;80.00%;0.9;0.85;25043.99035;3156.600132;28200.59048;14.79476213;1000;0.2;800
50.45%;3.10%;13.23%;2.05%;1.32%;0.28%;0.23%;0.42%;0.14%;28.78%;243.6295855;71.82577302;24.08339184;915.2023487;85.89%;604.9591522;342.5004889;81.77753468;36.83555028;0.03683555;9.17205202;34.81924881;20.8225182;418.7394007;619.9789571;645.00895;468.6223466;;67.86721039;1.2;80.00%;100.00%;0.05;144.765213;3;153.0233154;0.03;0.02;68.68603516;0.728655016;98.00%;2.101189852;0.1;0.1;2.5;80.00%;0.9;0.85;40888.76734;2611.443661;43500.211;16.25323038;1000;0.2;800
52.35%;7.01%;13.90%;1.13%;0.60%;0.86%;0.21%;0.47%;0.15%;23.34%;213.5809237;82.41599834;19.41061347;667.863965;94.19%;581.6057866;307.3178241;20.85397565;29.39462281;0.029394623;7.319261081;27.78562225;10.29996226;380.0388028;410.0344522;447.5289167;311.2807125;;74.41262054;1.2;80.00%;98.57%;0.05;141.9534454;3;147.1375732;0.03;0.02;52.11231613;0.731958104;98.00%;2.096890926;0.1;0.1;2.5;80.00%;0.9;0.85;10426.98782;2083.921669;12510.90949;7.472645524;1000;0.2;800
57.37%;2.19%;15.00%;2.57%;0.54%;0.81%;0.14%;0.17%;0.03%;21.17%;221.6314573;79.42385484;42.33115774;670.5540936;86.14%;551.9270056;303.6115294;21.50371309;66.34407504;0.066344075;16.51967469;62.71253826;52.44830805;505.5114252;617.4483984;514.9676196;466.6406962;;54.59763336;1.2;80.00%;93.72%;0.05;143.7136078;3;156.183548;0.03;0.02;63.65354538;0.815146288;98.00%;2.938826561;0.1;0.1;2.5;80.00%;0.9;0.85;10751.85655;4703.440369;15455.29692;26.1431623;1000;0.2;800
52.19%;2.32%;16.24%;1.58%;0.78%;0.45%;0.23%;0.38%;0.04%;25.81%;242.9086068;74.1692928;14.09731385;947.5131306;96.15%;675.2142469;331.8260611;37.70848815;20.784037;0.020784037;5.175225212;19.64636201;2.85772961;390.6369171;460.168957;503.0298397;348.7829853;;73.92881012;1.2;80.00%;99.96%;0.05;141.6721954;3;148.9959717;0.03;0.02;61.02441788;0.759496365;98.00%;2.336980343;0.1;0.1;2.5;80.00%;0.9;0.85;18854.24407;1473.47715;20327.72122;22.54116669;1000;0.2;800
61.56%;7.36%;18.75%;2.20%;0.50%;0.91%;0.17%;0.05%;0.06%;8.44%;220.9675361;57.64195644;14.71087152;694.6049859;90.23%;576.4303208;320.4941204;33.78283613;21.92790825;0.021927908;5.460049155;20.72762013;10.58823052;349.500499;412.6645488;495.7808459;312.9966942;;66.95109558;1.2;80.00%;93.98%;0.05;142.7346649;3;153.9859009;0.03;0.02;69.46037292;0.773371554;98.00%;2.935723066;0.1;0.1;2.5;80.00%;0.9;0.85;16891.41807;1554.571509;18445.98957;8.361129274;1000;0.2;800
54.37%;7.81%;19.91%;2.83%;1.38%;0.30%;0.17%;0.39%;0.10%;12.76%;260.6325197;67.42399667;44.49379429;979.8511321;81.58%;614.7333072;344.1294329;53.83866079;69.72825347;0.069728253;17.36233511;65.91147379;57.83388466;547.1929184;763.9114786;649.0733648;576.4643734;;74.58912659;1.2;80.00%;97.81%;0.05;149.2758179;3;147.9983063;0.03;0.02;65.14533234;0.72732493;98.00%;2.299653053;0.1;0.1;2.5;80.00%;0.9;0.85;26919.33039;4943.360534;31862.69093;6.965497243;1000;0.2;800
49.23%;3.26%;24.76%;1.26%;1.29%;0.91%;0.17%;0.43%;0.14%;18.54%;230.1875594;66.79926623;47.00760657;716.7950671;79.53%;529.2662713;311.6044391;37.3208271;73.92219368;0.073922194;18.40662623;69.87584643;45.7379767;523.5035787;774.8342479;661.1199659;584.5527312;;65.57060242;1.2;80.00%;98.90%;0.05;148.4317932;3;150.5599976;0.03;0.02;62.46758652;0.751732149;98.00%;2.32521677;0.1;0.1;2.5;80.00%;0.9;0.85;18660.41355;5240.688482;23901.10203;15.10779457;1000;0.2;800
62.21%;7.06%;12.07%;1.17%;1.14%;0.55%;0.26%;0.18%;0.14%;15.24%;208.4451932;72.74335619;20.25323266;697.1809641;93.33%;562.4203373;296.078121;38.63430257;30.86284349;0.030862843;7.684848029;29.17347558;4.911717515;376.5694358;607.8449247;639.4731693;459.3603163;;56.77534485;1.2;80.00%;99.80%;0.05;142.6811676;3;150.3933563;0.03;0.02;64.47872925;0.765824248;98.00%;2.171860695;0.1;0.1;2.5;80.00%;0.9;0.85;19317.15129;2188.010668;21505.16195;8.806989557;1000;0.2;800
60.67%;3.26%;16.97%;2.22%;1.37%;0.42%;0.06%;0.24%;0.03%;14.76%;263.3682517;68.47402435;42.80369006;761.7366395;85.18%;648.5545475;368.6279094;41.0646722;66.89305986;0.06689306;16.65637191;63.23147279;48.38254042;552.3331901;573.4883512;473.1266028;433.8157068;;53.60403061;1.2;80.00%;99.49%;0.05;146.4025116;3;156.0706329;0.03;0.02;60.93081284;0.755161491;98.00%;2.056465387;0.1;0.1;2.5;80.00%;0.9;0.85;20532.3361;4742.360459;25274.69656;18.62507943;1000;0.2;800
62.96%;6.05%;14.63%;1.08%;1.34%;0.57%;0.27%;0.27%;0.05%;12.78%;256.8554442;73.3797836;20.44421084;714.1669127;90.48%;671.8685987;369.1743768;55.6283158;30.84862169;0.030848622;7.681306802;29.16003225;5.620954116;426.8271798;482.423699;519.3026618;365.6648899;;62.7100563;1.2;80.00%;100.00%;0.05;145.5961304;3;147.6838074;0.03;0.02;63.26654816;0.773772468;98.00%;2.50481081;0.1;0.1;2.5;80.00%;0.9;0.85;27814.1579;2187.002419;30001.16032;10.40365479;1000;0.2;800
50.84%;3.04%;20.47%;0.66%;1.03%;0.74%;0.15%;0.59%;0.07%;22.41%;266.5724052;80.37239162;36.92739801;920.1887394;90.78%;699.593243;377.0723809;13.44570141;57.31580285;0.057315803;14.27163491;54.17845492;37.6580199;539.8572914;562.1137052;480.5471854;425.5207624;;60.6885376;1.2;80.00%;99.36%;0.05;140.4572601;3;151.4052429;0.03;0.02;50.93769073;0.761639695;98.00%;2.903821945;0.1;0.1;2.5;80.00%;0.9;0.85;6722.850704;4063.384119;10786.23482;16.71539488;1000;0.2;800
51.24%;7.01%;19.85%;1.12%;1.41%;0.79%;0.08%;0.13%;0.08%;18.30%;215.2324368;75.85570149;19.01889533;902.4173806;95.65%;595.169418;308.0344083;38.95236099;28.80289922;0.028802899;7.171921907;27.22628838;8.204845847;383.8782393;514.556198;547.1268838;389.4783721;;58.56604767;1.2;80.00%;97.84%;0.05;142.9883728;3;143.8137512;0.03;0.02;68.42651367;0.820478515;98.00%;2.448345661;0.1;0.1;2.5;80.00%;0.9;0.85;19476.18049;2041.971629;21518.15212;7.310994563;1000;0.2;800
61.57%;7.31%;19.23%;1.77%;1.25%;0.78%;0.10%;0.16%;0.07%;7.75%;216.9465593;68.84063662;42.28568792;736.6274324;92.50%;580.1383629;294.7397527;-2.228354118;66.37758212;0.066377582;16.52801795;62.74421123;46.11494334;518.3712994;709.9216158;583.6868812;535.8122908;;58.18489838;1.2;80.00%;98.87%;0.05;144.338089;3;157.8614655;0.03;0.02;57.34540558;0.73344251;98.00%;2.826209784;0.1;0.1;2.5;80.00%;0.9;0.85;1114.177059;4705.815842;5819.992901;8.418349402;1000;0.2;800
55.89%;3.47%;20.22%;2.44%;0.91%;0.65%;0.24%;0.29%;0.08%;15.80%;260.6837983;47.89949014;44.17482118;909.4594042;75.11%;566.033794;360.7844906;98.05026849;69.26793106;0.069267931;17.24771483;65.47634847;43.04793148;522.7877971;720.4189522;649.7383439;543.6938063;;52.82568741;1.2;80.00%;99.89%;0.05;149.0540619;3;147.3562012;0.03;0.02;52.98962784;0.791389532;98.00%;2.235313416;0.1;0.1;2.5;80.00%;0.9;0.85;49025.13425;4910.726135;53935.86038;16.11537167;1000;0.2;800
61.22%;6.13%;20.09%;1.75%;0.27%;0.45%;0.01%;0.16%;0.14%;9.78%;236.6373032;75.51479404;21.61464239;741.7816114;97.00%;663.6215239;340.0592947;-0.017235017;32.84641715;0.032846417;8.17875787;31.04847254;10.74156338;430.9598089;549.8343504;556.522093;416.1665354;;55.66189957;1.2;80.00%;100.00%;0.05;145.9374695;3;151.834549;0.03;0.02;59.71816254;0.811541458;98.00%;2.576497555;0.1;0.1;2.5;80.00%;0.9;0.85;8.617508379;2328.63544;2337.252949;9.979296413;1000;0.2;800
58.42%;2.91%;15.54%;1.57%;0.78%;0.81%;0.03%;0.25%;0.03%;19.66%;259.1894772;65.24367293;37.32248057;883.2016165;90.90%;681.1078281;365.8830355;34.40527603;58.0981851;0.058098185;14.46644809;54.91801119;46.57410399;533.6608457;661.9547946;577.7622469;500.1241685;;70.89027405;1.2;80.00%;99.99%;0.05;147.686615;3;148.700531;0.03;0.02;64.53768921;0.779836388;98.00%;2.91594696;0.1;0.1;2.5;80.00%;0.9;0.85;17202.63802;4118.850839;21321.48886;20.07117192;1000;0.2;800
53.79%;4.88%;15.96%;2.82%;0.59%;0.25%;0.09%;0.09%;0.02%;21.50%;247.3381214;59.44985503;18.31941321;944.9322462;90.65%;648.2123451;357.8952161;43.97436003;27.5653461;0.027565346;6.86377118;26.05647635;8.893997463;403.458398;433.8368889;487.3219388;328.9976096;;53.6307106;1.2;80.00%;98.92%;0.05;144.016983;3;144.5048981;0.03;0.02;53.26470184;0.755001549;98.00%;2.560874224;0.1;0.1;2.5;80.00%;0.9;0.85;21987.18001;1954.235726;23941.41574;11.02511139;1000;0.2;800
54.89%;5.54%;23.30%;0.29%;0.99%;0.75%;0.25%;0.28%;0.11%;13.60%;227.7493289;67.99456311;29.82625682;801.2897826;88.07%;579.8766064;319.7288484;32.09338434;46.20822038;0.04620822;11.50584687;43.67887843;33.78794135;442.2573409;553.9141912;533.8078342;418.927068;;60.93944168;1.2;80.00%;99.84%;0.05;145.4454803;3;142.2400665;0.03;0.02;58.64075089;0.810324227;98.00%;2.342235088;0.1;0.1;2.5;80.00%;0.9;0.85;16046.69217;3275.915882;19322.60805;9.915822578;1000;0.2;800
51.64%;3.83%;17.37%;1.60%;1.14%;0.33%;0.11%;0.17%;0.03%;23.77%;232.389232;69.4250204;33.71244057;751.949154;94.32%;633.7020071;327.4426112;13.35714529;52.42426812;0.052424268;13.05364276;49.55467263;32.92961639;490.9369488;668.2273343;598.4613873;504.6616922;;52.52925873;1.2;80.00%;99.23%;0.05;147.4261322;3;146.5256195;0.03;0.02;54.77579117;0.785196935;98.00%;2.948224068;0.1;0.1;2.5;80.00%;0.9;0.85;6678.572645;3716.600448;10395.17309;13.4940945;1000;0.2;800
51.33%;4.16%;14.28%;2.53%;1.12%;0.63%;0.23%;0.14%;0.10%;25.48%;218.6147532;55.72443553;23.5620144;857.3033751;89.83%;567.7282905;310.3348442;52.24704538;36.23938697;0.036239387;9.023607355;34.25571824;15.29214791;399.1371205;505.5823972;524.6347675;382.44278;;56.04050446;1.2;80.00%;100.00%;0.05;147.0248871;3;153.5595245;0.03;0.02;57.29467392;0.803417283;98.00%;2.402301311;0.1;0.1;2.5;80.00%;0.9;0.85;26123.52269;2569.178868;28692.70156;12.33918503;1000;0.2;800
51.57%;5.37%;22.15%;2.72%;1.13%;0.40%;0.15%;0.12%;0.03%;16.34%;217.3283979;57.80492506;25.5299732;704.6469206;92.75%;582.7352461;309.7231634;47.90179748;39.39808608;0.039398086;9.810123433;37.24151673;21.51143261;418.2544917;486.8013089;483.7323443;368.4242875;;67.956604;1.2;80.00%;100.00%;0.05;146.8210297;3;157.7099304;0.03;0.02;53.56174088;0.791719464;98.00%;2.029501677;0.1;0.1;2.5;80.00%;0.9;0.85;23950.89874;2793.113754;26744.01249;9.604396248;1000;0.2;800
62.65%;5.24%;20.43%;0.92%;1.13%;0.61%;0.19%;0.09%;0.05%;8.69%;218.3385;53.41607642;32.618455;585.9430034;87.80%;554.1990847;307.6145805;53.51860505;50.85168823;0.050851688;12.66207037;48.0681725;31.60545535;448.0514951;669.9951988;634.0943421;505.7903384;;67.50785828;1.2;80.00%;99.56%;0.05;143.2225494;3;151.6225281;0.03;0.02;52.35858154;0.80883527;98.00%;2.504775047;0.1;0.1;2.5;80.00%;0.9;0.85;26759.30253;3605.112937;30364.41546;11.95055525;1000;0.2;800
56.56%;3.35%;14.43%;0.27%;0.44%;0.48%;0.18%;0.21%;0.15%;23.93%;265.2603098;54.38326025;32.06138531;838.800886;88.00%;674.845083;375.9797313;34.62946448;49.65114994;0.04965115;12.36313633;46.93334918;28.37652127;499.3516455;614.4949587;577.8637304;464.5111845;;52.1573143;1.2;80.00%;97.69%;0.05;148.8832092;3;141.7187042;0.03;0.02;67.38987732;0.813618768;98.00%;2.827106953;0.1;0.1;2.5;80.00%;0.9;0.85;17314.73224;3520.001188;20834.73343;16.88227051;1000;0.2;800
59.04%;6.03%;24.94%;2.51%;1.33%;0.32%;0.15%;0.36%;0.07%;5.26%;239.4633278;59.88129168;20.85065172;882.8288134;92.82%;642.6094513;337.2825842;9.313433082;31.72877329;0.031728773;7.90046455;29.99200618;17.13005968;416.9114948;432.2755895;452.8338116;327.7325278;;59.51234436;1.2;80.00%;100.00%;0.05;141.4084778;3;145.9591217;0.03;0.02;53.99239349;0.739303568;98.00%;2.313170433;0.1;0.1;2.5;80.00%;0.9;0.85;4656.716541;2249.400464;6906.117005;9.788481348;1000;0.2;800
58.86%;6.52%;18.89%;1.10%;0.25%;0.43%;0.04%;0.34%;0.10%;13.46%;249.9503254;55.37884243;36.63914243;745.6561843;80.47%;581.4603205;352.4968188;65.15134159;57.11938355;0.057119384;14.2227265;53.9927872;37.41407584;484.2446271;746.7236561;709.8300642;563.4734454;;71.75583649;1.2;80.00%;98.10%;0.05;143.0383148;3;145.7480164;0.03;0.02;63.42207718;0.807051685;98.00%;2.954260111;0.1;0.1;2.5;80.00%;0.9;0.85;32575.6708;4049.45904;36625.12984;9.025103513;1000;0.2;800
55.85%;5.84%;24.63%;2.96%;1.32%;0.55%;0.09%;0.33%;0.05%;8.39%;249.2087293;75.36338423;39.58126791;1007.212934;92.17%;664.0674044;343.7649845;21.38098727;61.76695356;0.061766954;15.37997144;58.38595889;45.66116981;539.6925796;669.0919781;558.969507;505.4321755;;54.94061279;1.2;80.00%;95.44%;0.05;148.4936829;3;148.8532104;0.03;0.02;64.09429932;0.760865116;98.00%;2.730257511;0.1;0.1;2.5;80.00%;0.9;0.85;10690.49363;4378.946917;15069.44055;9.569367104;1000;0.2;800
54.68%;5.13%;15.20%;2.13%;0.33%;0.44%;0.08%;0.29%;0.11%;21.60%;236.4711274;59.56281121;35.42097939;830.8357309;81.87%;559.7056922;318.9312693;55.13418439;55.27643542;0.055276435;13.76383242;52.25071822;30.07860841;467.1112898;778.3942956;731.4375036;587.1315225;;66.7408905;1.2;80.00%;100.00%;0.05;140.6749115;3;145.2165527;0.03;0.02;64.15222168;0.757391149;98.00%;2.724376678;0.1;0.1;2.5;80.00%;0.9;0.85;27567.0922;3918.803867;31485.89606;10.65090016;1000;0.2;800
53.06%;5.93%;17.56%;2.63%;0.51%;0.35%;0.19%;0.45%;0.08%;19.24%;231.5226444;65.00169881;31.33633009;859.084865;87.50%;585.6421767;327.8575276;38.01260297;48.62417921;0.048624179;12.10742062;45.96259269;32.9298536;454.0187734;542.3249744;516.2417169;410.2264591;;72.50452423;1.2;80.00%;95.10%;0.05;146.3989258;3;142.5301514;0.03;0.02;54.73827362;0.757050696;98.00%;2.132441044;0.1;0.1;2.5;80.00%;0.9;0.85;19006.30149;3447.194452;22453.49594;8.946482474;1000;0.2;800
62.34%;4.14%;24.82%;1.25%;0.33%;0.84%;0.12%;0.10%;0.09%;5.96%;224.6599717;69.25495643;35.96720901;647.6358861;84.86%;551.1577916;300.9599593;26.93862194;56.17182151;0.056171822;13.98678356;53.09709274;39.89549907;466.7830956;664.3001522;601.9211996;501.5988812;;65.69980621;1.2;80.00%;97.26%;0.05;146.8631744;3;153.4531555;0.03;0.02;58.34375;0.803658844;98.00%;2.510442495;0.1;0.1;2.5;80.00%;0.9;0.85;13469.31097;3982.281956;17451.59293;15.04386934;1000;0.2;800
62.13%;4.57%;19.87%;1.44%;1.46%;0.42%;0.27%;0.52%;0.14%;9.18%;263.9518735;65.29206004;25.62609176;853.9509687;90.55%;690.9958232;368.9246637;37.70693179;39.24734825;0.039247348;9.772589713;37.09902997;23.86432373;467.4391178;662.058459;653.2465623;500.2711513;;70.10049438;1.2;80.00%;99.61%;0.05;140.0234985;3;151.3441925;0.03;0.02;51.61156845;0.78636386;98.00%;2.854131699;0.1;0.1;2.5;80.00%;0.9;0.85;18853.4659;2782.427248;21635.89314;13.58848234;1000;0.2;800
59.92%;6.05%;18.93%;0.78%;1.42%;0.91%;0.20%;0.09%;0.12%;11.59%;263.0346381;63.24883695;28.15023615;978.0918556;89.16%;678.0241593;374.856682;35.90843163;43.29992174;0.043299922;10.78168051;40.92977402;21.88370981;477.0847818;585.7747912;572.367472;443.0728103;;57.30293274;1.2;80.00%;94.28%;0.05;144.5737;3;156.3843689;0.03;0.02;56.96711731;0.817563564;98.00%;2.354388714;0.1;0.1;2.5;80.00%;0.9;0.85;17954.21582;3069.733051;21023.94887;9.900427778;1000;0.2;800
52.41%;6.65%;20.91%;2.52%;1.05%;0.55%;0.14%;0.34%;0.11%;15.32%;253.689901;68.58455263;36.77870542;773.7870921;88.92%;652.1320547;338.8399028;35.68675647;57.31843733;0.057318437;14.27229089;54.18094519;34.7238508;517.7807636;678.539732;589.3531875;512.4781442;;69.41889954;1.2;80.00%;99.93%;0.05;147.713974;3;158.9659882;0.03;0.02;62.45222855;0.793298977;98.00%;2.922124863;0.1;0.1;2.5;80.00%;0.9;0.85;17843.37823;4063.570889;21906.94912;7.881339162;1000;0.2;800
52.41%;1.86%;24.68%;0.48%;0.68%;0.43%;0.04%;0.41%;0.14%;18.86%;221.8874969;54.83992261;40.15594162;857.065456;86.20%;552.9463065;308.856404;48.83597601;62.97641533;0.062976415;15.68112742;59.52921723;40.41365184;493.1352757;717.2616983;633.136074;541.2624614;;68.03800964;1.2;80.00%;99.67%;0.05;141.3961945;3;152.2218475;0.03;0.02;54.13731384;0.765973823;98.00%;2.826466799;0.1;0.1;2.5;80.00%;0.9;0.85;24417.98801;4464.691293;28882.6793;28.12454703;1000;0.2;800
55.08%;2.46%;19.58%;2.97%;0.66%;0.64%;0.07%;0.40%;0.02%;18.12%;221.9042785;53.77147273;12.04356316;829.1292504;90.12%;578.1339479;322.3050145;41.15267578;17.64920966;0.01764921;4.394653205;16.6831286;-0.573822185;333.7326157;512.3542587;614.4407309;387.7535214;;61.80342102;1.2;80.00%;96.36%;0.05;144.2329254;3;150.5700989;0.03;0.02;50.48656845;0.806389843;98.00%;2.039971828;0.1;0.1;2.5;80.00%;0.9;0.85;20576.33789;1251.234645;21827.57253;22.37891935;1000;0.2;800
58.40%;2.67%;13.70%;2.40%;0.89%;0.73%;0.18%;0.26%;0.15%;20.62%;233.2053739;65.36032129;15.61578148;631.7917573;94.60%;637.8150448;326.347702;24.8399169;23.31012302;0.023310123;5.804220631;22.03417533;13.44405759;382.7018364;528.8903381;577.5497617;400.2407836;;71.19452667;1.2;80.00%;99.24%;0.05;148.7582703;3;156.1499023;0.03;0.02;53.05135727;0.822373996;98.00%;2.134623528;0.1;0.1;2.5;80.00%;0.9;0.85;12419.95845;1652.56315;14072.5216;21.84355424;1000;0.2;800
60.54%;6.61%;24.95%;1.66%;0.50%;0.49%;0.13%;0.08%;0.06%;4.97%;247.241545;57.43615945;16.91093271;683.3261717;94.73%;677.0959058;355.8519427;47.59469112;25.31880864;0.025318809;6.304383352;23.93290968;12.45173146;408.6905887;413.5091455;457.9012672;313.7156598;;70.36045074;1.2;80.00%;99.62%;0.05;146.2276764;3;140.0225067;0.03;0.02;52.86668777;0.810868845;98.00%;2.822358608;0.1;0.1;2.5;80.00%;0.9;0.85;23797.34556;1794.968226;25592.31379;9.159459617;1000;0.2;800
58.18%;7.88%;14.79%;2.51%;0.58%;0.64%;0.12%;0.42%;0.14%;14.74%;256.3065213;55.23617795;40.05541641;924.8448297;86.91%;643.9586528;358.9324249;7.000173036;62.59432013;0.06259432;15.58598571;59.16803714;50.43680176;533.7227706;763.1020385;674.7881007;575.8567223;;52.09809494;1.2;80.00%;97.38%;0.05;143.6442108;3;150.0130463;0.03;0.02;56.92580795;0.811877603;98.00%;2.48387599;0.1;0.1;2.5;80.00%;0.9;0.85;3500.086518;4437.602785;7937.689303;7.385021697;1000;0.2;800
59.29%;7.52%;21.13%;2.34%;0.40%;0.50%;0.24%;0.26%;0.10%;8.20%;246.3303662;56.43871319;47.45374254;781.1131329;84.32%;600.44992;333.4621844;59.44976604;74.61244981;0.07461245;18.5785;70.52831937;54.14296221;558.8805331;702.9119797;565.5531851;530.4408356;;68.31843567;1.2;80.00%;99.97%;0.05;140.1990814;3;142.0680542;0.03;0.02;64.10796356;0.793489288;98.00%;2.279477119;0.1;0.1;2.5;80.00%;0.9;0.85;29724.88302;5289.623953;35014.50698;7.879573005;1000;0.2;800
57.46%;7.51%;21.94%;2.40%;0.64%;0.53%;0.22%;0.55%;0.04%;8.72%;251.0301784;52.3020137;45.40128431;729.1757948;83.22%;603.9877293;349.5371149;30.02650601;71.26370112;0.071263701;17.74466158;67.36287422;50.13449735;548.1834139;758.4059189;647.5450054;572.1877656;;54.59485626;1.2;80.00%;93.40%;0.05;142.8136139;3;157.0034027;0.03;0.02;64.93424225;0.757258136;98.00%;2.685686588;0.1;0.1;2.5;80.00%;0.9;0.85;15013.253;5052.215567;20065.46857;7.649462624;1000;0.2;800
58.39%;3.12%;13.36%;0.81%;0.99%;0.45%;0.23%;0.12%;0.07%;22.47%;243.2903697;58.6708209;45.26682295;820.6621429;77.37%;544.1782804;317.7818476;83.74007581;71.14413676;0.071144137;17.71489005;67.24985457;48.74986012;520.0399783;827.3776338;721.9957505;623.7784861;;53.63727951;1.2;80.00%;99.91%;0.05;142.9702759;3;149.5180359;0.03;0.02;64.52656555;0.752762621;98.00%;2.551403999;0.1;0.1;2.5;80.00%;0.9;0.85;41870.0379;5043.739093;46913.777;18.74023649;1000;0.2;800
56.48%;5.71%;22.54%;2.33%;1.25%;0.55%;0.25%;0.40%;0.09%;10.41%;247.1975343;64.39602086;19.54137221;840.2044052;88.65%;633.5422145;356.7940509;38.15809277;29.50626171;0.029506262;7.347059167;27.89115027;6.560006124;404.4494455;390.4096263;442.9180218;296.527214;;58.78582001;1.2;80.00%;99.83%;0.05;149.5203094;3;141.3482666;0.03;0.02;53.14478683;0.755040272;98.00%;2.017338037;0.1;0.1;2.5;80.00%;0.9;0.85;19079.04638;2091.83627;21170.88265;9.897969603;1000;0.2;800
59.30%;5.54%;12.37%;0.40%;1.41%;0.52%;0.27%;0.07%;0.06%;20.06%;239.1453603;76.72745572;34.77394418;678.1591269;89.50%;618.7978204;336.9044268;16.64083994;54.04567765;0.054045678;13.45737373;51.08732957;35.53427821;490.1650592;695.3684758;636.0441291;525.1845504;;54.8677063;1.2;80.00%;99.99%;0.05;144.6553955;3;155.4376373;0.03;0.02;53.67693329;0.810833563;98.00%;2.89247179;0.1;0.1;2.5;80.00%;0.9;0.85;8320.419968;3831.549718;12151.96969;10.70349654;1000;0.2;800
50.69%;6.78%;15.88%;0.51%;0.40%;0.40%;0.03%;0.06%;0.13%;25.12%;251.070959;74.07003878;33.8357124;997.6788868;94.83%;688.3504158;355.5790044;38.50610625;52.47058803;0.052470588;13.06517642;49.59845709;28.19379274;516.413088;486.2040812;411.1012261;368.3469627;;65.01125336;1.2;80.00%;99.99%;0.05;142.7309265;3;152.9975739;0.03;0.02;60.45757294;0.808254765;98.00%;2.331308365;0.1;0.1;2.5;80.00%;0.9;0.85;19253.05313;3719.884281;22972.93741;7.478179904;1000;0.2;800
53.36%;2.11%;22.00%;0.56%;1.06%;0.42%;0.29%;0.45%;0.09%;19.67%;214.6018013;60.34234302;40.90314641;681.7011577;89.97%;558.1881952;297.8382553;26.79219624;64.19224682;0.064192247;15.98386946;60.67849664;47.62089776;499.8754259;603.9868562;502.0792744;456.3074069;;68.26062775;1.2;80.00%;98.18%;0.05;144.1283264;3;140.3334503;0.03;0.02;68.78929138;0.77624056;98.00%;2.905647755;0.1;0.1;2.5;80.00%;0.9;0.85;13396.09812;4550.887248;17946.98537;25.32851115;1000;0.2;800
62.87%;2.94%;21.88%;1.33%;1.42%;0.54%;0.09%;0.41%;0.14%;8.39%;225.9048145;49.70417481;13.45751238;841.2951277;88.22%;576.1635324;322.7146798;20.26404291;19.95082906;0.019950829;4.967756437;18.85876214;-1.737344993;342.0684597;494.3673856;587.7094298;374.1678773;;59.08507156;1.2;80.00%;96.59%;0.05;148.8438263;3;157.3114624;0.03;0.02;59.54228973;0.73117259;98.00%;2.41464591;0.1;0.1;2.5;80.00%;0.9;0.85;10132.02145;1414.407161;11546.42861;21.40525123;1000;0.2;800
62.62%;2.29%;17.06%;2.68%;0.51%;0.76%;0.21%;0.33%;0.14%;13.40%;266.1925098;61.64013202;18.52563351;811.2636427;82.29%;633.2827261;373.0108616;76.90610207;27.8176619;0.027817662;6.926597814;26.2949809;11.21107409;397.648925;565.2116136;640.0820604;427.6516405;;51.12652588;1.2;80.00%;100.00%;0.05;146.9914856;3;144.3409882;0.03;0.02;68.20714569;0.780783146;98.00%;2.02690506;0.1;0.1;2.5;80.00%;0.9;0.85;38453.05103;1972.123568;40425.1746;27.29737129;1000;0.2;800
52.85%;2.63%;15.08%;2.20%;0.86%;0.26%;0.18%;0.28%;0.07%;25.59%;265.1350911;85.42883012;14.87418801;746.9792585;98.13%;752.1577192;386.1458599;-8.680483813;21.72658691;0.021726587;5.409920141;20.5373187;11.25327165;429.9023681;447.8844443;492.7975412;340.067178;;58.7791748;1.2;80.00%;100.00%;0.05;145.9076691;3;149.7476807;0.03;0.02;52.7756424;0.734665398;98.00%;2.598344326;0.1;0.1;2.5;80.00%;0.9;0.85;4340.241907;1540.298902;5880.540809;20.12526477;1000;0.2;800
58.32%;1.90%;15.44%;2.78%;1.31%;0.47%;0.10%;0.35%;0.02%;19.32%;223.7776623;78.48682153;16.63169499;839.4923762;93.36%;604.0184052;323.855122;52.25155995;24.87254658;0.024872547;6.193264098;23.51107507;12.56302856;373.2251937;414.9478666;472.8706009;314.8511214;;71.44483948;1.2;80.00%;99.87%;0.05;146.0445709;3;144.4121246;0.03;0.02;59.82477951;0.812399134;98.00%;2.259601593;0.1;0.1;2.5;80.00%;0.9;0.85;26125.77997;1763.33063;27889.1106;30.63948347;1000;0.2;800
54.62%;1.98%;17.87%;0.44%;0.44%;0.61%;0.06%;0.54%;0.03%;23.42%;246.9263787;80.10043055;12.4849829;781.2806289;102.52%;731.8451666;359.8527014;3.038700388;18.02732011;0.01802732;4.488802708;17.04054207;1.915081973;406.3108172;399.3397528;446.8998072;303.3869032;;66.55786133;1.2;80.00%;97.55%;0.05;140.340332;3;155.5491333;0.03;0.02;53.17887115;0.779379439;98.00%;2.616717577;0.1;0.1;2.5;80.00%;0.9;0.85;1519.350194;1278.040656;2797.39085;27.59817883;1000;0.2;800
50.74%;7.33%;23.45%;1.51%;1.27%;0.51%;0.27%;0.13%;0.12%;14.65%;231.2393505;63.54372555;12.77892643;806.9804914;92.56%;618.8108141;328.7754075;66.5555517;18.74245338;0.018742453;4.666870891;17.71653043;10.81578853;356.680605;429.3292255;509.2825011;325.4908626;;63.72331238;1.2;80.00%;96.50%;0.05;144.2532806;3;156.5026855;0.03;0.02;54.52476883;0.81064717;98.00%;2.158851147;0.1;0.1;2.5;80.00%;0.9;0.85;33277.77585;1328.739782;34606.51563;6.922384197;1000;0.2;800
50.97%;3.41%;14.96%;0.76%;0.53%;0.80%;0.17%;0.40%;0.11%;27.89%;214.818423;65.07402587;44.13691239;629.5010747;88.70%;550.8896567;287.1629346;20.6373803;69.41621787;0.069416218;17.28463825;65.61651837;51.94982323;516.7457391;794.8961393;665.5764277;599.5098501;;53.56218338;1.2;80.00%;99.32%;0.05;146.1475525;3;154.431427;0.03;0.02;50.35524368;0.804609266;98.00%;2.71677494;0.1;0.1;2.5;80.00%;0.9;0.85;10318.69015;4921.238877;15239.92903;14.95981018;1000;0.2;800
56.62%;2.96%;23.46%;0.95%;1.24%;0.36%;0.10%;0.31%;0.11%;13.88%;215.7989994;48.34714176;21.05929134;760.8363892;90.30%;563.3442806;307.6854042;40.10511971;32.26773387;0.032267734;8.034665735;30.50146518;13.21764201;382.2941155;444.5609835;480.7451172;336.7239726;;66.10739899;1.2;80.00%;100.00%;0.05;140.2180634;3;142.7598877;0.03;0.02;64.61545563;0.822538545;98.00%;2.065902233;0.1;0.1;2.5;80.00%;0.9;0.85;20052.55986;2287.609889;22340.16974;19.12856521;1000;0.2;800
61.71%;3.31%;14.14%;1.48%;1.46%;0.76%;0.02%;0.11%;0.05%;16.97%;239.7302691;51.27344254;18.54698504;636.0610045;93.27%;646.4457681;346.5049488;14.7351766;28.03403428;0.028034034;6.980474536;26.49950951;10.53320427;404.5709857;548.2145266;590.3981579;414.6535831;;74.8443222;1.2;80.00%;94.48%;0.05;146.6416931;3;150.2702789;0.03;0.02;61.42757034;0.754520321;98.00%;2.017596006;0.1;0.1;2.5;80.00%;0.9;0.85;7367.588298;1987.463213;9355.051511;18.63587879;1000;0.2;800
56.10%;4.70%;16.74%;2.18%;0.89%;0.62%;0.07%;0.21%;0.08%;18.41%;261.2548781;52.68051693;20.64594252;639.2687588;80.70%;609.5110355;357.22071;70.72303842;31.35881579;0.031358816;7.808345132;29.64229939;12.73940286;399.8518475;478.1684828;537.4289306;362.122734;;63.73960495;1.2;80.00%;97.79%;0.05;146.1428986;3;143.7098541;0.03;0.02;67.26847839;0.770952957;98.00%;2.59250927;0.1;0.1;2.5;80.00%;0.9;0.85;35361.51921;2223.172454;37584.69167;11.93950911;1000;0.2;800
53.26%;7.42%;19.24%;0.69%;1.38%;0.54%;0.09%;0.33%;0.11%;16.95%;237.5091146;73.15397294;28.81518285;844.7453106;90.43%;620.9588368;330.9533217;18.53493397;44.49784023;0.04449784;11.07996222;42.06212093;29.06429954;454.7672554;565.5524724;539.8205677;427.7845132;;65.85198212;1.2;80.00%;99.13%;0.05;148.6605377;3;145.7890625;0.03;0.02;66.97567749;0.739672255;98.00%;2.119705677;0.1;0.1;2.5;80.00%;0.9;0.85;9267.466985;3154.65907;12422.12606;7.18117454;1000;0.2;800
51.07%;4.61%;17.55%;0.79%;1.18%;0.57%;0.10%;0.13%;0.06%;23.94%;225.4831543;68.36126075;44.72009634;660.1289149;82.97%;540.8363739;309.6258673;48.77635469;70.23664233;0.070236642;17.48892394;66.3920345;46.98232986;514.7667244;704.221515;597.0455568;531.5143219;;63.36890793;1.2;80.00%;99.66%;0.05;148.3040466;3;155.4451294;0.03;0.02;52.95624542;0.741627664;98.00%;2.355311394;0.1;0.1;2.5;80.00%;0.9;0.85;24388.17734;4979.402587;29367.57993;11.07015845;1000;0.2;800
61.85%;2.23%;19.38%;0.31%;0.75%;0.59%;0.06%;0.11%;0.09%;14.63%;216.2117263;69.9699063;28.23206193;719.2912812;88.85%;555.358905;305.7319452;64.27356128;43.68884164;0.043688842;10.87852157;41.29740525;18.66205116;421.4667225;534.1596566;525.345469;404.0526515;;70.16272736;1.2;80.00%;99.97%;0.05;149.2859802;3;142.2463531;0.03;0.02;51.9739418;0.811409665;98.00%;2.964449167;0.1;0.1;2.5;80.00%;0.9;0.85;32136.78064;3097.305393;35234.08603;27.69400667;1000;0.2;800
57.12%;1.71%;24.56%;2.26%;0.78%;0.46%;0.28%;0.44%;0.04%;12.35%;261.8589154;71.15280554;14.4466041;1037.383955;97.98%;741.7546724;381.343045;-7.197531069;21.15079496;0.021150795;5.266547945;19.9930444;5.803808229;422.5754994;437.3837279;486.4277904;331.9801049;;74.21008301;1.2;80.00%;99.13%;0.05;140.0187531;3;151.8121185;0.03;0.02;58.88945007;0.81587374;98.00%;2.960203648;0.1;0.1;2.5;80.00%;0.9;0.85;3598.765535;1499.47833;5098.243865;33.40286688;1000;0.2;800
54.16%;6.14%;20.46%;2.60%;0.73%;0.78%;0.09%;0.44%;0.14%;14.44%;241.8369553;64.79554729;11.26046387;955.783744;98.11%;685.928939;350.3466159;40.63063364;16.19511538;0.016195115;4.03258373;15.30862842;5.090652577;378.6070976;535.6012652;607.378953;405.3233491;;73.46839142;1.2;80.00%;92.72%;0.05;145.0628357;3;144.1233368;0.03;0.02;51.72874451;0.784029719;98.00%;2.943367004;0.1;0.1;2.5;80.00%;0.9;0.85;20315.31682;1148.147132;21463.46395;8.814015265;1000;0.2;800
56.94%;1.83%;21.38%;2.39%;0.37%;0.66%;0.25%;0.25%;0.14%;15.80%;229.3002029;58.29289453;37.17577764;854.4029543;82.00%;543.5661355;299.8545823;22.37495196;58.19367221;0.058193672;14.49022438;55.00827153;46.12445501;470.6501835;747.3012261;680.5211909;563.7580856;;70.05310059;1.2;80.00%;96.27%;0.05;147.1140594;3;151.5986786;0.03;0.02;67.45456696;0.81707639;98.00%;2.236715794;0.1;0.1;2.5;80.00%;0.9;0.85;11187.47598;4125.620365;15313.09634;31.07924196;1000;0.2;800
57.47%;5.12%;14.88%;1.92%;0.86%;0.35%;0.27%;0.23%;0.04%;18.85%;241.0563451;55.70708831;11.9103191;684.4754879;92.90%;647.3899263;338.9619201;50.14351331;17.34975205;0.017349752;4.320088261;16.40006268;2.457550482;365.0875342;519.5950003;598.1871964;393.1466099;;68.80944824;1.2;80.00%;99.05%;0.05;143.7175293;3;148.8113556;0.03;0.02;62.81602478;0.738944929;98.00%;2.257570028;0.1;0.1;2.5;80.00%;0.9;0.85;25071.75666;1230.004701;26301.76136;11.23532388;1000;0.2;800
55.19%;6.18%;19.51%;1.27%;0.98%;0.32%;0.08%;0.11%;0.06%;16.30%;243.3258761;54.60711767;31.22239416;706.4316316;81.04%;570.1196249;342.3003623;58.65922269;48.44487303;0.048444873;12.06277338;45.79310136;35.65171147;446.6171792;537.3333273;533.5611515;406.4449929;;57.62252426;1.2;80.00%;97.32%;0.05;145.8955078;3;150.7215576;0.03;0.02;69.65135193;0.763941365;98.00%;2.722383499;0.1;0.1;2.5;80.00%;0.9;0.85;29329.61135;3434.482602;32764.09395;8.928969757;1000;0.2;800
55.34%;7.03%;19.52%;1.81%;0.59%;0.64%;0.03%;0.19%;0.13%;14.72%;233.6771771;74.02508453;37.50810919;878.1385248;87.71%;592.5670955;319.7706696;39.89628534;58.54099078;0.058540991;14.5767067;55.33657861;38.40902105;494.5924928;663.8174801;585.5989669;501.3904621;;53.05936813;1.2;80.00%;99.94%;0.05;148.3769073;3;141.2994537;0.03;0.02;59.01873779;0.726237254;98.00%;2.527114391;0.1;0.1;2.5;80.00%;0.9;0.85;19948.14267;4150.243396;24098.38607;7.873020418;1000;0.2;800
52.97%;7.97%;13.35%;1.59%;1.37%;0.88%;0.07%;0.39%;0.06%;21.34%;234.2830819;67.71559084;42.48208927;811.6533208;81.89%;554.6268913;326.1073472;33.44996165;66.56480642;0.066564806;16.5746368;62.92118726;47.20864528;507.1790906;701.5078016;617.1324867;529.6135933;;51.18684006;1.2;80.00%;100.00%;0.05;143.6158905;3;159.4139099;0.03;0.02;53.53033829;0.783377616;98.00%;2.397127151;0.1;0.1;2.5;80.00%;0.9;0.85;16724.98083;4719.089044;21444.06987;6.647556272;1000;0.2;800
54.72%;6.65%;12.99%;2.61%;1.25%;0.62%;0.08%;0.18%;0.03%;20.87%;224.2831298;76.63045729;48.00066305;771.7340739;90.46%;586.5506114;308.675399;63.23660291;75.47093115;0.075470931;18.79226186;71.33980922;47.90995849;555.5783917;650.8656917;495.3184937;491.5597294;;54.65900803;1.2;80.00%;100.00%;0.05;144.2869263;3;153.8617859;0.03;0.02;52.26437378;0.809100235;98.00%;2.650376558;0.1;0.1;2.5;80.00%;0.9;0.85;31618.30145;5350.485692;36968.78715;8.231912688;1000;0.2;800
53.67%;3.69%;16.64%;2.03%;0.76%;0.35%;0.01%;0.41%;0.12%;22.31%;231.6747136;60.33125629;40.20367137;821.4060039;89.48%;599.3206708;323.5717548;21.83360863;62.95395252;0.062953953;15.67553418;59.507984;35.31914128;514.3394208;588.6446757;492.1900613;444.9602957;;53.41785812;1.2;80.00%;99.97%;0.05;141.4440308;3;144.4128113;0.03;0.02;57.63035202;0.81467372;98.00%;2.667623043;0.1;0.1;2.5;80.00%;0.9;0.85;10916.80431;4463.0988;15379.90311;14.55577728;1000;0.2;800
58.67%;4.20%;19.12%;0.71%;0.80%;0.69%;0.18%;0.59%;0.07%;14.97%;227.2403538;53.09445104;22.77482477;794.128159;92.51%;607.7560971;325.7177659;18.22713773;34.92168397;0.034921684;8.695499309;33.01014357;15.06230054;412.434356;493.8301148;510.5860931;373.778634;;67.60098267;1.2;80.00%;99.31%;0.05;148.0314636;3;150.745163;0.03;0.02;58.56245041;0.790098531;98.00%;2.913428307;0.1;0.1;2.5;80.00%;0.9;0.85;9113.568864;2475.760768;11589.32963;13.9699651;1000;0.2;800
58.40%;6.01%;24.03%;2.37%;0.63%;0.54%;0.03%;0.40%;0.03%;7.56%;248.3908714;52.03520151;25.85708803;918.8824196;87.14%;625.7255084;353.2888002;60.50973863;39.77273281;0.039772733;9.903410469;37.59565607;24.63751737;439.4125498;550.7579405;561.590125;416.5052383;;67.50009155;1.2;80.00%;99.57%;0.05;149.9335327;3;156.146698;0.03;0.02;69.41598511;0.785574169;98.00%;2.601682186;0.1;0.1;2.5;80.00%;0.9;0.85;30254.86932;2819.674206;33074.54352;9.718079923;1000;0.2;800
56.46%;6.09%;24.66%;2.30%;1.38%;0.56%;0.11%;0.54%;0.13%;7.77%;247.2483334;61.97211276;36.52188126;849.1633325;87.39%;624.6445422;347.1634609;59.26844954;56.91123751;0.056911238;14.17089814;53.79603464;41.2776257;503.1355348;735.9919237;671.3666934;555.5136288;;66.66403961;1.2;80.00%;99.96%;0.05;149.2510071;3;157.8565979;0.03;0.02;68.94203186;0.727745378;98.00%;2.349411726;0.1;0.1;2.5;80.00%;0.9;0.85;29634.22477;4034.702598;33668.92737;9.270808734;1000;0.2;800
50.88%;6.31%;14.96%;1.05%;0.52%;0.28%;0.28%;0.33%;0.10%;25.28%;239.0322043;63.46572596;36.97169906;753.9483139;81.88%;565.8043005;336.0152834;65.55514834;57.6745106;0.057674511;14.36095314;54.51752775;32.82941812;479.0232146;749.8058426;705.0882862;565.9054169;;65.49011993;1.2;80.00%;99.96%;0.05;146.9915009;3;140.9229584;0.03;0.02;68.71512604;0.730470918;98.00%;2.412621498;0.1;0.1;2.5;80.00%;0.9;0.85;32777.57417;4088.814581;36866.38875;8.062931722;1000;0.2;800
59.25%;7.73%;17.30%;1.94%;0.92%;0.66%;0.18%;0.08%;0.10%;11.84%;215.4356837;77.60721416;38.23211518;757.6172219;87.71%;546.2742036;300.3971756;-4.91676002;59.7681454;0.059768145;14.88226821;56.49656134;41.52353885;478.2925269;577.0326245;502.0935365;436.3630012;;53.89743423;1.2;80.00%;98.94%;0.05;144.8614655;3;157.4507141;0.03;0.02;65.38918304;0.731717411;98.00%;2.347914219;0.1;0.1;2.5;80.00%;0.9;0.85;2458.38001;4237.2421;6695.622111;7.660896033;1000;0.2;800
55.89%;3.82%;12.73%;1.67%;0.44%;0.34%;0.22%;0.52%;0.08%;24.30%;250.8720527;73.94381078;46.71106698;806.1671642;82.03%;594.9148389;345.3947581;81.8764248;73.25172184;0.073251722;18.23967874;69.24207483;50.70863065;551.3225975;708.8854442;591.0279473;535.2247662;;62.92597198;1.2;80.00%;100.00%;0.05;148.34729;3;158.1153717;0.03;0.02;56.15643311;0.750327304;98.00%;2.193642616;0.1;0.1;2.5;80.00%;0.9;0.85;40938.2124;5193.155612;46131.36801;14.62894526;1000;0.2;800
55.27%;4.02%;13.89%;0.45%;1.35%;0.35%;0.30%;0.30%;0.05%;24.02%;236.641568;80.04008979;23.703555;739.8229334;92.94%;635.8676429;339.3597947;39.11175464;36.18454719;0.036184547;9.009952251;34.20388028;16.88907725;430.6640242;432.507386;440.3161283;328.2076153;;61.35530472;1.2;80.00%;99.99%;0.05;145.7728577;3;147.8173065;0.03;0.02;61.78454208;0.797076401;98.00%;2.5143435;0.1;0.1;2.5;80.00%;0.9;0.85;19555.87732;2565.291021;22121.16834;13.73558366;1000;0.2;800
61.12%;3.89%;16.92%;0.89%;1.12%;0.36%;0.13%;0.18%;0.12%;15.27%;233.9961288;77.9729007;24.87677695;835.9509432;97.96%;662.6894696;334.8035187;-5.154161727;38.1071682;0.038107168;9.488684882;36.02126101;18.47029619;450.4834078;437.9922464;418.51233;332.2803939;;74.68648529;1.2;80.00%;99.57%;0.05;140.521286;3;142.3516235;0.03;0.02;66.60684967;0.769389227;98.00%;2.902203083;0.1;0.1;2.5;80.00%;0.9;0.85;2577.080864;2701.594576;5278.675439;15.70247778;1000;0.2;800
52.41%;7.91%;13.93%;1.44%;0.82%;0.38%;0.07%;0.31%;0.02%;22.72%;258.7810908;63.05177521;24.1417307;981.1680103;88.26%;660.2941024;370.440175;25.76519498;36.86459562;0.036864596;9.17928431;34.84670427;18.72737951;444.2980958;490.0904031;509.5594839;371.2858343;;60.08104706;1.2;80.00%;91.03%;0.05;146.1081238;3;147.968811;0.03;0.02;69.84073639;0.743679264;98.00%;2.779302597;0.1;0.1;2.5;80.00%;0.9;0.85;12882.59749;2613.50282;15496.10031;6.629406338;1000;0.2;800
54.61%;4.90%;16.94%;1.83%;0.74%;0.70%;0.25%;0.52%;0.14%;19.36%;221.901326;73.30360988;47.54103867;828.0390975;79.55%;510.3367723;280.6606358;44.61346804;74.87388722;0.074873887;18.64359792;70.77544625;57.3216871;518.1033075;707.5713858;572.6305214;533.9384289;;52.10070801;1.2;80.00%;99.76%;0.05;146.2936554;3;150.7008057;0.03;0.02;67.60910034;0.725277909;98.00%;2.594395161;0.1;0.1;2.5;80.00%;0.9;0.85;22306.73402;5308.158468;27614.89249;11.13591542;1000;0.2;800
54.45%;5.60%;21.29%;2.94%;1.29%;0.77%;0.04%;0.39%;0.13%;13.10%;231.2163861;64.71719436;29.98066323;815.3368689;83.89%;560.7485544;327.3520476;61.24812663;46.44487606;0.046444876;11.56477414;43.90258007;23.88489801;434.6923899;564.24193;560.3380854;426.66286;;50.34169006;1.2;80.00%;100.00%;0.05;144.921814;3;147.3278656;0.03;0.02;50.03995514;0.738064193;98.00%;2.757964849;0.1;0.1;2.5;80.00%;0.9;0.85;30624.06332;3292.693505;33916.75682;9.72366785;1000;0.2;800
51.65%;6.28%;21.93%;0.56%;0.81%;0.41%;0.21%;0.25%;0.15%;17.75%;230.5455504;77.8352997;34.11945411;908.1830764;88.67%;591.0120721;325.020342;35.302513;53.03612091;0.053036121;13.20599411;50.13303388;31.11449915;473.0179559;682.7870339;632.9986528;515.7159228;;51.30724716;1.2;80.00%;100.00%;0.05;142.6730652;3;154.8609314;0.03;0.02;62.81918716;0.824254168;98.00%;2.909317017;0.1;0.1;2.5;80.00%;0.9;0.85;17651.2565;3759.977541;21411.23404;8.223577598;1000;0.2;800
54.68%;4.43%;17.21%;0.89%;1.36%;0.87%;0.16%;0.34%;0.05%;20.03%;218.6728453;77.073306;38.06524719;921.4058151;98.58%;623.216452;305.3931178;21.12995977;59.48112637;0.059481126;14.81080047;56.22525313;39.80277204;512.5798805;680.5979308;567.7768106;513.9509081;;58.11227036;1.2;80.00%;99.98%;0.05;140.4188995;3;140.4147186;0.03;0.02;67.5714035;0.76411772;98.00%;2.35944891;0.1;0.1;2.5;80.00%;0.9;0.85;10564.97988;4216.893984;14781.87387;12.33954346;1000;0.2;800
55.18%;5.14%;15.86%;0.92%;1.03%;0.75%;0.23%;0.59%;0.03%;20.27%;231.4896111;50.2330998;27.14725212;704.135371;84.53%;565.7147307;329.8475305;25.86524042;41.96406358;0.041964064;10.44905183;39.66703795;17.63606573;419.8990715;526.75908;541.3885619;398.452366;;57.86365509;1.2;80.00%;97.24%;0.05;141.3654327;3;158.3463745;0.03;0.02;60.44390488;0.738300937;98.00%;2.803451538;0.1;0.1;2.5;80.00%;0.9;0.85;12932.62021;2975.027846;15907.64806;10.72850017;1000;0.2;800
61.03%;4.29%;14.52%;1.40%;0.73%;0.26%;0.08%;0.15%;0.11%;17.44%;233.6064419;64.58695556;31.37112791;872.4624134;83.24%;562.1553455;322.3228668;91.29015241;48.70694889;0.048706949;12.12803027;46.04083173;29.89719694;443.8308317;564.2493209;545.4437069;426.5633644;;62.81020737;1.2;80.00%;99.39%;0.05;146.6734619;3;146.5347748;0.03;0.02;53.26882172;0.7761481;98.00%;2.646193743;0.1;0.1;2.5;80.00%;0.9;0.85;45645.0762;3453.06238;49098.13858;14.22578736;1000;0.2;800
61.70%;7.58%;19.86%;2.36%;0.81%;0.80%;0.19%;0.54%;0.13%;6.03%;258.4039965;73.22426877;26.51518985;923.1582783;91.38%;682.648034;368.0449752;15.65994773;40.63198468;0.040631985;10.11736419;38.40787428;23.43039484;468.7118133;478.6566396;468.0991897;362.8472436;;67.60581207;1.2;80.00%;99.56%;0.05;141.7427063;3;158.6754608;0.03;0.02;66.67831421;0.810292513;98.00%;2.535037518;0.1;0.1;2.5;80.00%;0.9;0.85;7829.973867;2880.590571;10710.56444;8.137859409;1000;0.2;800
54.80%;3.22%;24.14%;0.81%;1.20%;0.55%;0.01%;0.26%;0.04%;14.96%;261.2096813;73.06907162;45.85393749;896.911816;90.73%;685.1303598;363.1039123;43.42672354;71.79996117;0.071799961;17.87819033;67.86978052;53.77726905;587.5703338;754.3621152;608.1818509;569.4702033;;56.27967834;1.2;80.00%;97.56%;0.05;142.8475037;3;154.4661407;0.03;0.02;69.54798126;0.743303262;98.00%;2.943333626;0.1;0.1;2.5;80.00%;0.9;0.85;21713.36177;5090.233539;26803.59531;17.00568224;1000;0.2;800
56.68%;2.55%;14.88%;2.39%;0.99%;0.68%;0.07%;0.48%;0.14%;21.14%;232.0271528;60.25840902;20.07260417;898.9635716;85.45%;573.1666525;326.4467969;50.73571195;30.52037559;0.030520376;7.599573522;28.84975366;5.756092532;379.8706609;590.8075135;646.3101135;446.6538839;;73.7572937;1.2;80.00%;99.74%;0.05;146.311615;3;154.5579071;0.03;0.02;64.1432724;0.726974828;98.00%;2.898448467;0.1;0.1;2.5;80.00%;0.9;0.85;25367.85597;2163.731525;27531.5875;22.19481387;1000;0.2;800
50.75%;4.64%;24.83%;2.12%;0.46%;0.54%;0.04%;0.34%;0.03%;16.25%;239.9624864;72.821879;16.24477629;960.4258535;89.20%;618.8365326;347.1870766;56.45458266;24.18449197;0.024184492;6.0219385;22.86068314;9.203666665;377.2371438;424.399216;498.7806592;322.0715378;;58.02599335;1.2;80.00%;98.29%;0.05;144.9096375;3;152.1470337;0.03;0.02;61.34418106;0.757118283;98.00%;2.198073149;0.1;0.1;2.5;80.00%;0.9;0.85;28227.29133;1714.551235;29941.84257;10.94588069;1000;0.2;800
55.46%;2.41%;23.52%;2.29%;0.97%;0.79%;0.03%;0.46%;0.01%;14.05%;214.8559482;85.19810913;28.41274191;701.2627111;95.11%;590.8113834;299.7308638;16.58963269;43.90781181;0.043907812;10.93304514;41.50438944;33.30658618;438.5464264;685.4467486;651.0676983;517.759834;;60.28873444;1.2;80.00%;99.85%;0.05;148.682373;3;158.0823364;0.03;0.02;55.32290649;0.771744871;98.00%;2.708563805;0.1;0.1;2.5;80.00%;0.9;0.85;8294.816343;3112.829208;11407.64555;23.02547426;1000;0.2;800
62.77%;6.64%;14.10%;1.92%;1.23%;0.36%;0.30%;0.34%;0.02%;12.33%;234.8218097;69.96507109;15.36313309;876.5407206;94.49%;641.4660896;340.3718955;54.77222495;22.81260965;0.02281261;5.680339803;21.56389481;5.564609882;382.4340263;552.5881854;613.7205025;418.1279214;;61.69997025;1.2;80.00%;100.00%;0.05;149.8538971;3;141.363327;0.03;0.02;52.04976273;0.800823496;98.00%;2.589062214;0.1;0.1;2.5;80.00%;0.9;0.85;27386.11247;1617.292111;29003.40458;9.45406032;1000;0.2;800
49.68%;7.04%;13.12%;2.68%;1.09%;0.73%;0.18%;0.29%;0.03%;25.17%;265.7405164;70.31875642;40.331515;920.1269447;90.23%;693.2283893;374.0889533;-7.753920068;62.87594546;0.062875945;15.65611042;59.43424687;45.37581974;557.9307119;593.198561;489.5188731;448.7069319;;51.52722931;1.2;80.00%;99.94%;0.05;144.0374908;3;151.9037933;0.03;0.02;51.0021286;0.815666826;98.00%;2.535147667;0.1;0.1;2.5;80.00%;0.9;0.85;3876.960034;4457.568516;8334.52855;7.060835482;1000;0.2;800
59.05%;6.00%;23.54%;2.68%;0.67%;0.32%;0.04%;0.11%;0.05%;7.53%;210.3154478;64.52682036;42.41306353;742.4304837;92.13%;560.1472968;290.5954832;43.75076828;66.62852564;0.066628526;16.59050289;62.98141862;42.4822237;510.3053988;614.8739355;494.1611728;464.3575566;;62.83230591;1.2;80.00%;100.00%;0.05;142.4184265;3;157.4360962;0.03;0.02;64.45158386;0.820202776;98.00%;2.385771036;0.1;0.1;2.5;80.00%;0.9;0.85;21875.38414;4723.606397;26598.99054;9.842625123;1000;0.2;800
55.12%;2.13%;23.18%;2.40%;0.36%;0.86%;0.14%;0.24%;0.12%;15.46%;250.0240888;47.66471012;36.42410837;747.7704561;86.83%;627.6474257;352.6865677;63.17359756;56.82193666;0.056821937;14.14866223;53.71162194;35.86142479;504.2176963;721.4240046;660.4775083;544.4490148;;68.01567841;1.2;80.00%;98.88%;0.05;142.1004791;3;151.4311829;0.03;0.02;63.70413208;0.755380839;98.00%;2.687220097;0.1;0.1;2.5;80.00%;0.9;0.85;31586.79878;4028.371645;35615.17042;25.82082286;1000;0.2;800
60.76%;3.73%;20.25%;1.05%;1.40%;0.70%;0.07%;0.19%;0.06%;11.79%;233.3684458;51.91251374;13.66697288;807.1384394;86.58%;584.161309;335.8113949;48.41986825;20.21702176;0.020217022;5.034038417;19.110384;5.555787572;346.4107387;542.7407712;642.8364127;410.5650261;;67.81797028;1.2;80.00%;96.78%;0.05;144.3042908;3;153.9090271;0.03;0.02;66.66854858;0.759375139;98.00%;2.057865143;0.1;0.1;2.5;80.00%;0.9;0.85;24209.93413;1433.2788;25643.21293;16.27257716;1000;0.2;800
51.20%;4.62%;22.89%;0.86%;0.73%;0.85%;0.17%;0.28%;0.01%;18.39%;257.2354659;69.80142642;23.20316929;695.1021335;87.41%;650.0522179;358.6918535;55.62801913;35.36060031;0.0353606;8.804789476;33.42503453;18.42380506;433.7602013;568.1617234;589.2072615;429.8446294;;63.62219238;1.2;80.00%;98.44%;0.05;142.604599;3;152.0148621;0.03;0.02;66.12789154;0.743322841;98.00%;2.447435856;0.1;0.1;2.5;80.00%;0.9;0.85;27814.00957;2506.87759;30320.88716;11.081804;1000;0.2;800
62.13%;5.81%;19.58%;1.55%;0.31%;0.27%;0.20%;0.58%;0.10%;9.47%;216.7601193;76.08344816;28.28937028;760.3255824;90.25%;565.5854003;303.0006722;29.79073022;43.75362493;0.043753625;10.89465261;41.35864243;28.91472503;426.5991278;636.2572394;619.3380961;480.7701966;;59.1505394;1.2;80.00%;98.34%;0.05;145.894165;3;152.2359619;0.03;0.02;63.08908081;0.746184751;98.00%;2.634580374;0.1;0.1;2.5;80.00%;0.9;0.85;14895.36511;3101.898183;17997.26329;10.68709549;1000;0.2;800
49.80%;5.64%;19.06%;1.16%;0.42%;0.34%;0.03%;0.06%;0.11%;23.39%;263.0451613;71.85162119;35.46313489;922.702444;84.58%;643.1918018;366.7320824;51.69135971;55.05740655;0.055057407;13.70929423;52.04367854;41.36412722;505.1315045;652.8801431;603.0677366;493.4124961;;68.89943695;1.2;80.00%;99.90%;0.05;143.2616425;3;141.134079;0.03;0.02;54.58565903;0.762634394;98.00%;2.556455612;0.1;0.1;2.5;80.00%;0.9;0.85;25845.67985;3903.27589;29748.95574;8.832371169;1000;0.2;800
52.19%;6.01%;19.11%;0.73%;1.40%;0.42%;0.08%;0.16%;0.11%;19.81%;210.8606233;80.54400679;34.27809208;799.4717586;94.03%;573.2075424;295.4435911;-1.524456504;53.40271009;0.05340271;13.29727481;50.47955673;36.75745054;466.1464514;608.6199019;540.6784119;460.0146421;;66.90662384;1.2;80.00%;95.83%;0.05;140.4711456;3;156.4684448;0.03;0.02;50.30863953;0.804369545;98.00%;2.314097881;0.1;0.1;2.5;80.00%;0.9;0.85;762.2282522;3785.966754;4548.195007;8.690179855;1000;0.2;800
55.74%;6.22%;24.18%;2.74%;1.36%;0.40%;0.18%;0.52%;0.09%;8.56%;220.9541108;65.95532375;36.38144776;688.7754154;89.63%;572.5589548;297.6485164;57.77797353;56.87461161;0.056874612;14.16177829;53.76141357;32.56287848;479.0634902;653.019551;572.6806112;493.0414281;;65.69403839;1.2;80.00%;96.62%;0.05;140.2306824;3;155.5844879;0.03;0.02;57.44047928;0.823110862;98.00%;2.947324753;0.1;0.1;2.5;80.00%;0.9;0.85;28888.98676;4032.106018;32921.09278;8.958221787;1000;0.2;800
53.87%;2.83%;13.91%;2.23%;1.49%;0.69%;0.28%;0.15%;0.05%;24.50%;235.9981381;52.18668004;37.66480532;877.281999;86.32%;588.9732245;320.8419885;33.95458831;58.92938231;0.058929382;14.6734162;55.7037104;34.15262174;494.6147286;778.431134;701.8999449;587.1742309;;71.48020172;1.2;80.00%;96.70%;0.05;140.937439;3;152.9431305;0.03;0.02;58.06721497;0.79084621;98.00%;2.32291913;0.1;0.1;2.5;80.00%;0.9;0.85;16977.29416;4177.77828;21155.07243;19.03544541;1000;0.2;800
58.62%;2.56%;14.83%;0.37%;0.60%;0.51%;0.25%;0.36%;0.13%;21.78%;228.0739082;47.82190839;17.69388236;664.7168214;86.92%;573.1397952;319.105688;42.74213278;26.80141256;0.026801413;6.673551727;25.33435893;2.348343787;366.4751535;437.8900009;501.512903;331.7744015;;68.00592804;1.2;80.00%;94.90%;0.05;141.086792;3;143.6656494;0.03;0.02;68.54366302;0.788014428;98.00%;2.72984457;0.1;0.1;2.5;80.00%;0.9;0.85;21371.06639;1900.07692;23271.14331;22.9126537;1000;0.2;800
54.69%;5.15%;15.00%;2.33%;1.21%;0.52%;0.06%;0.50%;0.04%;20.51%;248.1915108;56.52291009;16.19496708;847.1771572;87.40%;627.1332494;342.3764734;24.38449784;24.23018077;0.024230181;6.033315012;22.90387103;13.10953541;381.6660837;430.0295038;495.1191789;326.0575618;;62.56701279;1.2;80.00%;94.70%;0.05;149.0331573;3;154.9693298;0.03;0.02;55.1868248;0.732535133;98.00%;2.025240898;0.1;0.1;2.5;80.00%;0.9;0.85;12192.24892;1717.790327;13910.03925;10.6227962;1000;0.2;800
56.27%;5.39%;23.23%;2.99%;0.86%;0.42%;0.13%;0.10%;0.06%;10.54%;231.5381895;62.8495154;31.3655506;611.4357691;80.52%;539.0105583;311.5240136;81.42801486;48.75609407;0.048756094;12.14026742;46.08728681;31.85685152;432.9155061;588.0361001;572.9707389;444.357054;;59.0977478;1.2;80.00%;99.99%;0.05;140.2897949;3;152.3685455;0.03;0.02;65.6723175;0.801597394;98.00%;2.424951077;0.1;0.1;2.5;80.00%;0.9;0.85;40714.00743;3456.546511;44170.55394;10.43992356;1000;0.2;800
52.89%;6.87%;19.10%;0.87%;1.32%;0.51%;0.07%;0.30%;0.11%;17.94%;238.2480106;72.22962891;32.89490864;800.9530289;94.20%;648.8154389;337.0461828;19.35082791;51.04780665;0.051047807;12.71090386;48.25355581;32.18773215;492.441195;693.1426034;630.0912832;523.5220973;;54.3989296;1.2;80.00%;98.26%;0.05;147.0550842;3;152.5165558;0.03;0.02;60.50902939;0.748378092;98.00%;2.282330275;0.1;0.1;2.5;80.00%;0.9;0.85;9675.413956;3619.016685;13294.43064;7.696015875;1000;0.2;800
53.65%;2.54%;24.13%;1.02%;1.42%;0.81%;0.22%;0.45%;0.06%;15.70%;223.9196878;60.11781655;41.47895921;680.8010292;81.59%;528.1776312;306.4596502;51.4416985;65.08358212;0.065083582;16.20581195;61.5210421;41.36970163;489.461884;683.79595;602.7600766;516.1739346;;59.85419464;1.2;80.00%;100.00%;0.05;147.1530457;3;159.5630188;0.03;0.02;53.96681976;0.775934532;98.00%;2.449086189;0.1;0.1;2.5;80.00%;0.9;0.85;25720.84925;4614.078157;30334.92741;21.12930013;1000;0.2;800
51.11%;2.30%;20.60%;1.94%;0.56%;0.47%;0.26%;0.54%;0.01%;22.22%;227.1325729;65.41201273;16.08018428;763.4558657;94.03%;617.4628201;329.0880663;54.75190335;24.04581111;0.024045811;5.987406966;22.72959338;-0.854295783;376.4205925;547.9935726;606.9018616;414.5865258;;57.22833252;1.2;80.00%;100.00%;0.05;142.0753174;3;146.9019318;0.03;0.02;58.83240891;0.806958714;98.00%;2.061899662;0.1;0.1;2.5;80.00%;0.9;0.85;27375.95168;1704.719504;29080.67118;22.2060647;1000;0.2;800
51.23%;7.55%;19.94%;0.31%;0.42%;0.72%;0.15%;0.13%;0.11%;19.44%;216.3719466;66.16877318;14.64504532;623.5266489;99.40%;621.7659586;313.8401003;-5.288035269;21.79588331;0.021795883;5.427174944;20.60282196;11.62921267;370.0223731;489.7740416;542.0507596;370.9353908;;53.39142227;1.2;80.00%;99.01%;0.05;146.3121796;3;151.1853638;0.03;0.02;54.36833191;0.784229897;98.00%;2.848576546;0.1;0.1;2.5;80.00%;0.9;0.85;2644.017634;1545.211647;4189.229281;6.781576775;1000;0.2;800
53.52%;3.08%;13.80%;1.41%;1.33%;0.32%;0.12%;0.36%;0.03%;26.03%;216.8820321;55.79983223;45.44199152;817.8771764;83.68%;524.7094404;296.279336;50.40854471;71.53820087;0.071538201;17.81301202;67.62234843;60.21093737;512.3692547;716.2946329;600.7061819;540.383112;;55.06248474;1.2;80.00%;100.00%;0.05;142.6601868;3;150.4777527;0.03;0.02;61.85007858;0.804917214;98.00%;2.297481775;0.1;0.1;2.5;80.00%;0.9;0.85;25204.27236;5071.676132;30275.94849;17.35675989;1000;0.2;800
50.93%;5.98%;12.04%;1.87%;1.42%;0.59%;0.04%;0.46%;0.04%;26.61%;226.5894541;53.71451597;19.22855127;684.7457384;92.65%;606.9028009;326.6597499;39.87420145;29.20223963;0.02920224;7.271357668;27.60376972;3.506037879;390.7340405;405.772534;447.1756004;307.7361102;;65.91640472;1.2;80.00%;99.69%;0.05;140.6938324;3;143.425766;0.03;0.02;57.0562973;0.769117356;98.00%;2.284004688;0.1;0.1;2.5;80.00%;0.9;0.85;19937.10072;2070.282729;22007.38345;8.511106406;1000;0.2;800
52.51%;4.80%;24.39%;2.74%;0.72%;0.53%;0.19%;0.08%;0.13%;13.92%;215.6109948;55.13652504;36.21792501;655.5885449;84.82%;528.7428947;300.8646504;31.1089712;56.66697192;0.056666972;14.11007601;53.56513964;36.73522948;457.9454969;535.616602;483.9284782;404.9560406;;64.64790344;1.2;80.00%;95.11%;0.05;148.0888214;3;151.3189545;0.03;0.02;54.08718109;0.792667641;98.00%;2.997804642;0.1;0.1;2.5;80.00%;0.9;0.85;15554.4856;4017.385473;19571.87107;10.9395108;1000;0.2;800
51.51%;7.28%;14.44%;1.47%;1.38%;0.77%;0.18%;0.21%;0.07%;22.70%;222.3126144;58.78463973;29.27230005;867.431262;87.09%;559.7473505;300.6979257;50.35079212;45.45810501;0.045458105;11.31906815;42.96982282;26.54781688;430.3630269;718.028236;694.9121258;541.7755625;;53.8362999;1.2;80.00%;99.83%;0.05;146.9843903;3;149.9158173;0.03;0.02;59.88594055;0.80633492;98.00%;2.264587879;0.1;0.1;2.5;80.00%;0.9;0.85;25175.39606;3222.736711;28398.13277;7.078437302;1000;0.2;800
60.81%;7.18%;14.21%;0.42%;0.54%;0.66%;0.15%;0.51%;0.02%;15.50%;218.0628777;54.63040551;43.81903077;653.6623665;86.58%;545.8331188;301.0587222;31.81488832;68.91114596;0.068911146;17.15887534;65.13909305;45.58700972;512.3014714;629.1213526;517.008195;475.0617835;;50.70475388;1.2;80.00%;100.00%;0.05;140.0720825;3;142.910675;0.03;0.02;63.83840179;0.779084171;98.00%;2.606166601;0.1;0.1;2.5;80.00%;0.9;0.85;15907.44416;4885.431979;20792.87614;8.472794886;1000;0.2;800
61.47%;7.30%;18.59%;0.91%;0.25%;0.77%;0.15%;0.47%;0.07%;10.02%;257.4714432;49.16926348;43.37542766;840.8991653;81.15%;604.010232;360.2273041;44.48007914;67.97473094;0.067974731;16.925708;64.25393544;46.9641246;535.5772134;604.747059;517.3680138;456.9537476;;72.11785126;1.2;80.00%;99.25%;0.05;143.5987701;3;153.9160309;0.03;0.02;51.8257637;0.758460936;98.00%;2.632549286;0.1;0.1;2.5;80.00%;0.9;0.85;22240.03957;4819.045158;27059.08473;8.4173589;1000;0.2;800
49.18%;3.42%;23.20%;2.62%;1.46%;0.78%;0.18%;0.19%;0.04%;18.93%;260.2524729;63.6208537;44.17337733;897.1769403;82.42%;620.1444876;361.4445573;63.1324614;69.16145838;0.069161458;17.22120314;65.37570389;50.59598247;547.5032768;697.1958437;597.0318651;526.4731908;;72.41118622;1.2;80.00%;96.98%;0.05;146.9711304;3;158.8356628;0.03;0.02;59.10544586;0.816629976;98.00%;2.609811306;0.1;0.1;2.5;80.00%;0.9;0.85;31566.2307;4903.177792;36469.40849;14.36570639;1000;0.2;800
59.48%;4.50%;13.55%;0.78%;0.90%;0.80%;0.08%;0.30%;0.03%;19.57%;208.2334924;72.92902594;21.20654716;772.9871982;99.78%;600.6573404;289.8253067;21.63982111;32.42415896;0.032424159;8.07361558;30.64932788;5.999133411;400.1466459;618.8798686;617.3418778;467.6670846;;73.89673615;1.2;80.00%;99.14%;0.05;141.1491699;3;145.5032806;0.03;0.02;61.39506149;0.782955632;98.00%;2.297496796;0.1;0.1;2.5;80.00%;0.9;0.85;10819.91056;2298.699591;13118.61015;13.20632183;1000;0.2;800
55.54%;3.69%;15.64%;2.26%;1.15%;0.37%;0.08%;0.44%;0.09%;20.74%;251.8334249;50.80651272;27.65191619;728.0503113;85.29%;620.9702101;356.8792776;29.55090246;42.65565529;0.042655655;10.62125817;40.32077337;27.0462603;447.8399797;475.7500937;481.40257;360.3500874;;61.13774872;1.2;80.00%;92.77%;0.05;140.5163422;3;152.4618225;0.03;0.02;68.53455353;0.771420407;98.00%;2.399302721;0.1;0.1;2.5;80.00%;0.9;0.85;14775.45123;3024.058003;17799.50923;15.05969689;1000;0.2;800
56.26%;4.67%;22.27%;2.15%;0.55%;0.78%;0.23%;0.26%;0.09%;12.74%;235.1515117;64.0217667;22.79139058;725.6454434;85.66%;582.3129659;314.151929;55.5746298;34.92823715;0.034928237;8.697131051;33.01633804;15.83767821;400.8555987;541.2617549;561.8312904;409.3592751;;66.33695221;1.2;80.00%;97.86%;0.05;145.4137878;3;143.7583923;0.03;0.02;50.10139847;0.732721246;98.00%;2.220794201;0.1;0.1;2.5;80.00%;0.9;0.85;27787.3149;2476.225353;30263.54025;12.05869349;1000;0.2;800
59.63%;1.65%;15.67%;1.06%;0.34%;0.75%;0.13%;0.18%;0.08%;20.52%;238.1977667;63.94584407;28.5881875;702.0934904;83.22%;573.0943638;332.2868679;34.68922448;44.18578261;0.044185783;11.00225987;41.7671447;30.85371801;431.8416617;655.1033126;658.5205964;494.8674711;;54.43174362;1.2;80.00%;98.33%;0.05;145.0259552;3;141.6297607;0.03;0.02;67.35399628;0.82390563;98.00%;2.377900124;0.1;0.1;2.5;80.00%;0.9;0.85;17344.61224;3132.535853;20477.14809;36.18574865;1000;0.2;800
62.00%;7.82%;24.29%;0.66%;1.31%;0.76%;0.07%;0.49%;0.13%;2.47%;252.4808674;76.72714076;10.97822864;817.036192;101.55%;741.2387223;363.2560271;-7.663895548;15.60759669;0.015607597;3.886291575;14.75326928;3.748683078;401.6097052;379.8997547;435.4298265;288.7994245;;72.74020386;1.2;80.00%;99.84%;0.05;142.8055725;3;143.9535828;0.03;0.02;50.87812424;0.73937458;98.00%;2.649940014;0.1;0.1;2.5;80.00%;0.9;0.85;3831.947774;1106.495196;4938.44297;7.932328119;1000;0.2;800
57.19%;7.72%;24.96%;1.21%;0.33%;0.27%;0.14%;0.14%;0.05%;7.98%;262.4801381;59.87978239;47.18441954;901.2452686;78.97%;599.2259862;365.1964063;48.40331215;74.01860542;0.074018605;18.43063275;69.96698079;56.59984959;555.953105;805.8063857;700.8797801;607.9051329;;61.25160599;1.2;80.00%;94.56%;0.05;149.1248322;3;158.3401947;0.03;0.02;68.31157684;0.820700951;98.00%;2.320933104;0.1;0.1;2.5;80.00%;0.9;0.85;24201.65608;5247.523559;29449.17964;7.408793541;1000;0.2;800
57.25%;3.25%;24.52%;0.57%;1.05%;0.30%;0.29%;0.15%;0.09%;12.54%;242.1435921;77.63863559;46.56663111;765.6372254;90.70%;634.9197218;319.2439453;41.67409684;73.10896084;0.073108961;18.20413125;69.10712826;52.54760832;569.1914213;846.887515;683.9318919;638.6652044;;50.90524673;1.2;80.00%;100.00%;0.05;148.3410034;3;149.739975;0.03;0.02;51.52186584;0.734098712;98.00%;2.602938652;0.1;0.1;2.5;80.00%;0.9;0.85;20837.04842;5183.03462;26020.08304;17.62343516;1000;0.2;800
53.59%;5.89%;21.77%;0.52%;0.90%;0.45%;0.16%;0.12%;0.11%;16.49%;242.3799984;52.34881619;20.25502101;811.1098924;83.05%;581.9301334;349.5727877;50.94883935;30.76460449;0.030764604;7.660386517;29.08061397;6.954482114;385.4787171;569.3220405;639.0286327;430.5502984;;58.45127869;1.2;80.00%;100.00%;0.05;149.9632568;3;143.4414978;0.03;0.02;57.6121254;0.817896769;98.00%;2.985176563;0.1;0.1;2.5;80.00%;0.9;0.85;25474.41968;2181.046048;27655.46572;9.092117742;1000;0.2;800
51.36%;5.17%;21.40%;2.01%;0.74%;0.62%;0.02%;0.16%;0.09%;18.42%;226.8701235;77.38620433;35.82656032;970.8774299;97.92%;642.2540593;318.6975082;-4.137961398;55.81582896;0.055815829;13.89814141;52.76058649;39.78697858;507.4613646;656.2543141;560.1275093;495.7723484;;67.73730469;1.2;80.00%;100.00%;0.05;146.1088409;3;150.3351135;0.03;0.02;63.13004303;0.790180546;98.00%;2.602679253;0.1;0.1;2.5;80.00%;0.9;0.85;2068.980699;3957.043987;6026.024686;9.928522093;1000;0.2;800
60.98%;3.20%;15.13%;2.04%;0.95%;0.82%;0.19%;0.20%;0.08%;16.42%;217.4431186;53.89674263;31.46233445;750.684126;88.16%;554.2151969;306.8724167;59.47258038;48.98985843;0.048989858;12.19847475;46.30825539;29.87935023;440.7271675;642.0311907;612.9286727;484.724485;;68.5145874;1.2;80.00%;98.95%;0.05;149.9356232;3;146.3172455;0.03;0.02;55.8550148;0.762495716;98.00%;2.968225718;0.1;0.1;2.5;80.00%;0.9;0.85;29736.29019;3473.119154;33209.40934;19.07560318;1000;0.2;800
60.35%;5.49%;17.24%;2.67%;0.99%;0.89%;0.17%;0.14%;0.13%;11.93%;258.1592877;54.86410783;20.01307435;970.0105077;85.61%;638.9371811;369.3138639;46.21071923;30.27293982;0.03027294;7.537962015;28.61586201;11.80409119;409.7481465;458.6310913;516.2632738;347.597897;;55.10741043;1.2;80.00%;99.70%;0.05;142.2388306;3;142.7104034;0.03;0.02;53.53834534;0.798436197;98.00%;2.661306858;0.1;0.1;2.5;80.00%;0.9;0.85;23105.35961;2146.189651;25251.54926;11.00183805;1000;0.2;800
56.98%;2.78%;24.32%;2.28%;0.77%;0.69%;0.24%;0.51%;0.10%;11.33%;255.5206873;73.5719792;33.52756397;925.9155542;92.84%;685.8250441;361.3488302;10.35152668;51.95243911;0.051952439;12.93615734;49.10867057;35.51635812;513.0489622;608.6081185;542.6874024;460.1924464;;68.53961182;1.2;80.00%;99.16%;0.05;145.8992462;3;149.5736237;0.03;0.02;63.97163391;0.809104928;98.00%;2.817871094;0.1;0.1;2.5;80.00%;0.9;0.85;5175.763341;3683.150293;8858.913633;20.52247847;1000;0.2;800
60.35%;6.17%;18.82%;2.88%;1.26%;0.76%;0.17%;0.42%;0.09%;9.09%;241.2365771;64.7378736;17.52035396;908.6521407;95.75%;667.7615868;346.452544;41.36273389;26.29410978;0.02629411;6.547233336;24.85482486;8.904933572;408.1705509;589.7269669;626.3486508;445.861581;;71.96178436;1.2;80.00%;98.66%;0.05;140.3705139;3;158.7787018;0.03;0.02;65.75824738;0.758038165;98.00%;2.514601231;0.1;0.1;2.5;80.00%;0.9;0.85;20681.36694;1864.111864;22545.47881;9.780559215;1000;0.2;800
58.82%;4.61%;22.66%;2.20%;0.86%;0.42%;0.12%;0.45%;0.10%;9.76%;255.4998175;59.15602148;37.47992244;827.8213048;82.35%;608.2975064;355.7831484;80.70130259;58.43486301;0.058434863;14.55028089;55.23626005;40.2717795;501.6546453;681.3397525;627.0869146;514.51532;;55.47307587;1.2;80.00%;95.18%;0.05;140.8930511;3;158.7269745;0.03;0.02;54.16291809;0.748381049;98.00%;2.391473532;0.1;0.1;2.5;80.00%;0.9;0.85;40350.65129;4142.719504;44493.3708;12.7479912;1000;0.2;800
56.46%;7.82%;15.27%;0.42%;0.73%;0.32%;0.02%;0.23%;0.13%;18.60%;249.017974;71.6930655;28.33286463;787.4028263;84.97%;611.7421558;339.0599082;48.45263548;43.69523338;0.043695233;10.88011311;41.30344711;23.44333515;447.5865909;680.9627224;671.6266445;514.4379301;;72.68123627;1.2;80.00%;99.59%;0.05;149.621933;3;157.5817566;0.03;0.02;61.41450119;0.80626246;98.00%;2.106348038;0.1;0.1;2.5;80.00%;0.9;0.85;24226.31774;3097.758533;27324.07627;7.22047804;1000;0.2;800
60.98%;7.86%;14.44%;2.34%;1.02%;0.75%;0.28%;0.40%;0.01%;11.91%;239.0400525;75.75990285;47.17443561;705.785661;91.90%;635.0807019;329.7635398;19.9428671;74.05422596;0.074054226;18.43950226;70.00065153;56.0060281;572.5498207;648.2276343;491.4105082;489.8242453;;67.59470367;1.2;80.00%;99.72%;0.05;148.3563843;3;156.8913422;0.03;0.02;65.83682251;0.771332563;98.00%;2.465339184;0.1;0.1;2.5;80.00%;0.9;0.85;9971.433551;5250.048865;15221.48242;7.759945762;1000;0.2;800
57.21%;6.28%;24.17%;2.53%;0.71%;0.28%;0.10%;0.60%;0.03%;8.10%;258.1580764;57.23367011;47.40259763;819.6241928;81.59%;608.9404313;358.3016852;52.47606008;74.41699918;0.074416999;18.52983279;70.3435673;48.26299965;562.4305423;674.6854961;556.2818899;509.5649397;;56.69049454;1.2;80.00%;99.83%;0.05;145.0583801;3;142.4777222;0.03;0.02;69.18265533;0.747806939;98.00%;2.322717667;0.1;0.1;2.5;80.00%;0.9;0.85;26238.03004;5275.767548;31513.79759;9.102799767;1000;0.2;800
60.36%;1.79%;24.18%;1.41%;1.07%;0.46%;0.28%;0.17%;0.03%;10.24%;242.2141254;66.90150346;38.14197805;761.4674064;84.68%;592.948347;339.7479802;19.85570832;59.52091511;0.059520915;14.82070786;56.26286391;36.61809082;498.5045755;750.8468093;686.6202548;566.735736;;62.25159073;1.2;80.00%;99.68%;0.05;148.847702;3;144.4658813;0.03;0.02;66.5458374;0.729070185;98.00%;2.594094515;0.1;0.1;2.5;80.00%;0.9;0.85;9927.85416;4219.714794;14147.56895;33.78646744;1000;0.2;800
52.43%;3.95%;23.90%;2.81%;1.09%;0.26%;0.15%;0.09%;0.15%;15.16%;255.5569507;73.64625911;11.80493897;897.952531;89.52%;661.4102828;372.2941985;34.08732938;16.91959775;0.016919598;4.212979841;15.99345414;-3.773919197;370.0152845;510.7322843;613.5635007;386.957443;;74.31763458;1.2;80.00%;99.89%;0.05;140.6611786;3;143.3286743;0.03;0.02;58.22651291;0.74397075;98.00%;2.97663641;0.1;0.1;2.5;80.00%;0.9;0.85;17043.66469;1199.50906;18243.17375;13.27414916;1000;0.2;800
56.96%;3.89%;24.10%;1.05%;0.56%;0.72%;0.04%;0.39%;0.02%;12.27%;221.967014;90.14021264;24.44095991;995.7730663;96.48%;619.1102507;316.887524;21.18437968;37.4047597;0.03740476;9.313785165;35.35730089;23.46163087;427.355626;629.9394714;621.2184812;476.1753396;;74.84261322;1.2;80.00%;91.58%;0.05;149.263382;3;143.822403;0.03;0.02;57.92448044;0.787247894;98.00%;2.220061302;0.1;0.1;2.5;80.00%;0.9;0.85;10592.18984;2651.797567;13243.98741;14.62617146;1000;0.2;800
50.66%;3.13%;19.29%;2.86%;0.88%;0.65%;0.07%;0.13%;0.12%;22.20%;241.1386129;78.39639147;24.07047677;713.9813447;90.49%;630.8312632;317.938033;21.41100186;36.879177;0.036879177;9.182915073;34.8604875;23.35033691;430.5361168;682.3585979;671.0846454;515.3426393;;63.90340805;1.2;80.00%;98.48%;0.05;144.7964325;3;143.6880493;0.03;0.02;56.63568497;0.788719699;98.00%;2.042165279;0.1;0.1;2.5;80.00%;0.9;0.85;10705.50093;2614.536562;13320.03749;16.20111358;1000;0.2;800
57.97%;2.10%;20.87%;0.30%;1.36%;0.31%;0.22%;0.10%;0.07%;16.70%;214.4872068;63.49413839;19.46264308;601.1603402;93.90%;582.2762674;304.0971224;30.31698876;29.61431214;0.029614312;7.373963723;27.99328624;14.0083047;380.7987507;533.581401;566.5452666;403.547933;;59.05276489;1.2;80.00%;98.55%;0.05;144.5564117;3;148.9929199;0.03;0.02;66.6268158;0.794722761;98.00%;2.032631636;0.1;0.1;2.5;80.00%;0.9;0.85;15158.49438;2099.496468;17257.99085;27.60233621;1000;0.2;800
50.08%;7.58%;19.41%;1.56%;0.29%;0.58%;0.26%;0.49%;0.08%;19.66%;245.447855;58.1217977;13.53440495;645.6707577;92.18%;654.0825326;352.4762296;48.20663104;19.89108725;0.019891087;4.952880724;18.80229047;2.369150098;377.6755432;462.3112719;538.8308436;350.2836412;;70.16064453;1.2;80.00%;99.60%;0.05;148.1837463;3;152.9882355;0.03;0.02;54.86304474;0.743053561;98.00%;2.138871193;0.1;0.1;2.5;80.00%;0.9;0.85;24103.31552;1410.171785;25513.4873;6.60338647;1000;0.2;800
57.52%;2.59%;15.58%;1.72%;0.50%;0.46%;0.11%;0.14%;0.03%;21.36%;212.0290908;63.08721928;45.6337493;624.6880846;82.27%;504.2902712;290.6144839;51.84746921;71.82470622;0.071824706;17.88435185;67.89317107;61.91445006;504.2797385;728.2712649;617.6785877;549.456276;;58.33755112;1.2;80.00%;99.45%;0.05;141.9552002;3;140.3570557;0.03;0.02;60.2639122;0.802768308;98.00%;2.577642918;0.1;0.1;2.5;80.00%;0.9;0.85;25923.7346;5091.98783;31015.72243;22.2294617;1000;0.2;800
54.89%;6.19%;18.73%;1.54%;0.61%;0.75%;0.24%;0.48%;0.01%;16.56%;243.5184988;64.15115615;16.420071;836.3989225;95.14%;669.8039398;351.336975;7.356692157;24.50462915;0.024504629;6.101652659;23.16329668;5.623321111;402.0718314;418.4277579;466.4321828;317.4810446;;68.78363037;1.2;80.00%;98.10%;0.05;144.364975;3;143.7280121;0.03;0.02;54.16226196;0.776786685;98.00%;2.266205788;0.1;0.1;2.5;80.00%;0.9;0.85;3678.346078;1737.247251;5415.593329;8.867410435;1000;0.2;800
61.74%;7.76%;19.00%;1.75%;0.90%;0.29%;0.22%;0.45%;0.14%;7.76%;232.3739645;61.63410852;37.50800335;698.7739047;85.72%;575.8968682;320.2304973;44.72963362;58.6186456;0.058618646;14.59604276;55.40998277;45.92976272;487.5540329;662.0928575;592.524442;499.880535;;58.65736008;1.2;80.00%;97.09%;0.05;147.6822662;3;144.3296051;0.03;0.02;68.34139252;0.806269254;98.00%;2.116752863;0.1;0.1;2.5;80.00%;0.9;0.85;22364.81681;4155.748708;26520.56552;7.954822464;1000;0.2;800
53.21%;3.69%;20.48%;2.65%;0.75%;0.39%;0.25%;0.23%;0.08%;18.28%;261.3803491;61.42823716;46.83986446;708.3539242;84.81%;640.8758913;354.5385441;28.6174168;73.50003822;0.073500038;18.30150952;69.47679888;51.31911366;573.606016;751.0876258;614.9134299;566.7986989;;72.30744934;1.2;80.00%;99.93%;0.05;142.6730042;3;153.6600647;0.03;0.02;60.02527618;0.733775811;98.00%;2.787876606;0.1;0.1;2.5;80.00%;0.9;0.85;14308.7084;5210.759916;19519.46832;14.42771631;1000;0.2;800
61.48%;2.34%;18.01%;0.98%;1.05%;0.67%;0.02%;0.36%;0.13%;14.98%;225.2891941;57.75357989;22.79002414;839.3468306;84.89%;552.8946526;322.7286795;80.28956491;34.92913977;0.03492914;8.697355804;33.01719125;13.22209941;387.6596269;562.498565;606.3033326;425.2364332;;72.46183777;1.2;80.00%;96.21%;0.05;146.1730499;3;158.0480042;0.03;0.02;68.19690704;0.778254149;98.00%;2.736814499;0.1;0.1;2.5;80.00%;0.9;0.85;40144.78246;2476.289344;42621.0718;26.32908038;1000;0.2;800
54.54%;7.60%;24.24%;1.56%;1.41%;0.47%;0.01%;0.48%;0.12%;9.57%;260.2907804;73.64152264;15.01004335;937.8636043;91.93%;691.7598345;364.8111818;52.41655429;22.11404647;0.022114046;5.50639757;20.90356952;5.976897478;403.0162776;472.3743894;530.6651412;358.1223111;;67.2173996;1.2;80.00%;98.77%;0.05;143.7005005;3;152.9784851;0.03;0.02;60.61981201;0.734736154;98.00%;2.66622591;0.1;0.1;2.5;80.00%;0.9;0.85;26208.27714;1567.767714;27776.04486;7.177565971;1000;0.2;800
50.45%;6.04%;23.40%;1.32%;1.37%;0.69%;0.07%;0.10%;0.03%;16.52%;230.8993776;73.19649022;45.82667162;858.5903742;83.18%;555.2750514;316.007215;34.73885166;71.95992336;0.071959923;17.91802092;68.02098671;52.60959312;527.7577636;811.3552926;695.6594876;612.0828317;;53.924263;1.2;80.00%;98.18%;0.05;141.7946014;3;159.0598907;0.03;0.02;55.9376297;0.77541815;98.00%;2.709251165;0.1;0.1;2.5;80.00%;0.9;0.85;17369.42583;5101.574003;22470.99983;8.346955573;1000;0.2;800
60.59%;3.74%;16.79%;0.28%;1.03%;0.33%;0.26%;0.29%;0.15%;16.56%;213.6049226;73.61086162;36.63028895;823.6483852;91.09%;562.5058409;293.5718952;39.54945414;57.24377657;0.057243777;14.25370036;54.1103712;29.60113402;475.770704;717.6104325;638.1890271;541.6732327;;57.30833817;1.2;80.00%;99.88%;0.05;147.268631;3;156.5062866;0.03;0.02;50.22687149;0.798122144;98.00%;2.946601868;0.1;0.1;2.5;80.00%;0.9;0.85;19774.72707;4058.27784;23833.00491;16.21868617;1000;0.2;800
60.88%;4.48%;16.81%;1.20%;0.84%;0.49%;0.17%;0.24%;0.03%;14.86%;256.5087587;60.4491678;23.20332233;983.3758592;91.32%;677.2359012;368.6376905;37.44857181;35.37786753;0.035377868;8.809089016;33.44135659;14.47408654;446.8260853;469.5735552;484.0198269;355.9154954;;70.42591858;1.2;80.00%;100.00%;0.05;143.0643921;3;140.0105133;0.03;0.02;62.37776947;0.823470545;98.00%;2.099431515;0.1;0.1;2.5;80.00%;0.9;0.85;18724.28591;2508.101744;21232.38765;13.59040525;1000;0.2;800
53.74%;4.86%;18.26%;1.69%;0.59%;0.47%;0.14%;0.44%;0.13%;19.69%;257.7378545;64.04443984;27.59158429;712.5612917;94.30%;702.6904053;368.6664704;-6.823311394;42.421979;0.042421979;10.56307277;40.09988803;26.72926142;484.9335318;519.8412722;490.8208657;393.6078996;;63.29406738;1.2;80.00%;94.92%;0.05;142.895813;3;140.882843;0.03;0.02;57.67824936;0.766425918;98.00%;2.491737366;0.1;0.1;2.5;80.00%;0.9;0.85;3411.655697;3007.491602;6419.147299;11.0534131;1000;0.2;800
62.64%;5.05%;18.00%;2.35%;1.38%;0.78%;0.27%;0.17%;0.08%;9.29%;227.5154966;56.92413239;29.64555585;726.8999892;83.08%;546.4844459;307.2879505;46.66931426;46.04258562;0.046042586;11.46460382;43.52231017;30.83872128;426.324604;613.4120303;601.2001774;463.2770965;;55.29048538;1.2;80.00%;97.32%;0.05;149.3690033;3;148.3302765;0.03;0.02;53.97606659;0.789757183;98.00%;2.626044512;0.1;0.1;2.5;80.00%;0.9;0.85;23334.65713;3264.173263;26598.83039;12.41093443;1000;0.2;800
58.93%;3.46%;14.44%;2.95%;1.41%;0.27%;0.03%;0.26%;0.13%;18.12%;265.2103687;61.63427413;30.92087996;887.1565071;86.72%;664.9149072;368.4493448;33.54933498;47.80035707;0.047800357;11.90228891;45.18386487;25.51408788;487.9786949;613.7971023;583.38457;464.0069534;;53.66672134;1.2;80.00%;100.00%;0.05;142.7664948;3;146.7514801;0.03;0.02;59.79401016;0.807014126;98.00%;2.966121197;0.1;0.1;2.5;80.00%;0.9;0.85;16774.66749;3388.789865;20163.45735;17.04586241;1000;0.2;800
61.96%;3.56%;12.28%;0.84%;1.38%;0.57%;0.17%;0.55%;0.04%;18.66%;249.5112022;65.98131728;21.56470658;989.0849103;94.96%;685.0103306;359.5199557;27.01052268;32.74282846;0.032742828;8.152964287;30.95055408;10.65561935;439.9648883;458.1488318;470.8776274;347.2852791;;66.76837921;1.2;80.00%;99.71%;0.05;140.1829376;3;150.922287;0.03;0.02;58.77328873;0.779546894;98.00%;2.770474434;0.1;0.1;2.5;80.00%;0.9;0.85;13505.26134;2321.291556;15826.5529;17.41411462;1000;0.2;800
55.08%;4.12%;22.44%;0.58%;0.64%;0.43%;0.01%;0.23%;0.06%;16.41%;262.3417465;61.45515139;22.18766496;941.4241803;89.32%;677.4295;377.1745803;38.8298773;33.69854345;0.033698543;8.390937318;31.85395521;14.67186289;440.3861333;405.4460309;434.5378436;307.8457084;;56.8061142;1.2;80.00%;95.61%;0.05;147.1999054;3;145.9469147;0.03;0.02;59.82000351;0.784596129;98.00%;2.070376873;0.1;0.1;2.5;80.00%;0.9;0.85;19414.93865;2389.046641;21803.98529;13.36506055;1000;0.2;800
49.54%;4.44%;24.30%;0.80%;0.77%;0.44%;0.24%;0.46%;0.10%;18.91%;233.1913934;71.17271822;25.3803957;651.8136212;91.01%;613.5630144;319.4178226;19.51695108;39.0289358;0.039028936;9.718205014;36.89257297;25.49066361;430.6043;617.3197388;608.2660283;466.5479891;;53.27116394;1.2;80.00%;99.98%;0.05;146.7873077;3;143.849762;0.03;0.02;57.32974625;0.779426407;98.00%;2.136175871;0.1;0.1;2.5;80.00%;0.9;0.85;9758.475538;2766.942972;12525.41851;11.16764913;1000;0.2;800
57.95%;5.59%;16.50%;1.83%;0.81%;0.30%;0.18%;0.23%;0.01%;16.59%;209.7526327;62.68207568;27.14084577;622.2130048;91.77%;556.4719076;297.6044915;25.23514319;42.01368576;0.042013686;10.46140775;39.71394392;26.26896779;416.0062098;635.241163;625.0869172;479.7554338;;54.33914185;1.2;80.00%;100.00%;0.05;142.6187592;3;153.6827698;0.03;0.02;50.86535645;0.791261644;98.00%;2.025633812;0.1;0.1;2.5;80.00%;0.9;0.85;12617.5716;2978.545794;15596.11739;10.362789;1000;0.2;800
50.21%;3.55%;13.00%;1.31%;1.35%;0.64%;0.19%;0.06%;0.07%;29.62%;245.3653348;58.50335319;34.05673471;651.1166056;87.91%;623.5629001;347.0020824;65.02220351;52.96410931;0.052964109;13.18806322;50.06496404;35.67568039;488.1200252;576.055667;527.5616688;435.4750078;;74.85590363;1.2;80.00%;99.84%;0.05;146.4886475;3;147.0235748;0.03;0.02;58.66276932;0.820331389;98.00%;2.058048725;0.1;0.1;2.5;80.00%;0.9;0.85;32511.10176;3754.872303;36265.97406;14.12571648;1000;0.2;800
52.62%;3.90%;13.14%;0.84%;1.08%;0.75%;0.13%;0.13%;0.07%;27.33%;212.6005238;61.35009534;21.97003558;602.2459081;97.29%;597.9723829;304.0420412;7.619861827;33.66657743;0.033666577;8.382977779;31.82373895;11.05698996;403.6042616;416.5446264;423.9859867;315.8285007;;55.74914551;1.2;80.00%;97.30%;0.05;142.0180664;3;145.73909;0.03;0.02;64.33998871;0.784824385;98.00%;2.307906151;0.1;0.1;2.5;80.00%;0.9;0.85;3809.930913;2386.780421;6196.711334;13.48944394;1000;0.2;800
50.11%;5.20%;16.88%;0.45%;1.28%;0.56%;0.16%;0.25%;0.14%;24.96%;222.7763927;49.41791803;23.97314842;654.8022145;85.87%;553.0675475;310.3736696;45.73141925;36.94198626;0.036941986;9.19855458;34.91985871;19.93046057;395.0550593;450.9676851;475.7554593;341.4528231;;55.95955658;1.2;80.00%;99.18%;0.05;149.3376007;3;143.889801;0.03;0.02;61.18422318;0.755531995;98.00%;2.461813211;0.1;0.1;2.5;80.00%;0.9;0.85;22865.70962;2618.989403;25484.69903;9.640264929;1000;0.2;800
55.32%;3.64%;16.49%;2.40%;1.12%;0.40%;0.01%;0.57%;0.01%;20.03%;212.1727818;56.42974029;31.59524293;700.4640887;84.86%;520.500818;296.698286;42.30481306;49.23181242;0.049231812;12.25872129;46.53696533;29.34410291;426.3936971;553.0563263;532.5692135;418.0101385;;54.23527527;1.2;80.00%;100.00%;0.05;147.9338379;3;140.6497803;0.03;0.02;63.39208984;0.772269118;98.00%;2.632463932;0.1;0.1;2.5;80.00%;0.9;0.85;21152.40653;3490.2724;24642.67893;15.20586514;1000;0.2;800
53.32%;1.65%;16.42%;2.86%;1.03%;0.60%;0.23%;0.15%;0.09%;23.64%;234.2018992;62.14617248;22.54841914;828.4102228;90.36%;611.8136508;336.2900534;39.1143758;34.45279032;0.03445279;8.57874479;32.56691618;14.37654042;412.5477303;496.3526245;521.782827;375.7271347;;69.3833313;1.2;80.00%;100.00%;0.05;147.3477325;3;146.1171265;0.03;0.02;58.63800049;0.760952145;98.00%;2.973384857;0.1;0.1;2.5;80.00%;0.9;0.85;19557.1879;2442.518714;21999.70661;32.36235198;1000;0.2;800
52.89%;4.86%;18.92%;2.24%;0.40%;0.89%;0.17%;0.51%;0.06%;19.05%;225.7586504;66.87901049;10.84635025;928.0561627;94.16%;614.5644521;329.701072;51.43090549;15.60448521;0.015604485;3.885516818;14.75032812;0.009604701;343.3021919;402.7252392;498.148673;305.5642197;;63.82189178;1.2;80.00%;98.83%;0.05;147.9118347;3;146.8901978;0.03;0.02;61.34563446;0.785224907;98.00%;2.188211918;0.1;0.1;2.5;80.00%;0.9;0.85;25715.45274;1106.274609;26821.72735;10.88743954;1000;0.2;800
58.03%;6.39%;20.89%;0.44%;0.95%;0.63%;0.24%;0.26%;0.02%;12.15%;223.9101993;71.34027322;29.69694692;684.6412254;92.98%;601.9059533;313.8984675;28.15282782;46.00375087;0.046003751;11.45493397;43.48560115;37.36989746;451.8711294;608.9970838;571.7290963;460.2265221;;51.52705765;1.2;80.00%;99.73%;0.05;146.2142181;3;143.2843933;0.03;0.02;51.03753662;0.771733833;98.00%;2.278249502;0.1;0.1;2.5;80.00%;0.9;0.85;14076.41391;3261.420086;17337.834;9.080220591;1000;0.2;800
57.66%;4.60%;17.89%;1.11%;0.33%;0.76%;0.29%;0.50%;0.09%;16.78%;245.6993521;61.27522456;38.75666046;739.355518;85.27%;605.6769368;344.2623231;37.67787307;60.5274998;0.0605275;15.07134745;57.21435025;40.96636507;508.4902258;671.1066812;598.8660801;506.7926617;;62.71791077;1.2;80.00%;100.00%;0.05;142.4763489;3;155.0645905;0.03;0.02;65.13787842;0.819842545;98.00%;2.122060776;0.1;0.1;2.5;80.00%;0.9;0.85;18838.93653;4291.076269;23130.0128;12.53999046;1000;0.2;800
50.20%;4.46%;15.28%;0.47%;0.41%;0.81%;0.25%;0.23%;0.10%;27.80%;244.1236969;66.39942618;28.24410622;698.537413;95.24%;672.1701878;348.1312946;47.25749407;43.54696124;0.043546961;10.84319335;41.16329109;27.15951051;475.3592257;550.738245;514.7443977;416.6139933;;73.87359619;1.2;80.00%;98.74%;0.05;149.5326538;3;157.5681458;0.03;0.02;60.60328674;0.751673071;98.00%;2.730838299;0.1;0.1;2.5;80.00%;0.9;0.85;23628.74704;3087.246832;26715.99387;11.25397628;1000;0.2;800
53.88%;6.53%;23.04%;0.26%;0.35%;0.36%;0.06%;0.48%;0.11%;14.93%;212.529713;55.72156392;27.25703841;774.4881979;85.03%;522.4491377;298.1256216;57.00992172;42.24339198;0.042243392;10.5186046;39.9310765;28.51492671;401.1747544;497.9160672;506.8773896;376.755077;;67.9262085;1.2;80.00%;99.61%;0.05;145.5989532;3;155.0936127;0.03;0.02;63.75685501;0.775334062;98.00%;2.273305893;0.1;0.1;2.5;80.00%;0.9;0.85;28504.96086;2994.830738;31499.7916;8.249244873;1000;0.2;800
56.69%;1.89%;14.56%;2.22%;0.94%;0.45%;0.29%;0.12%;0.06%;22.76%;228.1127709;63.62677955;39.51861394;703.48064;86.92%;573.2076192;317.4993134;37.77649325;61.8558141;0.061855814;15.40209771;58.46995539;47.74812989;498.0856893;710.9886748;628.1907516;536.7092316;;70.72317505;1.2;80.00%;99.07%;0.05;145.517746;3;143.4300385;0.03;0.02;52.70024109;0.759121805;98.00%;2.213902712;0.1;0.1;2.5;80.00%;0.9;0.85;18888.24662;4385.246654;23273.49328;29.96439369;1000;0.2;800
59.59%;6.24%;14.61%;0.41%;0.69%;0.79%;0.20%;0.59%;0.01%;16.88%;240.031985;61.62740817;12.30883215;703.2377516;90.13%;625.4330779;346.9307197;22.98921249;17.91879269;0.017918793;4.461779379;16.93795522;-2.206464084;357.1816442;379.6919685;475.7216464;288.4314989;;66.10296631;1.2;80.00%;97.28%;0.05;147.6672211;3;158.401825;0.03;0.02;61.67889023;0.812660609;98.00%;2.157998562;0.1;0.1;2.5;80.00%;0.9;0.85;11494.60624;1270.346641;12764.95289;9.556362471;1000;0.2;800
61.97%;5.31%;17.17%;1.71%;1.03%;0.44%;0.04%;0.12%;0.13%;12.08%;252.2954115;73.29859774;37.89649324;732.8123246;91.81%;669.6294259;346.3375564;53.2757649;59.05570533;0.059055705;14.70487063;55.82311875;46.9597705;532.4002937;591.1077132;491.0762428;446.9242721;;73.17778778;1.2;80.00%;99.86%;0.05;146.2221069;3;152.3043823;0.03;0.02;61.77541733;0.769872704;98.00%;2.247889519;0.1;0.1;2.5;80.00%;0.9;0.85;26637.88245;4186.733906;30824.61636;11.66544858;1000;0.2;800
52.06%;4.09%;21.96%;1.29%;0.37%;0.39%;0.08%;0.37%;0.02%;19.37%;262.3737452;58.04850378;32.47664194;757.4706106;85.02%;644.9242883;372.5723678;48.57026032;50.31112788;0.050311128;12.52747084;47.5572013;28.19500335;487.6775031;574.5295511;549.1878864;434.56475;;50.66707611;1.2;80.00%;98.14%;0.05;140.953476;3;145.1052094;0.03;0.02;57.30607986;0.769426713;98.00%;2.203324795;0.1;0.1;2.5;80.00%;0.9;0.85;24285.13016;3566.790097;27851.92026;12.71427129;1000;0.2;800
54.21%;3.15%;13.71%;2.64%;1.17%;0.48%;0.18%;0.36%;0.10%;24.00%;220.4210358;71.41225049;25.19845709;679.1018044;92.11%;586.9658936;308.9435976;15.11384792;38.77990026;0.0387799;9.656195164;36.65716911;24.21579259;417.5167005;599.1608538;596.362628;452.9092447;;74.37554932;1.2;80.00%;99.61%;0.05;149.2550201;3;142.2856903;0.03;0.02;62.29537582;0.791602662;98.00%;2.350315809;0.1;0.1;2.5;80.00%;0.9;0.85;7556.923961;2749.287684;10306.21164;17.21448673;1000;0.2;800
50.68%;6.82%;23.53%;1.98%;0.56%;0.78%;0.06%;0.31%;0.13%;15.15%;229.5249504;65.14989463;19.66885676;735.3190893;94.42%;626.5368156;329.5726118;24.6907711;29.82503396;0.029825034;7.426433456;28.19247358;11.540059;402.3089776;434.0121309;464.0289673;329.0130858;;65.15948486;1.2;80.00%;98.42%;0.05;147.5835724;3;156.1986084;0.03;0.02;66.40380096;0.766637528;98.00%;2.231976509;0.1;0.1;2.5;80.00%;0.9;0.85;12345.38555;2114.435519;14459.82107;7.430533361;1000;0.2;800
60.99%;6.97%;12.00%;0.58%;0.44%;0.46%;0.23%;0.40%;0.10%;17.83%;214.5803006;61.52277213;41.14750691;649.0832138;84.68%;525.2966027;293.4203922;72.51417571;64.59739189;0.064597392;16.08475058;61.06146491;50.99810638;486.2730021;772.8825761;683.1422816;582.8527042;;50.97509003;1.2;80.00%;99.86%;0.05;142.0010834;3;152.8160858;0.03;0.02;64.68369293;0.744728566;98.00%;2.645143986;0.1;0.1;2.5;80.00%;0.9;0.85;36257.08786;4579.609868;40836.69773;8.753230215;1000;0.2;800
49.37%;4.60%;18.86%;1.92%;0.71%;0.26%;0.14%;0.33%;0.02%;23.80%;258.2199539;59.17813502;42.18539181;885.6827158;80.56%;601.415985;361.4763263;55.59399615;65.98824394;0.065988244;16.43107274;62.37618461;46.73330068;527.0743523;559.3382676;482.9693915;423.094146;;52.85259628;1.2;80.00%;99.94%;0.05;140.0056458;3;150.7433167;0.03;0.02;50.53822327;0.753922163;98.00%;2.196530342;0.1;0.1;2.5;80.00%;0.9;0.85;27796.99807;4678.213846;32475.21192;10.72525594;1000;0.2;800
62.42%;3.43%;13.24%;0.80%;0.98%;0.77%;0.25%;0.42%;0.05%;17.64%;209.02561;75.86663247;28.170931;671.4020928;93.18%;563.0821044;295.9244523;26.05881562;43.59502769;0.043595028;10.85516189;41.20872647;23.12258309;424.7694669;568.1170493;546.7223932;429.6146235;;65.88993073;1.2;80.00%;99.33%;0.05;148.3391266;3;144.3728638;0.03;0.02;56.25849533;0.822174095;98.00%;2.722156763;0.1;0.1;2.5;80.00%;0.9;0.85;13029.40781;3090.654485;16120.0623;18.19336799;1000;0.2;800
50.48%;1.88%;12.99%;2.54%;1.28%;0.91%;0.08%;0.45%;0.05%;29.33%;264.2770583;67.78968498;21.46953011;946.4895288;95.93%;732.9014918;379.0239411;-3.02845911;32.49312513;0.032493125;8.090788157;30.71451899;14.67843409;461.6701597;418.7438014;423.2304581;317.913976;;62.6096344;1.2;80.00%;99.52%;0.05;143.9588318;3;148.0545197;0.03;0.02;50.51378632;0.796395864;98.00%;2.163818836;0.1;0.1;2.5;80.00%;0.9;0.85;1514.229555;2303.588924;3817.818479;26.82776518;1000;0.2;800
61.82%;5.39%;17.52%;0.97%;1.48%;0.63%;0.09%;0.44%;0.14%;11.52%;213.7238829;59.86486416;12.14018233;631.9219289;96.39%;595.5863704;309.7235377;43.51832134;17.82024547;0.017820245;4.437241123;16.84480227;0.466180272;342.5250382;366.967799;446.2984822;278.5913513;;52.27283859;1.2;80.00%;98.82%;0.05;147.8607788;3;143.1559601;0.03;0.02;67.16991425;0.82228816;98.00%;2.746332169;0.1;0.1;2.5;80.00%;0.9;0.85;21759.16067;1263.36017;23022.52084;11.47781385;1000;0.2;800
60.21%;4.24%;17.09%;1.40%;0.53%;0.31%;0.25%;0.09%;0.11%;15.77%;261.7439676;56.89169702;32.89352503;913.72017;89.62%;678.1423991;367.7687512;16.03480057;51.01085787;0.051010858;12.70170361;48.21862952;33.08537815;505.7672045;589.7423247;538.2499703;445.8952109;;60.99400711;1.2;80.00%;100.00%;0.05;143.9420166;3;154.8888092;0.03;0.02;64.81071472;0.740193059;98.00%;2.549309254;0.1;0.1;2.5;80.00%;0.9;0.85;8017.400287;3616.397214;11633.7975;14.18357222;1000;0.2;800
61.87%;7.08%;19.60%;2.22%;0.96%;0.71%;0.30%;0.10%;0.15%;7.02%;254.9075399;55.35180966;26.16864304;833.3685403;82.74%;609.7230331;365.1703861;77.03392983;40.20149281;0.040201493;10.01017171;38.00094665;24.19325126;433.7895656;512.0237335;540.8620947;387.5913124;;53.75021744;1.2;80.00%;99.50%;0.05;147.5894012;3;150.7755127;0.03;0.02;61.33763885;0.75353647;98.00%;2.817218542;0.1;0.1;2.5;80.00%;0.9;0.85;38516.96492;2850.070999;41367.03591;8.743895608;1000;0.2;800
59.50%;6.95%;13.27%;0.74%;0.32%;0.26%;0.17%;0.14%;0.07%;18.58%;261.9479715;78.67812275;42.9100871;1016.102218;86.53%;655.3152882;365.4700224;32.33840818;67.01240407;0.067012404;16.68608861;63.34428434;48.10255723;556.0002347;715.3939562;607.8961152;540.3698175;;50.62870789;1.2;80.00%;100.00%;0.05;141.1826172;3;157.6316986;0.03;0.02;53.02251053;0.771750864;98.00%;2.601474762;0.1;0.1;2.5;80.00%;0.9;0.85;16169.20409;4750.821325;20920.02542;8.555725348;1000;0.2;800
58.25%;5.97%;20.80%;1.45%;0.45%;0.52%;0.05%;0.35%;0.10%;12.05%;251.8967913;79.05007765;42.16036235;916.4644527;89.77%;653.7175695;352.6307611;50.17696445;65.85836181;0.065858362;16.39873209;62.25341195;47.14937971;550.6107162;572.5688155;459.1355376;433.1573712;;70.90647888;1.2;80.00%;99.96%;0.05;146.1986542;3;158.93927;0.03;0.02;52.38837433;0.811406311;98.00%;2.578309536;0.1;0.1;2.5;80.00%;0.9;0.85;25088.48222;4669.005896;29757.48812;9.752921214;1000;0.2;800
62.45%;4.59%;13.74%;2.96%;1.04%;0.25%;0.05%;0.31%;0.15%;14.46%;246.6374068;71.65947493;36.34860681;871.1600144;93.74%;668.369904;347.6143809;30.87830557;56.56780828;0.056567808;14.08538426;53.47140402;37.4664722;522.096679;664.636531;577.5751037;502.1851327;;69.80566406;1.2;80.00%;99.09%;0.05;144.1053314;3;159.4850616;0.03;0.02;64.29347229;0.814194157;98.00%;2.136173248;0.1;0.1;2.5;80.00%;0.9;0.85;15439.15279;4010.355301;19449.50809;13.60209668;1000;0.2;800
50.83%;6.74%;18.34%;0.96%;1.11%;0.65%;0.30%;0.30%;0.05%;20.72%;264.3811801;58.38626034;28.24145934;720.3294787;90.37%;690.7410623;374.8887896;45.93458171;43.47802443;0.043478024;10.82602808;41.09812773;22.11576348;483.110635;511.854746;491.3123661;387.5998552;;64.01841736;1.2;80.00%;98.44%;0.05;140.7314148;3;149.1401367;0.03;0.02;64.5933609;0.756308824;98.00%;2.076419115;0.1;0.1;2.5;80.00%;0.9;0.85;22967.29086;3082.35958;26049.65044;7.538741153;1000;0.2;800
52.21%;2.33%;19.11%;1.30%;0.60%;0.45%;0.09%;0.40%;0.06%;23.44%;215.2153776;59.31581635;40.68324928;599.9793638;82.88%;515.679793;294.6358259;18.33346883;63.85862902;0.063858629;15.90079862;60.36314038;43.30080744;479.5982198;665.9091091;586.1728172;502.7830693;;73.34512329;1.2;80.00%;96.73%;0.05;141.3008575;3;142.6547241;0.03;0.02;50.75615311;0.754588017;98.00%;2.521018505;0.1;0.1;2.5;80.00%;0.9;0.85;9166.734415;4527.235528;13693.96994;22.39367603;1000;0.2;800
58.29%;7.33%;23.73%;2.20%;0.27%;0.50%;0.05%;0.16%;0.03%;7.45%;221.0581569;61.32410399;14.79392055;743.286944;88.57%;566.0701973;310.4985805;33.53307372;22.0813833;0.022081383;5.498264442;20.87269427;4.024156656;344.9829142;481.4098429;560.7937542;364.478644;;62.03958511;1.2;80.00%;92.55%;0.05;145.8184204;3;157.3437195;0.03;0.02;58.80586624;0.82065348;98.00%;2.871056557;0.1;0.1;2.5;80.00%;0.9;0.85;16766.53686;1565.45207;18331.98893;7.954152109;1000;0.2;800
60.42%;2.84%;19.08%;1.46%;1.15%;0.86%;0.13%;0.10%;0.03%;13.92%;246.7914696;67.91651008;44.2301515;913.2444671;86.41%;616.4848581;320.4257937;54.64535365;69.40350044;0.0694035;17.28147161;65.60449706;59.36681555;546.5030973;844.9029654;709.0099617;637.0549154;;69.70503998;1.2;80.00%;99.84%;0.05;146.9946442;3;155.5379028;0.03;0.02;65.96891022;0.784337278;98.00%;2.909759045;0.1;0.1;2.5;80.00%;0.9;0.85;27322.67682;4920.33728;32243.0141;21.23899193;1000;0.2;800
52.30%;6.16%;19.59%;2.97%;1.44%;0.89%;0.28%;0.06%;0.14%;16.18%;255.8248005;50.84414613;17.93189695;937.4439153;88.10%;651.5551547;370.1332407;56.57401868;26.94349109;0.026943491;6.708929282;25.46866038;3.188984758;402.8909242;485.2555175;550.5980384;367.5650525;;52.83466721;1.2;80.00%;99.30%;0.05;145.3970337;3;143.6757355;0.03;0.02;63.39870071;0.747225178;98.00%;2.393801451;0.1;0.1;2.5;80.00%;0.9;0.85;28287.00934;1910.149529;30197.15887;8.487984642;1000;0.2;800
54.08%;7.82%;22.21%;2.62%;1.21%;0.64%;0.22%;0.58%;0.01%;10.62%;221.411555;66.65972811;37.32779986;732.0316185;85.46%;547.0470052;307.8184193;13.69308664;58.34999455;0.058349995;14.52914864;55.15603712;38.58237947;473.2914709;685.2657832;622.4151967;517.4158864;;64.34042358;1.2;80.00%;99.97%;0.05;149.0156708;3;144.9107208;0.03;0.02;68.3533783;0.761077549;98.00%;2.726649284;0.1;0.1;2.5;80.00%;0.9;0.85;6846.543322;4136.702784;10983.24611;6.919048037;1000;0.2;800
49.16%;4.50%;23.55%;0.84%;1.01%;0.75%;0.02%;0.58%;0.14%;19.46%;228.9594477;68.14537285;47.0864013;862.7999319;85.06%;563.0362027;315.9792139;40.4637722;74.02140869;0.074021409;18.43133076;69.96963061;49.36822715;539.5974506;800.0817294;670.1136889;603.421501;;54.66385651;1.2;80.00%;99.80%;0.05;146.9300385;3;147.1095581;0.03;0.02;50.20169449;0.733762507;98.00%;2.557678699;0.1;0.1;2.5;80.00%;0.9;0.85;20231.8861;5247.722296;25479.6084;10.92855284;1000;0.2;800
49.95%;1.59%;24.09%;1.23%;0.55%;0.28%;0.15%;0.09%;0.06%;22.01%;208.1133713;65.31587812;27.50542928;747.5509015;87.20%;524.6743525;294.5102667;53.29572933;42.59733712;0.042597337;10.60673694;40.26564742;18.2628837;402.9954195;635.5380168;638.4020151;479.9681142;;59.31274033;1.2;80.00%;100.00%;0.05;149.2651978;3;153.1157227;0.03;0.02;69.63196564;0.823592588;98.00%;2.400828362;0.1;0.1;2.5;80.00%;0.9;0.85;26647.86467;3019.923556;29667.78822;31.34082207;1000;0.2;800
50.97%;3.88%;12.55%;2.71%;1.35%;0.73%;0.16%;0.12%;0.07%;27.46%;211.4968737;69.88734276;10.48554846;725.1261552;104.58%;639.4763822;308.724935;25.83655795;15.09519373;0.015095194;3.75870324;14.2689142;1.876157732;352.6980046;490.0438338;555.1275428;371.0610201;;68.9172287;1.2;80.00%;100.00%;0.05;148.1243286;3;145.1537628;0.03;0.02;55.4392128;0.726409058;98.00%;2.616533518;0.1;0.1;2.5;80.00%;0.9;0.85;12918.27897;1070.168565;13988.44754;13.13485967;1000;0.2;800
50.51%;7.97%;17.69%;0.90%;0.42%;0.56%;0.18%;0.27%;0.03%;21.46%;215.7930186;51.76278426;23.85765916;745.727998;82.38%;513.9303275;308.2810642;46.38757135;36.74997734;0.036749977;9.150744357;34.73835996;21.0867973;376.3238695;448.8636769;494.5892387;339.9565933;;59.14927292;1.2;80.00%;99.12%;0.05;146.6854706;3;140.2493134;0.03;0.02;68.2653656;0.800330454;98.00%;2.350691319;0.1;0.1;2.5;80.00%;0.9;0.85;23193.78567;2605.376997;25799.16267;6.340922484;1000;0.2;800
60.29%;5.22%;19.29%;2.10%;0.62%;0.91%;0.27%;0.09%;0.15%;11.05%;213.8671197;70.94874655;47.91463419;711.2130713;90.45%;559.237649;290.9357187;4.720220129;75.44608336;0.075446083;18.78607476;71.31632156;61.04979111;543.1125667;707.535314;551.3925298;533.9545495;;64.09911346;1.2;80.00%;99.67%;0.05;146.1497192;3;158.5395355;0.03;0.02;65.66764832;0.734281657;98.00%;2.274406433;0.1;0.1;2.5;80.00%;0.9;0.85;2360.110064;5348.724117;7708.834181;11.54411443;1000;0.2;800
53.31%;5.56%;19.96%;1.02%;0.35%;0.40%;0.11%;0.43%;0.03%;18.84%;255.2567742;52.20598144;31.89581511;734.800617;79.69%;588.0850249;361.6338113;93.01061596;49.46087287;0.049460873;12.31575734;46.75348748;27.61368712;458.7469541;619.4751875;618.7888958;468.091207;;57.9525032;1.2;80.00%;99.79%;0.05;142.7285309;3;151.34935;0.03;0.02;67.8900528;0.748743849;98.00%;2.218267918;0.1;0.1;2.5;80.00%;0.9;0.85;46505.30798;3506.511561;50011.81954;9.593696008;1000;0.2;800
56.28%;3.02%;24.00%;1.08%;0.28%;0.74%;0.20%;0.42%;0.08%;13.91%;225.7197373;78.1345283;33.84747;719.7906753;90.33%;589.4759154;317.3636223;20.70978344;52.62943478;0.052629435;13.10472926;49.74860889;37.68552818;470.9568225;623.1465838;569.2417492;471.0354418;;66.06248474;1.2;80.00%;99.39%;0.05;149.3576355;3;140.9082184;0.03;0.02;68.7129364;0.736401718;98.00%;2.044908285;0.1;0.1;2.5;80.00%;0.9;0.85;10354.89172;3731.145667;14086.03739;18.63222507;1000;0.2;800
49.91%;7.35%;23.67%;2.54%;1.42%;0.82%;0.19%;0.16%;0.08%;13.87%;238.2709497;72.86821681;18.97650524;673.2779775;89.62%;617.3389907;342.1431274;23.87395729;28.60562867;0.028605629;7.122801539;27.03981601;14.93797377;393.4970148;574.2543581;626.1730718;434.4030735;;57.75947189;1.2;80.00%;99.57%;0.05;149.3249207;3;148.5825806;0.03;0.02;60.75577927;0.731686342;98.00%;2.353593826;0.1;0.1;2.5;80.00%;0.9;0.85;11936.97865;2027.986201;13964.96485;6.789935783;1000;0.2;800
58.36%;7.19%;18.36%;2.68%;0.48%;0.43%;0.23%;0.05%;0.04%;12.19%;211.2931726;81.17039385;44.32900561;737.348548;87.53%;534.6631698;290.1471469;46.2001505;69.60892394;0.069608924;17.33262206;65.79867611;49.1313544;509.7857537;799.3658906;680.2115687;602.9201149;;54.49331284;1.2;80.00%;100.00%;0.05;141.4999237;3;153.4988556;0.03;0.02;69.60803223;0.774501504;98.00%;2.860595226;0.1;0.1;2.5;80.00%;0.9;0.85;23100.07525;4934.900708;28034.97596;8.117753145;1000;0.2;800
56.25%;5.34%;17.56%;0.76%;1.23%;0.47%;0.27%;0.58%;0.02%;17.52%;247.0709782;71.94471252;43.49131632;970.4772646;87.85%;627.4980547;344.7779349;47.14731755;68.08179802;0.068081798;16.95236771;64.35514189;47.43037457;547.0268881;697.0838057;581.8301355;526.4052521;;68.15117645;1.2;80.00%;99.63%;0.05;149.3524323;3;148.4321594;0.03;0.02;56.16308975;0.726536382;98.00%;2.549089432;0.1;0.1;2.5;80.00%;0.9;0.85;23573.65878;4826.635642;28400.29442;10.53953269;1000;0.2;800
53.37%;1.52%;20.80%;1.22%;0.78%;0.49%;0.24%;0.40%;0.13%;21.06%;238.1491126;67.77019018;32.56135933;826.6893278;83.89%;577.5609748;335.891631;43.77561929;50.54436387;0.050544364;12.5855466;47.77767044;25.1827614;457.9617463;574.9106195;552.5231558;434.7750534;;65.6449585;1.2;80.00%;99.70%;0.05;148.4475403;3;144.8356018;0.03;0.02;51.53042603;0.797088396;98.00%;2.932343721;0.1;0.1;2.5;80.00%;0.9;0.85;21887.80964;3583.325283;25471.13493;35.07704967;1000;0.2;800
62.61%;7.79%;22.69%;0.73%;0.33%;0.58%;0.04%;0.06%;0.10%;5.07%;225.9541247;79.68405654;10.15462433;955.0570654;103.02%;672.9382017;329.3953767;6.889209471;14.40928193;0.014409282;3.587911201;13.62054778;-2.108107289;365.794676;445.6145096;513.2860696;337.9527222;;62.11193466;1.2;80.00%;99.59%;0.05;149.6048889;3;143.8851624;0.03;0.02;53.9007988;0.817903238;98.00%;2.023931026;0.1;0.1;2.5;80.00%;0.9;0.85;3444.604736;1021.541084;4466.145819;8.03550401;1000;0.2;800
52.23%;7.78%;16.95%;0.85%;1.07%;0.88%;0.30%;0.10%;0.04%;19.81%;265.0848725;64.0224276;47.06947672;702.3730015;88.40%;677.4671221;368.3020094;12.47230725;73.79330223;0.073793302;18.37453225;69.75401023;64.4451379;591.1935746;771.8574396;626.8842928;582.5197531;;51.32252502;1.2;80.00%;99.94%;0.05;147.4093628;3;155.4152679;0.03;0.02;61.73963547;0.807476253;98.00%;2.858725548;0.1;0.1;2.5;80.00%;0.9;0.85;6236.153623;5231.550767;11467.70439;6.71569235;1000;0.2;800
56.98%;6.67%;15.00%;0.32%;0.28%;0.81%;0.07%;0.11%;0.15%;19.62%;221.1518311;56.84945302;46.78708559;842.1603033;86.64%;553.9489143;304.4502422;55.48214557;73.66223128;0.073662231;18.34189559;69.63011383;47.23203444;534.2198857;682.5212267;548.6248517;515.0812086;;63.13875198;1.2;80.00%;100.00%;0.05;146.2608948;3;151.6200256;0.03;0.02;62.68350601;0.769559099;98.00%;2.658429623;0.1;0.1;2.5;80.00%;0.9;0.85;27741.07278;5222.258537;32963.33132;8.544204416;1000;0.2;800
52.11%;1.89%;20.38%;1.70%;0.45%;0.83%;0.19%;0.38%;0.03%;22.04%;241.2310758;49.55897947;40.323381;815.6596286;81.33%;567.1678296;337.6730348;54.86667361;63.15485557;0.063154856;15.72555904;59.69789003;43.65137942;500.2076391;588.9960585;522.289472;445.1034543;;69.11727142;1.2;80.00%;99.66%;0.05;148.6508789;3;147.3948669;0.03;0.02;62.51472092;0.76480928;98.00%;2.985382795;0.1;0.1;2.5;80.00%;0.9;0.85;27433.3368;4477.341752;31910.67856;27.51163862;1000;0.2;800
51.95%;5.12%;20.25%;1.60%;0.68%;0.55%;0.11%;0.32%;0.04%;19.37%;220.6060373;62.90784309;12.25318922;902.1697378;93.12%;593.8934446;320.2606951;32.56525446;17.93684512;0.017936845;4.466274436;16.9550195;1.487765687;342.4504966;468.6595587;558.1646389;355.0230482;;63.60070419;1.2;80.00%;99.40%;0.05;142.8525543;3;144.1941376;0.03;0.02;63.58908844;0.765676927;98.00%;2.478402138;0.1;0.1;2.5;80.00%;0.9;0.85;16282.62723;1271.626462;17554.25369;10.13834414;1000;0.2;800
58.02%;7.32%;19.60%;0.60%;1.31%;0.31%;0.26%;0.06%;0.06%;12.46%;219.9678311;67.55702298;31.23906875;757.6688929;89.64%;570.0542388;309.0049649;29.44826125;48.53301441;0.048533014;12.08472059;45.87641806;37.07428354;446.5361327;619.7243413;585.6043008;468.2107908;;53.89094925;1.2;80.00%;97.63%;0.05;149.7129974;3;159.2790222;0.03;0.02;67.09175873;0.760065935;98.00%;2.014402866;0.1;0.1;2.5;80.00%;0.9;0.85;14724.13062;3440.731355;18164.86198;7.929655685;1000;0.2;800
59.18%;7.67%;17.06%;0.77%;0.40%;0.44%;0.05%;0.08%;0.09%;14.26%;245.6579659;64.54832601;44.19021329;652.713193;82.34%;584.7474793;334.858059;79.76444225;69.29815054;0.069298151;17.25523948;65.5049138;45.96390817;531.9143301;707.8089371;602.4744988;534.2768523;;74.34832001;1.2;80.00%;100.00%;0.05;140.7342224;3;147.2312775;0.03;0.02;58.49621582;0.740924386;98.00%;2.389550209;0.1;0.1;2.5;80.00%;0.9;0.85;39882.22112;4912.868535;44795.08966;7.716341223;1000;0.2;800
52.07%;7.97%;19.27%;0.61%;1.27%;0.92%;0.13%;0.15%;0.15%;17.46%;250.5654412;68.19401557;46.31450616;808.6437683;82.15%;595.1144498;348.523591;30.41585032;72.63649339;0.072636493;18.08648685;68.6605227;52.46700889;548.7939535;670.878386;559.270631;506.8029569;;70.51019287;1.2;80.00%;92.49%;0.05;142.1307373;3;145.6075287;0.03;0.02;60.60137558;0.785642259;98.00%;2.863693476;0.1;0.1;2.5;80.00%;0.9;0.85;15207.92516;5149.539203;20357.46436;6.534498926;1000;0.2;800
53.23%;5.44%;12.31%;0.85%;1.47%;0.66%;0.05%;0.43%;0.06%;25.49%;220.4611855;76.51406336;47.92813662;868.7944664;86.10%;548.7737728;282.5623469;10.18758177;75.46837005;0.07546837;18.79162414;71.33738832;47.53214088;538.258969;780.0636557;622.8221587;588.4061732;;55.57294846;1.2;80.00%;95.06%;0.05;142.0512848;3;141.6091309;0.03;0.02;63.5218277;0.775473825;98.00%;2.161831379;0.1;0.1;2.5;80.00%;0.9;0.85;5093.790885;5350.304124;10444.09501;9.787115807;1000;0.2;800
50.04%;5.83%;19.69%;2.03%;0.45%;0.25%;0.02%;0.19%;0.12%;21.37%;225.3701496;55.73574875;33.02413992;623.5456834;83.02%;540.9380829;303.1680998;35.12102705;51.5094353;0.051509435;12.82584939;48.68991586;22.74276016;444.1581965;533.0662786;498.0604699;403.0249857;;72.83090973;1.2;80.00%;98.92%;0.05;140.6520386;3;141.6428223;0.03;0.02;66.0062027;0.760414385;98.00%;2.776357651;0.1;0.1;2.5;80.00%;0.9;0.85;17560.51353;3651.743689;21212.25722;8.585048776;1000;0.2;800
51.02%;2.09%;15.74%;0.31%;0.91%;0.79%;0.24%;0.55%;0.01%;28.34%;211.8538806;58.11380167;35.29954937;792.2329368;84.83%;519.5912953;293.6779696;43.97757644;55.19996208;0.055199962;13.74479056;52.17843087;38.87801567;448.1301146;649.8292805;602.5092227;490.5415549;;53.91612244;1.2;80.00%;91.84%;0.05;145.2089081;3;150.6467896;0.03;0.02;67.45864868;0.74661258;98.00%;2.66383791;0.1;0.1;2.5;80.00%;0.9;0.85;21988.78822;3913.382315;25902.17053;24.39579827;1000;0.2;800
49.57%;2.15%;12.56%;2.42%;0.25%;0.54%;0.19%;0.38%;0.05%;31.89%;215.9955336;60.48529225;13.31895004;744.6236127;84.69%;528.8647393;288.9427101;61.93354485;19.80500061;0.019805001;4.931445153;18.72091604;1.015594503;319.5442315;444.5728607;534.5281734;336.7008537;;68.93261719;1.2;80.00%;99.99%;0.05;144.9564514;3;153.0575409;0.03;0.02;55.03842926;0.738893065;98.00%;2.680068731;0.1;0.1;2.5;80.00%;0.9;0.85;30966.77242;1404.068703;32370.84113;23.08861339;1000;0.2;800
54.70%;2.33%;17.79%;1.60%;0.31%;0.41%;0.10%;0.41%;0.09%;22.26%;209.8619025;66.08456906;13.71092119;793.5850574;91.80%;556.9703625;304.6278234;52.28617758;20.33203631;0.020332036;5.062677042;19.2191029;13.473151;334.4008904;360.4950684;446.5673688;273.8505695;;70.8289566;1.2;80.00%;98.45%;0.05;142.8407593;3;152.2922668;0.03;0.02;55.21268082;0.802205018;98.00%;2.347167969;0.1;0.1;2.5;80.00%;0.9;0.85;26143.08879;1441.432718;27584.52151;23.44641359;1000;0.2;800
51.82%;6.28%;18.91%;2.68%;1.23%;0.68%;0.03%;0.40%;0.08%;17.88%;231.5981995;72.33636568;14.90275538;751.8902108;98.37%;658.6414003;331.2565612;23.07396017;22.09550236;0.022095502;5.501780088;20.88604048;14.59193369;387.8149723;452.0641146;498.2749778;342.7325528;;67.60285187;1.2;80.00%;96.59%;0.05;143.8739471;3;150.621933;0.03;0.02;64.13726044;0.80145051;98.00%;2.79644537;0.1;0.1;2.5;80.00%;0.9;0.85;11536.98009;1566.453036;13103.43312;8.251721083;1000;0.2;800
54.10%;2.07%;22.74%;1.15%;0.70%;0.65%;0.03%;0.32%;0.06%;18.18%;219.3872881;60.80948087;37.97136959;814.9426188;87.65%;555.9299394;296.8285536;27.54415373;59.47193137;0.059471931;14.80851091;56.21656144;42.25311049;481.0562644;696.4278283;614.5404349;525.6277927;;62.18151093;1.2;80.00%;97.94%;0.05;142.2777557;3;156.3099365;0.03;0.02;56.24071884;0.757074688;98.00%;2.980804443;0.1;0.1;2.5;80.00%;0.9;0.85;13772.07687;4216.242108;17988.31897;26.17962722;1000;0.2;800
58.62%;7.15%;13.41%;2.92%;1.29%;0.47%;0.08%;0.14%;0.09%;15.82%;229.0652602;51.55593294;13.24047955;876.2906223;86.35%;571.8273407;326.6507262;74.42925036;19.5722563;0.019572256;4.873491818;18.50091166;1.718570483;338.042718;517.0263346;618.3652492;391.1684087;;56.07154465;1.2;80.00%;98.86%;0.05;142.1036072;3;149.8914032;0.03;0.02;55.38643646;0.796686591;98.00%;2.500426531;0.1;0.1;2.5;80.00%;0.9;0.85;37214.62518;1387.568375;38602.19356;8.198180251;1000;0.2;800
60.60%;6.16%;20.04%;2.04%;0.30%;0.48%;0.06%;0.54%;0.13%;9.65%;248.1684456;67.73223171;43.24053635;832.2055897;88.27%;633.2867018;342.8707154;19.01364235;67.71333755;0.067713338;16.86062105;64.00685018;50.03902048;547.9680018;632.2252052;514.3711994;477.7774431;;69.12215424;1.2;80.00%;99.41%;0.05;148.5168457;3;146.4681244;0.03;0.02;57.9878273;0.800685835;98.00%;2.635486126;0.1;0.1;2.5;80.00%;0.9;0.85;9506.821177;4800.513764;14307.33494;9.832231903;1000;0.2;800
59.12%;4.83%;20.78%;1.70%;0.43%;0.39%;0.29%;0.49%;0.02%;11.95%;256.5671789;60.39090243;37.45606383;878.4548161;87.86%;651.6614361;359.8992086;34.50340468;58.37059341;0.058370593;14.53427776;55.17550843;40.03635975;521.2024885;678.6749246;604.2761704;512.5555984;;58.99536133;1.2;80.00%;99.30%;0.05;149.4324341;3;155.8940582;0.03;0.02;62.45172501;0.788382821;98.00%;2.429646492;0.1;0.1;2.5;80.00%;0.9;0.85;17251.70234;4138.163133;21389.86547;12.23100917;1000;0.2;800
60.53%;2.36%;23.95%;2.61%;1.30%;0.55%;0.06%;0.52%;0.14%;7.98%;250.2850998;60.70688409;29.62048867;794.8182172;88.65%;641.4705213;354.214302;62.85405271;45.77389053;0.045773891;11.39769874;43.2683229;28.83829784;469.5573683;616.8336401;594.5599197;466.1610712;;55.18696594;1.2;80.00%;100.00%;0.05;149.6897583;3;147.7265472;0.03;0.02;64.32485199;0.766027265;98.00%;2.918086529;0.1;0.1;2.5;80.00%;0.9;0.85;31427.02636;3245.124217;34672.15057;25.62469658;1000;0.2;800
61.95%;4.77%;20.57%;1.51%;0.80%;0.78%;0.17%;0.46%;0.12%;8.85%;256.2885536;64.15263586;15.1542409;984.5535274;90.68%;671.8863722;372.8300837;37.90913711;22.37255587;0.022372556;5.570766411;21.14792866;2.136577199;394.8868571;559.9516943;635.2897843;423.7483777;;53.69211578;1.2;80.00%;100.00%;0.05;142.4540405;3;152.8181152;0.03;0.02;61.51843643;0.756108066;98.00%;2.843809843;0.1;0.1;2.5;80.00%;0.9;0.85;18954.56855;1586.094649;20540.6632;12.98982405;1000;0.2;800
56.12%;1.79%;12.38%;2.27%;0.67%;0.48%;0.05%;0.49%;0.06%;25.70%;262.3020006;75.93788953;29.3609431;1016.020436;89.36%;677.6066238;374.5665988;40.17478628;45.16931009;0.04516931;11.24715821;42.69683593;32.09318074;483.7022247;608.8906615;587.9021448;460.5572065;;74.65908051;1.2;80.00%;99.84%;0.05;145.0317078;3;158.4238281;0.03;0.02;58.9859314;0.770856026;98.00%;2.455985069;0.1;0.1;2.5;80.00%;0.9;0.85;20087.39314;3202.262694;23289.65583;31.28837885;1000;0.2;800
60.91%;7.10%;24.15%;1.17%;0.82%;0.63%;0.16%;0.46%;0.02%;4.60%;237.6174255;80.66390142;11.80528493;829.5610874;98.45%;676.3019648;346.2998072;45.92458134;16.98792549;0.016987925;4.229993446;16.05804175;2.238040329;376.6075368;340.1104992;411.158713;258.9396932;;66.62512207;1.2;80.00%;97.79%;0.05;148.7874603;3;158.6994476;0.03;0.02;67.22889709;0.783555526;98.00%;2.234066486;0.1;0.1;2.5;80.00%;0.9;0.85;22962.29067;1204.353131;24166.6438;8.581184882;1000;0.2;800
53.87%;3.13%;24.99%;2.50%;1.32%;0.38%;0.29%;0.43%;0.03%;13.06%;257.8637293;74.49275474;42.98940758;777.3213606;87.77%;654.3343095;353.6717543;34.33662531;67.21839262;0.067218393;16.73737976;63.53899751;53.84642395;556.0064294;789.3584107;671.5486831;595.7789243;;72.17809296;1.2;80.00%;99.94%;0.05;145.3502045;3;147.4650116;0.03;0.02;54.00597382;0.740204099;98.00%;2.631445885;0.1;0.1;2.5;80.00%;0.9;0.85;17168.31265;4765.424813;21933.73747;17.22378915;1000;0.2;800
60.04%;4.12%;24.88%;2.65%;0.85%;0.48%;0.12%;0.22%;0.09%;6.55%;228.0596753;67.23666123;19.5462362;827.6452075;89.32%;588.8791208;328.5327439;23.00573546;29.61862711;0.029618627;7.375038151;27.99736502;4.79347154;384.3810135;607.0528438;658.5818241;458.9465191;;51.1375885;1.2;80.00%;97.31%;0.05;143.7958374;3;145.1091309;0.03;0.02;53.61998367;0.806938897;98.00%;2.182386637;0.1;0.1;2.5;80.00%;0.9;0.85;11502.86773;2099.802377;13602.67011;14.58132692;1000;0.2;800
56.44%;3.85%;17.58%;2.98%;1.10%;0.53%;0.30%;0.22%;0.13%;16.86%;254.2017025;75.98427124;25.47588789;749.3165059;94.86%;697.1171361;355.115233;14.85355739;38.99658085;0.038996581;9.710148631;36.86198906;24.5086236;469.3384208;678.8005067;654.7620685;512.8449836;;63.59940338;1.2;80.00%;99.95%;0.05;145.9937592;3;156.5090027;0.03;0.02;63.15817261;0.808707104;98.00%;2.565989017;0.1;0.1;2.5;80.00%;0.9;0.85;7426.778695;2764.649179;10191.42787;14.67550455;1000;0.2;800
60.38%;5.38%;16.70%;2.06%;0.47%;0.80%;0.29%;0.18%;0.08%;13.66%;238.9714624;62.56961466;23.79159556;820.3769284;94.10%;650.1437585;342.5822202;55.99857365;36.4248794;0.036424879;9.069794972;34.43105721;18.30502073;438.3565151;532.0428031;532.9434707;402.5469385;;71.43697357;1.2;80.00%;99.74%;0.05;149.8052368;3;141.8408508;0.03;0.02;60.06057739;0.762259645;98.00%;2.470935822;0.1;0.1;2.5;80.00%;0.9;0.85;27999.28682;2582.32929;30581.61611;11.23128068;1000;0.2;800
58.13%;6.64%;18.66%;1.26%;0.78%;0.46%;0.21%;0.58%;0.10%;13.17%;255.6391175;57.7342423;32.82158843;815.3103936;84.17%;622.0915217;361.988844;24.53564911;50.91469563;0.050914696;12.67775921;48.127731;37.52367933;479.9746032;582.8320039;557.6086464;440.7296812;;73.10362244;1.2;80.00%;99.10%;0.05;142.3206329;3;147.1561584;0.03;0.02;60.39150238;0.778194838;98.00%;2.35476923;0.1;0.1;2.5;80.00%;0.9;0.85;12267.82455;3609.579825;15877.40438;8.74924804;1000;0.2;800
50.05%;5.88%;15.74%;0.67%;1.02%;0.59%;0.22%;0.24%;0.13%;25.46%;246.1101359;71.72106998;40.27950953;790.9563895;88.42%;629.1166293;342.0975081;43.83914469;62.92219932;0.062922199;15.66762763;59.47796889;43.66043579;528.274207;669.9498617;572.5415933;505.9929829;;67.82936096;1.2;80.00%;94.57%;0.05;147.8233337;3;146.5984497;0.03;0.02;62.18911743;0.776533897;98.00%;2.441449881;0.1;0.1;2.5;80.00%;0.9;0.85;21919.57235;4460.847667;26380.42001;8.516888079;1000;0.2;800
57.70%;7.95%;16.36%;1.28%;1.18%;0.34%;0.21%;0.19%;0.08%;14.72%;211.9144206;66.58974652;35.58528531;701.2124618;86.70%;531.1908897;281.6942956;25.22915252;55.65762799;0.055657628;13.85874937;52.61104511;32.67103729;455.6785819;603.9146264;537.4863355;456.2121766;;51.55591583;1.2;80.00%;99.27%;0.05;147.6676178;3;153.1357269;0.03;0.02;63.26821518;0.767351602;98.00%;2.550947189;0.1;0.1;2.5;80.00%;0.9;0.85;12614.57626;3945.828383;16560.40464;7.257408064;1000;0.2;800
53.95%;7.92%;20.43%;2.77%;0.94%;0.76%;0.14%;0.29%;0.09%;12.71%;244.2770027;56.73791598;47.88377578;808.3102605;80.95%;571.6691893;336.1228291;67.27964897;75.29153691;0.075291537;18.74759269;71.17023466;51.32573596;548.3520626;687.1575825;565.5435309;518.7015953;;53.20384979;1.2;80.00%;100.00%;0.05;141.7582245;3;159.6834717;0.03;0.02;67.85105896;0.76160661;98.00%;2.604609966;0.1;0.1;2.5;80.00%;0.9;0.85;33639.82449;5337.767599;38977.59208;6.814066599;1000;0.2;800
60.82%;7.58%;17.48%;0.59%;0.52%;0.44%;0.08%;0.21%;0.02%;12.27%;228.416657;64.15837282;47.66515593;810.2000274;83.71%;552.7672571;314.955555;60.09551775;74.98364016;0.07498364;18.6709264;70.87919153;49.21526115;538.2852138;777.4416619;649.0168271;586.4766321;;51.11540985;1.2;80.00%;99.92%;0.05;143.8187866;3;157.4933624;0.03;0.02;61.40135574;0.736686607;98.00%;2.900068283;0.1;0.1;2.5;80.00%;0.9;0.85;30047.75887;5315.939365;35363.69824;8.027383875;1000;0.2;800
60.89%;5.55%;13.64%;0.47%;0.28%;0.40%;0.06%;0.33%;0.04%;18.35%;257.5048298;63.94724782;45.77844645;986.2705879;80.31%;597.8650589;358.8322226;60.57578068;71.75571069;0.071755711;17.86717196;67.82795222;49.59959573;546.8309937;671.7062531;571.5070279;507.4278915;;65.76692963;1.2;80.00%;100.00%;0.05;145.1371155;3;143.6825714;0.03;0.02;58.03639221;0.771414276;98.00%;2.499417543;0.1;0.1;2.5;80.00%;0.9;0.85;30287.89034;5087.096416;35374.98676;10.97070864;1000;0.2;800
57.99%;6.99%;18.90%;0.33%;0.95%;0.81%;0.19%;0.57%;0.10%;13.18%;257.7784837;78.49950447;33.93594726;890.7916768;91.14%;679.193815;365.5350636;5.654412711;52.56021176;0.052560212;13.08749273;49.683175;33.99760043;512.031797;509.9571416;449.6096548;386.3460409;;56.09453583;1.2;80.00%;98.31%;0.05;143.9742126;3;154.7786255;0.03;0.02;69.8922348;0.788178812;98.00%;2.324433804;0.1;0.1;2.5;80.00%;0.9;0.85;2827.206355;3726.238125;6553.444481;8.292515043;1000;0.2;800
52.25%;3.17%;20.19%;0.54%;0.35%;0.51%;0.14%;0.21%;0.13%;22.51%;245.517076;74.5871323;42.33166599;783.6775893;89.46%;634.9676523;337.7136358;51.22607347;66.22783497;0.066227835;16.49073091;62.60266093;45.15833607;543.385698;687.5371866;569.3804178;519.2082594;;53.0268364;1.2;80.00%;99.91%;0.05;140.325119;3;148.1550598;0.03;0.02;52.81713486;0.724965951;98.00%;2.802569389;0.1;0.1;2.5;80.00%;0.9;0.85;25613.03674;4695.19957;30308.2363;16.50230525;1000;0.2;800
61.91%;2.72%;21.15%;2.04%;0.28%;0.39%;0.27%;0.33%;0.06%;10.85%;221.2013432;63.57557804;19.73035166;851.2059405;86.73%;554.6278263;318.1386329;42.70972659;29.98391006;0.02998391;7.465993605;28.34265314;13.06676752;369.5773225;501.2183122;561.1755593;379.4366338;;70.06843567;1.2;80.00%;99.25%;0.05;148.2187195;3;158.2324982;0.03;0.02;67.76795959;0.81225286;98.00%;2.157479763;0.1;0.1;2.5;80.00%;0.9;0.85;21354.8633;2125.698985;23480.56228;22.73259825;1000;0.2;800
62.15%;3.21%;24.63%;2.31%;1.38%;0.54%;0.17%;0.58%;0.10%;4.94%;262.0990313;77.10138524;17.34118866;766.6646873;98.64%;747.4649385;377.5854021;25.1394294;25.79060096;0.025790601;6.421859638;24.37887706;16.52098309;443.1819985;524.0842545;546.7982765;397.0362242;;62.02794266;1.2;80.00%;99.69%;0.05;140.2440186;3;159.3204498;0.03;0.02;62.28484726;0.737175223;98.00%;2.687832594;0.1;0.1;2.5;80.00%;0.9;0.85;12569.7147;1828.415779;14398.13048;19.36558019;1000;0.2;800
50.40%;7.37%;19.32%;2.48%;0.34%;0.40%;0.05%;0.38%;0.04%;19.21%;263.1461791;64.95818718;20.15664339;925.2049546;85.81%;652.8242951;379.314853;71.19857238;30.39566702;0.030395667;7.568521088;28.73187138;12.88988055;416.577388;610.5487788;669.1237054;461.7405471;;59.23430634;1.2;80.00%;98.18%;0.05;141.4906616;3;151.974823;0.03;0.02;61.41890717;0.76683621;98.00%;2.628148079;0.1;0.1;2.5;80.00%;0.9;0.85;35599.28619;2154.890353;37754.17654;6.837941295;1000;0.2;800
59.12%;2.01%;22.14%;1.09%;0.29%;0.51%;0.12%;0.10%;0.02%;14.60%;213.3733363;85.50914981;44.4635863;835.9203655;92.18%;568.648515;289.4565662;0.683565352;69.80072005;0.06980072;17.38037929;65.9799737;57.6194308;525.9003789;735.5440017;597.2406848;555.2753994;;60.83512878;1.2;80.00%;98.77%;0.05;142.5909119;3;154.7458649;0.03;0.02;62.48810959;0.771359189;98.00%;2.435419559;0.1;0.1;2.5;80.00%;0.9;0.85;341.7826762;4948.498028;5290.280704;29.39759413;1000;0.2;800
52.82%;7.26%;23.10%;2.90%;0.62%;0.43%;0.19%;0.15%;0.06%;12.47%;250.2875729;63.99445456;13.0542219;801.0537368;91.23%;660.1598753;360.5925051;56.02956257;19.04463352;0.019044634;4.742113748;18.00216987;2.555746584;377.0793462;491.4838581;575.9235512;372.3223776;;52.02080154;1.2;80.00%;99.11%;0.05;144.0506744;3;148.1918945;0.03;0.02;53.03623962;0.765824625;98.00%;2.595265388;0.1;0.1;2.5;80.00%;0.9;0.85;28014.78128;1350.16274;29364.94402;7.271404789;1000;0.2;800
55.19%;6.75%;20.85%;0.50%;1.46%;0.56%;0.08%;0.58%;0.13%;13.90%;223.6282681;72.51836423;43.83494467;816.3247301;87.61%;566.4106057;307.2880037;15.71774332;68.79446559;0.068794466;17.12982193;65.02879952;56.56837746;521.3842263;788.7184263;671.4026171;595.039151;;66.26815796;1.2;80.00%;99.97%;0.05;146.5571289;3;143.0335999;0.03;0.02;56.37003708;0.811295254;98.00%;2.291363001;0.1;0.1;2.5;80.00%;0.9;0.85;7858.871661;4877.159964;12736.03163;8.17723397;1000;0.2;800
57.96%;6.23%;15.21%;2.40%;0.99%;0.81%;0.09%;0.59%;0.08%;15.64%;233.6612787;64.08559585;40.82437921;724.7845775;90.73%;612.9302993;326.1249602;16.88088447;63.91833414;0.063918334;15.9156652;60.41957737;35.85030571;524.2597224;692.855062;586.454027;523.0596268;;69.94739532;1.2;80.00%;98.80%;0.05;144.4503937;3;149.3238983;0.03;0.02;54.04940033;0.796080463;98.00%;2.531914234;0.1;0.1;2.5;80.00%;0.9;0.85;8440.442236;4531.468303;12971.91054;9.296737048;1000;0.2;800
50.63%;2.04%;21.27%;0.72%;1.42%;0.70%;0.03%;0.58%;0.04%;22.58%;245.4096232;53.57961808;37.79933162;792.9024701;85.11%;603.837482;341.3042061;61.17815762;59.04813211;0.059048132;14.7029849;55.81596008;35.85833758;501.7153531;620.7076458;553.1623994;468.8514022;;52.88605118;1.2;80.00%;97.55%;0.05;142.0467987;3;148.5085907;0.03;0.02;59.7057724;0.806679888;98.00%;2.576890945;0.1;0.1;2.5;80.00%;0.9;0.85;30589.07881;4186.197006;34775.27582;24.85406258;1000;0.2;800
51.46%;6.01%;16.95%;0.35%;1.01%;0.39%;0.20%;0.08%;0.07%;23.48%;214.3490171;57.78546417;13.03052238;737.9177299;95.06%;589.0602734;304.181046;30.97960039;19.29164367;0.019291644;4.803619274;18.23565919;-4.2034258;344.9418015;491.8294967;564.2697091;372.2380812;;64.73374939;1.2;80.00%;99.72%;0.05;145.0012054;3;155.2524261;0.03;0.02;63.56361389;0.77994666;98.00%;2.759811878;0.1;0.1;2.5;80.00%;0.9;0.85;15489.8002;1367.674439;16857.47463;8.559963527;1000;0.2;800
52.04%;2.63%;12.03%;1.24%;1.43%;0.69%;0.25%;0.26%;0.12%;29.31%;217.8919323;52.95338907;36.38756654;791.68765;85.12%;536.2257268;304.2363763;59.43240682;56.93959304;0.056939593;14.17795867;53.82283805;42.15365267;462.7864691;581.9855842;527.6078524;439.7107805;;68.22145844;1.2;80.00%;99.34%;0.05;141.3957825;3;140.9059753;0.03;0.02;52.04000092;0.760107426;98.00%;2.047801733;0.1;0.1;2.5;80.00%;0.9;0.85;29716.20341;4036.712854;33752.91626;19.77067015;1000;0.2;800
56.70%;7.75%;14.10%;2.17%;0.70%;0.59%;0.27%;0.44%;0.02%;17.27%;220.3486603;56.21349376;16.55942003;601.4264752;88.94%;566.5560157;316.7114555;16.86794129;24.93068129;0.024930681;6.207739642;23.56602761;1.425210814;356.2956116;363.6764839;436.4239767;276.2050337;;61.65909576;1.2;80.00%;94.39%;0.05;149.7430267;3;155.4879913;0.03;0.02;51.79738235;0.8156704;98.00%;2.933681488;0.1;0.1;2.5;80.00%;0.9;0.85;8433.970646;1767.452071;10201.42272;7.318541731;1000;0.2;800
52.07%;3.77%;20.89%;1.46%;0.36%;0.82%;0.06%;0.24%;0.09%;20.25%;240.0680718;66.05819928;46.67674254;919.8602778;86.25%;598.6235488;315.7331707;54.12861341;73.37615889;0.073376159;18.27066356;69.35970045;59.1493096;553.7179722;700.0211375;552.7115994;528.3278556;;54.2650528;1.2;80.00%;100.00%;0.05;143.5902405;3;150.0585022;0.03;0.02;52.6244278;0.816187639;98.00%;2.503839016;0.1;0.1;2.5;80.00%;0.9;0.85;27064.3067;5201.977534;32266.28424;13.79525338;1000;0.2;800
53.21%;2.16%;16.01%;1.07%;0.49%;0.82%;0.01%;0.35%;0.09%;25.77%;220.4425364;50.93764587;23.24957606;722.7692984;92.17%;587.4203977;315.4891151;29.02400797;35.74463284;0.035744633;8.900413576;33.78804592;17.12861814;406.2492434;560.8649389;576.3211124;423.993668;;59.17161942;1.2;80.00%;99.87%;0.05;144.9130554;3;146.3574677;0.03;0.02;68.52000427;0.813157025;98.00%;2.775630951;0.1;0.1;2.5;80.00%;0.9;0.85;14512.00399;2534.103444;17046.10743;24.59026544;1000;0.2;800
54.49%;4.64%;12.96%;2.03%;0.35%;0.77%;0.14%;0.12%;0.04%;24.47%;225.2962096;49.82391405;13.80730635;811.8881259;93.70%;610.2868215;327.081974;34.74128321;20.49442751;0.020494428;5.103112449;19.37260514;8.724172096;359.2434587;400.6404054;476.7934337;303.8504274;;50.19986725;1.2;80.00%;99.55%;0.05;140.9855499;3;145.5840759;0.03;0.02;61.35529327;0.73279683;98.00%;2.648066759;0.1;0.1;2.5;80.00%;0.9;0.85;17370.6416;1452.945385;18823.58699;11.73538706;1000;0.2;800
52.59%;6.83%;13.97%;1.71%;1.45%;0.87%;0.15%;0.54%;0.02%;21.87%;230.7043827;52.74307432;28.39732561;793.3045779;81.29%;542.2141576;326.7182248;62.78312912;43.97476726;0.043974767;10.94971705;41.56767989;34.96933001;416.5602825;485.6525661;501.9972136;367.5605077;;59.74782562;1.2;80.00%;99.69%;0.05;141.9144897;3;153.1916809;0.03;0.02;56.48903275;0.771650449;98.00%;2.059524059;0.1;0.1;2.5;80.00%;0.9;0.85;31391.56456;3117.575992;34509.14055;7.703080718;1000;0.2;800
60.94%;7.45%;13.16%;1.41%;0.32%;0.73%;0.23%;0.33%;0.11%;15.33%;222.6730533;72.56599808;41.27326447;648.2630713;89.40%;575.5413897;308.8138445;46.60742464;64.66188165;0.064661882;16.10080853;61.12242463;41.29756598;509.9423539;610.5039286;506.1120993;461.3047259;;51.38570786;1.2;80.00%;98.94%;0.05;148.5249481;3;141.5733032;0.03;0.02;64.71086884;0.795506765;98.00%;2.19624424;0.1;0.1;2.5;80.00%;0.9;0.85;23303.71232;4584.181847;27887.89417;8.181833241;1000;0.2;800
51.91%;7.55%;20.82%;0.59%;0.77%;0.66%;0.30%;0.24%;0.08%;17.09%;258.0042911;63.1240429;45.01309979;741.0080508;85.97%;641.2359413;356.6886877;11.97631587;70.53772171;0.070537722;17.56389271;66.67663342;51.99976639;562.6239909;625.7719112;503.7494373;472.9041986;;57.00190353;1.2;80.00%;100.00%;0.05;142.7852783;3;157.5128479;0.03;0.02;69.88782501;0.753772674;98.00%;2.845359325;0.1;0.1;2.5;80.00%;0.9;0.85;5988.157936;5000.747507;10988.90544;6.876787896;1000;0.2;800
61.02%;5.14%;24.01%;1.25%;1.03%;0.60%;0.14%;0.42%;0.03%;6.35%;219.7642814;61.56859849;45.45096858;850.95078;82.90%;526.6997568;303.2322494;79.2495184;71.48527641;0.071485276;17.79983383;67.57232095;48.20930961;513.433576;728.0535428;617.2024202;549.2578756;;74.59350586;1.2;80.00%;99.76%;0.05;145.4582977;3;146.2769012;0.03;0.02;66.68895721;0.724908586;98.00%;2.236201048;0.1;0.1;2.5;80.00%;0.9;0.85;39624.7592;5067.924071;44692.68327;11.88018235;1000;0.2;800
60.59%;5.40%;22.78%;2.84%;1.37%;0.31%;0.16%;0.39%;0.11%;6.04%;258.3321762;63.45830565;31.44546739;758.106346;81.85%;611.2611144;366.7670026;45.7615917;48.64077864;0.048640779;12.11155388;45.97828351;24.27782084;466.0626151;674.8375405;669.7983798;509.8324055;;54.04512405;1.2;80.00%;96.56%;0.05;148.1669006;3;149.2220917;0.03;0.02;57.76301575;0.743228235;98.00%;2.963641167;0.1;0.1;2.5;80.00%;0.9;0.85;22880.79585;3448.371263;26329.16711;11.21806062;1000;0.2;800
53.97%;3.23%;24.56%;1.63%;0.46%;0.77%;0.24%;0.09%;0.08%;14.98%;256.5209222;84.99769683;33.05089716;1051.9165;87.65%;650.0523826;352.2884864;42.74831482;51.15052941;0.051150529;12.73648182;48.35065573;28.23326162;493.4877695;717.7068334;667.0884494;542.082909;;54.48971558;1.2;80.00%;100.00%;0.05;149.5608826;3;156.7932434;0.03;0.02;64.74438477;0.78941411;98.00%;2.837212086;0.1;0.1;2.5;80.00%;0.9;0.85;21374.15741;3626.29918;25000.45659;16.71288194;1000;0.2;800
60.85%;6.88%;12.61%;1.20%;0.59%;0.90%;0.20%;0.47%;0.09%;16.22%;228.4863574;82.62138821;20.20679314;942.7490868;100.31%;662.6113043;329.0372557;32.93761578;30.5811668;0.030581167;7.614710533;28.90721728;15.61120635;421.9677432;592.2146063;598.3933378;447.9116417;;63.0952034;1.2;80.00%;100.00%;0.05;147.7731171;3;143.7869568;0.03;0.02;52.46201324;0.753904958;98.00%;2.74975872;0.1;0.1;2.5;80.00%;0.9;0.85;16468.80789;2168.041296;18636.84919;8.849886643;1000;0.2;800
59.83%;4.29%;24.64%;2.32%;0.71%;0.32%;0.26%;0.40%;0.05%;7.19%;257.6464263;65.88090684;41.67444484;941.5644916;83.71%;623.5161215;361.3845571;24.89598869;65.12257098;0.065122571;16.21552017;61.55789679;51.12416614;533.9545346;581.1668781;495.9293241;439.5455092;;71.37065125;1.2;80.00%;99.65%;0.05;143.8520966;3;158.7559052;0.03;0.02;50.7265358;0.81387459;98.00%;2.909372568;0.1;0.1;2.5;80.00%;0.9;0.85;12447.99434;4616.842259;17064.8366;13.96239173;1000;0.2;800
55.61%;2.65%;12.91%;2.45%;0.33%;0.81%;0.02%;0.28%;0.02%;24.92%;253.3069772;75.07199625;26.47375659;1009.04716;96.94%;709.9008393;361.4749171;39.86654154;40.58190752;0.040581908;10.10489497;38.36053824;20.4507654;481.5378093;656.7034257;624.2831751;496.3095538;;61.33566666;1.2;80.00%;97.90%;0.05;143.3586731;3;144.4288483;0.03;0.02;63.07051086;0.821382826;98.00%;2.028357029;0.1;0.1;2.5;80.00%;0.9;0.85;19933.27077;2877.040368;22810.31114;20.9663701;1000;0.2;800
50.09%;6.98%;18.38%;2.06%;0.28%;0.77%;0.21%;0.28%;0.15%;20.81%;235.4231216;61.08147102;16.74158478;629.2820436;95.61%;650.7177259;334.0861956;-0.439840389;25.11718643;0.025117186;6.25417942;23.74232384;13.45510533;395.3522123;411.2705342;452.4746382;312.0538483;;60.14689636;1.2;80.00%;98.50%;0.05;145.8142548;3;151.0210724;0.03;0.02;56.81678772;0.762810856;98.00%;2.312973022;0.1;0.1;2.5;80.00%;0.9;0.85;219.9201943;1780.674288;2000.594482;7.173446167;1000;0.2;800
49.83%;6.49%;24.80%;2.30%;1.40%;0.90%;0.09%;0.27%;0.10%;13.81%;212.0873344;53.4199623;42.05941455;644.4198114;81.32%;498.5988908;289.5411153;59.45125861;66.13509976;0.0661351;16.46763984;62.51500185;55.61544999;480.07479;698.4947495;613.7022056;526.9770792;;53.02524948;1.2;80.00%;99.80%;0.05;144.1881104;3;149.3106232;0.03;0.02;53.84998322;0.793600712;98.00%;2.347715855;0.1;0.1;2.5;80.00%;0.9;0.85;29725.6293;4688.625139;34414.25444;7.675120122;1000;0.2;800
49.86%;6.84%;18.88%;1.29%;0.36%;0.67%;0.22%;0.14%;0.11%;21.63%;210.9895768;57.31741595;39.2011376;668.7761466;87.76%;535.3435647;292.8408684;32.46060261;61.49232906;0.061492329;15.31158994;58.12636676;34.53522332;479.2839243;773.5267351;690.7842078;583.3736355;;50.57767487;1.2;80.00%;99.96%;0.05;149.1112823;3;155.3550873;0.03;0.02;66.46607971;0.807359653;98.00%;2.217874289;0.1;0.1;2.5;80.00%;0.9;0.85;16230.3013;4359.477507;20589.77881;7.293962;1000;0.2;800
49.53%;4.77%;18.71%;2.14%;0.55%;0.48%;0.29%;0.45%;0.04%;23.04%;211.0848156;51.96948858;41.19190731;618.068827;86.80%;529.6710268;292.3901493;48.24275464;64.73492062;0.064734921;16.11899524;61.19146561;46.77089298;489.1979384;672.6712948;578.9116795;507.6516981;;62.85724258;1.2;80.00%;100.00%;0.05;145.0044708;3;143.7240295;0.03;0.02;67.67518616;0.744249642;98.00%;2.464120865;0.1;0.1;2.5;80.00%;0.9;0.85;24121.37732;4589.35992;28710.73724;10.37712063;1000;0.2;800
61.48%;5.02%;18.26%;2.80%;1.47%;0.32%;0.19%;0.25%;0.07%;10.14%;209.7099468;47.42026453;29.05868705;673.7007535;81.80%;495.9136407;296.6029188;31.86505816;45.20508473;0.045205085;11.2560661;42.73065234;26.18441937;400.1610731;582.879198;592.9558587;440.3704767;;63.75520706;1.2;80.00%;98.85%;0.05;147.8075256;3;151.121994;0.03;0.02;50.33236694;0.737283326;98.00%;2.712882519;0.1;0.1;2.5;80.00%;0.9;0.85;15932.52908;3204.798925;19137.328;12.24268951;1000;0.2;800
50.09%;5.13%;19.54%;1.81%;0.42%;0.77%;0.29%;0.33%;0.06%;21.56%;260.2952723;62.70850025;30.77100705;916.7613611;82.50%;620.8022723;366.8065698;61.522436;47.55920296;0.047559203;11.84224154;44.95591103;24.71077003;466.4953409;603.572666;597.4614693;456.3387709;;60.56889725;1.2;80.00%;99.84%;0.05;146.4980469;3;157.2772217;0.03;0.02;54.47165298;0.822812839;98.00%;2.076242447;0.1;0.1;2.5;80.00%;0.9;0.85;30761.218;3371.693327;34132.91133;9.773501985;1000;0.2;800
61.74%;5.85%;15.84%;2.03%;0.37%;0.70%;0.26%;0.31%;0.04%;12.85%;212.0880914;81.2713885;31.27107717;653.6041888;102.46%;628.251619;298.6370273;13.09537881;48.54127743;0.048541277;12.08677808;45.88422879;33.60397023;473.8726588;612.4345099;536.0075147;462.9099286;;64.8391037;1.2;80.00%;99.96%;0.05;143.086441;3;154.9709473;0.03;0.02;67.21813965;0.804887654;98.00%;2.665124178;0.1;0.1;2.5;80.00%;0.9;0.85;6547.689404;3441.317159;9989.006563;10.55073162;1000;0.2;800
56.23%;2.21%;12.99%;1.27%;0.98%;0.64%;0.27%;0.32%;0.12%;24.97%;261.4132057;51.10831918;35.61566007;875.5756894;86.15%;651.1026778;369.878942;47.35682806;55.42300505;0.055423005;13.80032826;52.38926493;40.31657701;510.2985831;589.8158443;536.8442022;445.9163343;;66.80077362;1.2;80.00%;98.58%;0.05;148.2751617;3;146.0822754;0.03;0.02;64.65320587;0.74000912;98.00%;2.809506893;0.1;0.1;2.5;80.00%;0.9;0.85;23678.41403;3929.19487;27607.6089;25.39323574;1000;0.2;800
58.51%;2.85%;23.65%;2.84%;1.07%;0.51%;0.08%;0.30%;0.11%;10.08%;238.0470602;59.1624843;14.17839893;876.7541576;86.45%;594.9817791;341.4235877;40.1455916;20.96958814;0.020969588;5.221427447;19.82175647;1.541129166;354.5604329;366.1111907;461.6519647;278.1755393;;72.04071808;1.2;80.00%;99.49%;0.05;142.4694061;3;145.5237579;0.03;0.02;50.0079155;0.754378217;98.00%;2.829421043;0.1;0.1;2.5;80.00%;0.9;0.85;20072.7958;1486.631735;21559.42753;20.51857331;1000;0.2;800
49.35%;3.63%;24.17%;2.99%;1.32%;0.32%;0.02%;0.34%;0.13%;17.72%;247.7039354;76.84616288;18.03783256;969.1228444;92.60%;663.1045135;356.8858662;35.17750713;27.00417222;0.027004172;6.724038883;25.52601996;13.01207865;408.3392885;582.7739887;629.0657323;440.8778928;;65.20612335;1.2;80.00%;94.80%;0.05;144.3269196;3;159.942627;0.03;0.02;67.55944824;0.824413205;98.00%;2.450475216;0.1;0.1;2.5;80.00%;0.9;0.85;17588.75356;1914.451497;19503.20506;13.58009046;1000;0.2;800
52.86%;5.47%;23.19%;1.01%;1.14%;0.78%;0.05%;0.27%;0.14%;15.10%;208.9330462;79.64450071;22.45399571;735.9142583;101.26%;611.6600948;284.0267062;34.07612347;34.41514439;0.034415144;8.569370953;32.53133091;16.93631852;412.362533;663.0973149;641.9477922;500.7983875;;71.8575592;1.2;80.00%;99.33%;0.05;141.5344086;3;153.062439;0.03;0.02;56.60575485;0.738373441;98.00%;2.207665205;0.1;0.1;2.5;80.00%;0.9;0.85;17038.06174;2439.849818;19477.91155;9.661357572;1000;0.2;800
56.51%;5.43%;17.49%;1.18%;0.46%;0.84%;0.11%;0.37%;0.11%;17.50%;223.7801607;49.25129808;33.21357617;635.6125579;79.72%;515.7762847;313.410422;51.49673997;51.81178423;0.051811784;12.90113427;48.97571484;33.38642603;433.6639019;679.2709887;666.8768249;512.7839928;;70.81028748;1.2;80.00%;95.32%;0.05;140.9979248;3;154.5406647;0.03;0.02;54.89325714;0.794898932;98.00%;2.431214333;0.1;0.1;2.5;80.00%;0.9;0.85;25748.36999;3673.178613;29421.5486;10.40156761;1000;0.2;800
60.77%;2.42%;16.36%;1.35%;0.82%;0.89%;0.04%;0.38%;0.07%;16.88%;239.2518794;67.15898922;33.08915554;767.1017376;88.37%;611.2321615;323.5586939;33.97599278;51.45193169;0.051451932;12.81153099;48.63555988;35.23888551;476.5625577;623.8722521;568.3654391;471.4317417;;65.55763245;1.2;80.00%;95.46%;0.05;148.1348572;3;154.2166138;0.03;0.02;65.87273407;0.802585533;98.00%;2.658194065;0.1;0.1;2.5;80.00%;0.9;0.85;16987.99639;3647.666991;20635.66338;25.07137752;1000;0.2;800
54.78%;1.76%;20.72%;2.12%;1.05%;0.75%;0.20%;0.41%;0.03%;18.17%;257.2904288;58.89431513;15.4540594;856.5140044;89.83%;668.1933172;357.5513145;43.79639199;22.95570088;0.022955701;5.71596952;21.69915353;5.42227255;395.3466107;465.9478739;527.5184168;353.1056555;;54.62004089;1.2;80.00%;99.85%;0.05;147.4550323;3;148.6251678;0.03;0.02;69.15829468;0.747691548;98.00%;2.56367588;0.1;0.1;2.5;80.00%;0.9;0.85;21898.19599;1627.436514;23525.63251;31.10638965;1000;0.2;800
54.27%;4.65%;14.72%;2.53%;1.22%;0.89%;0.03%;0.49%;0.09%;21.12%;231.9425634;61.55253944;11.51491241;799.2003699;90.06%;603.8879205;338.0541617;41.25018289;16.67922885;0.016679229;4.153127984;15.76624253;3.066711248;342.3466153;472.0574506;577.3696234;357.658892;;71.91381836;1.2;80.00%;100.00%;0.05;149.1182709;3;151.6510773;0.03;0.02;58.56447983;0.729225009;98.00%;2.755165339;0.1;0.1;2.5;80.00%;0.9;0.85;20625.09145;1182.46819;21807.55964;11.67871437;1000;0.2;800
61.18%;2.64%;18.42%;1.00%;0.79%;0.51%;0.12%;0.23%;0.07%;15.04%;229.7855071;75.04880488;28.50981288;895.8590279;88.16%;585.6577614;326.7346406;56.32030522;44.01216369;0.044012164;10.95902876;41.60302931;28.70995841;436.5173732;527.113365;519.1932665;398.9366211;;74.48297119;1.2;80.00%;99.43%;0.05;148.6561279;3;146.198822;0.03;0.02;57.09650421;0.785567648;98.00%;2.024067402;0.1;0.1;2.5;80.00%;0.9;0.85;28160.15261;3120.227199;31280.37981;23.13320889;1000;0.2;800
60.09%;5.39%;18.99%;1.85%;0.30%;0.48%;0.05%;0.37%;0.14%;12.35%;259.0239322;79.75633425;16.88010603;720.1667234;96.66%;723.8427793;373.9714553;8.938417791;25.04662049;0.02504662;6.236608501;23.67562053;9.053515543;429.107823;458.5459979;494.5978589;347.8868905;;61.18826294;1.2;80.00%;98.49%;0.05;149.5450897;3;158.7532654;0.03;0.02;63.26862335;0.79267358;98.00%;2.897932053;0.1;0.1;2.5;80.00%;0.9;0.85;4469.208895;1775.67154;6244.880435;11.15558631;1000;0.2;800
58.05%;7.88%;17.45%;0.84%;0.50%;0.30%;0.06%;0.18%;0.10%;14.64%;254.4110059;73.54724813;32.93002609;997.1053201;91.52%;673.1467068;355.9049044;56.17124361;51.01391064;0.051013911;12.70246375;48.22151519;41.15392978;503.3806344;626.265415;566.6867128;473.3926593;;62.19687653;1.2;80.00%;100.00%;0.05;140.8188782;3;143.705719;0.03;0.02;68.12561035;0.761638806;98.00%;2.587231159;0.1;0.1;2.5;80.00%;0.9;0.85;28085.6218;3616.613639;31702.23544;7.364105133;1000;0.2;800
51.80%;6.91%;14.76%;0.74%;0.43%;0.32%;0.11%;0.14%;0.04%;24.74%;245.7783393;65.69575636;47.53802312;855.5078154;83.58%;593.9150943;340.7921242;14.05144437;74.65669295;0.074656693;18.58951654;70.57014073;57.01160198;555.875857;688.1738689;561.8729557;519.7109211;;70.36675262;1.2;80.00%;96.62%;0.05;144.4073639;3;149.320816;0.03;0.02;67.34235382;0.735168381;98.00%;2.670417547;0.1;0.1;2.5;80.00%;0.9;0.85;7025.722184;5292.760555;12318.48274;7.49920079;1000;0.2;800
62.00%;2.07%;24.94%;1.77%;1.16%;0.64%;0.02%;0.07%;0.11%;7.22%;219.3164772;68.69587427;41.6905833;803.1069732;82.10%;520.534262;295.0759804;54.22347415;65.41862357;0.065418624;16.28923727;61.83774408;44.40050083;487.2854687;618.7275544;529.8849017;467.3496938;;66.86911011;1.2;80.00%;97.41%;0.05;149.3894501;3;142.2188721;0.03;0.02;57.77661514;0.739576457;98.00%;2.11101532;0.1;0.1;2.5;80.00%;0.9;0.85;27111.73708;4637.830806;31749.56788;29.90509378;1000;0.2;800
55.50%;3.33%;23.49%;2.59%;1.27%;0.75%;0.05%;0.29%;0.07%;12.65%;262.4880368;68.85896942;13.47358593;722.0602767;87.05%;660.5937312;373.1689012;31.00764572;19.63403085;0.019634031;4.888873681;18.5593048;-3.044847657;379.2661144;566.7809132;660.4528684;428.9366141;;74.64306641;1.2;80.00%;99.56%;0.05;142.8475647;3;152.2489777;0.03;0.02;52.8498764;0.789385578;98.00%;2.450490475;0.1;0.1;2.5;80.00%;0.9;0.85;15503.82286;1391.94786;16895.77072;16.65773524;1000;0.2;800
56.27%;3.26%;16.30%;2.03%;1.36%;0.61%;0.21%;0.26%;0.09%;19.61%;234.9848311;85.50400514;20.84434997;834.8642504;100.15%;680.3605411;336.9377609;38.36050488;31.55505897;0.031555059;7.857209683;29.82780062;15.9717667;433.3752088;602.0926393;601.5306642;455.3164979;;54.52598572;1.2;80.00%;95.38%;0.05;149.511261;3;144.627655;0.03;0.02;56.13131332;0.812034871;98.00%;2.270652771;0.1;0.1;2.5;80.00%;0.9;0.85;19180.25244;2237.085047;21417.33749;17.27290671;1000;0.2;800
62.96%;4.10%;13.74%;0.37%;0.47%;0.68%;0.10%;0.08%;0.13%;17.38%;238.2557326;67.65659653;20.31443905;715.0692211;93.73%;645.6101533;328.1433807;3.772634183;30.85482263;0.030854823;7.682850835;29.16589377;12.37317134;415.0623406;507.2229348;521.657611;384.0141386;;65.15338135;1.2;80.00%;100.00%;0.05;144.8772736;3;151.2181549;0.03;0.02;57.49993134;0.797208569;98.00%;2.2693398;0.1;0.1;2.5;80.00%;0.9;0.85;1886.317092;2187.442032;4073.759124;15.36242492;1000;0.2;800
52.70%;2.70%;23.66%;2.38%;1.23%;0.77%;0.29%;0.28%;0.11%;15.89%;266.5516617;56.1815415;25.35700022;768.6672061;89.07%;686.3864198;382.8668161;34.77684852;38.81206441;0.038812064;9.664204039;36.68757267;27.16876584;463.6262444;440.835089;449.1250138;334.358228;;63.97212601;1.2;80.00%;98.97%;0.05;148.9937592;3;157.8253937;0.03;0.02;61.25976944;0.790616773;98.00%;2.543132305;0.1;0.1;2.5;80.00%;0.9;0.85;17388.42426;2751.56795;20139.99221;19.52082093;1000;0.2;800
60.26%;7.05%;23.64%;0.63%;0.86%;0.68%;0.09%;0.08%;0.13%;6.58%;223.1042273;65.25623983;16.99712886;777.349011;95.08%;613.278876;319.4344075;45.18593788;25.56553259;0.025565533;6.365817615;24.16612847;7.048378357;380.3679568;575.6493039;621.7454919;435.27153;;57.96062469;1.2;80.00%;99.99%;0.05;140.595993;3;149.3814545;0.03;0.02;60.58328629;0.772106911;98.00%;2.9208498;0.1;0.1;2.5;80.00%;0.9;0.85;22592.96894;1812.459635;24405.42857;8.550269368;1000;0.2;800
59.04%;3.78%;19.42%;2.97%;0.49%;0.36%;0.20%;0.23%;0.10%;13.41%;255.1306471;60.56052902;42.64992394;974.6636601;84.01%;619.6658865;357.1188823;36.13406609;66.74641685;0.066746417;16.6198578;63.09285671;51.45655854;538.0395592;748.1064721;654.7202864;564.66757;;68.89984894;1.2;80.00%;98.42%;0.05;143.7811737;3;159.8968048;0.03;0.02;57.6578331;0.77554344;98.00%;2.441577435;0.1;0.1;2.5;80.00%;0.9;0.85;18067.03305;4731.964253;22798.9973;15.63080022;1000;0.2;800
59.98%;5.64%;13.65%;1.50%;0.57%;0.87%;0.12%;0.36%;0.09%;17.22%;249.9805323;67.79661977;23.43876577;812.0302405;90.22%;651.9865306;353.7992006;65.9139887;35.77421388;0.035774214;8.907779256;33.81600776;17.37725367;436.5280703;568.2890768;581.5734717;429.8821928;;59.28884888;1.2;80.00%;98.50%;0.05;141.9098358;3;159.0520935;0.03;0.02;53.91025162;0.790001423;98.00%;2.320975065;0.1;0.1;2.5;80.00%;0.9;0.85;32956.99435;2536.200582;35493.19493;10.64315235;1000;0.2;800
49.97%;4.01%;24.15%;0.88%;0.52%;0.64%;0.21%;0.14%;0.15%;19.32%;253.9571703;70.01737448;34.37810672;788.5464406;89.83%;659.495439;354.5550284;36.35486408;53.37468479;0.053374685;13.29029651;50.45306547;39.17864448;506.1331887;552.5699284;490.0858816;418.175057;;71.24855042;1.2;80.00%;99.38%;0.05;145.9212189;3;152.3055115;0.03;0.02;59.68463135;0.807394849;98.00%;2.999617577;0.1;0.1;2.5;80.00%;0.9;0.85;18177.43204;3783.97991;21961.41195;12.45408765;1000;0.2;800
52.84%;4.27%;21.53%;1.53%;0.87%;0.34%;0.20%;0.43%;0.15%;17.84%;211.5781195;65.3527703;24.66656429;885.383153;96.22%;588.5393622;299.8619629;7.217094947;38.00178161;0.038001782;9.46244362;35.92164306;21.72338216;415.629076;616.5604021;607.8441828;465.9161793;;62.00762558;1.2;80.00%;98.38%;0.05;146.7503357;3;156.3909454;0.03;0.02;57.7481575;0.780048587;98.00%;2.117115498;0.1;0.1;2.5;80.00%;0.9;0.85;3608.547474;2694.12323;6302.670703;12.38231436;1000;0.2;800
53.42%;4.72%;22.68%;2.14%;0.54%;0.31%;0.08%;0.08%;0.06%;15.97%;223.7097788;52.67944389;26.15153764;614.8675373;86.62%;560.1852202;313.9753569;57.69094623;40.41366763;0.040413668;10.06300324;38.20150746;24.07126809;411.5953412;605.1874616;614.8897923;457.2172421;;50.81407166;1.2;80.00%;99.92%;0.05;144.033905;3;157.0815582;0.03;0.02;60.00008392;0.789554776;98.00%;2.505766869;0.1;0.1;2.5;80.00%;0.9;0.85;28845.47311;2865.113059;31710.58617;11.32837215;1000;0.2;800
60.83%;2.76%;21.57%;1.04%;0.62%;0.74%;0.21%;0.55%;0.04%;11.65%;226.1653208;58.69221718;28.82998635;758.4352019;89.98%;588.3521395;320.9211492;44.91244705;44.65844819;0.044658448;11.1199536;42.21393755;30.27241776;440.3259665;636.0671879;618.9986793;480.5040692;;73.36640167;1.2;80.00%;100.00%;0.05;145.7931366;3;141.0940857;0.03;0.02;61.75886917;0.77805203;98.00%;2.547491312;0.1;0.1;2.5;80.00%;0.9;0.85;22456.22353;3166.045316;25622.26884;22.06071213;1000;0.2;800
58.50%;2.76%;13.44%;1.38%;0.31%;0.56%;0.13%;0.30%;0.08%;22.55%;257.5639566;58.45092323;17.4578706;847.0366186;89.80%;668.6697121;373.5419438;16.59845228;26.11624193;0.026116242;6.502944241;24.68669312;11.35498686;407.8633932;518.0689408;580.1117497;392.2832999;;71.10806274;1.2;80.00%;96.38%;0.05;146.2802429;3;159.0088501;0.03;0.02;63.00238037;0.769542658;98.00%;2.487795353;0.1;0.1;2.5;80.00%;0.9;0.85;8299.226138;1851.501984;10150.72812;21.20005617;1000;0.2;800
53.93%;1.92%;21.09%;1.40%;0.97%;0.64%;0.24%;0.27%;0.02%;19.52%;247.6771605;70.83174184;17.44441616;818.4866;90.53%;648.2434355;346.2831877;74.18749774;26.13328901;0.026133289;6.507188963;24.70280708;17.34122849;398.2913525;419.4004144;467.9969024;318.189708;;73.97889709;1.2;80.00%;99.09%;0.05;141.6768036;3;141.0802002;0.03;0.02;50.9362793;0.76314316;98.00%;2.550518036;0.1;0.1;2.5;80.00%;0.9;0.85;37093.74887;1852.710531;38946.4594;28.10407386;1000;0.2;800
52.93%;3.48%;22.11%;0.69%;0.62%;0.90%;0.27%;0.48%;0.12%;18.40%;228.329973;71.90673119;12.46175275;811.4919656;94.80%;625.7654018;329.7542711;-5.169213717;18.17350814;0.018173508;4.525203527;17.17872808;4.494336475;358.1791985;476.295059;555.835309;360.9689259;;66.46738434;1.2;80.00%;92.35%;0.05;145.8309937;3;152.8127441;0.03;0.02;63.2654953;0.820453172;98.00%;2.947107792;0.1;0.1;2.5;80.00%;0.9;0.85;2584.606859;1288.404606;3873.011464;15.21262128;1000;0.2;800
52.19%;4.27%;17.15%;2.25%;0.50%;0.81%;0.15%;0.53%;0.14%;22.01%;224.0865451;71.81051676;21.55118171;885.5820983;94.72%;613.633015;298.1767861;35.43565093;32.95010858;0.032950109;8.204577035;31.14648811;22.75165492;408.3192366;619.440117;615.495214;467.983935;;58.0574379;1.2;80.00%;99.21%;0.05;140.7215118;3;142.1781311;0.03;0.02;56.54382324;0.761744811;98.00%;2.124181509;0.1;0.1;2.5;80.00%;0.9;0.85;17717.82546;2335.986608;20053.81207;12.22000675;1000;0.2;800
49.91%;2.69%;14.48%;1.68%;0.47%;0.40%;0.07%;0.24%;0.07%;29.99%;220.9638013;50.67311836;26.16054225;609.8470566;84.60%;540.4469982;312.4346265;31.83510497;40.44779114;0.040447791;10.07149999;38.23376311;28.07872444;402.4723251;549.4053746;568.72556;415.3499409;;60.41345215;1.2;80.00%;97.68%;0.05;148.8354492;3;155.3474884;0.03;0.02;68.97668457;0.795287807;98.00%;2.843114853;0.1;0.1;2.5;80.00%;0.9;0.85;15917.55248;2867.532233;18785.08472;18.52371246;1000;0.2;800
49.45%;3.38%;21.58%;2.10%;0.51%;0.26%;0.02%;0.34%;0.09%;22.27%;211.3205279;62.47671169;16.90001294;821.0329282;94.71%;578.6007887;298.3399151;60.54246494;25.51871367;0.025518714;6.354159705;24.12187232;12.78443443;363.6584727;419.4679826;466.2135245;317.9154349;;54.89738464;1.2;80.00%;100.00%;0.05;147.1478577;3;142.8144226;0.03;0.02;52.05195618;0.729814147;98.00%;2.935412884;0.1;0.1;2.5;80.00%;0.9;0.85;30271.23247;1809.140424;32080.37289;14.64381522;1000;0.2;800
62.57%;2.86%;20.50%;0.97%;0.61%;0.64%;0.24%;0.25%;0.10%;11.25%;209.3415461;55.62504861;20.88813018;831.5506204;85.22%;515.7760421;300.2209007;31.16550255;31.97763271;0.031977633;7.962430546;30.22724356;21.39335047;358.8643816;555.5549344;613.1594981;420.0181677;;65.26164246;1.2;80.00%;99.99%;0.05;144.8901825;3;142.7837372;0.03;0.02;50.37398148;0.815636388;98.00%;2.827611923;0.1;0.1;2.5;80.00%;0.9;0.85;15582.75128;2267.043267;17849.79454;21.8895551;1000;0.2;800
52.44%;7.30%;24.14%;2.46%;0.75%;0.54%;0.18%;0.22%;0.11%;11.85%;264.9009055;70.03895019;18.12495503;995.1261235;97.09%;743.5526051;384.0648206;-10.15492472;27.07021038;0.02707021;6.740482384;25.58844332;14.67233416;446.1238349;499.7137067;525.3304563;378.7226437;;56.61146545;1.2;80.00%;98.20%;0.05;149.7955475;3;153.7007294;0.03;0.02;54.07566833;0.822852291;98.00%;2.179463625;0.1;0.1;2.5;80.00%;0.9;0.85;5077.462359;1919.133249;6996.595608;7.18089372;1000;0.2;800
53.82%;4.83%;14.71%;2.88%;1.37%;0.57%;0.22%;0.27%;0.12%;21.22%;222.0399447;63.28320868;44.0157895;653.8690023;90.20%;579.0071025;302.3196264;45.5399162;69.16680807;0.069166808;17.22253521;65.38076074;54.32527168;528.5935821;810.1200109;679.1084018;610.8365019;;62.9806366;1.2;80.00%;100.00%;0.05;140.0077667;3;152.796051;0.03;0.02;53.18371201;0.806690749;98.00%;2.229150295;0.1;0.1;2.5;80.00%;0.9;0.85;22769.9581;4903.557056;27673.51516;11.1416117;1000;0.2;800
53.51%;5.21%;24.08%;1.57%;0.42%;0.71%;0.05%;0.23%;0.06%;14.15%;227.8565042;47.09041311;29.46571066;649.0270278;87.69%;577.6395417;323.3294448;44.3185598;45.74656971;0.04574657;11.39089586;43.24249756;19.30581267;439.8002162;533.437313;519.6192786;403.3790404;;52.11417007;1.2;80.00%;97.03%;0.05;141.3421936;3;142.5213623;0.03;0.02;68.3119812;0.810377276;98.00%;2.68928051;0.1;0.1;2.5;80.00%;0.9;0.85;22159.2799;3243.187317;25402.46722;10.2731404;1000;0.2;800
57.80%;7.78%;20.80%;2.50%;0.58%;0.43%;0.13%;0.55%;0.05%;9.39%;226.5678525;51.92333654;31.6798644;777.8108451;87.12%;570.6221228;311.3833998;16.81739225;49.33330233;0.049333302;12.28399228;46.63289989;34.70799026;449.6828047;704.4088086;669.3863428;531.5906478;;67.30182648;1.2;80.00%;99.37%;0.05;142.0855255;3;151.750412;0.03;0.02;57.05797195;0.733806835;98.00%;2.287415981;0.1;0.1;2.5;80.00%;0.9;0.85;8408.696127;3497.467492;11906.16362;7.434210607;1000;0.2;800
62.71%;7.05%;12.84%;2.63%;0.69%;0.70%;0.03%;0.41%;0.11%;12.82%;244.735103;50.16131561;46.83529893;708.2333454;75.76%;536.0538075;337.6269325;91.01351464;73.63877045;0.07363877;18.33605384;69.6079372;55.7385693;525.4814387;775.1339618;681.7124767;584.5784574;;67.35612488;1.2;80.00%;97.03%;0.05;140.0220795;3;143.6208344;0.03;0.02;60.4774437;0.792803705;98.00%;2.294880629;0.1;0.1;2.5;80.00%;0.9;0.85;45506.75732;5220.59529;50727.35261;8.891577597;1000;0.2;800
52.79%;4.19%;24.50%;2.52%;0.74%;0.35%;0.20%;0.13%;0.06%;14.51%;265.5099395;71.38758748;42.73752816;802.7508077;87.07%;668.3325914;362.2440171;17.14745559;66.79548131;0.066795481;16.63207485;63.13923549;43.81858571;560.5874033;638.8500201;522.6510034;482.8240636;;67.07865906;1.2;80.00%;93.94%;0.05;148.8743134;3;146.8916626;0.03;0.02;59.01213837;0.775987373;98.00%;2.637600899;0.1;0.1;2.5;80.00%;0.9;0.85;8573.727793;4735.442661;13309.17045;12.60778021;1000;0.2;800
59.48%;6.93%;12.02%;0.70%;1.35%;0.62%;0.24%;0.22%;0.04%;18.40%;223.5116548;65.17727358;25.69445587;779.6487657;87.46%;565.1400623;300.4509284;37.68811587;39.65579559;0.039655796;9.874293103;37.48511976;19.00967749;411.0345056;693.0730596;690.8166788;523.1523525;;61.80844879;1.2;80.00%;99.64%;0.05;143.8448029;3;152.6912689;0.03;0.02;52.24564743;0.783379468;98.00%;2.432726383;0.1;0.1;2.5;80.00%;0.9;0.85;18844.05794;2811.383982;21655.44192;8.582316934;1000;0.2;800
61.57%;2.54%;19.68%;0.49%;1.38%;0.55%;0.01%;0.16%;0.10%;13.50%;251.8481877;60.54430781;41.94857029;801.9557364;85.27%;620.8496472;351.444568;58.59305009;65.64163719;0.065641637;16.34476766;62.04855039;43.80408908;534.7746253;560.1729503;464.7178624;423.600558;;50.89603806;1.2;80.00%;99.25%;0.05;148.4472656;3;143.5310974;0.03;0.02;61.86238098;0.814762692;98.00%;2.044781685;0.1;0.1;2.5;80.00%;0.9;0.85;29296.52504;4653.641279;33950.16632;24.27830244;1000;0.2;800
59.83%;6.54%;23.64%;0.51%;0.26%;0.37%;0.18%;0.29%;0.13%;8.25%;260.689981;63.85851784;16.18393635;694.0488259;95.26%;717.9352079;376.0530326;6.614121678;24.01879116;0.024018791;5.980678999;22.70405245;-0.725113699;422.2626115;467.2498956;513.0678424;354.2410625;;56.19716644;1.2;80.00%;100.00%;0.05;147.3141937;3;146.4599609;0.03;0.02;62.18470383;0.769045184;98.00%;2.005100489;0.1;0.1;2.5;80.00%;0.9;0.85;3307.060839;1702.803934;5009.864773;9.150344745;1000;0.2;800
59.38%;6.04%;18.69%;1.45%;0.55%;0.28%;0.07%;0.32%;0.14%;13.07%;253.2889843;61.43474801;39.65280594;667.2987313;84.70%;620.2446064;355.9344353;46.75831895;61.91900496;0.061919005;15.41783224;58.52968731;51.98696764;520.3434828;719.4199661;643.9515509;543.0863302;;62.9296875;1.2;80.00%;99.99%;0.05;142.1685181;3;147.233902;0.03;0.02;67.66313934;0.767247032;98.00%;2.388290882;0.1;0.1;2.5;80.00%;0.9;0.85;23379.15948;4389.726549;27768.88602;9.825519477;1000;0.2;800
60.93%;7.75%;22.62%;1.99%;0.54%;0.74%;0.30%;0.51%;0.10%;4.51%;251.3947559;68.98423308;36.76965517;810.869883;87.51%;635.9896366;354.5725585;43.80899376;57.23290841;0.057232908;14.25099419;54.10009795;38.04058952;509.6898203;630.4445884;564.5586755;476.4462429;;66.4875412;1.2;80.00%;97.76%;0.05;140.6468811;3;147.3768463;0.03;0.02;51.69475555;0.737549159;98.00%;2.489480972;0.1;0.1;2.5;80.00%;0.9;0.85;21904.49688;4057.507346;25962.00423;7.859116165;1000;0.2;800
53.28%;6.08%;14.01%;1.08%;0.32%;0.34%;0.03%;0.18%;0.07%;24.61%;257.9480412;71.41676047;46.82174922;858.2758923;80.91%;603.3863807;351.8535737;49.00250066;73.41818584;0.073418186;18.28112827;69.39942693;54.35425864;556.149139;814.1780517;696.7605883;614.2315742;;65.0555191;1.2;80.00%;95.53%;0.05;140.1619568;3;151.0066681;0.03;0.02;56.14463806;0.817183696;98.00%;2.896095753;0.1;0.1;2.5;80.00%;0.9;0.85;24501.25033;5204.95702;29706.20735;8.764808274;1000;0.2;800
59.34%;6.85%;17.51%;2.98%;0.69%;0.60%;0.29%;0.45%;0.07%;11.22%;225.562949;78.88771777;36.87761879;917.5191405;95.04%;619.741642;303.1267573;17.74245932;57.56658492;0.057566585;14.33407965;54.4155097;38.03120658;503.3488807;582.0685286;477.7285146;440.0532067;;69.1184845;1.2;80.00%;96.21%;0.05;141.4912262;3;153.302063;0.03;0.02;55.94548798;0.797154918;98.00%;2.297916174;0.1;0.1;2.5;80.00%;0.9;0.85;8871.229659;4081.163228;12952.39289;8.665791333;1000;0.2;800
53.09%;3.18%;21.06%;2.46%;1.39%;0.40%;0.16%;0.26%;0.04%;17.94%;251.2204038;52.23998142;41.39020398;716.1913931;81.99%;595.4767546;339.615254;49.90433143;64.84728602;0.064847286;16.14697422;61.29768036;45.0043584;520.171767;712.8515658;624.6755408;538.0095302;;55.20901489;1.2;80.00%;96.24%;0.05;149.2799988;3;147.4849091;0.03;0.02;68.150383;0.798099059;98.00%;2.629169464;0.1;0.1;2.5;80.00%;0.9;0.85;24952.16571;4597.326027;29549.49174;16.67257721;1000;0.2;800
58.62%;3.33%;23.47%;2.64%;1.16%;0.33%;0.21%;0.40%;0.15%;9.69%;224.766289;56.63093445;19.79271304;767.3667483;90.08%;585.3243945;311.9481946;25.02965859;30.15598793;0.030155988;7.508840994;28.50531182;5.158764764;384.4592478;573.6172924;610.1665847;433.6076188;;72.48690796;1.2;80.00%;100.00%;0.05;149.1458893;3;152.1933594;0.03;0.02;59.81360626;0.734895989;98.00%;2.386399746;0.1;0.1;2.5;80.00%;0.9;0.85;12514.82929;2137.898386;14652.72768;17.61744588;1000;0.2;800
59.79%;3.72%;20.36%;0.60%;0.49%;0.51%;0.26%;0.45%;0.15%;13.68%;248.1957756;55.36006467;20.75469075;764.702856;83.64%;600.1840433;357.9572265;77.64609001;31.51349434;0.031513494;7.84686009;29.78851115;14.82199803;396.5655239;594.8369293;658.4232847;449.6623127;;66.99461365;1.2;80.00%;99.41%;0.05;143.5723419;3;146.1204987;0.03;0.02;54.07465744;0.779389825;98.00%;2.215869904;0.1;0.1;2.5;80.00%;0.9;0.85;38823.045;2234.138336;41057.18334;16.05656573;1000;0.2;800
52.52%;3.89%;12.50%;2.73%;1.34%;0.73%;0.18%;0.44%;0.06%;25.61%;253.1254077;79.50183195;23.19076891;777.2725339;94.78%;693.6041737;362.0078075;15.15202367;35.26372624;0.035263726;8.780667835;33.33346316;23.5067518;453.9669395;540.7878627;540.154036;409.4582978;;69.68209839;1.2;80.00%;97.38%;0.05;141.2787476;3;141.7936401;0.03;0.02;58.82035065;0.806617119;98.00%;2.114245653;0.1;0.1;2.5;80.00%;0.9;0.85;7576.011835;2500.009737;10076.02157;13.50224215;1000;0.2;800
57.41%;5.15%;19.85%;0.62%;0.58%;0.69%;0.11%;0.15%;0.10%;15.34%;222.3450673;72.93511211;24.00019139;656.0896109;96.72%;621.7127157;310.0345428;5.918552938;36.83551359;0.036835514;9.172042884;34.81921413;17.47851156;426.4862116;474.2921578;460.4887992;359.2213724;;50.5450592;1.2;80.00%;93.86%;0.05;147.2546844;3;155.3692627;0.03;0.02;67.30003357;0.784301518;98.00%;2.836310863;0.1;0.1;2.5;80.00%;0.9;0.85;2959.276469;2611.44106;5570.717529;11.13838785;1000;0.2;800
53.58%;2.01%;22.96%;1.44%;0.49%;0.75%;0.08%;0.16%;0.04%;18.49%;243.0424055;55.90975383;31.4071513;858.9777327;82.79%;581.7385724;324.9252079;77.11015873;48.80955423;0.048809554;12.153579;46.13782067;34.60167294;452.9681987;646.0549507;618.8074541;487.8300833;;72.47010803;1.2;80.00%;100.00%;0.05;143.1455383;3;154.318512;0.03;0.02;65.06899261;0.739558179;98.00%;2.353463173;0.1;0.1;2.5;80.00%;0.9;0.85;38555.07936;3460.33655;42015.41591;26.69241615;1000;0.2;800
50.44%;2.43%;16.52%;0.80%;1.40%;0.83%;0.28%;0.35%;0.01%;26.94%;226.845847;59.5287759;12.93312736;717.7822607;88.55%;580.7099109;330.2483255;58.41209858;19.01026051;0.019010261;4.733554868;17.96967836;4.848696736;340.1420049;504.0357895;605.931693;381.5834333;;59.63080215;1.2;80.00%;96.61%;0.05;140.177475;3;149.878418;0.03;0.02;62.63486862;0.752127052;98.00%;2.456740856;0.1;0.1;2.5;80.00%;0.9;0.85;29206.04929;1347.725877;30553.77517;20.80070885;1000;0.2;800
55.35%;4.64%;12.24%;1.57%;0.36%;0.74%;0.03%;0.13%;0.14%;24.80%;213.5720408;75.17105804;15.36882904;744.8106633;93.44%;576.910196;299.1571857;18.74728558;22.96737626;0.022967376;5.718876688;21.71018981;6.953285445;353.7500879;440.976419;500.2855954;334.3382551;;51.52813339;1.2;80.00%;97.80%;0.05;149.3086243;3;146.143692;0.03;0.02;58.18233109;0.764955182;98.00%;2.848131895;0.1;0.1;2.5;80.00%;0.9;0.85;9373.642792;1628.264236;11001.90703;11.91949479;1000;0.2;800
62.78%;2.50%;13.25%;1.21%;0.29%;0.63%;0.12%;0.16%;0.12%;18.93%;234.3586118;70.09649512;28.47038606;909.5080088;89.06%;603.3884349;326.5634646;32.71336684;43.9813131;0.043981313;10.95134696;41.57386743;34.43567412;444.5996623;482.393363;464.7099155;365.3448554;;70.0193634;1.2;80.00%;100.00%;0.05;145.794693;3;142.6740875;0.03;0.02;59.7507782;0.787375024;98.00%;2.313914299;0.1;0.1;2.5;80.00%;0.9;0.85;16356.68342;3118.040057;19474.72347;25.07486749;1000;0.2;800
54.02%;2.09%;24.81%;2.91%;0.50%;0.51%;0.25%;0.27%;0.05%;14.59%;265.7909875;68.584205;16.03979508;812.0718219;93.73%;720.2452239;386.4933742;2.498020161;23.71082836;0.023710828;5.903996263;22.4129469;11.78543176;422.411929;368.6564589;423.8149632;280.4397297;;57.9288559;1.2;80.00%;97.54%;0.05;147.8557892;3;152.4925537;0.03;0.02;61.24020767;0.779766294;98.00%;2.823776722;0.1;0.1;2.5;80.00%;0.9;0.85;1249.010081;1680.971017;2929.981098;25.88172412;1000;0.2;800
56.06%;1.52%;12.95%;1.90%;0.87%;0.46%;0.17%;0.22%;0.06%;25.80%;228.7156221;72.44186125;13.44012309;892.1154176;95.61%;632.2199365;324.7916131;49.28468462;19.76731799;0.019767318;4.92206218;18.68529609;10.23136596;367.1911916;579.4801839;643.5454953;438.1836914;;54.08469772;1.2;80.00%;100.00%;0.05;141.6325989;3;142.3488159;0.03;0.02;51.62018585;0.77223753;98.00%;2.649470329;0.1;0.1;2.5;80.00%;0.9;0.85;24642.34231;1401.397206;26043.73952;36.88086947;1000;0.2;800
59.56%;4.41%;12.41%;0.86%;0.26%;0.25%;0.19%;0.51%;0.03%;21.51%;237.3449071;66.34265032;10.14085645;853.7942118;94.60%;649.1485118;347.2612324;20.51792359;14.39540504;0.014395405;3.584455854;13.60743048;2.915836768;354.5699854;323.8920382;421.5015595;246.6104358;;50.87485504;1.2;80.00%;99.11%;0.05;147.118927;3;147.1236725;0.03;0.02;61.7169838;0.817536918;98.00%;2.846742868;0.1;0.1;2.5;80.00%;0.9;0.85;10258.96179;1020.557286;11279.51908;13.50392988;1000;0.2;800
61.63%;2.54%;15.90%;1.82%;0.71%;0.30%;0.26%;0.15%;0.12%;16.56%;252.1542693;70.97227296;27.18368193;967.7967978;95.57%;696.7143999;357.5495302;18.38527367;41.76873036;0.04176873;10.40041386;39.48239687;34.69773722;479.766211;448.9401722;415.5684396;340.4023547;;61.66659164;1.2;80.00%;100.00%;0.05;142.2584381;3;155.2490082;0.03;0.02;57.95378113;0.769816341;98.00%;2.694303989;0.1;0.1;2.5;80.00%;0.9;0.85;9192.636833;2961.179765;12153.8166;24.23402024;1000;0.2;800
54.39%;1.56%;21.57%;2.16%;0.99%;0.26%;0.03%;0.54%;0.10%;18.40%;260.9152332;58.59876241;16.21141401;904.4723927;89.00%;671.3759547;379.1491749;53.60912954;24.08347172;0.024083472;5.996784457;22.76519253;9.203993231;401.5780527;417.2570473;491.1690378;316.7077414;;56.68296051;1.2;80.00%;98.87%;0.05;144.8928528;3;147.0182343;0.03;0.02;57.41905212;0.78857631;98.00%;2.933570862;0.1;0.1;2.5;80.00%;0.9;0.85;26804.56477;1707.389439;28511.95421;34.90333182;1000;0.2;800
49.91%;2.48%;20.35%;1.23%;0.65%;0.27%;0.09%;0.51%;0.14%;24.36%;230.2752023;74.36368057;10.35933512;944.8648959;98.98%;658.9652331;332.9200009;11.02784346;14.75792875;0.014757929;3.674724259;13.9501104;1.473214818;360.1598381;479.9515455;558.0922955;363.7118676;;57.18002701;1.2;80.00%;99.81%;0.05;144.7492523;3;152.6625214;0.03;0.02;63.63803864;0.791136934;98.00%;2.902945042;0.1;0.1;2.5;80.00%;0.9;0.85;5513.921731;1046.25828;6560.180011;20.14415329;1000;0.2;800
53.55%;3.06%;20.31%;2.85%;1.11%;0.85%;0.20%;0.17%;0.05%;17.84%;211.3092981;65.8301623;15.65666986;861.3683619;97.36%;594.7906302;305.2408577;41.37019888;23.46468415;0.023464684;5.842706353;22.1802761;14.18559927;363.4594444;483.0654011;535.5401833;365.7402776;;59.01864624;1.2;80.00%;99.89%;0.05;140.1539917;3;142.0675812;0.03;0.02;67.42234802;0.759812737;98.00%;2.910371542;0.1;0.1;2.5;80.00%;0.9;0.85;20685.09944;1663.520708;22348.62015;17.50977347;1000;0.2;800
55.34%;6.59%;13.41%;1.96%;0.62%;0.62%;0.04%;0.54%;0.14%;20.74%;226.7329937;58.56095152;19.10070003;883.0271592;89.00%;583.3746806;326.5965336;25.2237428;28.96538581;0.028965386;7.212381068;27.37988079;14.0709809;379.1606132;538.5008388;593.9706507;407.3614963;;62.97454453;1.2;80.00%;96.98%;0.05;146.6605835;3;143.0061035;0.03;0.02;62.17271042;0.73912836;98.00%;2.437929153;0.1;0.1;2.5;80.00%;0.9;0.85;12611.8714;2053.491059;14665.36246;8.398544999;1000;0.2;800
56.35%;7.86%;14.14%;2.73%;1.49%;0.43%;0.14%;0.44%;0.11%;16.31%;234.2903749;68.12383246;39.87815516;769.2788187;82.23%;556.9511062;318.4939835;50.28638418;62.40157003;0.06240157;15.53799094;58.98583777;48.6022304;492.5855963;612.8672566;537.2735946;463.0284205;;70.38038635;1.2;80.00%;99.36%;0.05;147.2791901;3;149.7607574;0.03;0.02;68.00982666;0.767475246;98.00%;2.022201061;0.1;0.1;2.5;80.00%;0.9;0.85;25143.19209;4423.937833;29567.12992;7.171633326;1000;0.2;800
52.74%;5.65%;17.10%;2.90%;0.79%;0.53%;0.15%;0.40%;0.12%;19.61%;238.5574737;72.24951024;47.37599316;667.1680311;86.19%;594.4501636;328.2398537;49.24978576;74.4080757;0.074408076;18.52761085;70.33513227;46.7394517;555.3934415;675.6005677;537.7035594;510.1612974;;58.94364548;1.2;80.00%;98.92%;0.05;146.495224;3;149.0129089;0.03;0.02;64.10834503;0.735759159;98.00%;2.904176712;0.1;0.1;2.5;80.00%;0.9;0.85;24624.89288;5275.13492;29900.0278;9.334568572;1000;0.2;800
57.49%;1.78%;22.30%;1.08%;1.10%;0.42%;0.04%;0.46%;0.06%;15.27%;223.3045216;66.67120502;34.33218914;891.5238555;84.56%;545.8847111;310.9853313;46.23577713;53.5116558;0.053511656;13.32440229;50.58253898;30.28113676;454.2264683;621.8756212;582.5773009;469.8367162;;59.83402634;1.2;80.00%;99.90%;0.05;142.7644043;3;154.8719177;0.03;0.02;53.60897827;0.757067911;98.00%;2.792435884;0.1;0.1;2.5;80.00%;0.9;0.85;23117.88857;3793.690423;26911.57899;32.32379354;1000;0.2;800
61.27%;6.72%;20.81%;1.70%;0.54%;0.44%;0.26%;0.30%;0.06%;7.90%;243.3872236;72.00286199;11.70446292;931.9713256;93.58%;658.4651209;355.1121373;61.61697235;16.84304369;0.016843044;4.193917879;15.92109048;-2.971558773;367.8162654;477.1455987;566.584656;361.6123896;;63.3841362;1.2;80.00%;99.33%;0.05;146.6719971;3;149.9200134;0.03;0.02;50.48374557;0.808777469;98.00%;2.33336401;0.1;0.1;2.5;80.00%;0.9;0.85;30808.48617;1194.081786;32002.56796;9.121979778;1000;0.2;800
61.77%;2.11%;18.23%;1.54%;0.57%;0.28%;0.27%;0.41%;0.09%;14.72%;259.4004713;77.99710505;40.78601615;832.4158367;93.19%;698.8459383;362.1851821;7.092228855;63.61020256;0.063610203;15.83894044;60.12831227;52.6583045;563.2007331;707.8979181;587.2214474;534.7402082;;61.99719238;1.2;80.00%;99.65%;0.05;144.443512;3;154.1478729;0.03;0.02;62.72932053;0.822413811;98.00%;2.132147789;0.1;0.1;2.5;80.00%;0.9;0.85;3546.114428;4509.62342;8055.737848;29.21658461;1000;0.2;800
55.77%;7.02%;20.80%;2.62%;0.25%;0.54%;0.23%;0.28%;0.06%;12.44%;261.5215418;62.03267608;13.70612208;722.8764701;96.45%;729.205627;380.022597;25.32075413;20.02272325;0.020022723;4.98565809;18.92672099;2.36042029;413.0082213;435.79301;494.8831517;330.6680214;;70.10552979;1.2;80.00%;99.47%;0.05;148.9945068;3;148.6558533;0.03;0.02;51.2635231;0.764566301;98.00%;2.418302059;0.1;0.1;2.5;80.00%;0.9;0.85;12660.37706;1419.504075;14079.88114;7.94161375;1000;0.2;800
60.22%;6.33%;16.31%;0.98%;0.94%;0.82%;0.06%;0.32%;0.12%;13.89%;236.1399869;59.47209776;42.42058886;755.3253539;83.21%;568.0773194;327.4790799;36.6926191;66.512902;0.066512902;16.5617126;62.87212398;57.13365334;513.6469857;736.7871536;646.0842755;556.0120391;;67.27362823;1.2;80.00%;99.44%;0.05;143.2070007;3;145.995636;0.03;0.02;68.8999176;0.818954204;98.00%;2.699478865;0.1;0.1;2.5;80.00%;0.9;0.85;18346.30955;4715.409298;23061.71885;9.512495647;1000;0.2;800
49.74%;2.01%;24.12%;0.31%;0.87%;0.79%;0.27%;0.08%;0.01%;21.81%;254.9702754;64.70335001;38.45103848;909.5177742;91.07%;671.2801607;357.1840373;23.88201824;59.95704285;0.059957043;14.92930367;56.67511893;36.62812374;536.247458;611.6786034;517.1665068;462.3348252;;66.78940582;1.2;80.00%;97.04%;0.05;142.6198578;3;144.0278168;0.03;0.02;68.77555084;0.730656343;98.00%;2.997307777;0.1;0.1;2.5;80.00%;0.9;0.85;11941.00912;4250.63392;16191.64304;24.76565009;1000;0.2;800
51.76%;7.41%;18.86%;1.21%;0.31%;0.86%;0.05%;0.56%;0.04%;18.94%;210.607776;55.9600119;12.8377335;838.9761209;85.47%;520.3803379;297.3513158;48.18647756;19.02259634;0.019022596;4.73662649;17.98133895;-0.227009682;312.7431107;525.7518419;631.0686687;397.6083683;;68.33759308;1.2;80.00%;96.49%;0.05;147.2207794;3;145.1698303;0.03;0.02;56.60683823;0.731443109;98.00%;2.509016514;0.1;0.1;2.5;80.00%;0.9;0.85;24093.23878;1348.600422;25441.8392;6.987471299;1000;0.2;800
55.69%;7.96%;16.72%;2.83%;1.31%;0.34%;0.13%;0.37%;0.11%;14.53%;219.1424531;70.3752552;44.63214858;758.4299534;81.44%;515.9301814;293.0969594;45.74001145;70.15386531;0.070153865;17.46831246;66.31378852;60.30653353;502.8655743;731.994653;624.4254298;552.2931231;;59.59879303;1.2;80.00%;98.88%;0.05;144.5274048;3;147.9096832;0.03;0.02;66.14849854;0.794976272;98.00%;2.788582802;0.1;0.1;2.5;80.00%;0.9;0.85;22870.00572;4973.534139;27843.53986;6.992676653;1000;0.2;800
54.34%;4.30%;18.35%;2.01%;0.75%;0.87%;0.19%;0.38%;0.09%;18.72%;235.7787405;69.50641687;47.97977577;900.223251;88.04%;600.1082203;322.422409;32.38247759;75.4234371;0.075423437;18.78043584;71.2949149;47.63466677;561.8027044;724.7219946;574.3535632;546.9620964;;62.86821365;1.2;80.00%;99.48%;0.05;148.6448669;3;142.4602509;0.03;0.02;62.23070908;0.746165874;98.00%;2.791168451;0.1;0.1;2.5;80.00%;0.9;0.85;16191.2388;5347.118618;21538.35741;12.64832814;1000;0.2;800
49.06%;1.81%;12.79%;0.34%;1.21%;0.60%;0.16%;0.18%;0.11%;33.74%;230.0799046;57.79666576;26.377829;850.4575266;84.87%;564.5167469;326.5996426;42.42239682;40.69028084;0.040690281;10.13187993;38.46297943;18.28667077;414.6184226;561.8077469;579.0724721;424.7577709;;54.03753281;1.2;80.00%;99.78%;0.05;142.4875336;3;147.4291382;0.03;0.02;60.74930573;0.767178597;98.00%;2.374584675;0.1;0.1;2.5;80.00%;0.9;0.85;21211.19841;2884.723457;24095.92187;27.17092922;1000;0.2;800
49.63%;7.51%;15.91%;0.44%;0.58%;0.67%;0.12%;0.33%;0.03%;24.78%;207.703698;70.69861281;11.71468307;709.6690603;97.61%;586.1120397;301.8133199;41.46682459;17.09955705;0.017099557;4.257789705;16.16356283;-1.210368793;335.6194828;314.4599316;394.6644413;239.2979995;;62.5338974;1.2;80.00%;99.64%;0.05;142.8522034;3;149.3793335;0.03;0.02;59.98416901;0.774745663;98.00%;2.101537704;0.1;0.1;2.5;80.00%;0.9;0.85;20733.4123;1212.267212;21945.67951;6.609944484;1000;0.2;800
61.64%;5.47%;16.37%;0.39%;1.42%;0.34%;0.05%;0.48%;0.10%;13.74%;210.141777;65.83984452;45.19729728;616.8208333;87.01%;528.6218622;288.1534362;35.62853893;71.11475385;0.071114754;17.70757371;67.22208002;59.43990548;512.5097063;648.4471399;525.1360231;489.5942722;;67.05966187;1.2;80.00%;98.46%;0.05;140.5304108;3;152.1552734;0.03;0.02;62.62069702;0.778461845;98.00%;2.436405659;0.1;0.1;2.5;80.00%;0.9;0.85;17814.26946;5041.656002;22855.92546;11.26136726;1000;0.2;800
57.15%;7.33%;17.02%;1.78%;0.64%;0.70%;0.12%;0.49%;0.02%;14.75%;260.9742843;57.01588182;33.40068011;807.1602904;84.54%;637.8122625;365.1061568;56.45052686;51.83841524;0.051838415;12.90776539;49.00088812;24.28949629;490.1540846;564.8047297;530.1950152;427.1697743;;58.22666931;1.2;80.00%;95.99%;0.05;140.1473389;3;147.8497162;0.03;0.02;52.84940338;0.764701191;98.00%;2.680297613;0.1;0.1;2.5;80.00%;0.9;0.85;28225.26343;3675.066609;31900.33004;7.800698681;1000;0.2;800
54.47%;2.96%;12.23%;0.79%;1.08%;0.37%;0.03%;0.35%;0.07%;27.66%;241.9686343;67.4113221;44.22794764;858.4516114;82.80%;579.2174527;324.4270606;30.33304714;69.38581492;0.069385815;17.27706792;65.58777962;50.71323276;529.38381;710.6835709;599.4930176;536.4971986;;70.42879486;1.2;80.00%;97.95%;0.05;146.9147034;3;146.2861023;0.03;0.02;57.91867447;0.812126639;98.00%;2.238143921;0.1;0.1;2.5;80.00%;0.9;0.85;15166.52357;4919.083471;20085.60704;18.42922168;1000;0.2;800
57.93%;2.14%;17.57%;0.92%;0.97%;0.72%;0.20%;0.44%;0.14%;18.99%;230.6313512;65.92522042;18.5262182;696.7112847;96.11%;640.8370898;326.4297726;22.93565351;27.99345299;0.027993453;6.970369795;26.46114955;4.764903648;401.655163;382.5625059;409.8888526;290.4442571;;66.54656219;1.2;80.00%;98.46%;0.05;149.9852448;3;144.8916473;0.03;0.02;68.51561737;0.788726308;98.00%;2.06156683;0.1;0.1;2.5;80.00%;0.9;0.85;11467.82675;1984.586217;13452.41297;27.11851169;1000;0.2;800
60.25%;1.94%;24.95%;1.60%;1.32%;0.35%;0.09%;0.23%;0.09%;9.19%;245.2569988;55.73483663;13.73353597;648.6986453;90.62%;642.5469286;351.773531;42.75023955;20.23022352;0.020230224;5.037325656;19.12286313;6.121076285;373.5924402;434.8450143;515.8499006;329.6527695;;65.32749176;1.2;80.00%;99.80%;0.05;144.5963287;3;145.8359985;0.03;0.02;57.35003281;0.732775899;98.00%;2.361282349;0.1;0.1;2.5;80.00%;0.9;0.85;21375.11978;1434.214734;22809.33451;31.12698996;1000;0.2;800
61.67%;2.39%;19.00%;2.94%;1.40%;0.74%;0.02%;0.52%;0.06%;11.25%;255.086914;64.13550967;12.64160632;792.6803302;87.22%;643.2324925;371.5846561;47.35937561;18.33142292;0.018331423;4.564524306;17.32799892;2.966097057;366.4912697;532.1389673;639.1058519;402.8877829;;57.53600693;1.2;80.00%;98.35%;0.05;147.6900024;3;152.3105316;0.03;0.02;60.31655121;0.791152709;98.00%;2.932784319;0.1;0.1;2.5;80.00%;0.9;0.85;23679.6878;1299.599919;24979.28772;25.77851846;1000;0.2;800
49.22%;6.07%;12.30%;1.23%;0.44%;0.46%;0.12%;0.58%;0.09%;29.49%;261.0865824;86.09437134;15.42010662;1061.409285;98.61%;744.3211885;373.7478141;15.79144841;22.65539936;0.022655399;5.641194441;21.41528989;6.739750753;429.3357069;504.9910823;539.5687644;382.8014389;;63.21662521;1.2;80.00%;100.00%;0.05;144.1972351;3;140.823288;0.03;0.02;69.60983276;0.776896628;98.00%;2.689059734;0.1;0.1;2.5;80.00%;0.9;0.85;7895.724203;1606.146741;9501.870945;8.114821932;1000;0.2;800
51.40%;3.70%;20.86%;0.40%;1.41%;0.78%;0.14%;0.42%;0.09%;20.80%;208.3957694;73.27659898;36.7466446;811.5154321;92.72%;558.6055906;290.800317;-4.489675021;57.44536943;0.057445369;14.30389699;54.30092929;46.56278707;474.8537316;531.8639188;451.0117779;402.3425961;;63.66416931;1.2;80.00%;98.11%;0.05;143.6736145;3;151.3844757;0.03;0.02;53.16797256;0.726628138;98.00%;2.244084358;0.1;0.1;2.5;80.00%;0.9;0.85;2244.837511;4072.569697;6317.407208;13.88468153;1000;0.2;800
50.61%;1.87%;21.85%;1.66%;0.69%;0.55%;0.16%;0.46%;0.07%;22.08%;217.604954;59.54808123;22.83131739;655.28019;83.89%;527.7459962;305.891854;79.97386265;35.05726069;0.035057261;8.729257912;33.1382991;11.0896376;376.2734552;556.5197062;598.8863147;420.6692917;;72.94476318;1.2;80.00%;98.77%;0.05;149.4741516;3;142.4576874;0.03;0.02;59.81893539;0.810716553;98.00%;2.64084959;0.1;0.1;2.5;80.00%;0.9;0.85;39986.93133;2485.372433;42472.30376;27.1169272;1000;0.2;800
57.63%;7.04%;16.52%;0.77%;1.32%;0.73%;0.09%;0.15%;0.14%;15.62%;214.2673297;72.77901325;12.09778293;806.4990688;102.32%;633.8102466;308.2781605;-6.520157612;17.67504812;0.017675048;4.401086983;16.70755272;4.577427368;359.821524;494.6216537;552.0713177;374.5582341;;70.06136322;1.2;80.00%;98.79%;0.05;145.1546936;3;142.5516968;0.03;0.02;54.5051918;0.77914164;98.00%;2.567671537;0.1;0.1;2.5;80.00%;0.9;0.85;3260.078806;1253.066454;4513.14526;8.191273072;1000;0.2;800
53.50%;5.75%;12.82%;0.40%;0.38%;0.79%;0.10%;0.29%;0.14%;25.82%;243.991589;55.6008901;42.5030262;806.5548748;82.83%;584.2708438;336.865975;49.8234968;66.62980986;0.06662981;16.59082266;62.98263255;49.12593957;521.2485242;647.3497121;555.3121942;488.8127873;;69.10755157;1.2;80.00%;97.10%;0.05;145.2872925;3;155.3278198;0.03;0.02;52.9614563;0.804698078;98.00%;2.656531334;0.1;0.1;2.5;80.00%;0.9;0.85;24911.7484;4723.697441;29635.44584;9.306380315;1000;0.2;800
54.01%;1.56%;18.14%;2.36%;0.27%;0.45%;0.03%;0.54%;0.03%;22.59%;226.5208387;61.52224331;34.8896106;798.079122;89.06%;583.2075683;310.0075108;59.1094833;54.44681596;0.054446816;13.55725717;51.46651041;35.89585966;474.8704476;534.7822832;469.6462885;404.3787602;;61.00340652;1.2;80.00%;98.76%;0.05;140.3772736;3;140.0980682;0.03;0.02;50.22053909;0.81163028;98.00%;2.707195759;0.1;0.1;2.5;80.00%;0.9;0.85;29554.74165;3859.988281;33414.72993;34.53756779;1000;0.2;800
51.28%;2.16%;19.19%;2.53%;1.26%;0.51%;0.08%;0.20%;0.03%;22.76%;228.6855666;53.05320023;10.29996809;804.3747218;94.54%;625.0294534;330.2364886;5.991972866;14.81126416;0.014811264;3.688004775;14.00052634;1.567949197;344.6747622;431.5179881;526.1242705;327.1238496;;66.6570816;1.2;80.00%;96.14%;0.05;148.0691681;3;154.5887299;0.03;0.02;62.32231903;0.823482203;98.00%;2.930869102;0.1;0.1;2.5;80.00%;0.9;0.85;2995.986433;1050.039475;4046.025908;23.68551985;1000;0.2;800
52.50%;7.62%;19.93%;1.11%;0.58%;0.69%;0.14%;0.16%;0.12%;17.17%;217.0933291;54.52547694;13.76749897;827.8665739;94.30%;591.8568354;303.4850278;61.63517698;20.50258779;0.020502588;5.105144361;19.38031875;6.530872419;350.9206615;495.607083;560.3543363;374.9419481;;72.64599609;1.2;80.00%;99.79%;0.05;145.3294983;3;151.8446655;0.03;0.02;65.60087585;0.76667013;98.00%;2.557127237;0.1;0.1;2.5;80.00%;0.9;0.85;30817.58849;1453.523906;32271.11239;6.890825766;1000;0.2;800
61.49%;6.88%;17.06%;0.35%;1.24%;0.51%;0.07%;0.25%;0.11%;12.05%;222.2595441;47.94205664;45.81684236;727.9215383;79.37%;509.9846112;306.1429431;49.54244372;72.14965738;0.072149657;17.96526469;68.20033508;59.7196195;507.8389822;726.7522804;626.244975;548.2513562;;51.76125336;1.2;80.00%;97.71%;0.05;148.7932892;3;148.1493225;0.03;0.02;62.92471313;0.749220003;98.00%;2.397882938;0.1;0.1;2.5;80.00%;0.9;0.85;24771.22186;5115.025131;29886.24699;8.939722162;1000;0.2;800
61.97%;4.28%;16.59%;0.88%;1.28%;0.79%;0.08%;0.42%;0.06%;13.65%;260.3189937;57.44319342;41.63928806;791.0906594;79.23%;596.2611763;357.5711465;56.66563011;65.13688084;0.065136881;16.21908333;61.57142335;38.12042937;521.1207733;649.2615251;576.0475459;490.4495998;;52.00909805;1.2;80.00%;100.00%;0.05;142.9624329;3;143.8351746;0.03;0.02;51.2651062;0.763456789;98.00%;2.2121315;0.1;0.1;2.5;80.00%;0.9;0.85;28332.81506;4617.856751;32950.67181;14.4921299;1000;0.2;800
51.28%;1.86%;16.27%;0.51%;1.17%;0.87%;0.07%;0.22%;0.12%;27.62%;262.3781109;73.52905976;26.45548922;783.7366253;90.18%;684.0512376;376.1497869;17.81557745;40.49864617;0.040498646;10.0841629;38.28183444;15.79268804;468.8726789;509.3012473;505.7197793;385.8596822;;68.91317749;1.2;80.00%;99.79%;0.05;148.4429169;3;143.8599548;0.03;0.02;69.96761322;0.81902563;98.00%;2.965227604;0.1;0.1;2.5;80.00%;0.9;0.85;8907.788727;2871.137583;11778.92631;27.52174854;1000;0.2;800
50.44%;1.57%;12.11%;2.42%;0.65%;0.62%;0.02%;0.57%;0.07%;31.52%;217.1128614;78.36973521;12.12212317;937.652822;105.91%;664.7852778;315.6160155;6.652422756;17.64634035;0.01764634;4.393938747;16.68041635;-0.321760044;373.8192507;380.8097793;427.3395651;289.2242621;;72.21130371;1.2;80.00%;99.14%;0.05;144.9087524;3;150.0234375;0.03;0.02;54.10165405;0.724481773;98.00%;2.326444387;0.1;0.1;2.5;80.00%;0.9;0.85;3326.211378;1251.031227;4577.242604;32.06756396;1000;0.2;800
62.31%;1.83%;12.24%;2.30%;0.70%;0.30%;0.15%;0.09%;0.08%;20.00%;213.5740596;55.39369171;10.30652188;666.1097261;86.42%;533.598889;309.2420432;77.72008673;14.89798923;0.014897989;3.709599318;14.08250426;5.588845949;302.7373107;336.4780771;462.4604338;255.6748142;;64.29051971;1.2;80.00%;97.34%;0.05;145.9798431;3;141.6998749;0.03;0.02;62.26327133;0.806568119;98.00%;2.998563766;0.1;0.1;2.5;80.00%;0.9;0.85;38860.04336;1056.18782;39916.23118;34.01865285;1000;0.2;800
50.68%;3.84%;18.71%;1.24%;0.35%;0.66%;0.20%;0.39%;0.10%;23.84%;263.801167;74.350979;12.08121572;1046.139908;96.76%;737.9531125;375.4677282;-6.62171522;17.34621495;0.017346215;4.319207523;16.39671919;8.007298381;406.6825978;355.6669418;417.2184288;270.6920312;;53.95420074;1.2;80.00%;98.81%;0.05;145.7015533;3;146.9609985;0.03;0.02;53.20597839;0.766766487;98.00%;2.723247051;0.1;0.1;2.5;80.00%;0.9;0.85;3310.85761;1229.75394;4540.611549;13.20711713;1000;0.2;800
59.12%;5.38%;19.10%;1.41%;0.64%;0.28%;0.24%;0.07%;0.08%;13.67%;214.5778023;66.38262853;23.64964158;812.1428996;91.39%;566.9594819;303.1467271;45.70136123;36.34309307;0.036343093;9.049430174;34.35374768;28.319726;399.3711546;534.4033246;546.8008132;404.1601686;;60.36490631;1.2;80.00%;99.98%;0.05;148.8131409;3;150.9647369;0.03;0.02;50.67473221;0.81059245;98.00%;2.055936813;0.1;0.1;2.5;80.00%;0.9;0.85;22850.68062;2576.531076;25427.21169;10.99624728;1000;0.2;800
59.37%;7.15%;20.07%;2.70%;1.11%;0.85%;0.07%;0.34%;0.14%;8.19%;250.3009477;63.82800871;32.82832244;683.2385541;91.84%;664.5669406;354.9133032;39.47286663;50.91703657;0.050917037;12.67834211;48.12994381;36.23687652;499.4998435;598.8342346;542.9786588;452.6932534;;68.25678253;1.2;80.00%;100.00%;0.05;149.493042;3;153.4845123;0.03;0.02;60.81806946;0.821565519;98.00%;2.254040956;0.1;0.1;2.5;80.00%;0.9;0.85;19736.43331;3609.745786;23346.1791;8.300625647;1000;0.2;800
61.08%;6.25%;15.04%;2.56%;0.70%;0.74%;0.01%;0.27%;0.05%;13.31%;251.363262;58.34313501;43.24122326;737.8654879;88.66%;644.3254352;351.2336559;43.87732739;67.73858161;0.067738582;16.86690682;64.03071243;45.57538851;553.1214054;736.2403839;619.2618001;555.6490098;;61.76126862;1.2;80.00%;99.86%;0.05;145.7678833;3;152.4541016;0.03;0.02;51.55331039;0.774213569;98.00%;2.872148037;0.1;0.1;2.5;80.00%;0.9;0.85;21938.6637;4802.303432;26740.96713;9.775631952;1000;0.2;800
51.77%;4.94%;15.84%;2.06%;1.23%;0.39%;0.08%;0.17%;0.04%;23.49%;258.5871559;52.83387161;37.93419519;940.7507304;82.85%;619.3756354;364.1665096;60.76976749;59.17077125;0.059170771;14.73352204;55.93188621;37.63804654;509.1864897;605.95417;550.4821625;457.970966;;70.43978882;1.2;80.00%;99.72%;0.05;149.2733307;3;155.4032898;0.03;0.02;68.25994873;0.817727789;98.00%;2.908022881;0.1;0.1;2.5;80.00%;0.9;0.85;30384.88375;4194.891466;34579.77521;10.47696129;1000;0.2;800
53.76%;6.25%;20.90%;2.67%;1.27%;0.50%;0.24%;0.47%;0.12%;13.81%;219.1998134;66.99751923;30.16194832;886.7859521;96.12%;609.1273974;309.3382101;27.13941668;46.80044298;0.046800443;11.6533103;44.23868399;23.28224477;457.9865062;540.0681474;491.8372334;408.5219509;;67.36724854;1.2;80.00%;99.75%;0.05;142.553894;3;145.6589508;0.03;0.02;65.17610168;0.734398751;98.00%;2.59313345;0.1;0.1;2.5;80.00%;0.9;0.85;13569.70834;3317.901299;16887.60964;8.5990773;1000;0.2;800
55.89%;1.68%;17.35%;0.86%;0.35%;0.29%;0.06%;0.41%;0.13%;22.97%;227.6027358;51.1709185;37.8251966;763.9194327;78.91%;519.2048931;317.9785037;40.77386995;59.20668532;0.059206685;14.74246465;55.96583442;36.99743932;463.560539;702.8619962;661.3483003;530.4647779;;65.36008453;1.2;80.00%;96.50%;0.05;148.5892029;3;155.1868439;0.03;0.02;56.87316513;0.751553007;98.00%;2.171459913;0.1;0.1;2.5;80.00%;0.9;0.85;20386.93498;4197.437581;24584.37256;33.27423713;1000;0.2;800
57.87%;3.77%;13.08%;2.10%;0.52%;0.63%;0.22%;0.08%;0.06%;21.66%;236.6162316;68.9432988;11.05340622;688.2259846;90.21%;617.1103365;333.8199764;70.29305742;15.90675342;0.015906753;3.960781601;15.0360508;1.055643153;345.2183308;417.3797043;514.7242228;316.6284642;;63.69254303;1.2;80.00%;99.92%;0.05;149.7345276;3;140.9491272;0.03;0.02;59.18349457;0.793667972;98.00%;2.260334969;0.1;0.1;2.5;80.00%;0.9;0.85;35146.52871;1127.70381;36274.23252;15.3416968;1000;0.2;800
62.10%;2.23%;20.63%;2.17%;1.13%;0.78%;0.28%;0.19%;0.04%;10.45%;244.9952812;75.20125737;23.42979612;767.430497;96.09%;680.6203682;351.63332;-7.828299201;35.72148022;0.03572148;8.894648575;33.76616063;26.60585381;449.6030708;440.8097302;436.4140008;334.4113007;;53.89505005;1.2;80.00%;99.83%;0.05;145.7627563;3;146.652298;0.03;0.02;53.95631027;0.782385276;98.00%;2.637064457;0.1;0.1;2.5;80.00%;0.9;0.85;3914.1496;2532.462047;6446.611648;27.86770959;1000;0.2;800
61.63%;3.42%;21.59%;2.95%;0.52%;0.62%;0.19%;0.36%;0.15%;8.57%;262.9017984;66.04695852;14.39913146;910.0481038;92.82%;705.502697;382.3926088;17.8490972;21.10266981;0.02110267;5.254564783;19.94755352;4.170208906;406.1548892;491.7444374;561.8220936;372.6973042;;74.47830963;1.2;80.00%;99.98%;0.05;143.1954193;3;156.7609253;0.03;0.02;57.01664734;0.807153814;98.00%;2.545079231;0.1;0.1;2.5;80.00%;0.9;0.85;8924.548601;1496.066514;10420.61512;18.02302526;1000;0.2;800
62.33%;2.80%;21.61%;0.83%;1.13%;0.86%;0.27%;0.09%;0.06%;10.02%;260.9373396;72.96795373;21.41677689;895.4160024;96.44%;727.5439692;376.511018;29.82584962;32.38572782;0.032385728;8.064046227;30.61300038;22.51554378;458.6498623;578.436326;584.1268995;437.7259449;;60.67695618;1.2;80.00%;96.40%;0.05;140.610321;3;154.651947;0.03;0.02;53.70249557;0.793055808;98.00%;2.863369226;0.1;0.1;2.5;80.00%;0.9;0.85;14912.92481;2295.975029;17208.89984;22.27904628;1000;0.2;800
54.72%;7.81%;23.45%;2.45%;1.21%;0.66%;0.03%;0.21%;0.09%;9.38%;263.8867911;65.21617469;17.70897989;966.0863235;90.47%;690.2332379;369.3865042;35.90265137;26.49513759;0.026495138;6.59728926;25.04484882;9.887258742;419.3932502;546.540779;591.3187992;413.6958829;;66.55651093;1.2;80.00%;98.26%;0.05;147.113205;3;141.7845306;0.03;0.02;51.35500336;0.808358915;98.00%;2.73294878;0.1;0.1;2.5;80.00%;0.9;0.85;17951.32568;1878.363662;19829.68935;7.009571605;1000;0.2;800
50.72%;3.03%;21.59%;2.02%;1.35%;0.76%;0.02%;0.23%;0.04%;20.24%;231.6793065;67.21577948;47.02562292;859.737817;88.77%;594.5454289;315.0764018;-2.275762959;73.93343609;0.073933436;18.40942559;69.88647345;55.24878231;553.3710416;825.126068;678.1292522;622.2875305;;68.07731628;1.2;80.00%;98.87%;0.05;143.661026;3;159.7607269;0.03;0.02;63.13686371;0.818692821;98.00%;2.484102249;0.1;0.1;2.5;80.00%;0.9;0.85;1137.88148;5241.485509;6379.366988;16.72734207;1000;0.2;800
51.64%;4.44%;21.28%;0.82%;0.97%;0.82%;0.04%;0.40%;0.13%;19.45%;214.7207363;52.90830718;18.86597143;704.074897;93.94%;583.1762508;305.8582315;75.47707274;28.71389925;0.028713899;7.149760914;27.14216008;2.450312195;377.714046;551.4800602;589.2255254;416.8318273;;61.95931625;1.2;80.00%;98.60%;0.05;149.4242706;3;142.151535;0.03;0.02;62.55378723;0.7624413;98.00%;2.958160877;0.1;0.1;2.5;80.00%;0.9;0.85;37738.53637;2035.662006;39774.19838;11.62218269;1000;0.2;800
55.75%;6.72%;23.05%;1.94%;1.24%;0.44%;0.13%;0.12%;0.14%;10.48%;218.6471303;48.69531881;27.15218556;831.8495015;83.43%;527.364589;306.7121182;17.14206962;42.08246847;0.042082468;10.47853465;39.77896161;26.62765469;402.3315829;603.5525191;618.9700835;455.9807094;;56.44129562;1.2;80.00%;99.91%;0.05;147.8757324;3;147.9637756;0.03;0.02;53.05410004;0.765352653;98.00%;2.567561865;0.1;0.1;2.5;80.00%;0.9;0.85;8571.034809;2983.42212;11554.45693;8.295188212;1000;0.2;800
62.65%;6.26%;21.18%;1.59%;1.16%;0.38%;0.14%;0.17%;0.15%;6.32%;236.0162824;60.74203422;40.65012202;807.7774467;84.43%;576.0921231;329.5148922;59.50605304;63.64449485;0.063644495;15.84747922;60.16072747;42.36830751;506.3176222;741.0071197;659.1153101;559.0981539;;56.27846527;1.2;80.00%;100.00%;0.05;149.7935333;3;153.6224518;0.03;0.02;62.08150101;0.811232767;98.00%;2.68793869;0.1;0.1;2.5;80.00%;0.9;0.85;29753.02652;4512.05456;34265.08108;10.00359609;1000;0.2;800
49.92%;4.63%;15.54%;2.24%;0.37%;0.40%;0.23%;0.27%;0.15%;26.25%;265.2648774;65.34407405;38.1020369;937.7731874;90.45%;693.6801395;374.5017926;31.26331679;59.31557233;0.059315572;14.76957751;56.06876117;34.85059881;544.3512936;682.3766536;593.7725881;515.5096259;;50.57204437;1.2;80.00%;100.00%;0.05;142.8656006;3;145.3438416;0.03;0.02;53.95590973;0.767918638;98.00%;2.225991726;0.1;0.1;2.5;80.00%;0.9;0.85;15631.6584;4205.157088;19836.81548;10.77548065;1000;0.2;800
54.16%;2.77%;13.80%;1.57%;1.04%;0.64%;0.21%;0.58%;0.02%;25.20%;211.3501923;60.66155981;28.29309549;646.616699;89.27%;545.467832;299.4530221;19.99640055;43.87439279;0.043874393;10.9247238;41.47279971;27.34545072;417.8915699;524.581152;514.984642;396.8072375;;68.27463531;1.2;80.00%;99.91%;0.05;140.0831909;3;158.7741547;0.03;0.02;60.95743942;0.807225972;98.00%;2.456890106;0.1;0.1;2.5;80.00%;0.9;0.85;9998.200277;3110.459978;13108.66025;19.5587468;1000;0.2;800
58.91%;4.48%;16.98%;0.30%;0.35%;0.54%;0.13%;0.18%;0.11%;18.02%;229.3218802;61.03327424;17.42317969;758.5162572;95.70%;634.496436;331.3625759;63.60069626;26.22705893;0.026227059;6.530537674;24.79144423;8.22765636;392.4820758;402.2710046;444.2501546;305.1700709;;72.46511078;1.2;80.00%;96.19%;0.05;141.6110077;3;157.7688293;0.03;0.02;56.98853302;0.773390239;98.00%;2.474955797;0.1;0.1;2.5;80.00%;0.9;0.85;31800.34813;1859.358317;33659.70645;13.14547619;1000;0.2;800
52.65%;3.81%;23.75%;0.79%;0.50%;0.59%;0.25%;0.32%;0.04%;17.31%;249.4109163;56.85080192;27.50637487;779.4192677;84.16%;606.8421529;343.4083822;52.77169048;42.44086801;0.042440868;10.56777613;40.1177431;32.42893267;440.625946;542.2636988;544.6883374;410.2533444;;70.73682404;1.2;80.00%;95.91%;0.05;147.3214417;3;149.1874695;0.03;0.02;63.18916702;0.79311528;98.00%;2.851378918;0.1;0.1;2.5;80.00%;0.9;0.85;26385.84524;3008.830732;29394.67597;13.81768918;1000;0.2;800
50.21%;4.01%;14.11%;2.31%;0.79%;0.59%;0.19%;0.19%;0.10%;27.51%;222.8928294;65.9351189;23.4957567;855.1852486;91.68%;590.7856596;306.5698963;7.26454047;36.08326276;0.036083263;8.984732427;34.10813995;22.17232377;409.5359282;626.2610481;630.4135988;473.2203764;;50.29279709;1.2;80.00%;98.84%;0.05;149.680191;3;155.5793457;0.03;0.02;59.88023758;0.762125423;98.00%;2.342713356;0.1;0.1;2.5;80.00%;0.9;0.85;3632.270235;2558.110496;6190.380731;12.53438645;1000;0.2;800
56.04%;6.98%;19.17%;2.10%;0.55%;0.70%;0.06%;0.43%;0.10%;13.86%;212.5895969;57.51181219;24.59596934;670.2780689;87.63%;538.5664079;299.8064531;61.07102618;37.93884025;0.03793884;9.446771223;35.86214698;22.78471848;392.2450439;481.5200907;500.6181266;364.4393718;;52.59173203;1.2;80.00%;100.00%;0.05;149.1712341;3;152.634613;0.03;0.02;64.2100296;0.77910887;98.00%;2.743903637;0.1;0.1;2.5;80.00%;0.9;0.85;30535.51309;2689.661024;33225.17412;8.032805491;1000;0.2;800
49.31%;4.69%;23.26%;1.17%;0.66%;0.65%;0.22%;0.27%;0.05%;19.72%;237.248028;62.13518456;42.16309024;871.6534814;86.03%;590.0543663;330.8527465;38.60567045;66.06637576;0.066066376;16.45052756;62.45003965;50.92728983;521.7387569;702.0855166;604.3390651;530.0437637;;58.63853836;1.2;80.00%;100.00%;0.05;146.9480133;3;143.2761078;0.03;0.02;57.87883377;0.756534031;98.00%;2.229593992;0.1;0.1;2.5;80.00%;0.9;0.85;19302.83522;4683.752974;23986.5882;10.52437416;1000;0.2;800
60.65%;5.62%;19.62%;0.51%;0.47%;0.28%;0.08%;0.41%;0.03%;12.34%;208.7642963;62.14243127;28.59697574;645.6734183;88.56%;534.4952139;295.4636579;17.86977851;44.37159794;0.044371598;11.04852789;41.94278888;24.25419761;414.6903005;636.0800335;626.9457105;480.4249567;;62.26312637;1.2;80.00%;99.85%;0.05;141.8990479;3;145.2667084;0.03;0.02;54.31666565;0.788922258;98.00%;2.777468681;0.1;0.1;2.5;80.00%;0.9;0.85;8934.889255;3145.709166;12080.59842;10.78395634;1000;0.2;800
49.32%;7.57%;24.29%;1.93%;1.13%;0.65%;0.04%;0.58%;0.06%;14.43%;256.7696435;63.48765753;34.30508351;938.5075126;88.54%;657.2454235;363.2928454;30.22156517;53.26116726;0.053261167;13.26203065;50.34576166;38.26058379;504.5727464;610.3950109;557.0936828;461.4229685;;64.98127747;1.2;80.00%;97.55%;0.05;141.8147583;3;154.207489;0.03;0.02;59.68915176;0.805257393;98.00%;2.517372608;0.1;0.1;2.5;80.00%;0.9;0.85;15110.78259;3775.932124;18886.71471;6.512837194;1000;0.2;800
49.57%;5.03%;12.13%;0.59%;1.39%;0.31%;0.05%;0.42%;0.09%;30.41%;208.8012032;65.52987264;45.54814149;724.5713094;88.91%;536.7226115;280.5931858;41.99949814;71.71465241;0.071714652;17.85694845;67.78914138;48.75862819;518.3311925;827.3706014;690.3897673;623.7291916;;57.2812233;1.2;80.00%;97.80%;0.05;140.8436432;3;148.8013;0.03;0.02;67.10648346;0.78007673;98.00%;2.099963188;0.1;0.1;2.5;80.00%;0.9;0.85;20999.74907;5084.185603;26083.93467;9.86434767;1000;0.2;800
50.15%;4.26%;14.86%;1.09%;1.27%;0.54%;0.26%;0.44%;0.14%;27.00%;209.8657256;48.66169683;30.52678978;568.1705255;84.26%;511.2165861;289.9811056;35.84536002;47.59028103;0.047590281;11.84997998;44.98528796;20.35812773;415.665526;478.5814206;464.827255;362.1156084;;57.42984009;1.2;80.00%;98.64%;0.05;147.9248199;3;150.2570648;0.03;0.02;68.41055298;0.740801291;98.00%;2.428644419;0.1;0.1;2.5;80.00%;0.9;0.85;17922.68001;3373.896597;21296.57661;11.78281048;1000;0.2;800
54.58%;7.64%;13.66%;1.76%;0.32%;0.36%;0.05%;0.45%;0.03%;21.15%;212.3348948;53.55332083;26.04824065;682.0377845;83.32%;511.4880055;298.152618;56.26498826;40.31044586;0.040310446;10.03730102;38.10393583;19.02597104;388.8335445;491.6128786;514.4874421;371.955897;;60.14204788;1.2;80.00%;100.00%;0.05;143.3847656;3;152.7097931;0.03;0.02;52.91517639;0.732745872;98.00%;2.3485322;0.1;0.1;2.5;80.00%;0.9;0.85;28132.49413;2857.795187;30990.28932;7.144644369;1000;0.2;800
59.18%;1.95%;15.89%;2.39%;0.27%;0.73%;0.04%;0.31%;0.14%;19.11%;231.0700454;65.80250928;46.0461685;741.6048682;81.34%;543.3979046;319.7165151;60.98553449;72.34493923;0.072344939;18.01388987;68.38492761;58.29645482;523.8122876;634.5571576;526.6521815;479.3262505;;53.70730591;1.2;80.00%;99.35%;0.05;143.3855133;3;146.5310211;0.03;0.02;67.47444153;0.811659598;98.00%;2.136199951;0.1;0.1;2.5;80.00%;0.9;0.85;30492.76724;5128.869571;35621.63681;30.38130584;1000;0.2;800
53.54%;6.51%;19.61%;0.57%;0.62%;0.51%;0.12%;0.59%;0.03%;17.90%;250.546893;72.74255114;12.72528314;726.1066281;99.29%;719.2233144;363.2225047;11.63648084;18.44708325;0.018447083;4.59332373;17.43732825;1.658674058;401.9196111;412.6896268;468.9799266;313.3491291;;70.41683197;1.2;80.00%;99.80%;0.05;144.4119568;3;141.4050446;0.03;0.02;57.25421906;0.738758224;98.00%;2.883955479;0.1;0.1;2.5;80.00%;0.9;0.85;5818.240421;1307.799619;7126.04004;8.222861575;1000;0.2;800
53.37%;4.69%;15.30%;0.26%;1.29%;0.63%;0.12%;0.49%;0.03%;23.82%;226.678914;62.73138155;39.39199042;886.3536112;82.75%;542.2673211;315.987388;38.47046285;61.66422346;0.061664223;15.35439164;58.28885203;49.90718735;483.2106187;661.4515602;594.7776102;499.4451312;;66.38539886;1.2;80.00%;96.29%;0.05;142.4857635;3;141.0457001;0.03;0.02;51.58174133;0.791809237;98.00%;2.122400045;0.1;0.1;2.5;80.00%;0.9;0.85;19235.23142;4371.663902;23606.89533;11.37928598;1000;0.2;800
53.32%;6.30%;20.74%;2.01%;0.39%;0.60%;0.02%;0.43%;0.12%;16.07%;225.9420622;70.47390271;28.69542288;655.1981685;91.79%;599.5777934;309.666517;22.05170824;44.41474766;0.044414748;11.05927217;41.98357668;20.10876884;444.6797346;525.9218193;492.804638;397.8524427;;58.11137772;1.2;80.00%;96.05%;0.05;144.2932587;3;146.4288025;0.03;0.02;64.24836731;0.817701946;98.00%;2.275018692;0.1;0.1;2.5;80.00%;0.9;0.85;11025.85412;3148.768251;14174.62237;8.467593659;1000;0.2;800
56.95%;2.69%;19.02%;2.45%;0.53%;0.77%;0.10%;0.07%;0.02%;17.39%;225.7610478;58.80606477;38.08767776;669.4091677;87.97%;574.1922367;304.3376047;40.45743819;59.63951814;0.059639518;14.85024002;56.37497486;44.9477801;490.0940877;720.2857186;633.7165378;543.4185886;;74.36884308;1.2;80.00%;99.53%;0.05;149.914917;3;149.4151459;0.03;0.02;62.64041138;0.756280816;98.00%;2.788550854;0.1;0.1;2.5;80.00%;0.9;0.85;20228.7191;4228.123115;24456.84221;21.14345901;1000;0.2;800
50.20%;6.91%;23.25%;1.30%;1.09%;0.40%;0.15%;0.24%;0.09%;16.37%;241.1310674;48.24392463;16.97155413;850.1805668;84.81%;591.2171566;347.7910832;73.8575599;25.51069282;0.025510693;6.352162511;24.11429051;8.64530769;369.5428253;493.2382464;577.709792;373.3253028;;63.27542496;1.2;80.00%;99.25%;0.05;149.3439636;3;143.6392212;0.03;0.02;65.07315826;0.764816929;98.00%;2.032892227;0.1;0.1;2.5;80.00%;0.9;0.85;36928.77995;1808.571788;38737.35174;7.262880428;1000;0.2;800
54.60%;2.30%;14.19%;1.14%;0.47%;0.32%;0.17%;0.29%;0.04%;26.48%;212.5249435;70.31710598;41.71271692;611.6303273;88.07%;541.0917365;292.3902744;15.99386961;65.45549897;0.065455499;16.29841924;61.87260099;48.41542212;497.0202371;748.2777246;645.3230182;564.5752488;;50.62973404;1.2;80.00%;99.87%;0.05;147.4814301;3;144.5385132;0.03;0.02;50.70294189;0.752101674;98.00%;2.314278841;0.1;0.1;2.5;80.00%;0.9;0.85;7996.934806;4640.445075;12637.37988;23.73223198;1000;0.2;800
49.74%;1.80%;20.15%;2.01%;0.27%;0.65%;0.29%;0.58%;0.06%;24.46%;231.1496887;61.5481951;14.67912883;719.6988562;89.87%;600.5584666;335.3344728;53.50511315;21.78712127;0.021787121;5.424993197;20.59453954;4.499177836;359.9909291;369.4051266;452.4351594;280.5391977;;51.86203384;1.2;80.00%;100.00%;0.05;144.7953949;3;155.3983765;0.03;0.02;51.39240646;0.820960084;98.00%;2.595502377;0.1;0.1;2.5;80.00%;0.9;0.85;26752.55657;1544.590465;28297.14704;27.64819938;1000;0.2;800
62.03%;5.57%;13.66%;2.44%;0.82%;0.86%;0.28%;0.46%;0.14%;13.75%;210.5981865;72.97931;11.69935332;790.5766914;105.17%;640.3480808;306.7866093;32.82875676;17.03856037;0.01703856;4.242601531;16.10590498;9.887964083;360.7521766;463.3025953;517.6241905;351.004918;;71.19194794;1.2;80.00%;100.00%;0.05;143.3316803;3;141.2876129;0.03;0.02;59.90385056;0.818393871;98.00%;2.766905785;0.1;0.1;2.5;80.00%;0.9;0.85;16414.37838;1207.942874;17622.32126;11.14267538;1000;0.2;800
62.26%;3.84%;17.88%;1.95%;0.83%;0.80%;0.09%;0.46%;0.07%;11.82%;262.6045997;52.70980277;33.94986044;917.3809307;88.48%;671.7717654;372.6387392;11.93349859;52.71788437;0.052717884;13.12675321;49.83221694;40.07880107;509.6915422;553.6530205;502.642144;418.8141215;;52.83697128;1.2;80.00%;95.12%;0.05;140.2636566;3;157.7597046;0.03;0.02;53.79571915;0.778959319;98.00%;2.561910152;0.1;0.1;2.5;80.00%;0.9;0.85;5966.749297;3737.416271;9704.165567;16.22874012;1000;0.2;800
60.21%;4.47%;12.72%;1.60%;1.10%;0.28%;0.24%;0.54%;0.12%;18.71%;263.5784635;56.19842967;23.75832662;831.3821773;84.03%;640.2951805;361.4346205;72.44635808;36.33040499;0.036330405;9.046270844;34.34175413;17.77169141;432.9701809;571.9519212;597.0099309;432.5260878;;55.36547852;1.2;80.00%;99.71%;0.05;143.6686554;3;146.194458;0.03;0.02;59.39719772;0.807944204;98.00%;2.460823774;0.1;0.1;2.5;80.00%;0.9;0.85;36223.17904;2575.63156;38798.8106;13.45657588;1000;0.2;800
59.66%;7.85%;14.14%;1.72%;0.65%;0.39%;0.29%;0.56%;0.03%;14.71%;254.9028966;67.48908277;27.56070269;836.6451662;93.54%;689.3380521;363.4739276;3.884878771;42.372621;0.042372621;10.55078263;40.05323179;24.41401998;478.7491727;466.0447181;440.0049228;353.3024171;;51.53805923;1.2;80.00%;99.69%;0.05;147.7183533;3;152.6555939;0.03;0.02;65.23596954;0.781497129;98.00%;2.176682472;0.1;0.1;2.5;80.00%;0.9;0.85;1942.439386;3003.992384;4946.43177;7.597888197;1000;0.2;800
58.99%;2.77%;14.09%;2.92%;1.01%;0.88%;0.28%;0.60%;0.13%;18.34%;252.5824151;61.49773317;47.36348042;722.4162766;84.08%;613.9967019;349.9724243;58.92092778;74.3627318;0.074362732;18.51632022;70.2922704;57.14829041;564.5843594;656.7466596;527.5215388;496.009713;;62.23083115;1.2;80.00%;100.00%;0.05;146.9707642;3;152.1386719;0.03;0.02;59.29406357;0.751212915;98.00%;2.566870213;0.1;0.1;2.5;80.00%;0.9;0.85;29460.46389;5271.92028;34732.38417;21.31092369;1000;0.2;800
61.90%;6.78%;18.04%;2.92%;1.19%;0.55%;0.13%;0.52%;0.05%;7.92%;249.7609581;63.81730574;17.51001718;850.1350709;88.68%;640.3146779;361.9448455;55.88314419;26.21605869;0.026216059;6.527798613;24.78104612;2.707991263;395.2920387;433.5218341;500.1643555;328.8410685;;64.28457642;1.2;80.00%;99.85%;0.05;141.9513397;3;145.0848236;0.03;0.02;69.46682739;0.78190845;98.00%;2.064270973;0.1;0.1;2.5;80.00%;0.9;0.85;27941.57209;1858.578459;29800.15055;9.132391963;1000;0.2;800
52.28%;6.92%;17.16%;1.80%;1.10%;0.86%;0.05%;0.37%;0.02%;19.44%;262.0739977;78.16454175;41.16322721;744.5719327;90.27%;683.9345388;367.7297106;14.06964934;64.19253302;0.064192533;15.98394072;60.67876717;46.26507848;558.2012085;686.7771805;577.2012331;518.8989919;;68.37339783;1.2;80.00%;96.95%;0.05;140.7105255;3;158.0350494;0.03;0.02;51.60006332;0.727434972;98.00%;2.971702814;0.1;0.1;2.5;80.00%;0.9;0.85;7034.824669;4550.907538;11585.73221;7.558824713;1000;0.2;800
58.87%;2.92%;21.43%;1.62%;1.48%;0.27%;0.17%;0.27%;0.04%;12.92%;221.3443781;70.92462976;41.76202697;909.5719339;82.03%;524.917339;298.8967006;75.32158035;65.5027215;0.065502722;16.31017765;61.91723866;41.06401967;489.4948912;684.0275422;595.9865087;516.3755959;;69.23661804;1.2;80.00%;96.54%;0.05;143.5455017;3;145.3000793;0.03;0.02;54.48023224;0.817534636;98.00%;2.213383198;0.1;0.1;2.5;80.00%;0.9;0.85;37660.79017;4643.792899;42304.58307;20.14945914;1000;0.2;800
60.67%;5.70%;23.43%;0.54%;1.29%;0.84%;0.23%;0.08%;0.09%;7.13%;249.2297505;72.10725076;18.40891255;735.3846374;96.36%;694.31111;348.6233197;-9.551187313;27.66824498;0.027668245;6.889393001;26.15374275;1.951107157;425.4753742;552.0223744;571.1326585;417.8149742;;51.86781311;1.2;80.00%;96.60%;0.05;140.5733795;3;153.5210266;0.03;0.02;56.15283966;0.804847421;98.00%;2.387174606;0.1;0.1;2.5;80.00%;0.9;0.85;4775.593657;1961.530707;6737.124363;10.65154248;1000;0.2;800
61.78%;7.86%;12.49%;1.71%;1.17%;0.26%;0.21%;0.35%;0.15%;14.02%;256.8665478;58.39746164;34.67828677;775.5335378;86.35%;641.2708809;352.1065525;55.71757062;53.94363002;0.05394363;13.43196388;50.99086782;35.50009653;500.1018053;708.5510897;650.9719497;534.8848686;;68.50447845;1.2;80.00%;99.72%;0.05;144.3435059;3;155.9954529;0.03;0.02;50.94390869;0.797026126;98.00%;2.211361408;0.1;0.1;2.5;80.00%;0.9;0.85;27858.78531;3824.315087;31683.1004;7.857534982;1000;0.2;800
51.62%;3.40%;19.34%;2.78%;0.91%;0.34%;0.23%;0.31%;0.11%;20.97%;261.5834445;58.28311834;47.45201249;745.4814121;84.53%;639.2506326;363.3477047;52.76127689;74.4678909;0.074467891;18.54250483;70.39167331;50.92155047;576.4774351;626.8695066;495.6711219;473.6867099;;57.51236725;1.2;80.00%;98.51%;0.05;142.1763763;3;148.6442413;0.03;0.02;51.55957794;0.820390526;98.00%;2.709708929;0.1;0.1;2.5;80.00%;0.9;0.85;26380.63844;5279.375499;31660.01394;15.16620772;1000;0.2;800
60.13%;4.98%;18.66%;1.41%;1.32%;0.26%;0.12%;0.16%;0.11%;12.86%;218.544977;60.83946487;21.09243172;800.1015286;95.91%;605.9844231;309.3006133;7.460368265;32.23361037;0.03223361;8.026168982;30.46920953;9.210185662;401.9989934;544.1531767;557.9229602;411.5765993;;56.50801468;1.2;80.00%;99.12%;0.05;145.4165192;3;144.4939575;0.03;0.02;55.6388588;0.817710892;98.00%;2.728553772;0.1;0.1;2.5;80.00%;0.9;0.85;3730.184133;2285.190715;6015.374847;12.07147807;1000;0.2;800
59.10%;2.69%;14.13%;0.41%;0.32%;0.57%;0.21%;0.31%;0.14%;22.12%;254.5750872;50.06133354;30.46129037;869.5177346;88.04%;647.9957256;359.467532;33.87528905;47.1737688;0.047173769;11.74626843;44.59157473;28.0211876;477.4490153;581.3379069;554.8830315;439.4497248;;68.31333923;1.2;80.00%;99.82%;0.05;145.2869873;3;148.549942;0.03;0.02;51.13448334;0.7994847;98.00%;2.629674435;0.1;0.1;2.5;80.00%;0.9;0.85;16937.64453;3344.368105;20282.01263;21.95041689;1000;0.2;800
52.03%;4.60%;22.67%;2.59%;0.58%;0.55%;0.25%;0.26%;0.05%;16.42%;250.2038414;54.44188366;17.02697833;843.767746;91.39%;661.0502428;362.1946577;42.42774032;25.49742501;0.025497425;6.348858827;24.10174896;12.70103925;402.0198996;382.4627997;440.7346168;290.4192491;;69.58602905;1.2;80.00%;98.32%;0.05;147.532959;3;159.934967;0.03;0.02;59.89687729;0.819624475;98.00%;2.252693176;0.1;0.1;2.5;80.00%;0.9;0.85;21213.87016;1807.631172;23021.50133;11.31185409;1000;0.2;800
54.74%;2.03%;16.18%;2.38%;0.36%;0.64%;0.15%;0.38%;0.03%;23.11%;220.2853949;62.01756624;28.12647978;670.4301005;94.00%;598.6641843;307.8279905;49.25907737;43.56091886;0.043560919;10.8466688;41.17648469;31.73319386;441.3457386;655.8710128;625.0635704;495.2760772;;58.21940994;1.2;80.00%;99.65%;0.05;140.5417938;3;153.1685333;0.03;0.02;63.83629608;0.779021951;98.00%;2.490760088;0.1;0.1;2.5;80.00%;0.9;0.85;24629.53869;3088.236352;27717.77504;26.94187394;1000;0.2;800
50.18%;3.26%;24.96%;1.34%;0.44%;0.90%;0.15%;0.34%;0.06%;18.38%;231.7731826;49.69636237;13.05495959;742.5071742;89.38%;598.9253801;336.3392999;42.87972827;19.2433424;0.019243342;4.791592257;18.19000183;7.151394655;349.5877086;416.2353923;512.5476896;315.6792361;;66.85565186;1.2;80.00%;98.67%;0.05;144.1272736;3;155.4618073;0.03;0.02;63.03802872;0.758526352;98.00%;2.073268414;0.1;0.1;2.5;80.00%;0.9;0.85;21439.86414;1364.250137;22804.11427;15.38273834;1000;0.2;800
60.53%;7.80%;12.45%;0.99%;0.83%;0.68%;0.15%;0.41%;0.04%;16.13%;212.4417672;63.10684738;20.24701141;606.0310161;90.25%;554.2902586;301.2602084;47.95940098;30.8923805;0.030892381;7.692202745;29.2013958;22.10789342;372.8611429;611.4336085;652.5484264;462.0059263;;51.10599518;1.2;80.00%;98.69%;0.05;148.6652985;3;141.9031219;0.03;0.02;60.20578384;0.762882531;98.00%;2.399350166;0.1;0.1;2.5;80.00%;0.9;0.85;23979.70049;2190.104685;26169.80517;7.764595072;1000;0.2;800
49.23%;3.13%;18.24%;1.44%;0.67%;0.44%;0.21%;0.12%;0.07%;26.45%;256.2548642;65.16240856;47.04999336;810.1634767;82.47%;610.9992343;352.2962437;18.43053959;73.82414547;0.073824145;18.38221222;69.78316518;57.41038863;560.8631599;625.9861452;503.6521617;473.0824428;;67.32170868;1.2;80.00%;100.00%;0.05;146.768692;3;155.4091949;0.03;0.02;50.80816269;0.776969568;98.00%;2.515902996;0.1;0.1;2.5;80.00%;0.9;0.85;9215.269793;5233.737388;14449.00718;15.73259414;1000;0.2;800
54.89%;2.47%;16.20%;2.07%;0.55%;0.34%;0.07%;0.37%;0.13%;22.89%;208.4223676;70.21216289;19.48954431;752.4464799;96.54%;581.6941488;299.5964322;57.09728733;29.63392031;0.02963392;7.378846158;28.0118211;8.771783376;380.9348289;478.2689729;506.8654115;362.1089485;;61.00965881;1.2;80.00%;99.51%;0.05;142.1886139;3;143.316925;0.03;0.02;63.30325699;0.820995738;98.00%;2.58389926;0.1;0.1;2.5;80.00%;0.9;0.85;28548.64366;2100.886583;30649.53025;22.23945541;1000;0.2;800
52.71%;7.00%;17.38%;0.84%;1.50%;0.27%;0.28%;0.38%;0.04%;19.60%;232.4052566;61.98464154;15.66783316;805.8065923;97.62%;655.872027;335.5225157;1.90591926;23.37582361;0.023375824;5.820580078;22.0962796;12.0986392;391.3071921;430.9293939;477.3278757;326.7912617;;68.23608398;1.2;80.00%;97.84%;0.05;143.1299286;3;147.4907532;0.03;0.02;58.81640625;0.761499552;98.00%;2.426726341;0.1;0.1;2.5;80.00%;0.9;0.85;952.95963;1657.22097;2610.1806;7.526980533;1000;0.2;800
50.43%;5.49%;14.00%;0.93%;0.26%;0.27%;0.22%;0.23%;0.10%;28.06%;223.1721614;53.97544852;42.21682274;702.1842659;80.53%;519.5943658;303.8067115;55.46637004;66.32302855;0.066323029;16.51443411;62.6926438;46.35605339;490.6644197;661.2005822;576.5620365;499.0627967;;63.61246872;1.2;80.00%;96.91%;0.05;149.6682739;3;149.820816;0.03;0.02;64.64604187;0.784341061;98.00%;2.00430727;0.1;0.1;2.5;80.00%;0.9;0.85;27733.18502;4701.948285;32435.1333;9.190217408;1000;0.2;800
61.44%;1.98%;14.54%;0.90%;0.96%;0.34%;0.29%;0.22%;0.07%;19.27%;213.517633;60.1433381;33.29625738;572.7473421;87.34%;539.1318786;291.4911577;39.08496621;51.97004391;0.051970044;12.94054093;49.12531171;34.57231349;445.4516095;539.5746554;492.6690712;407.9285601;;69.7071228;1.2;80.00%;99.97%;0.05;147.4559937;3;159.9865265;0.03;0.02;60.97267914;0.754272168;98.00%;2.906752586;0.1;0.1;2.5;80.00%;0.9;0.85;19542.4831;3684.398378;23226.88148;31.09871477;1000;0.2;800
49.02%;5.70%;19.96%;2.87%;0.75%;0.31%;0.19%;0.13%;0.06%;21.00%;260.1171348;55.15668899;12.8622094;962.2059988;86.99%;654.1856061;379.5556309;74.05670447;18.70990762;0.018709908;4.658766999;17.68576617;0.204101186;373.4533988;354.0420758;460.1850757;269.2704741;;73.97637177;1.2;80.00%;99.63%;0.05;142.4049225;3;157.3608704;0.03;0.02;65.14601135;0.772842056;98.00%;2.211294413;0.1;0.1;2.5;80.00%;0.9;0.85;37028.35224;1326.432462;38354.7847;8.601360871;1000;0.2;800
51.40%;3.20%;15.46%;2.63%;1.39%;0.36%;0.13%;0.07%;0.11%;25.25%;207.5619374;78.6161259;34.61267522;678.174066;94.62%;567.7756046;289.6638841;15.44712393;53.97910379;0.053979104;13.44079684;51.02439983;41.53024847;466.1964388;655.1052267;582.6560056;494.9071636;;55.55897522;1.2;80.00%;96.02%;0.05;143.5328979;3;143.9304199;0.03;0.02;62.9251709;0.751727076;98.00%;2.296251774;0.1;0.1;2.5;80.00%;0.9;0.85;7723.561964;3826.829987;11550.39195;16.05651726;1000;0.2;800
56.51%;5.95%;16.21%;0.50%;1.40%;0.57%;0.11%;0.08%;0.04%;18.63%;217.6235021;61.87348784;19.88479257;667.3883237;86.90%;546.7091749;301.0376281;15.36721827;30.31793148;0.030317931;7.549164938;28.65839092;7.372092039;367.1652983;485.4367119;533.4312504;367.5315026;;55.52758408;1.2;80.00%;99.54%;0.05;143.6621246;3;150.1057739;0.03;0.02;61.04705811;0.763354097;98.00%;2.455776215;0.1;0.1;2.5;80.00%;0.9;0.85;7683.609135;2149.379319;9832.988454;9.499996362;1000;0.2;800
53.19%;1.80%;14.13%;0.72%;1.18%;0.37%;0.19%;0.36%;0.11%;27.96%;239.2366372;66.56293385;36.14844877;795.2641872;86.77%;600.1237075;335.4277495;58.31360205;56.331248;0.056331248;14.02648075;53.24779255;36.38404892;489.8147637;573.5801073;513.9876394;433.6525977;;55.44100189;1.2;80.00%;99.80%;0.05;140.1564026;3;140.2977905;0.03;0.02;60.49785614;0.773008325;98.00%;2.409128666;0.1;0.1;2.5;80.00%;0.9;0.85;29156.80103;3993.584441;33150.38547;29.61183053;1000;0.2;800
58.82%;4.28%;13.62%;1.18%;1.47%;0.71%;0.13%;0.36%;0.04%;19.39%;225.1890596;68.79157997;11.72208191;754.6940149;95.97%;624.8121605;327.7812162;12.05254189;17.01089464;0.017010895;4.235712766;16.07975362;-3.959228546;353.2294867;340.7512098;423.4475054;259.1805098;;60.29094315;1.2;80.00%;97.90%;0.05;140.3850555;3;150.1343689;0.03;0.02;54.86260986;0.775987109;98.00%;2.048238516;0.1;0.1;2.5;80.00%;0.9;0.85;6026.270947;1205.981522;7232.252468;13.73103314;1000;0.2;800
52.88%;5.36%;22.65%;0.40%;0.62%;0.68%;0.17%;0.30%;0.09%;16.83%;249.0186554;68.02792916;26.40319419;677.8725342;89.33%;643.1379043;349.1792688;51.30211443;40.56708397;0.040567084;10.10120391;38.34652611;23.43724806;450.3372504;482.7176017;476.9072865;365.6338031;;63.18711853;1.2;80.00%;97.76%;0.05;149.1007996;3;152.1928864;0.03;0.02;63.12798691;0.803023227;98.00%;2.01729393;0.1;0.1;2.5;80.00%;0.9;0.85;25651.05721;2875.989458;28527.04667;9.864038441;1000;0.2;800
57.66%;2.80%;24.83%;2.92%;0.47%;0.60%;0.08%;0.43%;0.11%;10.09%;223.8985909;68.90043331;32.63664783;621.1030298;92.68%;599.9301876;309.2702038;26.87273989;50.77404074;0.050774041;12.64273614;47.99477527;35.39374724;468.9211173;665.6827326;605.8990019;502.7230958;;50.3742981;1.2;80.00%;99.98%;0.05;147.4193115;3;152.1231995;0.03;0.02;51.31312561;0.762289556;98.00%;2.968112469;0.1;0.1;2.5;80.00%;0.9;0.85;13436.36994;3599.608146;17035.97809;20.59044113;1000;0.2;800
50.48%;2.13%;13.29%;1.90%;0.58%;0.72%;0.09%;0.21%;0.10%;30.50%;244.1254382;55.12105654;17.6416532;938.6469682;87.62%;618.364879;353.4143466;61.95272959;26.52115951;0.02652116;6.603768719;25.06944636;11.7585415;385.8464444;599.7634949;670.1655036;453.3724924;;61.42520142;1.2;80.00%;100.00%;0.05;145.5876617;3;142.0363617;0.03;0.02;62.30360794;0.818406136;98.00%;2.585042953;0.1;0.1;2.5;80.00%;0.9;0.85;30976.3648;1880.208477;32856.57327;23.69036082;1000;0.2;800
53.66%;5.10%;14.42%;1.19%;1.36%;0.67%;0.29%;0.15%;0.14%;23.00%;213.7050067;71.28023469;13.65193503;789.8400392;103.28%;638.0856755;310.4030893;-9.169486205;20.17846587;0.020178466;5.024438;19.07393858;9.422110909;371.0864839;363.8337968;410.518465;276.4591065;;50.70288086;1.2;80.00%;99.19%;0.05;144.229599;3;143.0339203;0.03;0.02;58.26359558;0.7668066;98.00%;2.723149538;0.1;0.1;2.5;80.00%;0.9;0.85;4584.743103;1430.545394;6015.288496;10.52760111;1000;0.2;800
51.76%;4.75%;19.89%;2.13%;1.44%;0.66%;0.14%;0.55%;0.04%;18.65%;227.201592;53.37624402;31.04974851;806.1408252;84.50%;555.0552969;319.1127562;49.74721913;48.27553238;0.048275532;12.02060756;45.63303007;30.94911206;439.0646761;521.2975404;505.181132;394.2216578;;52.43643188;1.2;80.00%;99.97%;0.05;141.2545624;3;153.7527771;0.03;0.02;65.00102997;0.787024313;98.00%;2.253427029;0.1;0.1;2.5;80.00%;0.9;0.85;24873.60956;3422.477255;28296.08682;10.90843084;1000;0.2;800
61.03%;2.36%;21.45%;1.99%;0.29%;0.87%;0.21%;0.59%;0.08%;11.13%;219.1621115;62.47452932;28.99305389;676.5336186;91.41%;579.1964855;310.5969935;60.27894145;44.94157789;0.044941578;11.19045289;42.48156931;21.91919146;437.3003582;604.9975492;581.7013548;457.0742205;;58.00368118;1.2;80.00%;99.79%;0.05;144.1185303;3;146.8008423;0.03;0.02;52.66103745;0.752473064;98.00%;2.458796501;0.1;0.1;2.5;80.00%;0.9;0.85;30139.47072;3186.117698;33325.58842;25.81813222;1000;0.2;800
49.77%;4.65%;21.47%;2.55%;1.12%;0.60%;0.01%;0.10%;0.15%;19.60%;258.3706856;58.3704936;15.14528105;817.7248205;87.15%;650.9869969;375.1407762;43.73561961;22.385332;0.022385332;5.573947668;21.16000545;10.39011162;385.637071;517.4581123;606.282972;391.8268384;;70.26470184;1.2;80.00%;99.52%;0.05;149.6238251;3;159.9581146;0.03;0.02;52.12236404;0.812766496;98.00%;2.074632168;0.1;0.1;2.5;80.00%;0.9;0.85;21867.80981;1587.000409;23454.81022;10.6988242;1000;0.2;800
55.68%;6.59%;12.17%;2.50%;0.38%;0.64%;0.25%;0.58%;0.03%;21.18%;210.7019045;78.95715724;28.47093505;643.2977201;101.07%;615.6736092;297.0919864;40.13601991;44.05320729;0.044053207;10.96924862;41.64182628;28.5334394;450.5025084;629.0749956;577.2812885;475.3121176;;56.03982162;1.2;80.00%;99.91%;0.05;145.9453888;3;154.0184784;0.03;0.02;51.47201157;0.815327413;98.00%;2.317570448;0.1;0.1;2.5;80.00%;0.9;0.85;20068.00996;3123.136971;23191.14693;8.449845149;1000;0.2;800
51.62%;6.12%;24.05%;1.22%;0.94%;0.57%;0.10%;0.26%;0.03%;15.09%;235.7384646;53.33651107;39.8514585;708.2767001;87.65%;597.3357775;329.484367;23.56074085;62.40606846;0.062406068;15.53911105;58.99008997;47.70801101;511.7477642;578.2947624;490.2718497;437.1536098;;74.07595825;1.2;80.00%;99.99%;0.05;144.0713043;3;154.1472168;0.03;0.02;61.93297577;0.817832444;98.00%;2.496350288;0.1;0.1;2.5;80.00%;0.9;0.85;11780.37042;4424.256748;16204.62717;8.429197141;1000;0.2;800
52.95%;7.40%;21.99%;2.75%;0.88%;0.32%;0.25%;0.56%;0.14%;12.75%;218.5508064;50.93636835;37.04039152;712.9802631;88.50%;559.1606173;305.6635078;39.24455981;57.99777393;0.057997774;14.44144571;54.82309632;35.60621805;477.1487091;718.2019297;648.2724447;541.8918743;;62.09493256;1.2;80.00%;96.80%;0.05;148.3447723;3;156.628952;0.03;0.02;67.6200943;0.768575915;98.00%;2.048433781;0.1;0.1;2.5;80.00%;0.9;0.85;19622.2799;4111.732224;23734.01213;7.152988605;1000;0.2;800
52.99%;3.41%;15.83%;2.03%;0.52%;0.64%;0.15%;0.18%;0.05%;24.19%;224.1749956;46.94260187;44.52947952;572.7939359;77.61%;503.0085321;301.1850782;59.17218466;70.10431651;0.070104317;17.45597481;66.26695192;48.36164475;497.1802165;798.0251019;705.3674842;601.6775805;;72.76760864;1.2;80.00%;99.99%;0.05;148.2951355;3;147.8813782;0.03;0.02;58.4990387;0.737895826;98.00%;2.096158028;0.1;0.1;2.5;80.00%;0.9;0.85;29586.09233;4970.021394;34556.11372;15.52096507;1000;0.2;800
62.70%;2.03%;14.75%;1.47%;0.34%;0.70%;0.05%;0.54%;0.06%;17.38%;224.3703437;56.08550914;21.1724921;625.6200925;85.33%;553.4723595;322.3603023;42.22239031;32.33641385;0.032336414;8.051767048;30.56638576;13.25276197;377.9281925;467.2051257;521.9409056;353.8632897;;54.70752716;1.2;80.00%;98.79%;0.05;146.4455109;3;147.6095581;0.03;0.02;50.92341232;0.785126922;98.00%;2.866169214;0.1;0.1;2.5;80.00%;0.9;0.85;21111.19516;2292.478932;23403.67409;30.91773559;1000;0.2;800
57.99%;5.03%;16.47%;2.65%;0.47%;0.61%;0.25%;0.24%;0.07%;16.23%;265.4546233;72.23793999;13.24708763;1007.472089;94.28%;723.5201916;382.8067348;14.74859829;19.20559373;0.019205594;4.782192839;18.15431944;9.387605815;406.7891038;391.2997291;460.1458614;297.4468042;;55.8278656;1.2;80.00%;99.99%;0.05;149.2844543;3;152.9757843;0.03;0.02;65.12499237;0.820102237;98.00%;2.565887928;0.1;0.1;2.5;80.00%;0.9;0.85;7374.299145;1361.573958;8735.873104;11.54085584;1000;0.2;800
62.00%;7.38%;18.18%;0.81%;1.34%;0.74%;0.08%;0.29%;0.15%;9.04%;245.536684;73.69622185;30.7863774;869.7307212;96.93%;688.0295107;348.933788;27.7409171;47.59085343;0.047590853;11.8501225;44.98582902;37.64648916;497.8112111;566.8899013;506.25487;428.8430419;;57.65537643;1.2;80.00%;100.00%;0.05;141.0892334;3;145.6602325;0.03;0.02;54.03209686;0.751844196;98.00%;2.560754776;0.1;0.1;2.5;80.00%;0.9;0.85;13870.45855;3373.937176;17244.39572;8.405312105;1000;0.2;800
60.56%;7.61%;12.76%;2.34%;0.45%;0.50%;0.22%;0.18%;0.10%;15.27%;262.4874312;56.94284837;44.59270694;862.5589285;80.15%;608.1902452;367.0700012;49.38925402;69.85536903;0.069855369;17.39398689;66.03163131;46.39285414;544.4276516;684.1775364;593.1677453;516.6728188;;55.44514847;1.2;80.00%;98.38%;0.05;142.788147;3;148.687027;0.03;0.02;62.7910614;0.806869089;98.00%;2.946007252;0.1;0.1;2.5;80.00%;0.9;0.85;24694.62701;4952.372348;29646.99936;7.961282118;1000;0.2;800
55.27%;2.25%;15.64%;0.87%;0.58%;0.88%;0.07%;0.36%;0.04%;24.04%;256.4179361;74.00407086;45.98071221;1024.03506;90.00%;667.1884704;352.0613742;27.40754211;72.04610539;0.072046105;17.93948024;68.10245131;51.37710153;580.2662896;640.5521197;493.234988;484.0329604;;55.18988419;1.2;80.00%;99.60%;0.05;140.5493011;3;144.8911133;0.03;0.02;63.3658371;0.764254445;98.00%;2.856738806;0.1;0.1;2.5;80.00%;0.9;0.85;13703.77105;5107.683848;18811.4549;24.54962857;1000;0.2;800
57.40%;3.98%;14.43%;2.33%;1.24%;0.51%;0.20%;0.16%;0.05%;19.70%;234.0097812;59.90852015;14.39334736;889.1828277;90.47%;612.0686624;338.8130232;44.11038676;21.32230777;0.021322308;5.309254634;20.15516895;1.916477594;363.3069498;398.3755564;480.5163902;302.304165;;64.8674469;1.2;80.00%;98.64%;0.05;141.2836304;3;153.9006195;0.03;0.02;53.59074783;0.761257359;98.00%;2.109989166;0.1;0.1;2.5;80.00%;0.9;0.85;22055.19338;1511.637672;23566.83105;14.40496551;1000;0.2;800
53.96%;7.69%;23.09%;0.26%;0.49%;0.36%;0.09%;0.42%;0.08%;13.56%;243.0169933;69.82875017;24.63877022;694.025928;89.48%;628.6626022;343.806517;62.38494542;37.73718868;0.037737189;9.396559982;35.6715334;21.75311927;433.1331544;486.4959266;495.4627123;368.4730494;;63.52046204;1.2;80.00%;97.46%;0.05;144.7493744;3;149.5099487;0.03;0.02;55.0513382;0.808858626;98.00%;2.022614956;0.1;0.1;2.5;80.00%;0.9;0.85;31192.47271;2675.365005;33867.83771;7.016928899;1000;0.2;800
50.35%;5.80%;22.32%;1.21%;0.89%;0.56%;0.15%;0.22%;0.14%;18.36%;228.4527185;72.86038088;46.34346199;640.3139637;90.58%;598.2631784;308.4290765;8.43917672;72.82732818;0.072827328;18.13400472;68.84091159;57.90013735;551.0823888;782.6847981;632.057511;590.4985845;;63.01168442;1.2;80.00%;99.08%;0.05;144.4456024;3;144.3184357;0.03;0.02;69.16835022;0.802057528;98.00%;2.498691559;0.1;0.1;2.5;80.00%;0.9;0.85;4219.58836;5163.068369;9382.656729;8.678292473;1000;0.2;800
59.67%;6.42%;13.37%;2.99%;1.12%;0.87%;0.28%;0.43%;0.05%;14.79%;213.1590615;53.07841134;35.12656846;702.2892874;87.70%;540.4750101;296.0992341;23.88416561;54.94328727;0.054943287;13.68087853;51.93580592;31.12273201;457.1105659;681.9886278;626.3228583;514.6899116;;58.54890442;1.2;80.00%;98.63%;0.05;141.9823303;3;153.5096436;0.03;0.02;55.85984039;0.728856334;98.00%;2.730197191;0.1;0.1;2.5;80.00%;0.9;0.85;11942.0828;3895.185444;15837.26825;9.295854935;1000;0.2;800
52.32%;2.80%;12.67%;2.21%;1.20%;0.56%;0.01%;0.50%;0.12%;27.62%;252.6284699;49.94324877;38.89246547;861.9161296;76.34%;557.5762378;350.7938978;91.88207561;60.79083052;0.060790831;15.1369168;57.46326679;38.22001276;487.3649567;609.5364326;569.0602821;460.4944956;;70.32312012;1.2;80.00%;99.20%;0.05;142.1147614;3;154.6463013;0.03;0.02;64.15641785;0.798336769;98.00%;2.104728222;0.1;0.1;2.5;80.00%;0.9;0.85;45941.0378;4309.74501;50250.78281;18.70884868;1000;0.2;800
50.84%;6.94%;12.63%;1.25%;1.21%;0.89%;0.26%;0.41%;0.14%;25.42%;221.4977091;76.06808699;17.6047895;666.3548193;99.97%;640.1801262;317.4846901;25.26473456;26.48300723;0.026483007;6.594268801;25.03338246;4.009518466;395.62227;400.2963119;426.3505534;303.8809362;;59.85376358;1.2;80.00%;96.53%;0.05;148.1289063;3;145.3558044;0.03;0.02;69.14461517;0.757039304;98.00%;2.163994789;0.1;0.1;2.5;80.00%;0.9;0.85;12632.36728;1877.503684;14509.87096;7.320941405;1000;0.2;800
54.68%;1.70%;15.79%;1.74%;0.73%;0.27%;0.24%;0.50%;0.07%;24.28%;215.2355408;60.46436476;41.85580104;620.2016224;81.83%;509.2188902;288.8958635;17.4091503;65.76459922;0.065764599;16.37538521;62.16478174;47.5719854;483.7059216;609.597917;520.3645683;460.4885754;;60.88469315;1.2;80.00%;99.94%;0.05;149.7665558;3;145.7814331;0.03;0.02;54.61332321;0.72908358;98.00%;2.706847668;0.1;0.1;2.5;80.00%;0.9;0.85;8704.57515;4662.35863;13366.93378;32.15527044;1000;0.2;800
56.88%;5.26%;18.09%;2.80%;0.69%;0.32%;0.15%;0.31%;0.05%;15.46%;231.518859;60.32739089;11.15344122;839.6627496;87.61%;586.4187856;337.8870884;62.77691361;16.10568978;0.01610569;4.010316756;15.2240978;-2.97563537;332.2078147;377.6599896;494.3979462;286.7543104;;70.92472076;1.2;80.00%;99.99%;0.05;148.3764648;3;157.6741486;0.03;0.02;65.77846527;0.803784753;98.00%;2.380587339;0.1;0.1;2.5;80.00%;0.9;0.85;31388.45681;1141.807335;32530.26414;10.81463082;1000;0.2;800
54.20%;1.76%;15.87%;0.71%;0.65%;0.59%;0.05%;0.05%;0.12%;25.98%;240.8226642;79.91481145;32.16939715;813.2498352;96.99%;675.2939229;341.2363784;45.01936197;49.81163315;0.049811633;12.40309665;47.08504787;38.53513302;500.0685455;602.7916704;533.2081467;455.7779435;;55.77642441;1.2;80.00%;99.63%;0.05;146.4799652;3;156.9999542;0.03;0.02;61.4606781;0.748252485;98.00%;2.354304314;0.1;0.1;2.5;80.00%;0.9;0.85;22509.68098;3531.37859;26041.05957;30.76455664;1000;0.2;800
53.86%;6.68%;23.02%;1.43%;1.10%;0.50%;0.20%;0.47%;0.12%;12.63%;229.4568902;61.76532457;11.50666612;727.8204374;90.21%;598.4561366;333.6261305;56.24381538;16.68382268;0.016683823;4.154271848;15.7705849;1.187025246;339.51472;367.1523268;471.975015;278.9869314;;50.64698029;1.2;80.00%;100.00%;0.05;141.4377899;3;141.9380493;0.03;0.02;60.09122086;0.771112709;98.00%;2.917999744;0.1;0.1;2.5;80.00%;0.9;0.85;28121.90769;1182.793868;29304.70156;8.056943454;1000;0.2;800
55.38%;4.39%;23.15%;2.78%;0.90%;0.44%;0.15%;0.54%;0.06%;12.21%;228.0164974;74.16282541;40.46231457;941.5903149;89.96%;593.035533;318.0388594;-6.089457245;63.30544664;0.063305447;15.76305621;59.84023806;47.92246172;513.0203787;736.1241854;636.3785583;555.6960961;;72.68477631;1.2;80.00%;99.58%;0.05;145.40625;3;143.1444092;0.03;0.02;58.92090607;0.777957618;98.00%;2.101237297;0.1;0.1;2.5;80.00%;0.9;0.85;3044.728623;4488.017854;7532.746477;12.61164743;1000;0.2;800
59.61%;3.82%;18.98%;0.26%;1.22%;0.50%;0.16%;0.19%;0.11%;15.14%;234.4823415;65.23116622;26.98350361;667.3952582;90.59%;614.1190226;333.1258108;41.10331842;41.58947555;0.041589476;10.35577941;39.3129541;20.1805077;440.8257928;649.9004345;641.2378126;490.881197;;66.03560638;1.2;80.00%;96.61%;0.05;146.2697754;3;148.1560822;0.03;0.02;50.80725479;0.783868861;98.00%;2.655077219;0.1;0.1;2.5;80.00%;0.9;0.85;20551.65921;2948.471557;23500.13077;15.59315396;1000;0.2;800
62.46%;4.94%;19.19%;2.27%;0.40%;0.33%;0.25%;0.07%;0.03%;10.05%;252.395748;65.08689738;23.68886956;870.2289671;88.86%;648.3662437;350.9034119;45.03718998;36.20705403;0.036207054;9.015556453;34.22515514;16.636628;436.3854358;538.1532797;549.1261423;407.1990657;;56.76203537;1.2;80.00%;99.12%;0.05;146.7376556;3;156.811203;0.03;0.02;67.95469666;0.820775802;98.00%;2.99104166;0.1;0.1;2.5;80.00%;0.9;0.85;22518.59499;2566.886635;25085.48162;12.64349014;1000;0.2;800
50.46%;1.65%;14.31%;2.77%;0.61%;0.83%;0.23%;0.14%;0.14%;28.87%;264.4344018;66.50712994;30.32438588;1037.07563;93.11%;711.8267155;374.0708395;32.77696934;46.78386556;0.046783866;11.64918252;44.22301399;34.26079764;505.7684073;600.5755635;553.1291379;454.1984654;;51.21993256;1.2;80.00%;100.00%;0.05;141.2922363;3;149.559433;0.03;0.02;66.98295593;0.736122708;98.00%;2.920860291;0.1;0.1;2.5;80.00%;0.9;0.85;16388.48467;3316.726049;19705.21072;30.54680212;1000;0.2;800
60.72%;5.59%;22.58%;0.29%;1.29%;0.28%;0.18%;0.50%;0.04%;8.51%;213.6289721;58.6619533;10.7893013;851.9718232;89.38%;552.0479834;311.7178794;39.81340757;15.64370156;0.015643702;3.895281688;14.78739785;1.137142619;314.5519569;371.9607235;486.8773324;282.460672;;67.735672;1.2;80.00%;99.78%;0.05;143.1762238;3;155.5381927;0.03;0.02;54.69852448;0.741613433;98.00%;2.290747166;0.1;0.1;2.5;80.00%;0.9;0.85;19906.70378;1109.054838;21015.75862;10.85645695;1000;0.2;800
49.30%;5.23%;16.84%;1.75%;0.88%;0.68%;0.28%;0.58%;0.06%;24.41%;257.0984118;72.68553843;34.16400405;798.6622736;85.81%;637.806266;363.6329842;62.86719763;52.97322359;0.052973224;13.19033267;50.07357942;36.82887567;494.7430507;655.2165948;614.1096059;495.1543921;;72.67793274;1.2;80.00%;98.03%;0.05;146.1065979;3;152.289444;0.03;0.02;58.94425964;0.803838009;98.00%;2.853959799;0.1;0.1;2.5;80.00%;0.9;0.85;31433.59882;3755.518456;35189.11727;9.427044954;1000;0.2;800
57.49%;3.90%;14.72%;2.29%;1.10%;0.39%;0.23%;0.13%;0.10%;19.66%;208.7120083;81.72179607;31.85548811;880.7528634;99.18%;598.4245588;288.384298;-3.901821874;49.52414445;0.049524144;12.33151197;46.81329571;29.84957171;463.7660646;588.4646685;515.8283103;444.9347648;;73.26774597;1.2;80.00%;98.18%;0.05;147.9024963;3;153.9921265;0.03;0.02;53.90214157;0.783710073;98.00%;2.975389481;0.1;0.1;2.5;80.00%;0.9;0.85;1950.910937;3510.997178;5461.908115;14.74716007;1000;0.2;800
49.30%;2.53%;19.89%;1.96%;1.10%;0.66%;0.06%;0.25%;0.06%;24.18%;243.3953999;54.71717763;24.06826019;926.0496927;87.12%;613.0403714;343.06799;54.75093036;36.91892905;0.036918929;9.192813333;34.8980636;16.82164905;422.906244;488.6245457;509.4033952;369.9483017;;50.72057724;1.2;80.00%;99.02%;0.05;145.7147064;3;150.0851593;0.03;0.02;54.22412109;0.807457962;98.00%;2.011931896;0.1;0.1;2.5;80.00%;0.9;0.85;27375.46518;2617.35477;29992.81995;19.46796128;1000;0.2;800
56.46%;2.41%;24.98%;2.51%;1.31%;0.39%;0.29%;0.40%;0.09%;11.18%;208.7425811;62.93923029;15.95116467;582.4320164;97.84%;590.4707735;298.9874147;18.80600009;23.98477773;0.023984778;5.972209656;22.67190085;6.900030451;363.3530353;496.5190453;544.0542592;375.8255009;;73.56423187;1.2;80.00%;100.00%;0.05;145.0442657;3;141.1561584;0.03;0.02;57.36609268;0.806012503;98.00%;2.462388992;0.1;0.1;2.5;80.00%;0.9;0.85;9403.000047;1700.392564;11103.39261;23.43602983;1000;0.2;800
53.07%;7.42%;17.51%;2.19%;0.98%;0.40%;0.07%;0.35%;0.12%;17.89%;239.0227914;52.83222709;15.31358705;761.0322686;92.79%;641.1888406;347.0996607;19.92436449;22.81394524;0.022813945;5.680672364;21.56515729;6.569818936;382.9040222;571.7798386;638.4876619;432.3317286;;62.22622299;1.2;80.00%;95.74%;0.05;147.2375183;3;143.9707336;0.03;0.02;58.50003052;0.79067587;98.00%;2.230653048;0.1;0.1;2.5;80.00%;0.9;0.85;9962.182243;1617.386797;11579.56904;7.154356872;1000;0.2;800
49.64%;6.96%;24.01%;2.21%;1.40%;0.60%;0.08%;0.59%;0.12%;14.39%;224.7005757;57.87083657;44.66075779;649.6015464;82.88%;538.4198675;298.9083519;43.77107251;70.2552378;0.070255238;17.49355421;66.40961209;54.3293674;513.6758402;723.3059929;607.8138189;545.6209556;;57.23446274;1.2;80.00%;99.63%;0.05;142.6453552;3;142.5173645;0.03;0.02;67.37918854;0.785850434;98.00%;2.595921993;0.1;0.1;2.5;80.00%;0.9;0.85;21885.53626;4980.720907;26866.25716;7.131156133;1000;0.2;800
59.27%;6.71%;22.96%;2.79%;0.57%;0.91%;0.10%;0.42%;0.10%;6.16%;210.1871252;53.15040075;41.9325117;722.7708061;84.52%;513.6001746;289.8194319;36.40088897;65.93124668;0.065931247;16.41688042;62.32230726;37.93764659;485.9390129;783.9588762;691.9944256;591.0617409;;74.62498474;1.2;80.00%;98.90%;0.05;149.1339111;3;146.9429779;0.03;0.02;61.53150558;0.739090707;98.00%;2.73369503;0.1;0.1;2.5;80.00%;0.9;0.85;18200.44448;4674.173044;22874.61753;8.83595527;1000;0.2;800
54.79%;7.07%;15.42%;1.00%;0.56%;0.41%;0.21%;0.35%;0.03%;20.15%;250.9531596;52.10249239;40.59582278;866.9146681;77.87%;564.9221944;348.3603308;73.8574779;63.53079386;0.063530794;15.81916767;60.05325024;43.12963304;500.6647498;772.82593;715.0123755;582.9615534;;63.40044022;1.2;80.00%;98.75%;0.05;148.1343689;3;147.2541809;0.03;0.02;55.15604019;0.770662932;98.00%;2.881299496;0.1;0.1;2.5;80.00%;0.9;0.85;36928.73895;4503.993768;41432.73272;7.746515234;1000;0.2;800
52.81%;6.40%;12.44%;2.88%;0.37%;0.52%;0.30%;0.38%;0.13%;23.79%;231.9750415;73.2972342;42.74649303;931.1184809;87.99%;590.086112;319.0439598;29.84469162;66.98537678;0.066985377;16.67935882;63.31873647;46.92270576;525.5506006;631.4869236;518.5867416;477.1052508;;61.13311005;1.2;80.00%;99.81%;0.05;142.9193726;3;153.658905;0.03;0.02;68.09761047;0.801745599;98.00%;2.491699934;0.1;0.1;2.5;80.00%;0.9;0.85;14922.34581;4748.905236;19671.25105;8.250439283;1000;0.2;800
58.25%;3.46%;13.56%;2.66%;1.07%;0.33%;0.17%;0.15%;0.02%;20.32%;223.5780242;65.06374751;38.73988445;765.0877539;90.96%;587.9561423;311.7506581;39.83356793;60.61738037;0.06061738;15.09372771;57.29931095;41.77879983;500.7857145;576.4587412;484.2600466;435.7207337;;50.05624008;1.2;80.00%;99.10%;0.05;146.2934113;3;140.423996;0.03;0.02;64.27451324;0.735322002;98.00%;2.969338417;0.1;0.1;2.5;80.00%;0.9;0.85;19916.78396;4297.448321;24214.23228;16.82176384;1000;0.2;800
54.47%;1.51%;15.07%;0.99%;0.43%;0.28%;0.14%;0.49%;0.04%;26.59%;246.6289276;54.431063;21.53150212;938.1575069;82.71%;589.7172225;352.1589004;40.56384219;32.79575292;0.032795753;8.166142477;31.00058156;11.05666654;396.4644067;445.1904165;504.4819877;337.4268741;;72.23735809;1.2;80.00%;100.00%;0.05;147.3848114;3;155.1231384;0.03;0.02;53.93441391;0.756354244;98.00%;2.831755161;0.1;0.1;2.5;80.00%;0.9;0.85;20281.9211;2325.043617;22606.96471;36.17286669;1000;0.2;800
59.42%;4.70%;24.70%;2.37%;0.68%;0.71%;0.19%;0.30%;0.13%;6.80%;230.5990245;77.95193696;10.07635698;930.709223;96.95%;646.3619123;337.3066464;68.75925821;14.26000444;0.014260004;3.550741105;13.47944143;3.900079931;352.7165043;343.7708523;433.9431642;261.5079966;;68.67739105;1.2;80.00%;99.06%;0.05;149.7268372;3;140.150589;0.03;0.02;59.11328125;0.807322905;98.00%;2.390740395;0.1;0.1;2.5;80.00%;0.9;0.85;34379.62911;1010.958107;35390.58721;12.63209123;1000;0.2;800
62.08%;6.01%;24.14%;1.90%;1.03%;0.87%;0.19%;0.45%;0.01%;3.32%;251.5549005;76.84664391;28.9260812;827.3939253;95.81%;696.759176;355.6359932;-14.38881811;44.54537831;0.044545378;11.0917992;42.10705688;33.99263146;490.2286393;690.0141501;643.742398;521.3255506;;63.42935562;1.2;80.00%;99.33%;0.05;145.3152466;3;158.375473;0.03;0.02;66.67253876;0.782922559;98.00%;2.296768427;0.1;0.1;2.5;80.00%;0.9;0.85;7194.409054;3158.029266;10352.43832;10.33513771;1000;0.2;800
62.60%;5.99%;18.34%;2.10%;0.35%;0.85%;0.16%;0.52%;0.13%;8.95%;262.8523368;62.39310302;36.57068225;784.3829204;86.42%;656.7088;369.3655859;59.87680926;56.89062397;0.056890624;14.16576537;53.77654945;37.20557831;518.2444999;738.315007;675.7075989;557.3910391;;70.08023834;1.2;80.00%;99.69%;0.05;141.8300323;3;159.8116455;0.03;0.02;58.28928375;0.743310625;98.00%;2.540462971;0.1;0.1;2.5;80.00%;0.9;0.85;29938.40463;4033.241209;33971.64584;10.4470828;1000;0.2;800
51.20%;6.45%;15.57%;2.15%;1.19%;0.31%;0.08%;0.17%;0.03%;22.85%;265.0551955;67.71885604;36.51863632;890.6274391;83.68%;641.2536023;373.9233942;65.35813523;56.75268429;0.056752684;14.13141839;53.6461603;40.13852396;510.5345046;647.3214342;598.3380389;489.2721106;;54.19001007;1.2;80.00%;97.07%;0.05;142.7086182;3;151.1783447;0.03;0.02;51.77463531;0.786895617;98.00%;2.754842758;0.1;0.1;2.5;80.00%;0.9;0.85;32679.06762;4023.462023;36702.52964;7.941119364;1000;0.2;800
58.48%;2.05%;18.82%;2.05%;1.00%;0.71%;0.26%;0.32%;0.11%;16.19%;216.7649898;81.46944722;39.03194094;866.1333423;93.61%;586.6057404;293.955254;-4.765264761;61.05940085;0.061059401;15.20379081;57.71713614;37.57034917;501.3185848;628.4049414;520.3614789;474.9172736;;66.53132629;1.2;80.00%;99.79%;0.05;142.2581635;3;155.2262573;0.03;0.02;53.09524536;0.816867187;98.00%;2.912098408;0.1;0.1;2.5;80.00%;0.9;0.85;2382.632381;4328.785211;6711.417591;28.50960721;1000;0.2;800
49.20%;1.64%;21.70%;1.00%;1.21%;0.57%;0.14%;0.15%;0.04%;24.34%;247.605744;59.16004012;13.27138132;942.1085614;95.97%;687.0019373;360.160187;43.55602199;19.42739651;0.019427397;4.837421732;18.3639812;-1.164508521;391.2456814;454.6025127;521.5587589;344.5968972;;68.22384644;1.2;80.00%;97.77%;0.05;140.4944763;3;151.7043915;0.03;0.02;63.4728775;0.811062745;98.00%;2.758651495;0.1;0.1;2.5;80.00%;0.9;0.85;21778.01099;1377.29859;23155.30958;30.02325305;1000;0.2;800
50.96%;1.65%;18.24%;0.89%;0.62%;0.31%;0.29%;0.60%;0.09%;26.36%;208.3189272;58.02407659;10.67143775;776.8565509;97.04%;584.4293731;297.2496897;22.32737822;15.52087162;0.015520872;3.864697032;14.67129136;1.328366895;328.8475863;472.7600797;557.1766095;357.9725291;;50.10676193;1.2;80.00%;95.48%;0.05;144.8948975;3;156.8424377;0.03;0.02;50.93716812;0.760686353;98.00%;2.582244873;0.1;0.1;2.5;80.00%;0.9;0.85;11163.68911;1100.346852;12264.03596;30.90777716;1000;0.2;800
59.01%;5.00%;13.18%;1.08%;0.57%;0.30%;0.08%;0.45%;0.08%;20.25%;215.7723003;51.16079211;10.71312502;713.8452557;86.35%;538.6704919;300.9556858;62.54580629;15.61611656;0.015616117;3.888413022;14.76132279;6.887577399;308.4185085;438.1804999;550.9610716;331.947301;;54.94340134;1.2;80.00%;100.00%;0.05;148.7527924;3;143.2238617;0.03;0.02;60.7064743;0.820420526;98.00%;2.15481329;0.1;0.1;2.5;80.00%;0.9;0.85;31272.90315;1107.099209;32380.00236;11.80050255;1000;0.2;800
59.61%;4.75%;22.48%;2.26%;0.40%;0.52%;0.11%;0.32%;0.12%;9.41%;249.8253339;62.61725348;30.6140588;711.8948594;93.15%;672.8098194;355.3849676;2.739211361;47.35666345;0.047356663;11.7918092;44.76445811;37.31223616;489.5203262;486.4224474;441.9138701;368.4573603;;67.3015976;1.2;80.00%;100.00%;0.05;148.3211517;3;146.9245605;0.03;0.02;63.77184677;0.774843145;98.00%;2.944885254;0.1;0.1;2.5;80.00%;0.9;0.85;1369.605681;3357.334358;4726.940039;12.55072062;1000;0.2;800
56.19%;3.02%;18.30%;1.45%;1.07%;0.39%;0.18%;0.19%;0.02%;19.20%;252.3980192;55.57134318;29.12523464;956.4689554;86.08%;628.140902;359.9450243;49.51598245;44.98444875;0.044984449;11.20112774;42.52209351;30.43861553;460.0121576;644.080306;638.2258661;486.5824768;;67.20359039;1.2;80.00%;99.49%;0.05;143.4326477;3;153.79216;0.03;0.02;68.05916595;0.758964053;98.00%;2.943267107;0.1;0.1;2.5;80.00%;0.9;0.85;24757.99123;3189.157014;27947.14824;18.62139727;1000;0.2;800
55.56%;7.29%;22.64%;2.71%;1.22%;0.74%;0.07%;0.11%;0.03%;9.63%;237.8849472;67.71390775;18.93680342;951.7176735;90.86%;624.8534102;341.9128146;60.99471251;28.57589352;0.028575894;7.115397487;27.0117085;10.00427811;396.817288;477.6515682;525.0579641;361.8442853;;74.88921356;1.2;80.00%;98.12%;0.05;148.7838745;3;141.7409515;0.03;0.02;61.54434586;0.735543277;98.00%;2.695758343;0.1;0.1;2.5;80.00%;0.9;0.85;30497.35625;2025.878138;32523.23439;7.62357306;1000;0.2;800
59.65%;6.33%;24.40%;2.40%;0.37%;0.39%;0.14%;0.05%;0.11%;6.17%;235.2422839;73.29080779;44.01863233;876.4811321;83.11%;565.2368698;321.3306956;18.15599998;69.02428923;0.069024289;17.18704802;65.24604309;50.15538987;521.442326;791.1041408;686.4537273;596.8799924;;70.28610229;1.2;80.00%;98.02%;0.05;145.5710449;3;140.9373932;0.03;0.02;61.69672012;0.770720612;98.00%;2.386647224;0.1;0.1;2.5;80.00%;0.9;0.85;9077.999991;4893.453232;13971.45322;9.425940004;1000;0.2;800
54.90%;7.57%;21.58%;2.31%;0.42%;0.69%;0.08%;0.31%;0.08%;12.07%;252.5335591;74.63470095;38.4511309;818.6709087;87.83%;641.1985582;348.8700812;24.87807907;59.92934778;0.059929348;14.9224076;56.64893983;40.74595803;522.4132701;764.5069561;679.2497438;577.0086802;;52.03068542;1.2;80.00%;97.09%;0.05;145.6647949;3;158.7513275;0.03;0.02;50.62551498;0.769926907;98.00%;2.066737652;0.1;0.1;2.5;80.00%;0.9;0.85;12439.03953;4248.670487;16687.71002;7.256803793;1000;0.2;800
51.77%;4.93%;12.68%;2.65%;0.77%;0.39%;0.08%;0.49%;0.06%;26.16%;232.4456839;70.6775902;45.61780458;655.4840733;85.24%;572.8130199;313.4612867;74.89939472;71.65083045;0.07165083;17.84105678;67.7288129;53.16148284;534.852178;791.9923984;664.4777708;597.3539622;;57.13373566;1.2;80.00%;100.00%;0.05;143.0115967;3;141.3477783;0.03;0.02;60.30444717;0.821778549;98.00%;2.369658232;0.1;0.1;2.5;80.00%;0.9;0.85;37449.69736;5079.660967;42529.35833;10.4925741;1000;0.2;800
61.60%;7.77%;24.84%;2.18%;1.37%;0.41%;0.19%;0.40%;0.12%;1.11%;219.1981479;63.4089799;30.10642252;714.0763018;95.50%;605.1662831;310.1862145;-17.00710432;46.73044943;0.046730449;11.63588191;44.17252175;24.56843585;455.8988866;502.2909213;457.6337408;380.2070196;;68.63414764;1.2;80.00%;98.97%;0.05;149.4491272;3;148.7943115;0.03;0.02;57.2494812;0.776716733;98.00%;2.310202599;0.1;0.1;2.5;80.00%;0.9;0.85;8503.552159;3312.939131;11816.49129;7.923272049;1000;0.2;800
56.09%;3.04%;22.10%;2.73%;0.84%;0.49%;0.19%;0.06%;0.07%;14.39%;260.805484;49.5557433;46.88790705;748.9647317;79.47%;599.2000554;359.9400098;58.86305146;73.63041936;0.073630419;18.33397442;69.60004323;49.90280221;554.7654361;837.1285592;728.740443;631.2291006;;69.83480835;1.2;80.00%;99.69%;0.05;144.6233368;3;145.5591888;0.03;0.02;61.02467728;0.791811608;98.00%;2.008450031;0.1;0.1;2.5;80.00%;0.9;0.85;29431.52573;5220.003242;34651.52897;18.46276765;1000;0.2;800
55.90%;4.15%;21.72%;2.77%;0.91%;0.44%;0.13%;0.14%;0.03%;13.80%;237.4794377;63.93830195;19.04364015;641.0923188;93.70%;643.3049086;341.9118668;29.1506128;28.77228347;0.028772283;7.164298583;27.19734847;6.61266852;406.1068612;558.5963596;594.8686233;422.5217293;;59.96419525;1.2;80.00%;97.21%;0.05;142.1943817;3;153.2749481;0.03;0.02;55.95116425;0.773282522;98.00%;2.43341732;0.1;0.1;2.5;80.00%;0.9;0.85;14575.3064;2039.801135;16615.10753;13.47872333;1000;0.2;800
50.42%;3.50%;21.67%;0.82%;1.12%;0.28%;0.08%;0.48%;0.13%;21.49%;236.6898436;63.0939265;25.53133834;759.9507583;87.93%;601.7168796;329.4652843;60.97558241;39.28040769;0.039280408;9.780821514;37.1302798;24.4932652;426.3530799;627.925005;632.9086183;474.3978412;;52.35752869;1.2;80.00%;99.01%;0.05;147.0194092;3;157.6427002;0.03;0.02;60.39427567;0.797721881;98.00%;2.509992838;0.1;0.1;2.5;80.00%;0.9;0.85;30487.79121;2784.770985;33272.56219;14.39874358;1000;0.2;800
56.25%;4.73%;21.62%;2.74%;0.77%;0.79%;0.03%;0.32%;0.06%;12.70%;213.4710987;65.41634307;21.67129838;744.2047172;95.52%;589.524303;303.0794325;38.81443902;33.16344286;0.033163443;8.257697272;31.34814492;15.02272002;397.5562061;553.0413843;566.7159682;418.2412127;;57.50122833;1.2;80.00%;100.00%;0.05;140.4990692;3;146.3521423;0.03;0.02;63.00375366;0.776478681;98.00%;2.182901859;0.1;0.1;2.5;80.00%;0.9;0.85;19407.21951;2351.110869;21758.33038;11.89191016;1000;0.2;800
51.53%;6.93%;19.94%;0.26%;1.33%;0.66%;0.03%;0.35%;0.12%;18.84%;238.13758;55.88007063;28.95143877;679.590475;87.00%;598.9772554;338.867976;27.64540517;44.79416434;0.044794164;11.15374692;42.34222488;29.9673284;445.6164145;640.1458318;632.9878063;483.6184962;;59.53435135;1.2;80.00%;98.18%;0.05;143.7758789;3;159.8919983;0.03;0.02;60.28213501;0.763064387;98.00%;2.281452179;0.1;0.1;2.5;80.00%;0.9;0.85;13822.70259;3175.666866;16998.36945;7.431600217;1000;0.2;800
58.65%;3.28%;15.70%;1.34%;0.64%;0.74%;0.04%;0.33%;0.08%;19.19%;218.1789863;63.99764131;41.83574395;677.4714476;84.63%;533.7922412;297.6899386;71.40336136;65.67131363;0.065671314;16.35215709;62.07660241;43.06725799;494.1710903;693.9647478;599.2027921;523.7540767;;51.05085754;1.2;80.00%;99.79%;0.05;140.9714508;3;142.1262512;0.03;0.02;54.85622406;0.776903523;98.00%;2.278810978;0.1;0.1;2.5;80.00%;0.9;0.85;35701.68068;4655.74518;40357.42586;17.89261794;1000;0.2;800
49.31%;5.90%;21.69%;1.29%;0.46%;0.38%;0.19%;0.46%;0.06%;20.28%;248.3151649;61.28140202;20.48563325;744.2952064;90.15%;647.2105968;357.5554434;10.03389745;31.04377145;0.031043771;7.729899091;29.34449992;11.83924942;416.1243712;453.5610103;493.3105103;343.8804856;;72.29637146;1.2;80.00%;99.41%;0.05;147.1504211;3;142.5109253;0.03;0.02;58.82669067;0.802909487;98.00%;2.289563894;0.1;0.1;2.5;80.00%;0.9;0.85;5016.948727;2200.837494;7217.786221;8.35392621;1000;0.2;800
49.64%;6.78%;19.70%;1.48%;1.49%;0.90%;0.13%;0.32%;0.12%;19.45%;208.7506817;68.99089088;35.76608367;677.7916685;94.06%;567.6569243;290.2362911;16.06994776;55.89621367;0.055896214;13.9181572;52.8365711;43.38808453;473.3606809;675.1711097;594.4933754;509.6763754;;57.1032486;1.2;80.00%;97.77%;0.05;148.1983185;3;146.8265228;0.03;0.02;51.57082748;0.784236604;98.00%;2.899305344;0.1;0.1;2.5;80.00%;0.9;0.85;8034.973878;3962.742833;11997.71671;7.317563248;1000;0.2;800
56.38%;6.77%;13.94%;1.64%;0.87%;0.77%;0.26%;0.47%;0.13%;18.77%;210.1596816;52.19102094;40.86859447;794.0221276;83.08%;504.7586429;285.3637519;50.61622022;64.24332934;0.064243329;15.99658901;60.72678301;38.30851534;475.6047785;707.6340129;623.5181831;533.7745498;;69.1576767;1.2;80.00%;100.00%;0.05;142.3011322;3;158.3010254;0.03;0.02;66.37339783;0.81752875;98.00%;2.670009136;0.1;0.1;2.5;80.00%;0.9;0.85;25308.11011;4554.508725;29862.61883;8.334089123;1000;0.2;800
50.64%;6.12%;16.06%;2.44%;0.46%;0.60%;0.08%;0.12%;0.01%;23.48%;238.7110066;51.67021752;40.88960677;819.1735119;87.02%;600.5334956;333.6421743;64.85999432;64.07069376;0.064070694;15.95360275;60.56359714;41.54622378;519.5171838;602.7427089;509.0415966;455.3524281;;68.44252777;1.2;80.00%;97.46%;0.05;145.2137451;3;155.9986115;0.03;0.02;65.26061249;0.744952304;98.00%;2.414930344;0.1;0.1;2.5;80.00%;0.9;0.85;32429.99716;4542.269785;36972.26694;8.272230885;1000;0.2;800
49.32%;7.64%;20.20%;0.69%;0.25%;0.67%;0.29%;0.20%;0.10%;20.64%;214.3865171;50.51182676;36.98730299;666.3877636;79.01%;489.7058088;292.499808;55.12878606;57.97222167;0.057972222;14.4350832;54.79894274;39.09914922;444.9179459;625.4488114;583.1654841;472.3066736;;53.94976044;1.2;80.00%;98.90%;0.05;144.0052185;3;142.3489532;0.03;0.02;66.4122467;0.751071294;98.00%;2.58678937;0.1;0.1;2.5;80.00%;0.9;0.85;27564.39303;4109.920705;31674.31374;6.457685504;1000;0.2;800
53.88%;6.82%;16.26%;1.57%;1.09%;0.31%;0.03%;0.56%;0.10%;19.37%;208.8283188;61.70533722;45.92795631;739.0668976;82.30%;496.8859179;283.922218;6.781383019;72.3365221;0.072336522;18.011794;68.37697122;55.48112744;502.8437155;731.1348538;616.9217931;551.6316072;;60.0061264;1.2;80.00%;99.75%;0.05;146.467804;3;156.6920776;0.03;0.02;53.52688217;0.744540735;98.00%;2.37298727;0.1;0.1;2.5;80.00%;0.9;0.85;3390.691509;5128.272841;8518.96435;7.897174901;1000;0.2;800
53.27%;3.98%;14.93%;1.38%;1.35%;0.82%;0.17%;0.38%;0.04%;23.70%;228.1282907;60.69974046;41.2206826;726.625425;82.19%;542.0347589;317.0483687;88.6711107;64.61785132;0.064617851;16.08984498;61.08080443;38.78451307;494.0074436;637.1403361;559.2476047;481.1300947;;64.80586243;1.2;80.00%;99.97%;0.05;145.8777924;3;156.7140198;0.03;0.02;61.51525497;0.809049493;98.00%;2.341601372;0.1;0.1;2.5;80.00%;0.9;0.85;44335.55535;4581.060332;48916.61568;13.40071434;1000;0.2;800
59.83%;2.98%;22.48%;2.14%;1.35%;0.74%;0.03%;0.52%;0.12%;9.81%;225.5336001;68.44043673;24.51915676;733.9267164;96.90%;631.7929992;322.3308929;23.20683591;37.64683111;0.037646831;9.374060946;35.58612182;12.66685646;434.1716246;475.811472;464.5494282;360.4665631;;50.9941864;1.2;80.00%;99.62%;0.05;143.2953186;3;154.6479034;0.03;0.02;57.89674759;0.770752076;98.00%;2.731912136;0.1;0.1;2.5;80.00%;0.9;0.85;11603.41796;2668.959136;14272.37709;20.1082986;1000;0.2;800
62.09%;2.28%;23.28%;2.04%;0.76%;0.42%;0.03%;0.36%;0.09%;8.65%;253.3060435;55.98842539;18.70598717;887.8244438;87.88%;643.5486071;365.2336636;57.83644451;28.17833634;0.028178336;7.01640575;26.63591278;8.745988961;403.6040039;565.2266454;625.6946986;427.5674798;;64.3953476;1.2;80.00%;100.00%;0.05;142.0906372;3;140.1157379;0.03;0.02;64.27398682;0.788740462;98.00%;2.733212233;0.1;0.1;2.5;80.00%;0.9;0.85;28918.22226;1997.693458;30915.91571;27.20225596;1000;0.2;800
62.05%;4.74%;18.42%;2.62%;0.73%;0.83%;0.14%;0.10%;0.11%;10.24%;262.8766638;70.92464681;14.73905575;958.5395422;95.06%;722.4654996;382.8210058;-3.163491496;21.61684132;0.021616841;5.382593487;20.43358035;9.068150587;415.3352267;530.8883876;590.2850335;402.1168642;;73.22890472;1.2;80.00%;96.28%;0.05;141.8846436;3;146.4859314;0.03;0.02;67.26058197;0.756417095;98.00%;2.345646858;0.1;0.1;2.5;80.00%;0.9;0.85;1581.745748;1532.518526;3114.264274;13.08129198;1000;0.2;800
60.04%;2.95%;16.08%;2.44%;0.59%;0.59%;0.16%;0.25%;0.08%;16.82%;262.7250488;72.10676449;29.16048437;808.8138267;85.79%;651.6292766;361.9885004;37.39753953;44.92581503;0.044925815;11.18652794;42.46666928;32.5766657;470.6988851;619.7850486;603.1597473;468.5788745;;61.40809631;1.2;80.00%;93.98%;0.05;141.5908508;3;142.6212311;0.03;0.02;53.23701096;0.740053984;98.00%;2.666834354;0.1;0.1;2.5;80.00%;0.9;0.85;18698.76976;3185.000196;21883.76996;20.33074765;1000;0.2;800
49.66%;2.52%;15.41%;0.48%;1.38%;0.61%;0.17%;0.19%;0.10%;29.49%;254.2146483;77.44772086;18.61196258;898.3958198;86.61%;636.5605913;346.5217031;34.75073129;27.96999217;0.027969992;6.964528049;26.43897292;13.2714385;399.8837258;510.4567413;558.4978011;386.5809713;;70.7639389;1.2;80.00%;97.27%;0.05;143.7464142;3;156.8924561;0.03;0.02;66.30955505;0.810407803;98.00%;2.698018074;0.1;0.1;2.5;80.00%;0.9;0.85;17375.36565;1982.922969;19358.28862;19.70329808;1000;0.2;800
60.94%;4.23%;16.07%;2.42%;0.36%;0.54%;0.10%;0.53%;0.12%;14.69%;210.262428;82.19803233;15.94964049;834.2555273;104.04%;632.4301999;296.0899367;34.99869393;23.87084926;0.023870849;5.943841465;22.56420858;6.288282575;382.554449;412.5190698;433.6669115;312.9458037;;63.28887939;1.2;80.00%;97.78%;0.05;144.8197632;3;145.3327942;0.03;0.02;53.84745407;0.745344202;98.00%;2.013500452;0.1;0.1;2.5;80.00%;0.9;0.85;17499.34697;1692.315643;19191.66261;14.40939303;1000;0.2;800
55.20%;4.20%;23.77%;2.04%;0.83%;0.81%;0.15%;0.42%;0.07%;12.53%;257.9925314;55.58430444;26.06704786;654.3750371;81.78%;609.9552105;361.9493015;43.06192189;40.05037339;0.040050373;9.972542973;37.85809918;30.48800886;432.9850049;542.1314142;569.3299002;410.2044766;;55.74375153;1.2;80.00%;98.83%;0.05;148.6822662;3;140.807663;0.03;0.02;68.97310638;0.807688634;98.00%;2.887108326;0.1;0.1;2.5;80.00%;0.9;0.85;21530.96094;2839.357439;24370.31838;13.14623557;1000;0.2;800
52.77%;7.78%;12.37%;1.12%;0.52%;0.70%;0.17%;0.13%;0.13%;24.29%;233.6934792;76.70600791;25.88789381;947.9651303;97.74%;660.3793949;330.140828;3.785608704;39.76402214;0.039764022;9.901241513;37.58742221;23.46955629;455.3187026;648.827214;619.3126382;490.2438982;;60.22171402;1.2;80.00%;100.00%;0.05;142.9315033;3;145.0753632;0.03;0.02;64.38045502;0.730035308;98.00%;2.719438553;0.1;0.1;2.5;80.00%;0.9;0.85;1892.804352;2819.056666;4711.861018;6.779041626;1000;0.2;800
52.04%;2.57%;14.44%;2.89%;1.27%;0.71%;0.28%;0.08%;0.13%;25.59%;223.4277971;59.00517193;46.84404702;814.8902022;78.98%;510.1292641;307.9497604;64.17127933;73.72487176;0.073724872;18.35749307;69.6893255;58.10961143;513.9098207;612.9191252;506.6169311;462.8810395;;70.51301575;1.2;80.00%;98.61%;0.05;140.2535858;3;150.6131439;0.03;0.02;56.85646057;0.755855881;98.00%;2.859634876;0.1;0.1;2.5;80.00%;0.9;0.85;32085.63966;5226.699412;37312.33907;20.24879971;1000;0.2;800
57.91%;6.44%;21.27%;2.51%;1.22%;0.58%;0.09%;0.09%;0.07%;9.81%;220.3284971;69.19771413;16.23878455;877.1352854;92.39%;588.5041615;314.6114063;49.33259931;24.33977226;0.024339772;6.060603293;23.00746371;-0.99098422;364.2849516;428.9245866;489.3519087;325.1963369;;65.36425018;1.2;80.00%;94.21%;0.05;149.5119324;3;144.0840759;0.03;0.02;66.88069916;0.793785035;98.00%;2.165446997;0.1;0.1;2.5;80.00%;0.9;0.85;24666.29965;1725.559778;26391.85943;8.991836395;1000;0.2;800
51.32%;2.85%;13.83%;1.91%;0.39%;0.81%;0.05%;0.23%;0.03%;28.58%;245.2009002;70.14822354;39.03458974;698.4186078;86.69%;614.547087;325.7412974;14.53771803;60.9984482;0.060998448;15.1886136;57.65951991;43.32172224;514.025009;755.1046417;660.104598;569.8455337;;55.97595978;1.2;80.00%;99.78%;0.05;143.7502899;3;148.3194122;0.03;0.02;62.67811966;0.742167429;98.00%;2.895320892;0.1;0.1;2.5;80.00%;0.9;0.85;7268.859017;4324.463993;11593.32301;18.01606132;1000;0.2;800
56.74%;6.00%;20.14%;2.20%;0.25%;0.88%;0.11%;0.28%;0.09%;13.32%;217.296046;59.59510673;17.83500219;855.0266417;88.15%;553.7497436;312.9272026;63.61323718;26.9796987;0.026979699;6.717944976;25.50288606;10.90101124;357.63692;410.280218;478.1209035;311.0672033;;61.33216095;1.2;80.00%;99.72%;0.05;144.7972107;3;144.6916809;0.03;0.02;63.09989166;0.764693325;98.00%;2.776269436;0.1;0.1;2.5;80.00%;0.9;0.85;31806.61859;1912.716455;33719.33504;9.458474975;1000;0.2;800
62.33%;6.32%;19.92%;2.28%;1.29%;0.26%;0.08%;0.44%;0.09%;6.97%;240.2299071;70.75573687;36.46970072;916.4229181;88.22%;612.7269908;337.3103896;30.80971331;56.81343881;0.056813439;14.14654626;53.70358924;46.64963114;497.4541046;673.5000652;606.7736685;508.6960103;;51.20576859;1.2;80.00%;99.12%;0.05;146.6595764;3;142.7533417;0.03;0.02;58.70737839;0.762634083;98.00%;2.341274261;0.1;0.1;2.5;80.00%;0.9;0.85;15404.85666;4027.769193;19432.62585;9.863061377;1000;0.2;800
54.80%;3.20%;14.70%;2.56%;1.15%;0.38%;0.06%;0.08%;0.03%;23.06%;263.9104115;69.74209756;38.43951536;821.0153358;85.67%;653.6642962;369.2575752;24.09307814;59.85354957;0.05985355;14.90353384;56.57729065;35.55671309;527.7548964;685.5035655;612.4963479;517.8640127;;52.93347931;1.2;80.00%;100.00%;0.05;142.3927155;3;149.0160828;0.03;0.02;55.43427277;0.784910742;98.00%;2.879969835;0.1;0.1;2.5;80.00%;0.9;0.85;12046.53907;4243.296799;16289.83587;17.112206;1000;0.2;800
56.42%;2.11%;12.61%;2.15%;1.44%;0.61%;0.25%;0.14%;0.04%;24.24%;231.9977282;75.21309056;20.03331948;942.431935;96.98%;650.4401514;334.3220006;41.54804047;30.32653941;0.030326539;7.551308312;28.66652767;8.216486186;414.9464983;440.7705548;459.6922083;334.1949784;;74.30394745;1.2;80.00%;99.79%;0.05;141.6346436;3;151.7457581;0.03;0.02;50.2018013;0.80044431;98.00%;2.596358776;0.1;0.1;2.5;80.00%;0.9;0.85;20774.02024;2149.989575;22924.00981;26.7031499;1000;0.2;800
55.45%;4.32%;18.51%;1.02%;0.50%;0.33%;0.29%;0.29%;0.04%;19.24%;238.857095;66.33265772;13.62557628;839.3150694;96.88%;668.9744718;347.0090244;36.13283165;20.00878765;0.020008788;4.982188126;18.9135482;1.713837606;385.0898966;354.06154;416.7425356;269.2017097;;51.15301132;1.2;80.00%;94.31%;0.05;148.491684;3;143.6478882;0.03;0.02;52.86211014;0.823608295;98.00%;2.817307472;0.1;0.1;2.5;80.00%;0.9;0.85;18066.41582;1418.516115;19484.93194;12.83173356;1000;0.2;800
60.38%;6.10%;19.36%;2.46%;0.67%;0.87%;0.23%;0.54%;0.06%;9.33%;234.7836788;62.4083417;26.51836821;855.4751961;91.13%;618.5884961;316.9909455;2.5252378;40.92867571;0.040928676;10.19124025;38.68832507;30.97465125;440.7352586;581.0298449;558.6316152;439.2254071;;59.50968552;1.2;80.00%;100.00%;0.05;141.9634399;3;149.3188782;0.03;0.02;53.84473801;0.812086601;98.00%;2.345572948;0.1;0.1;2.5;80.00%;0.9;0.85;1262.6189;2901.62438;4164.24328;9.900631972;1000;0.2;800
50.07%;6.37%;22.72%;0.96%;0.46%;0.41%;0.09%;0.23%;0.13%;18.56%;255.6579432;50.06696682;37.03913058;754.8766094;86.44%;638.8968348;360.7544292;45.65860559;57.76190346;0.057761903;14.38271396;54.60013691;41.55262911;513.4029213;671.4544956;607.0957391;507.0232362;;63.38669205;1.2;80.00%;98.70%;0.05;143.5939789;3;149.3378143;0.03;0.02;61.88121414;0.807709008;98.00%;2.301111937;0.1;0.1;2.5;80.00%;0.9;0.85;22829.3028;4095.010268;26924.31306;7.863691285;1000;0.2;800
57.42%;3.92%;15.03%;1.83%;0.84%;0.90%;0.04%;0.19%;0.12%;19.71%;211.9868213;55.57972396;38.45166074;648.4377414;88.09%;539.8716789;291.7030752;33.5942253;60.30141873;0.060301419;15.01505326;57.0006444;42.47673864;476.8922412;712.2411078;630.8378041;537.369015;;50.55925369;1.2;80.00%;98.62%;0.05;149.5374451;3;157.8738251;0.03;0.02;61.18281555;0.768909589;98.00%;2.044421196;0.1;0.1;2.5;80.00%;0.9;0.85;16797.11265;4275.04833;21072.16098;14.66032742;1000;0.2;800
53.64%;5.92%;20.98%;1.41%;0.42%;0.74%;0.13%;0.50%;0.07%;16.19%;243.1261622;48.23183068;24.15530703;622.6620986;83.76%;588.7107043;344.0760178;84.4825394;37.09651804;0.037096518;9.237032993;35.06593174;17.0364486;411.8959581;492.7727188;527.6350322;372.9559835;;64.92596436;1.2;80.00%;100.00%;0.05;146.724884;3;155.6842346;0.03;0.02;62.44641495;0.772252566;98.00%;2.025658131;0.1;0.1;2.5;80.00%;0.9;0.85;42241.2697;2629.944881;44871.21458;9.054984984;1000;0.2;800
59.50%;6.12%;19.99%;2.95%;0.65%;0.86%;0.17%;0.55%;0.10%;9.11%;227.0880827;65.52445714;35.95529874;631.0340159;88.44%;580.6355313;318.9315617;34.55518194;56.09856238;0.056098562;13.96854203;53.02784367;42.75755164;479.9881111;669.4874528;607.5551699;505.6404889;;50.29536819;1.2;80.00%;99.73%;0.05;145.3204193;3;145.3781433;0.03;0.02;67.06345367;0.765639342;98.00%;2.653292656;0.1;0.1;2.5;80.00%;0.9;0.85;17277.59097;3977.088275;21254.67924;9.723950506;1000;0.2;800
59.94%;3.11%;24.78%;1.11%;1.38%;0.81%;0.19%;0.31%;0.08%;8.28%;251.9213202;63.47651103;37.19322501;883.8912538;85.38%;621.8487548;354.275388;26.95297354;57.9518503;0.05795185;14.43001073;54.77968646;39.01824235;506.0951784;693.3224088;632.3511695;523.6124712;;51.69215393;1.2;80.00%;100.00%;0.05;142.1537933;3;140.8207245;0.03;0.02;68.90707397;0.740784916;98.00%;2.526041269;0.1;0.1;2.5;80.00%;0.9;0.85;13476.48677;4108.476484;17584.96325;19.27116983;1000;0.2;800
57.27%;7.45%;19.49%;0.60%;0.95%;0.89%;0.27%;0.12%;0.14%;12.83%;253.7899346;70.42713326;19.56313515;864.6635697;88.65%;650.4504942;366.8954735;27.98422529;29.45855485;0.029458555;7.335180158;27.84605478;5.929127539;411.9858059;585.9788112;638.1944444;443.2798796;;51.52655411;1.2;80.00%;99.56%;0.05;142.3171082;3;147.5532379;0.03;0.02;63.07234192;0.730681644;98.00%;2.621832371;0.1;0.1;2.5;80.00%;0.9;0.85;13992.11265;2088.454109;16080.56676;7.691092852;1000;0.2;800
56.23%;7.17%;16.85%;0.54%;0.75%;0.57%;0.02%;0.58%;0.09%;17.20%;242.4614839;83.68674147;45.02675908;912.028438;85.94%;602.4085656;335.8155159;51.70721205;70.51797411;0.070517974;17.55897555;66.65796676;53.56871413;544.7054745;708.0827184;588.2592989;534.6809813;;74.22084045;1.2;80.00%;99.84%;0.05;148.6130219;3;156.1034698;0.03;0.02;55.94459534;0.762781668;98.00%;2.28755188;0.1;0.1;2.5;80.00%;0.9;0.85;25853.60603;4999.347507;30852.95353;7.842137133;1000;0.2;800
57.46%;6.22%;16.26%;0.42%;1.42%;0.25%;0.27%;0.25%;0.04%;17.40%;238.0683085;81.4585619;43.383465;780.502087;89.88%;618.5943632;331.0113275;52.35753126;67.90664537;0.067906645;16.9087547;64.18957673;44.9433056;541.7565652;650.5836738;528.9887797;491.566264;;74.13654327;1.2;80.00%;99.27%;0.05;141.0420532;3;155.0619659;0.03;0.02;55.9709549;0.798102324;98.00%;2.123320103;0.1;0.1;2.5;80.00%;0.9;0.85;26178.76563;4814.218255;30992.98389;9.231863407;1000;0.2;800
55.34%;4.68%;24.92%;1.84%;1.14%;0.32%;0.09%;0.41%;0.15%;11.11%;243.2943821;71.12263996;37.80464189;706.3701575;91.37%;642.6861337;339.7222623;23.25252204;58.95054622;0.058950546;14.67868601;55.72371584;31.58592988;519.7266463;586.4693523;496.361012;443.5151985;;52.89624786;1.2;80.00%;94.40%;0.05;141.0164948;3;155.7988129;0.03;0.02;69.50990295;0.797925143;98.00%;2.105050802;0.1;0.1;2.5;80.00%;0.9;0.85;11626.26102;4179.278688;15805.53971;11.83332691;1000;0.2;800
53.83%;5.89%;21.35%;2.79%;1.50%;0.69%;0.08%;0.18%;0.10%;13.60%;234.3162918;60.78418804;28.59766442;634.6333844;87.33%;591.5553931;315.6834421;39.09867211;44.29357619;0.044293576;11.02910047;41.86903789;21.69280896;440.4490437;716.4480607;694.6963917;540.7787302;;58.44363785;1.2;80.00%;99.77%;0.05;147.4882965;3;145.6960754;0.03;0.02;51.13404465;0.72706015;98.00%;2.539041519;0.1;0.1;2.5;80.00%;0.9;0.85;19549.33606;3140.177842;22689.5139;9.137000576;1000;0.2;800
61.40%;7.37%;16.74%;1.27%;0.71%;0.77%;0.02%;0.42%;0.12%;11.18%;227.9199463;56.00618657;35.73277078;763.5324362;80.15%;528.1230832;319.5824736;41.42991086;55.79866448;0.055798664;13.89386745;52.74436155;32.45968347;454.474923;691.9804344;661.3747913;522.3738397;;74.43560028;1.2;80.00%;99.95%;0.05;144.6785583;3;151.7707977;0.03;0.02;62.76095581;0.819246617;98.00%;2.692344189;0.1;0.1;2.5;80.00%;0.9;0.85;20714.95543;3955.827116;24670.78254;8.32668889;1000;0.2;800
57.52%;5.14%;22.28%;1.01%;1.46%;0.50%;0.27%;0.33%;0.12%;11.36%;259.9389216;72.6791956;44.62945722;949.7588886;92.23%;693.0767261;363.124267;25.4520126;69.83033045;0.06983033;17.38775228;66.00796329;49.90303942;583.4292029;670.8854797;528.7801405;506.8627224;;64.81007385;1.2;80.00%;96.81%;0.05;143.5961304;3;141.5637207;0.03;0.02;60.98715591;0.764355985;98.00%;2.192667007;0.1;0.1;2.5;80.00%;0.9;0.85;12726.0063;4950.597246;17676.60355;11.18451171;1000;0.2;800
52.92%;4.13%;19.25%;1.49%;1.37%;0.66%;0.02%;0.10%;0.03%;20.03%;243.5246562;57.67085177;31.37691247;683.6671566;83.22%;585.8771004;335.2307419;25.11369126;48.70471802;0.048704718;12.12747479;46.03872297;21.21601967;454.874664;666.4460033;646.6010695;503.2974593;;69.62349701;1.2;80.00%;97.43%;0.05;142.0326691;3;153.1685791;0.03;0.02;57.00024414;0.773560943;98.00%;2.541558504;0.1;0.1;2.5;80.00%;0.9;0.85;12556.84563;3452.904223;16009.74985;12.80749749;1000;0.2;800
60.98%;2.70%;19.39%;2.28%;1.44%;0.29%;0.20%;0.33%;0.10%;12.27%;224.0398846;66.80484674;25.4052669;775.0685548;90.20%;584.229719;311.9309147;64.72585013;39.12966985;0.03912967;9.743287794;36.98779305;16.84615632;417.4358027;566.8308063;566.3802907;428.5024785;;54.50142288;1.2;80.00%;96.48%;0.05;140.2218781;3;151.2769775;0.03;0.02;58.44410324;0.792931082;98.00%;2.33462286;0.1;0.1;2.5;80.00%;0.9;0.85;32362.92506;2774.084479;35137.00954;22.54801351;1000;0.2;800
53.51%;5.54%;20.12%;2.59%;1.06%;0.42%;0.04%;0.32%;0.12%;16.27%;258.1672621;63.41961182;17.1326746;771.4754767;90.45%;675.0813648;361.7666063;35.61212289;25.61167638;0.025611676;6.377307417;24.20974644;5.300974482;408.9077084;523.5930357;573.6228911;396.4033025;;72.2963028;1.2;80.00%;99.15%;0.05;141.8502045;3;151.1139679;0.03;0.02;67.61228943;0.786135811;98.00%;2.032515526;0.1;0.1;2.5;80.00%;0.9;0.85;17806.06144;1815.730983;19621.79243;9.660548844;1000;0.2;800
61.38%;3.73%;13.41%;2.51%;0.68%;0.74%;0.28%;0.48%;0.09%;16.70%;226.5671712;65.78734199;33.69217992;629.2790604;90.17%;590.625769;316.7715022;35.5848133;52.46145173;0.052461452;13.06290148;49.58982089;36.31465793;470.6813014;655.1155054;600.5618573;494.7901151;;51.7959404;1.2;80.00%;95.12%;0.05;142.6066437;3;157.1392822;0.03;0.02;55.34448624;0.738011508;98.00%;2.376470089;0.1;0.1;2.5;80.00%;0.9;0.85;17792.40665;3719.236567;21511.64322;16.43988865;1000;0.2;800
52.03%;5.61%;15.45%;2.06%;1.24%;0.85%;0.23%;0.38%;0.01%;22.14%;259.8765898;59.82048971;23.15704487;772.9964802;80.90%;607.817963;356.510684;76.60616851;35.36009396;0.035360094;8.804663395;33.4245559;18.11500393;414.7306334;503.3960226;545.911107;381.1494485;;59.57652283;1.2;80.00%;99.98%;0.05;140.9591522;3;148.3889771;0.03;0.02;55.00114059;0.800480499;98.00%;2.792107344;0.1;0.1;2.5;80.00%;0.9;0.85;38303.08425;2506.841693;40809.92595;9.273396251;1000;0.2;800
59.53%;1.84%;22.38%;0.40%;0.86%;0.59%;0.21%;0.52%;0.13%;13.55%;220.269118;79.28561299;34.14376153;895.8880752;97.49%;620.798974;309.7121308;-7.074345946;53.13245927;0.053132459;13.22998236;50.22409887;33.68777819;487.5917076;575.0633518;494.2313715;434.9449677;;62.34395218;1.2;80.00%;98.10%;0.05;148.3450317;3;147.3330231;0.03;0.02;65.89118195;0.802406682;98.00%;2.375275612;0.1;0.1;2.5;80.00%;0.9;0.85;3537.172973;3766.807416;7303.980389;32.32587908;1000;0.2;800
52.18%;3.62%;21.78%;0.92%;1.06%;0.41%;0.22%;0.24%;0.07%;19.50%;252.0207734;57.90174396;12.034724;765.6471806;92.61%;674.7857948;361.1850085;35.34606892;17.43938313;0.017439383;4.342406399;16.48478754;-0.429608264;377.998906;491.9082115;575.079482;372.55576;;73.35716248;1.2;80.00%;99.89%;0.05;148.4629211;3;154.12323;0.03;0.02;60.52788925;0.747649369;98.00%;2.30367136;0.1;0.1;2.5;80.00%;0.9;0.85;17673.03446;1236.359065;18909.39352;14.41408014;1000;0.2;800
62.24%;1.74%;23.69%;1.18%;1.04%;0.83%;0.02%;0.26%;0.07%;8.94%;220.9300866;62.22570434;22.39115594;695.3217736;88.31%;564.065961;316.3418086;64.5410493;34.28570256;0.034285703;8.537139938;32.40897446;20.68163839;390.3468011;552.9403251;587.5689854;418.1251238;;72.77723694;1.2;80.00%;99.21%;0.05;147.8538971;3;153.1069794;0.03;0.02;55.08786011;0.775812156;98.00%;2.767991066;0.1;0.1;2.5;80.00%;0.9;0.85;32270.52465;2430.673084;34701.19774;35.76087294;1000;0.2;800
55.76%;1.57%;13.29%;2.32%;0.53%;0.89%;0.01%;0.09%;0.08%;25.48%;263.4948835;70.11485105;11.54628378;964.0282017;93.37%;711.2609546;382.3727663;34.63956886;16.48197298;0.016481973;4.104011271;15.57978403;0.817325712;390.7918256;509.3973601;596.0396179;385.9969831;;73.03610229;1.2;80.00%;99.01%;0.05;142.4590302;3;143.4815216;0.03;0.02;67.44814301;0.801892732;98.00%;2.76636529;0.1;0.1;2.5;80.00%;0.9;0.85;17319.78443;1168.483802;18488.26823;35.54829434;1000;0.2;800
60.27%;4.52%;16.52%;1.77%;0.32%;0.33%;0.13%;0.36%;0.11%;15.67%;236.0569116;76.27123302;10.45073867;912.1858232;100.82%;688.071718;341.8608471;-0.150822585;14.85398825;0.014853988;3.698643075;14.04091181;6.7113467;373.9237122;351.9699591;421.4288095;267.7749146;;56.56839371;1.2;80.00%;94.03%;0.05;147.3411255;3;150.9638367;0.03;0.02;52.17646027;0.739000157;98.00%;2.355823994;0.1;0.1;2.5;80.00%;0.9;0.85;75.41129226;1053.068385;1128.479678;13.33855666;1000;0.2;800
49.22%;3.26%;18.33%;2.53%;0.27%;0.42%;0.26%;0.59%;0.14%;24.98%;255.1800582;63.64407967;27.75450376;761.1717423;80.62%;594.7598716;344.0317097;73.67999765;42.79401326;0.042794013;10.6557093;40.45155792;35.11603539;436.3670813;579.6868691;587.4376072;438.2662382;;69.50048828;1.2;80.00%;100.00%;0.05;149.2579193;3;142.3512878;0.03;0.02;66.84955597;0.815121361;98.00%;2.20454216;0.1;0.1;2.5;80.00%;0.9;0.85;36839.99882;3033.866844;39873.86567;15.08363342;1000;0.2;800
51.74%;7.54%;22.36%;1.42%;0.92%;0.35%;0.19%;0.42%;0.13%;14.94%;208.383997;77.20326096;20.30438913;676.6684619;103.73%;624.8868783;299.1373877;-15.68001971;30.90320462;0.030903205;7.694897952;29.21162743;19.01539772;405.7913395;512.0226648;511.0686584;387.594459;;61.14020538;1.2;80.00%;99.22%;0.05;144.2743835;3;149.8476868;0.03;0.02;69.07470703;0.742280948;98.00%;2.538616657;0.1;0.1;2.5;80.00%;0.9;0.85;7840.009853;2190.872057;10030.88191;6.862971906;1000;0.2;800
49.91%;2.03%;24.11%;1.94%;0.31%;0.74%;0.14%;0.58%;0.09%;20.15%;219.0412334;53.35383092;45.35259054;728.1165101;78.48%;496.9544374;300.0661794;72.4493989;71.3935172;0.071393517;17.77698578;67.48558445;54.33943859;499.0988386;769.5716661;673.2509078;580.2853287;;65.36110687;1.2;80.00%;99.31%;0.05;145.1016388;3;157.0301666;0.03;0.02;68.58930206;0.72951593;98.00%;2.827125311;0.1;0.1;2.5;80.00%;0.9;0.85;36224.69945;5061.418834;41286.11828;24.55548162;1000;0.2;800
54.98%;5.96%;23.96%;1.96%;1.49%;0.51%;0.26%;0.57%;0.14%;10.17%;211.2904598;63.46267993;13.02822304;829.0933846;89.33%;545.6810736;305.0481597;69.95131153;19.24759866;0.019247599;4.792652067;18.19402512;2.266034753;324.9871916;544.2968984;641.7025761;411.6665181;;51.22504044;1.2;80.00%;99.38%;0.05;145.3498383;3;143.331543;0.03;0.02;63.81360245;0.732407771;98.00%;2.799217224;0.1;0.1;2.5;80.00%;0.9;0.85;34975.65577;1364.551884;36340.20765;9.225685709;1000;0.2;800
57.66%;2.56%;14.72%;2.92%;0.47%;0.60%;0.10%;0.31%;0.09%;20.58%;232.7699098;74.20730391;36.21829012;912.9030906;85.82%;577.5087591;325.3648146;12.34709191;56.43821968;0.05643822;14.0531167;53.34890883;37.83576551;480.112591;731.1072773;675.0629825;551.9800041;;51.43674088;1.2;80.00%;99.99%;0.05;140.3826599;3;148.9134064;0.03;0.02;57.23159027;0.758854003;98.00%;2.636983395;0.1;0.1;2.5;80.00%;0.9;0.85;6173.545955;4001.168162;10174.71412;22.51935232;1000;0.2;800
55.00%;2.39%;24.37%;0.61%;0.77%;0.28%;0.26%;0.44%;0.02%;15.87%;244.1214762;77.43674026;16.32221353;898.7781379;94.37%;666.0033665;354.1815568;42.54861223;24.24907712;0.024249077;6.038020203;22.92173304;8.517659644;399.3343264;423.5508972;477.0419593;321.4519666;;58.47419739;1.2;80.00%;99.55%;0.05;146.960907;3;146.8047791;0.03;0.02;68.97494507;0.79203348;98.00%;2.437858582;0.1;0.1;2.5;80.00%;0.9;0.85;21274.30612;1719.129978;22993.43609;23.04763246;1000;0.2;800
52.00%;5.35%;12.33%;2.89%;1.05%;0.66%;0.13%;0.51%;0.04%;25.05%;232.8779178;78.16213869;15.25491978;805.2157071;99.68%;671.1092511;336.5780171;13.73383985;22.60201259;0.022602013;5.627901135;21.36482539;10.68294262;395.8607819;532.1797465;573.473599;402.8818001;;59.48855972;1.2;80.00%;99.93%;0.05;146.3625641;3;154.1814117;0.03;0.02;52.98516083;0.730293522;98.00%;2.290305376;0.1;0.1;2.5;80.00%;0.9;0.85;6866.919925;1602.361904;8469.28183;9.721987635;1000;0.2;800
51.38%;5.14%;18.33%;2.58%;0.29%;0.67%;0.19%;0.44%;0.12%;20.85%;220.1484165;65.73744889;32.55122965;698.015183;84.90%;540.3377962;310.1436619;69.13600007;50.65305274;0.050653053;12.61261013;47.8804099;35.29840113;440.8334187;525.5584195;500.2528786;397.5564131;;62.31731033;1.2;80.00%;99.95%;0.05;148.167038;3;159.6607208;0.03;0.02;65.12878418;0.811524407;98.00%;2.556529522;0.1;0.1;2.5;80.00%;0.9;0.85;34568.00003;3591.030743;38159.03078;9.986529957;1000;0.2;800
62.76%;5.80%;17.72%;1.90%;1.28%;0.57%;0.08%;0.44%;0.03%;9.42%;217.5238218;73.20342397;31.37424698;794.9676699;97.61%;613.8299617;306.9285329;27.59141776;48.7233722;0.048723372;12.13211968;46.05635606;34.23358396;467.6717935;606.8179986;545.6068908;458.6618102;;71.20449066;1.2;80.00%;100.00%;0.05;144.3908539;3;148.4872894;0.03;0.02;57.6407814;0.751654707;98.00%;2.205975533;0.1;0.1;2.5;80.00%;0.9;0.85;13795.70888;3454.226705;17249.93558;10.82024215;1000;0.2;800
53.63%;2.18%;18.88%;1.51%;1.18%;0.64%;0.05%;0.48%;0.11%;21.34%;265.7144229;53.58315672;35.33848963;740.2182491;81.12%;623.1646186;376.5382423;48.27543433;54.93172931;0.054931729;13.6780006;51.92488061;32.53335317;495.1225764;614.6996745;585.998256;464.6578502;;52.07169342;1.2;80.00%;97.07%;0.05;146.1624603;3;152.4840851;0.03;0.02;59.27099228;0.790033022;98.00%;2.293353558;0.1;0.1;2.5;80.00%;0.9;0.85;24137.71716;3894.366046;28032.08321;24.64654395;1000;0.2;800
62.27%;7.93%;18.96%;2.52%;0.71%;0.88%;0.11%;0.50%;0.08%;6.05%;227.0638061;75.89959492;13.96474293;727.495303;97.72%;641.480838;320.627187;32.19720342;20.60805511;0.020608055;5.131405722;19.480013;-0.325747285;374.1600973;476.623818;529.0218072;361.1127813;;58.43359375;1.2;80.00%;100.00%;0.05;147.623642;3;156.6442566;0.03;0.02;65.50876617;0.782048112;98.00%;2.924948454;0.1;0.1;2.5;80.00%;0.9;0.85;16098.60171;1461.000975;17559.60269;7.849126287;1000;0.2;800
52.17%;1.56%;22.19%;1.70%;1.24%;0.54%;0.11%;0.38%;0.10%;20.00%;263.6437478;63.55619403;47.89740065;1012.243629;84.51%;644.1595295;367.1218728;57.43313303;75.13482563;0.075134826;18.70857158;71.02210143;61.50064441;581.0098106;755.6309012;622.5256166;570.3313967;;70.30174255;1.2;80.00%;100.00%;0.05;144.2448883;3;159.2384949;0.03;0.02;68.26068115;0.749638358;98.00%;2.306960106;0.1;0.1;2.5;80.00%;0.9;0.85;28716.56651;5326.657607;34043.22412;33.36037101;1000;0.2;800
56.99%;7.22%;16.43%;2.27%;0.76%;0.42%;0.24%;0.56%;0.08%;15.03%;220.8739628;66.7482051;10.33375429;709.1455591;93.27%;595.6051576;322.718889;54.43829217;14.81012671;0.014810127;3.68772155;13.99945115;-10.09915954;331.2591972;475.2087884;579.3423238;360.0424048;;54.67043686;1.2;80.00%;98.39%;0.05;145.2424622;3;147.3131866;0.03;0.02;59.35643387;0.734399867;98.00%;2.719624043;0.1;0.1;2.5;80.00%;0.9;0.85;27219.14609;1049.958836;28269.10492;7.898604003;1000;0.2;800
62.68%;2.18%;14.73%;2.63%;1.09%;0.84%;0.18%;0.53%;0.07%;15.08%;241.2975461;73.29219828;43.61763037;902.1651512;82.94%;578.5603593;331.1669415;18.75377583;68.33570625;0.068335706;17.01559086;64.59515171;55.76128731;525.3868865;682.4079386;581.9694963;515.4628731;;62.42829895;1.2;80.00%;99.95%;0.05;142.2843323;3;154.4539948;0.03;0.02;67.25777435;0.781577372;98.00%;2.510863304;0.1;0.1;2.5;80.00%;0.9;0.85;9376.887914;4844.636379;14221.52429;28.73743255;1000;0.2;800
56.68%;7.52%;12.06%;0.45%;0.44%;0.59%;0.11%;0.10%;0.06%;21.98%;265.358375;76.82447111;14.17582935;901.9111688;95.84%;735.2282294;386.621649;24.00495705;20.65522627;0.020655226;5.143151341;19.52460211;-2.03864292;417.9719941;408.0843338;467.4609969;310.118914;;57.78946686;1.2;80.00%;98.66%;0.05;149.1729584;3;152.690155;0.03;0.02;51.34566116;0.740062511;98.00%;2.453222513;0.1;0.1;2.5;80.00%;0.9;0.85;12002.47852;1464.345158;13466.82368;7.533169373;1000;0.2;800
62.02%;4.96%;22.56%;0.66%;0.62%;0.46%;0.04%;0.44%;0.10%;8.14%;239.9870405;76.38385666;45.44140042;821.258429;84.32%;585.0545937;329.2059932;39.72670824;71.26153629;0.071261536;17.74412254;67.3608279;60.03346094;539.103341;591.3995748;473.4027659;447.1746418;;57.5880127;1.2;80.00%;100.00%;0.05;149.691803;3;155.4144897;0.03;0.02;63.16046143;0.818724299;98.00%;2.057833195;0.1;0.1;2.5;80.00%;0.9;0.85;19863.35412;5052.062092;24915.41621;12.495674;1000;0.2;800
61.05%;7.23%;14.78%;2.91%;1.06%;0.39%;0.13%;0.14%;0.01%;12.29%;262.5877676;75.54394464;30.49982562;735.0234252;96.34%;731.401803;374.411729;22.48670007;47.00671773;0.047006718;11.70467271;44.43366769;26.06971164;515.1675325;630.705635;572.063244;476.9081191;;64.02940369;1.2;80.00%;100.00%;0.05;143.3036957;3;153.1938477;0.03;0.02;68.97033691;0.762302462;98.00%;2.689159393;0.1;0.1;2.5;80.00%;0.9;0.85;11243.35004;3332.525077;14575.87511;8.438392542;1000;0.2;800
53.67%;6.31%;20.98%;2.35%;0.82%;0.65%;0.22%;0.14%;0.03%;14.84%;258.4786179;61.06010327;43.76440551;908.1009359;82.74%;618.2858185;361.548855;51.53249094;68.51884307;0.068518843;17.06119192;64.768264;47.44289581;544.1747941;646.2291512;550.1250543;488.2688873;;55.74274445;1.2;80.00%;98.69%;0.05;140.8880615;3;149.3453369;0.03;0.02;53.04271698;0.730227331;98.00%;2.57427454;0.1;0.1;2.5;80.00%;0.9;0.85;25766.24547;4857.6198;30623.86527;8.507186675;1000;0.2;800
49.91%;6.43%;23.30%;2.73%;1.36%;0.32%;0.19%;0.30%;0.13%;15.31%;227.2177175;71.26629381;38.22939605;812.9631186;84.05%;552.1413044;314.1202284;36.45156639;59.74497077;0.059744971;14.87649772;56.47465524;37.07367385;480.7579617;705.3533217;639.6170631;532.5358998;;58.22757339;1.2;80.00%;99.03%;0.05;145.2048492;3;147.1531067;0.03;0.02;65.99389648;0.811305758;98.00%;2.050420523;0.1;0.1;2.5;80.00%;0.9;0.85;18225.7832;4235.599143;22461.38234;7.76366197;1000;0.2;800
52.57%;6.10%;16.40%;2.78%;0.80%;0.26%;0.02%;0.13%;0.01%;20.92%;211.3170328;74.82662179;38.89049108;624.8443288;95.87%;585.720704;291.4261859;4.570219527;60.88537831;0.060885378;15.1604592;57.55263924;35.44135537;500.5188043;750.3329361;640.2741019;566.1743838;;71.03890991;1.2;80.00%;99.74%;0.05;143.2723999;3;145.6007843;0.03;0.02;67.59179688;0.747057428;98.00%;2.644598007;0.1;0.1;2.5;80.00%;0.9;0.85;2285.109764;4316.447943;6601.557707;8.620991589;1000;0.2;800
60.85%;2.73%;12.04%;2.92%;0.30%;0.49%;0.15%;0.50%;0.15%;19.89%;222.5844262;51.19779141;36.90446028;765.6418561;80.66%;519.0510253;310.9757926;57.91198484;57.75408074;0.057754081;14.3807661;54.59274239;36.75160269;457.5119941;614.1334739;572.3809832;463.7997162;;60.30433655;1.2;80.00%;95.85%;0.05;140.3470154;3;145.4944763;0.03;0.02;58.38679504;0.737788494;98.00%;2.828937054;0.1;0.1;2.5;80.00%;0.9;0.85;28955.99242;4094.455679;33050.4481;22.27107912;1000;0.2;800
59.60%;4.35%;14.41%;0.29%;0.26%;0.60%;0.21%;0.34%;0.10%;19.85%;257.6079421;64.71276104;17.29222751;933.3775317;84.09%;626.2544224;358.623013;51.7391975;25.87397238;0.025873972;6.442619123;24.45768491;11.21108038;387.2058823;429.7273422;503.1941296;325.9623177;;56.41688538;1.2;80.00%;97.16%;0.05;147.691391;3;152.8514862;0.03;0.02;59.54573441;0.78640587;98.00%;2.545598984;0.1;0.1;2.5;80.00%;0.9;0.85;25869.59875;1834.326368;27703.92512;13.70718084;1000;0.2;800
60.35%;1.77%;24.41%;1.17%;0.28%;0.85%;0.05%;0.47%;0.02%;10.62%;252.3454536;81.78069199;26.84481462;885.9336448;93.92%;685.2050774;351.2837792;37.45595125;41.18058056;0.041180581;10.25396456;38.92644117;31.99746012;472.2646243;489.7788997;459.6403259;371.1127424;;52.99742126;1.2;80.00%;100.00%;0.05;148.8199005;3;151.4296112;0.03;0.02;65.26402283;0.780787624;98.00%;2.844960451;0.1;0.1;2.5;80.00%;0.9;0.85;18727.97563;2919.483088;21647.45871;34.01391235;1000;0.2;800
53.43%;5.98%;17.15%;0.90%;0.90%;0.37%;0.25%;0.31%;0.08%;20.62%;255.5169272;69.29456397;11.71873917;973.1347382;94.83%;700.4808546;373.4394695;35.1890917;16.80382734;0.016803827;4.184153008;15.88402076;5.900903309;387.0941095;517.7527786;600.6902996;392.1795875;;59.47035217;1.2;80.00%;100.00%;0.05;141.407608;3;141.2720032;0.03;0.02;57.13085556;0.751075025;98.00%;2.230828762;0.1;0.1;2.5;80.00%;0.9;0.85;17594.54585;1191.301557;18785.84741;8.933720684;1000;0.2;800
56.51%;3.28%;22.27%;2.98%;0.65%;0.90%;0.23%;0.10%;0.05%;13.04%;226.2122336;73.09258918;36.31824784;712.9061036;88.44%;578.3934932;317.4626899;11.27465704;56.64072984;0.05664073;14.10354173;53.540334;43.1993263;481.2613906;594.1794425;529.347241;449.1864774;;65.84632111;1.2;80.00%;97.56%;0.05;144.5511169;3;145.1428223;0.03;0.02;54.8225975;0.792520417;98.00%;2.556437492;0.1;0.1;2.5;80.00%;0.9;0.85;5637.328518;4015.52505;9652.853568;17.24819965;1000;0.2;800
55.95%;7.72%;23.96%;1.44%;0.73%;0.91%;0.29%;0.10%;0.04%;8.86%;239.2354511;70.65538684;20.45596598;827.9164984;93.94%;649.7445768;336.7387699;35.89843192;31.0260786;0.031026079;7.72549357;29.32777553;13.47721365;417.6663319;601.9818136;620.3058487;455.0425678;;59.55570221;1.2;80.00%;98.14%;0.05;143.5683746;3;149.7283173;0.03;0.02;62.49925613;0.803145343;98.00%;2.564973354;0.1;0.1;2.5;80.00%;0.9;0.85;17949.21596;2199.583165;20148.79913;7.244218373;1000;0.2;800
61.12%;1.76%;24.70%;2.24%;1.50%;0.30%;0.26%;0.30%;0.01%;7.82%;236.8682839;63.46751481;46.5386159;808.2686098;86.75%;594.0876374;322.5109172;38.75737013;73.1409342;0.073140934;18.21209261;69.13735146;57.4715148;550.7970607;815.6774574;677.9022882;615.110016;;65.426651;1.2;80.00%;99.32%;0.05;147.0249481;3;153.4786224;0.03;0.02;55.27907944;0.765763254;98.00%;2.418385267;0.1;0.1;2.5;80.00%;0.9;0.85;19378.68506;5185.30136;24563.98642;34.74933048;1000;0.2;800
61.17%;6.13%;22.18%;0.81%;1.15%;0.75%;0.04%;0.16%;0.03%;7.56%;258.7573947;54.54470403;11.57469191;792.1820465;88.02%;658.4762394;375.7541968;57.40025147;16.6567954;0.016656795;4.147542054;15.74503704;-9.992826226;367.6111901;533.4643676;642.331663;403.8033479;;61.15138245;1.2;80.00%;99.67%;0.05;143.1745453;3;157.965271;0.03;0.02;55.16631317;0.801153962;98.00%;2.808224678;0.1;0.1;2.5;80.00%;0.9;0.85;28700.12574;1180.877778;29881.00351;9.976681376;1000;0.2;800
55.38%;1.88%;15.91%;1.24%;0.27%;0.92%;0.27%;0.33%;0.12%;23.67%;258.9711647;74.52643512;37.33480617;990.1747031;92.33%;691.2860448;364.4496561;42.64608625;58.06446521;0.058064465;14.45805184;54.88613705;42.55188184;538.3027893;686.4139448;595.315666;518.5763132;;51.83454132;1.2;80.00%;99.43%;0.05;145.5009918;3;144.6291351;0.03;0.02;50.8070488;0.801663005;98.00%;2.492266178;0.1;0.1;2.5;80.00%;0.9;0.85;21323.04313;4116.460279;25439.50341;29.43708067;1000;0.2;800
51.64%;7.24%;20.31%;1.04%;0.60%;0.53%;0.25%;0.38%;0.15%;17.87%;234.4738624;64.22085045;12.23761401;787.8829138;96.75%;655.8469198;340.0206339;-0.439383809;17.81742019;0.01781742;4.436537628;16.84213164;3.770702041;370.8155213;393.4219217;466.6974304;298.7595777;;68.46730042;1.2;80.00%;99.99%;0.05;149.5492554;3;143.7941589;0.03;0.02;60.44819641;0.821044039;98.00%;2.35065937;0.1;0.1;2.5;80.00%;0.9;0.85;219.6919047;1263.159873;1482.851778;7.133918706;1000;0.2;800
57.04%;2.90%;12.56%;0.92%;1.21%;0.40%;0.13%;0.07%;0.11%;24.63%;218.6135923;60.74579782;43.62165997;698.0313615;90.57%;572.4072793;302.4355413;20.0927877;68.54789575;0.068547896;17.06842604;64.7957264;56.65679068;523.3712143;713.1708368;588.3534488;538.114771;;61.42101288;1.2;80.00%;99.51%;0.05;145.733078;3;147.8216553;0.03;0.02;62.47462082;0.776231825;98.00%;2.30536294;0.1;0.1;2.5;80.00%;0.9;0.85;10046.39385;4859.67948;14906.07333;19.66503867;1000;0.2;800
60.33%;5.33%;19.33%;0.62%;1.03%;0.58%;0.03%;0.20%;0.09%;12.46%;241.5005154;47.09223979;18.18353206;700.5641827;86.35%;602.9044088;347.6566649;67.80452218;27.47061485;0.027470615;6.840183098;25.96693049;3.352041079;382.4031742;371.5556068;441.0462486;282.0257635;;66.3041687;1.2;80.00%;99.56%;0.05;145.3066406;3;145.2801666;0.03;0.02;62.8993454;0.765752126;98.00%;2.696609974;0.1;0.1;2.5;80.00%;0.9;0.85;33902.26109;1947.519786;35849.78088;11.32449494;1000;0.2;800
51.04%;4.26%;17.19%;2.95%;1.38%;0.63%;0.29%;0.31%;0.14%;21.81%;255.4231267;64.50404365;32.55980997;908.7671533;86.50%;638.7379269;361.1930916;40.10138158;50.45294223;0.050452942;12.56278262;47.69125303;34.31856428;485.3145452;598.0914592;565.0235959;452.1969518;;50.77633286;1.2;80.00%;98.44%;0.05;149.1878357;3;158.0061188;0.03;0.02;54.18193817;0.763541874;98.00%;2.96015358;0.1;0.1;2.5;80.00%;0.9;0.85;20050.69079;3576.843977;23627.53477;11.9875583;1000;0.2;800
54.07%;2.33%;13.33%;2.45%;0.91%;0.79%;0.22%;0.09%;0.07%;25.72%;216.0887032;72.29671133;26.14382698;904.8817719;92.02%;574.860361;303.0385851;56.6328267;40.32240744;0.040322407;10.04027945;38.11524265;17.60058408;418.2457919;559.728317;551.1417213;423.2595295;;57.16290665;1.2;80.00%;100.00%;0.05;141.8205872;3;147.9298859;0.03;0.02;64.74998474;0.806200701;98.00%;2.699043751;0.1;0.1;2.5;80.00%;0.9;0.85;28316.41335;2858.643199;31175.05655;23.19087146;1000;0.2;800
49.68%;6.29%;13.96%;1.37%;0.66%;0.88%;0.21%;0.39%;0.07%;26.49%;228.9256573;65.8305609;14.8708363;847.2262593;98.03%;648.7778224;332.3642759;6.001910327;22.0811925;0.022081193;5.498216933;20.87251392;5.995089893;383.4980724;382.0681303;434.7228947;290.2094936;;61.96440506;1.2;80.00%;99.00%;0.05;144.7636261;3;145.5426636;0.03;0.02;63.59868622;0.753862734;98.00%;2.493686438;0.1;0.1;2.5;80.00%;0.9;0.85;3000.955163;1565.438544;4566.393707;7.899473028;1000;0.2;800
58.43%;2.86%;19.38%;0.35%;1.11%;0.59%;0.27%;0.37%;0.10%;16.55%;210.3161544;58.48972873;37.9961917;708.7357505;83.63%;508.520989;290.3078669;38.4940149;59.55519272;0.059555193;14.82924299;56.29526524;46.91118785;459.8721869;581.7598039;519.4490837;439.5311373;;54.60400391;1.2;80.00%;99.06%;0.05;147.193512;3;156.87883;0.03;0.02;69.3436203;0.760001018;98.00%;2.043933868;0.1;0.1;2.5;80.00%;0.9;0.85;19247.00745;4222.144893;23469.15234;20.4618684;1000;0.2;800
58.26%;6.06%;19.67%;2.56%;0.92%;0.62%;0.27%;0.41%;0.03%;11.20%;247.3754952;61.23974259;17.99418497;662.408589;88.30%;631.5159112;354.8870065;75.04704311;27.04310237;0.027043102;6.73373249;25.56281915;5.495435854;394.3293049;480.8269798;542.4449128;364.2114969;;69.00714111;1.2;80.00%;100.00%;0.05;143.0091095;3;150.8890381;0.03;0.02;58.10157013;0.728029596;98.00%;2.486955166;0.1;0.1;2.5;80.00%;0.9;0.85;37523.52155;1917.211436;39440.73299;9.61465847;1000;0.2;800
62.13%;4.32%;19.60%;2.03%;1.00%;0.42%;0.29%;0.17%;0.14%;9.89%;246.6817203;73.67316049;36.86802918;846.72291;84.60%;603.3137434;347.5663703;39.56623499;57.39158638;0.057391586;14.29050501;54.25009022;41.8297783;495.6568284;669.4926561;614.9786089;505.8471758;;57.856884;1.2;80.00%;97.06%;0.05;146.7251129;3;154.0788727;0.03;0.02;69.57453918;0.78759124;98.00%;2.984638214;0.1;0.1;2.5;80.00%;0.9;0.85;19783.1175;4068.756766;23851.87426;14.36520107;1000;0.2;800
58.29%;7.83%;20.95%;1.75%;0.44%;0.39%;0.03%;0.24%;0.03%;10.03%;263.0290358;82.63833368;26.75063426;1070.024833;93.50%;710.9856863;366.3610706;27.69356379;40.95784581;0.040957846;10.19850361;38.71589845;19.92901903;483.5337736;596.7639954;566.8666736;451.4861227;;55.61883545;1.2;80.00%;99.99%;0.05;142.8421631;3;144.288147;0.03;0.02;55.71183014;0.726807607;98.00%;2.924273729;0.1;0.1;2.5;80.00%;0.9;0.85;13846.7819;2903.692384;16750.47428;7.443431835;1000;0.2;800
50.95%;1.76%;23.56%;0.58%;1.21%;0.74%;0.11%;0.34%;0.09%;20.65%;246.7921257;71.42339645;47.26048383;989.934302;81.44%;581.0920397;342.4241868;35.78977885;74.16571809;0.074165718;18.4672638;70.10604082;58.8900454;548.0408615;757.7368274;641.8999815;571.9047912;;57.67930603;1.2;80.00%;99.37%;0.05;145.8810883;3;140.4858398;0.03;0.02;61.32530594;0.799197858;98.00%;2.32627058;0.1;0.1;2.5;80.00%;0.9;0.85;17894.88942;5257.953061;23152.84248;28.96006937;1000;0.2;800
50.06%;2.64%;18.76%;1.61%;1.16%;0.92%;0.30%;0.37%;0.05%;24.13%;215.6975527;80.06630023;11.50851305;734.9730684;103.98%;648.4233577;312.5268376;1.366676415;16.66060402;0.016660604;4.148490401;15.74863718;-7.915879952;362.6334442;496.2777325;553.2757574;375.8433302;;74.1905365;1.2;80.00%;99.66%;0.05;140.7685242;3;150.4555969;0.03;0.02;51.03273392;0.771843478;98.00%;2.302651405;0.1;0.1;2.5;80.00%;0.9;0.85;683.3382076;1181.147789;1864.485996;18.97296031;1000;0.2;800
59.14%;7.17%;16.88%;1.52%;0.39%;0.51%;0.03%;0.55%;0.06%;13.74%;211.9605511;60.93528695;16.58431965;671.432289;92.82%;568.768142;305.3069962;58.52214384;24.98993144;0.024989931;6.222492928;23.62203453;11.22856227;357.6561078;479.2350524;539.2854179;362.7473536;;73.46671295;1.2;80.00%;93.25%;0.05;145.7618866;3;143.2469482;0.03;0.02;61.9042778;0.81996364;98.00%;2.660079479;0.1;0.1;2.5;80.00%;0.9;0.85;29261.07192;1771.652589;31032.72451;8.246789151;1000;0.2;800
56.88%;1.51%;24.15%;1.15%;1.21%;0.27%;0.05%;0.60%;0.02%;14.17%;250.3918208;62.31636696;43.30537135;841.2577558;85.06%;615.7653144;327.9963717;13.82546122;67.91729338;0.067917293;16.91140605;64.19964189;56.43981025;540.5183979;719.2884093;597.1754487;542.8768662;;61.02444077;1.2;80.00%;96.66%;0.05;142.6005554;3;158.2671051;0.03;0.02;66.18709564;0.768636712;98.00%;2.991167784;0.1;0.1;2.5;80.00%;0.9;0.85;6912.730611;4814.973141;11727.70375;37.71519464;1000;0.2;800
56.33%;5.59%;17.08%;1.11%;1.03%;0.52%;0.03%;0.27%;0.03%;18.01%;240.8036618;51.00671863;9.991811941;901.767699;86.67%;603.3495567;340.8345627;94.19681166;14.28209299;0.014282093;3.556241154;13.5003209;-8.955670619;332.7202864;522.3663407;640.4441519;395.1687746;;71.61161804;1.2;80.00%;99.30%;0.05;141.0714874;3;147.8883209;0.03;0.02;53.483078;0.746005372;98.00%;2.847819328;0.1;0.1;2.5;80.00%;0.9;0.85;47098.40583;1012.524067;48110.9299;10.07751932;1000;0.2;800
62.66%;5.29%;18.19%;1.87%;0.32%;0.70%;0.14%;0.10%;0.07%;10.66%;238.5039997;67.25171611;34.04359888;920.7685173;85.39%;588.7524661;334.6246762;28.2672213;52.94039164;0.052940392;13.18215752;50.04254462;39.17358818;471.6064677;583.6530764;544.7273089;441.3580243;;57.81822968;1.2;80.00%;94.07%;0.05;147.6760406;3;155.4460449;0.03;0.02;66.75473022;0.809343124;98.00%;2.840347767;0.1;0.1;2.5;80.00%;0.9;0.85;14133.61065;3753.190847;17886.80149;11.84620714;1000;0.2;800
61.93%;3.71%;15.67%;1.12%;0.64%;0.89%;0.10%;0.48%;0.06%;15.40%;265.2894063;73.79350995;32.36083742;978.050954;89.84%;689.0246315;356.2806276;40.1871548;50.09399965;0.050094;12.47340591;47.35195822;34.86447853;507.4685578;648.0330968;583.8878237;489.7266269;;65.1129837;1.2;80.00%;100.00%;0.05;140.5861511;3;155.5025024;0.03;0.02;51.53412628;0.742877677;98.00%;2.756129265;0.1;0.1;2.5;80.00%;0.9;0.85;20093.5774;3551.396866;23644.97427;16.69985093;1000;0.2;800
51.14%;2.12%;19.26%;0.90%;0.48%;0.80%;0.05%;0.26%;0.04%;24.95%;262.1826618;60.95157604;23.06837519;936.550324;84.99%;644.2262531;377.5538023;65.42960554;35.11854357;0.035118544;8.744517349;33.19622748;18.63548544;430.2449691;473.2731667;515.60357;358.7097573;;64.39948273;1.2;80.00%;97.13%;0.05;145.5768738;3;148.2509918;0.03;0.02;62.71002579;0.817920923;98.00%;2.04153657;0.1;0.1;2.5;80.00%;0.9;0.85;32714.80277;2489.717061;35204.51983;24.13793094;1000;0.2;800
53.01%;2.16%;14.56%;2.24%;0.72%;0.68%;0.12%;0.59%;0.06%;25.86%;216.5174798;82.02468275;13.61199733;642.0147422;104.72%;655.4762614;305.7968933;-12.67721153;20.06494834;0.020064948;4.996172136;18.96663477;8.504050216;378.6010068;466.4012738;500.1051538;353.5260789;;69.43560791;1.2;80.00%;99.14%;0.05;140.1231232;3;144.9358978;0.03;0.02;58.26811218;0.764692062;98.00%;2.240904331;0.1;0.1;2.5;80.00%;0.9;0.85;6338.605764;1422.497608;7761.103371;24.57293665;1000;0.2;800
62.49%;5.50%;23.50%;1.19%;0.71%;0.62%;0.28%;0.54%;0.13%;5.04%;224.4246505;54.99800475;13.77800051;663.1426284;89.38%;579.900245;323.4826483;43.82411733;20.42954148;0.020429541;5.086955828;19.31127084;9.748511859;345.2170259;402.7307922;492.6934347;305.4535078;;72.7100296;1.2;80.00%;93.43%;0.05;145.3478699;3;146.1631317;0.03;0.02;54.35935974;0.786707707;98.00%;2.236274719;0.1;0.1;2.5;80.00%;0.9;0.85;21912.05867;1448.345313;23360.40398;11.35616421;1000;0.2;800
57.76%;1.90%;13.64%;0.94%;1.01%;0.43%;0.10%;0.39%;0.01%;23.81%;264.5914929;66.00611664;33.57625339;745.6810758;84.38%;645.4321003;352.4684174;36.05391884;52.11819129;0.052118191;12.97742963;49.26534981;39.80663166;495.2753282;744.6979001;692.8483706;562.0946416;;64.6194458;1.2;80.00%;96.99%;0.05;148.0094452;3;159.9763641;0.03;0.02;61.07151031;0.805129474;98.00%;2.38167429;0.1;0.1;2.5;80.00%;0.9;0.85;18026.95942;3694.901236;21721.86066;30.32656687;1000;0.2;800
57.51%;3.03%;13.56%;0.52%;0.82%;0.89%;0.14%;0.55%;0.14%;22.84%;244.5402596;65.16163722;12.39477736;764.609648;94.81%;670.303799;346.2662284;66.44943118;18.03732967;0.01803733;4.491295088;17.05000373;-0.856335099;377.9106596;366.8119074;436.6184413;278.708516;;57.04034424;1.2;80.00%;99.96%;0.05;147.2154541;3;151.5738068;0.03;0.02;63.27867126;0.773040765;98.00%;2.875673056;0.1;0.1;2.5;80.00%;0.9;0.85;33224.71559;1278.75028;34503.46587;18.96184167;1000;0.2;800
56.36%;5.78%;14.62%;0.76%;0.34%;0.80%;0.16%;0.59%;0.10%;20.49%;243.4814278;60.81926403;19.0270787;925.8155433;90.32%;635.7567216;351.7274177;31.92068146;28.72304288;0.028723043;7.152037678;27.15080321;17.23906113;402.3159414;399.4405302;449.7325481;303.2674051;;63.63906479;1.2;80.00%;100.00%;0.05;143.0506592;3;141.5406494;0.03;0.02;55.94407272;0.761641471;98.00%;2.965974808;0.1;0.1;2.5;80.00%;0.9;0.85;15960.34073;2036.310241;17996.65097;9.754061354;1000;0.2;800
51.23%;4.22%;22.58%;0.38%;0.58%;0.44%;0.27%;0.58%;0.04%;19.68%;238.6081971;69.20741155;35.16120427;970.5907236;87.98%;606.8968598;336.4330164;18.50393193;54.71986271;0.054719863;13.62524581;51.72461115;43.62603715;486.9973892;553.0565546;497.5002475;418.3753422;;70.51390076;1.2;80.00%;97.41%;0.05;146.8064728;3;154.4720612;0.03;0.02;68.25091553;0.798106911;98.00%;2.829787731;0.1;0.1;2.5;80.00%;0.9;0.85;9251.965966;3879.345836;13131.3118;12.15091155;1000;0.2;800
53.39%;2.11%;15.17%;2.32%;0.29%;0.73%;0.10%;0.58%;0.05%;25.25%;216.8997222;70.19644491;25.88695019;854.7459146;94.69%;593.7812721;301.336892;47.7211987;39.92962755;0.039929628;9.942477259;37.74396272;22.7832227;425.4601538;610.1822836;590.9488202;461.0258834;;62.0129509;1.2;80.00%;99.06%;0.05;144.9995575;3;144.861908;0.03;0.02;55.93634415;0.734453015;98.00%;2.223726273;0.1;0.1;2.5;80.00%;0.9;0.85;23860.59935;2830.797204;26691.39655;25.26754609;1000;0.2;800
54.13%;5.44%;19.42%;1.79%;0.41%;0.43%;0.02%;0.08%;0.03%;18.25%;226.0305126;56.15734433;13.52824657;663.9279629;86.12%;562.7669583;325.7246818;42.6805888;20.01009389;0.020010094;4.982513378;18.91478293;9.083493006;335.6750022;412.8475672;516.5258005;313.1154418;;72.82154846;1.2;80.00%;99.09%;0.05;141.8668823;3;152.1320496;0.03;0.02;66.20358276;0.798126876;98.00%;2.246995211;0.1;0.1;2.5;80.00%;0.9;0.85;21340.2944;1418.60872;22758.90312;9.94841504;1000;0.2;800
55.74%;2.03%;19.29%;2.24%;0.40%;0.39%;0.09%;0.37%;0.14%;19.31%;229.1676155;74.70784138;33.15893933;724.4888047;94.54%;626.366609;320.6939079;38.55516986;51.52814085;0.051528141;12.83050707;48.70759751;41.7223982;483.6388058;621.6897968;554.2031477;469.7896596;;68.66291809;1.2;80.00%;95.12%;0.05;147.5249634;3;141.6772156;0.03;0.02;64.58713531;0.745686573;98.00%;2.811604977;0.1;0.1;2.5;80.00%;0.9;0.85;19277.58493;3653.069813;22930.65474;27.49764993;1000;0.2;800
58.75%;2.06%;18.15%;1.85%;1.05%;0.75%;0.09%;0.13%;0.06%;17.12%;235.9917282;59.23222736;13.04045478;851.3946993;85.11%;580.6720818;327.3611053;31.56136921;19.19757287;0.019197573;4.780195645;18.14673763;5.248479071;340.8408951;500.0388152;598.8236973;378.5420989;;64.2059021;1.2;80.00%;98.65%;0.05;141.4805603;3;153.8005829;0.03;0.02;58.14619064;0.754627979;98.00%;2.663367271;0.1;0.1;2.5;80.00%;0.9;0.85;15780.68461;1361.005322;17141.68993;28.51687211;1000;0.2;800
54.03%;6.82%;24.87%;0.98%;1.20%;0.42%;0.01%;0.32%;0.09%;11.27%;248.720094;72.89770926;13.37095461;897.3836784;91.85%;660.464222;357.7223064;58.23526034;19.50985798;0.019509858;4.857954637;18.4419289;6.432714577;378.8874233;448.1331533;527.8031012;339.8735164;;68.02346802;1.2;80.00%;97.76%;0.05;143.680481;3;147.4150085;0.03;0.02;54.36105728;0.787624673;98.00%;2.047421932;0.1;0.1;2.5;80.00%;0.9;0.85;29117.63017;1383.144668;30500.77484;7.923808643;1000;0.2;800
57.86%;2.10%;21.77%;1.90%;1.22%;0.61%;0.03%;0.54%;0.05%;13.92%;228.7362395;79.22551185;41.25324818;665.2326961;91.85%;607.3814188;312.141707;5.614990336;64.57227993;0.06457228;16.0784977;61.03772752;47.82027838;523.9916515;777.6715838;659.6649147;586.850817;;50.69571686;1.2;80.00%;97.33%;0.05;147.7879944;3;150.3846741;0.03;0.02;60.10779953;0.80538667;98.00%;2.362046003;0.1;0.1;2.5;80.00%;0.9;0.85;2807.495168;4577.829564;7385.324732;27.51226824;1000;0.2;800
49.48%;2.99%;14.59%;0.42%;1.29%;0.50%;0.12%;0.55%;0.07%;29.99%;244.9762032;61.00412817;13.54921845;750.3035457;93.45%;661.8108028;347.5337929;44.02331646;19.91785769;0.019917858;4.959546564;18.82759555;-3.060206059;380.9229338;524.6676692;592.8315355;397.0713675;;63.40119553;1.2;80.00%;100.00%;0.05;143.8732147;3;153.3826752;0.03;0.02;50.08597565;0.777734491;98.00%;2.394494057;0.1;0.1;2.5;80.00%;0.9;0.85;22011.65823;1412.069666;23423.7279;16.56183182;1000;0.2;800
52.14%;2.61%;21.23%;2.71%;0.41%;0.60%;0.24%;0.39%;0.06%;19.61%;209.4844548;59.95638127;18.62169549;690.9231347;93.03%;563.4424081;301.592608;45.20530086;28.29362242;0.028293622;7.045111983;26.74488833;12.68946599;367.236538;404.4907191;451.3673751;306.7447609;;65.59024811;1.2;80.00%;99.05%;0.05;140.2050934;3;149.1389465;0.03;0.02;59.07448959;0.824005491;98.00%;2.982618809;0.1;0.1;2.5;80.00%;0.9;0.85;22602.65043;2005.866625;24608.51706;19.96432203;1000;0.2;800
56.36%;4.39%;15.01%;2.11%;1.01%;0.89%;0.21%;0.40%;0.01%;19.60%;220.7541698;59.78902403;16.45113193;887.3018786;97.50%;622.2773352;316.4711456;14.27034167;24.73429135;0.024734291;6.158838545;23.38038764;14.81682041;381.2776841;535.3468285;577.3600741;404.9854972;;51.58411407;1.2;80.00%;95.77%;0.05;146.3325195;3;143.9539948;0.03;0.02;57.39056396;0.782928035;98.00%;2.196022987;0.1;0.1;2.5;80.00%;0.9;0.85;7135.170837;1753.529073;8888.69991;12.84295598;1000;0.2;800
61.29%;6.60%;23.62%;0.30%;0.86%;0.26%;0.11%;0.36%;0.06%;6.54%;238.6204868;50.23749984;26.88919434;650.893988;83.42%;575.5040312;326.9136326;39.03358694;41.56117873;0.041561179;10.3487335;39.28620618;26.57558804;423.0090479;544.8470091;552.9368403;411.9527113;;72.19361877;1.2;80.00%;100.00%;0.05;142.1418762;3;153.3531952;0.03;0.02;53.92687607;0.791269638;98.00%;2.380493402;0.1;0.1;2.5;80.00%;0.9;0.85;19516.79347;2946.465464;22463.25893;9.28619101;1000;0.2;800
51.87%;5.00%;15.96%;0.64%;1.39%;0.72%;0.07%;0.35%;0.12%;23.88%;259.5049968;59.3433311;40.03609296;800.9360496;86.21%;646.7711417;364.9612276;51.68398688;62.51053775;0.062510538;15.5651239;59.08884083;44.45243672;534.6532389;717.0241129;632.7484169;541.3366636;;53.70107651;1.2;80.00%;95.77%;0.05;140.0787811;3;158.7566528;0.03;0.02;56.14176178;0.807040013;98.00%;2.659466267;0.1;0.1;2.5;80.00%;0.9;0.85;25841.99344;4431.663062;30273.6565;10.37423366;1000;0.2;800
54.73%;2.64%;18.70%;1.68%;1.04%;0.50%;0.19%;0.25%;0.12%;20.15%;219.6043387;63.63056706;30.46049674;780.9195572;90.73%;576.0367014;298.2617758;39.55695555;47.35109361;0.047351094;11.79042231;44.75919315;21.91832654;444.7431288;561.1902773;519.5866978;424.2789971;;72.79924774;1.2;80.00%;99.62%;0.05;140.221283;3;147.039856;0.03;0.02;61.37760162;0.79714182;98.00%;2.736272812;0.1;0.1;2.5;80.00%;0.9;0.85;19778.47778;3356.939487;23135.41726;20.70554753;1000;0.2;800
55.54%;4.82%;23.11%;2.55%;0.92%;0.53%;0.30%;0.07%;0.06%;12.09%;231.7235443;51.67062106;16.65289731;820.9053018;91.16%;610.6878284;334.3336982;19.32800092;25.03390306;0.025033903;6.233441862;23.66359923;6.470507864;376.9479585;472.6630087;536.4503775;358.0002782;;52.33111572;1.2;80.00%;92.55%;0.05;140.3921661;3;159.8597412;0.03;0.02;58.8822937;0.771516147;98.00%;2.090916157;0.1;0.1;2.5;80.00%;0.9;0.85;9664.000462;1774.769942;11438.7704;11.51321871;1000;0.2;800
53.72%;4.58%;13.57%;2.85%;0.70%;0.83%;0.23%;0.48%;0.12%;22.89%;235.1633472;58.08196076;29.44013175;617.4187003;82.05%;557.8157059;310.6514385;71.98293423;45.68966785;0.045689668;11.3767273;43.18871039;31.12527254;430.6051732;717.5591463;703.7243821;541.4897377;;73.92414856;1.2;80.00%;99.83%;0.05;145.9978638;3;144.6215668;0.03;0.02;66.90885162;0.784026549;98.00%;2.915130377;0.1;0.1;2.5;80.00%;0.9;0.85;35991.46712;3239.153279;39230.6204;11.71983986;1000;0.2;800
58.17%;4.91%;22.83%;1.88%;1.43%;0.88%;0.02%;0.06%;0.14%;9.67%;227.4596;61.22416861;28.07279737;894.2072692;90.28%;593.6721969;322.9631715;5.219535398;43.41379151;0.043413792;10.81003409;41.03741079;26.82493095;438.440034;511.7389788;498.5436111;387.3356263;;59.86285019;1.2;80.00%;96.89%;0.05;146.7813416;3;143.9612732;0.03;0.02;54.26816177;0.741580746;98.00%;2.379470825;0.1;0.1;2.5;80.00%;0.9;0.85;2609.767699;3077.805809;5687.573508;11.84235485;1000;0.2;800
55.05%;1.87%;18.74%;0.43%;1.28%;0.78%;0.26%;0.44%;0.03%;21.12%;246.2944561;60.8432578;30.04771114;757.0034774;81.91%;583.2571921;340.1123367;59.44805235;46.52235476;0.046522355;11.58406633;43.97581774;24.39405946;444.840121;679.7166493;674.9142216;513.2266397;;57.79336166;1.2;80.00%;99.76%;0.05;140.17659;3;145.618576;0.03;0.02;60.70983124;0.805807376;98.00%;2.07618475;0.1;0.1;2.5;80.00%;0.9;0.85;29724.02618;3298.186331;33022.21251;29.40206628;1000;0.2;800
52.20%;4.01%;15.35%;0.38%;0.43%;0.50%;0.11%;0.60%;0.02%;26.41%;233.0922683;74.74463716;12.22514188;679.0392105;101.19%;681.9019776;339.1027399;19.37708167;17.73352774;0.017733528;4.415648407;16.76283129;-2.245682925;382.5026647;420.4661528;477.8931435;319.0328707;;68.10382843;1.2;80.00%;97.84%;0.05;143.4522247;3;159.5756226;0.03;0.02;55.50616074;0.774885851;98.00%;2.731613159;0.1;0.1;2.5;80.00%;0.9;0.85;9688.540834;1257.212347;10945.75318;13.01864177;1000;0.2;800
56.18%;2.53%;24.29%;1.21%;0.28%;0.76%;0.27%;0.24%;0.10%;14.14%;220.9985506;61.62113186;24.65841604;811.2592848;89.27%;570.3762043;309.1172699;73.6549168;37.97247208;0.037972472;9.455145549;35.89393788;29.1014408;406.8827457;482.4568488;492.0319237;365.1930833;;60.07430649;1.2;80.00%;98.48%;0.05;149.331543;3;154.3362885;0.03;0.02;58.6142807;0.799922443;98.00%;2.531874895;0.1;0.1;2.5;80.00%;0.9;0.85;36827.4584;2692.045341;39519.50374;22.24522478;1000;0.2;800
51.62%;3.33%;12.05%;0.96%;1.39%;0.66%;0.21%;0.24%;0.07%;29.46%;237.8370249;61.47258211;16.01295841;795.554129;93.69%;644.2252624;339.8932018;23.67182652;23.91595833;0.023915958;5.955073624;22.60684847;13.1973369;388.4217243;562.4684933;617.0426927;425.5089815;;54.13993454;1.2;80.00%;100.00%;0.05;142.2767639;3;149.2211151;0.03;0.02;53.79135513;0.785332013;98.00%;2.655581951;0.1;0.1;2.5;80.00%;0.9;0.85;11835.91326;1695.513636;13531.4269;15.49661864;1000;0.2;800
55.87%;6.21%;18.40%;2.22%;1.07%;0.55%;0.28%;0.48%;0.08%;14.85%;218.5598659;60.28408489;20.67754353;790.376175;92.80%;586.3527534;314.0195958;26.82064649;31.54849111;0.031548491;7.855574287;29.82159227;14.17890249;390.3034495;386.9094293;418.6351569;293.6392684;;53.86116028;1.2;80.00%;99.66%;0.05;145.1247253;3;144.5528107;0.03;0.02;68.0379715;0.807919479;98.00%;2.857335091;0.1;0.1;2.5;80.00%;0.9;0.85;13410.32324;2236.619421;15646.94266;8.993154423;1000;0.2;800
59.41%;6.46%;23.13%;1.80%;0.47%;0.30%;0.11%;0.07%;0.02%;8.23%;236.5240462;59.65607581;37.66119982;895.4170235;89.35%;610.9553126;331.0040073;21.28116859;58.83129008;0.05883129;14.64899123;55.61098753;41.17199347;504.6431138;654.6431734;574.4963439;494.3962674;;67.44473267;1.2;80.00%;99.93%;0.05;148.2616882;3;156.6074677;0.03;0.02;56.74459457;0.735615412;98.00%;2.195750713;0.1;0.1;2.5;80.00%;0.9;0.85;10640.5843;4170.824065;14811.40836;9.196970946;1000;0.2;800
58.39%;4.97%;22.03%;1.66%;0.39%;0.45%;0.15%;0.40%;0.05%;11.53%;251.5501815;54.51312994;39.16069499;708.8128297;79.16%;575.672421;353.371129;92.61372639;61.18217942;0.061182179;15.23436268;57.83319407;43.01763171;496.8062885;722.148945;672.5617911;545.0296398;;64.90923309;1.2;80.00%;99.82%;0.05;146.0247498;3;149.2063599;0.03;0.02;58.91620255;0.794342305;98.00%;2.249769926;0.1;0.1;2.5;80.00%;0.9;0.85;46306.86319;4337.489555;50644.35275;11.75734416;1000;0.2;800
52.42%;7.87%;22.44%;2.12%;1.12%;0.67%;0.03%;0.29%;0.14%;12.91%;247.1951369;75.98564641;30.45292609;771.0947699;94.46%;675.0534003;351.0006571;9.764871818;47.0300905;0.04703009;11.71049253;44.45576108;29.85767696;489.480701;638.1946311;589.7169241;482.4391592;;73.23886871;1.2;80.00%;99.27%;0.05;147.5172119;3;158.8233032;0.03;0.02;51.8500061;0.78374305;98.00%;2.416998863;0.1;0.1;2.5;80.00%;0.9;0.85;4882.435909;3334.182081;8216.61799;6.659908861;1000;0.2;800
53.14%;5.02%;23.00%;2.29%;1.27%;0.75%;0.07%;0.09%;0.13%;14.25%;221.9244669;65.25291138;47.36229977;735.3023968;86.40%;554.3327794;303.4736577;57.02229024;74.5387357;0.074538736;18.56014519;70.45864022;52.65828741;537.093922;801.1497003;663.3735945;604.1843696;;68.11933899;1.2;80.00%;99.21%;0.05;141.52565;3;155.0828094;0.03;0.02;59.64131546;0.816480269;98.00%;2.137829304;0.1;0.1;2.5;80.00%;0.9;0.85;28511.14512;5284.398016;33795.54313;10.58499449;1000;0.2;800
53.75%;2.58%;19.57%;0.48%;0.26%;0.84%;0.15%;0.27%;0.04%;22.06%;224.9719332;56.90141482;30.6006517;636.8796117;91.47%;594.9444673;316.1109305;25.44786344;47.54258885;0.047542589;11.83810462;44.94020634;20.74473569;454.2085496;672.1572587;635.3349146;507.5526913;;52.0994339;1.2;80.00%;96.83%;0.05;147.7258453;3;143.5236664;0.03;0.02;54.89250946;0.7802094;98.00%;2.139090538;0.1;0.1;2.5;80.00%;0.9;0.85;12723.93172;3370.515476;16094.4472;20.86901715;1000;0.2;800
53.81%;4.77%;17.12%;1.77%;1.20%;0.59%;0.25%;0.10%;0.13%;20.26%;227.5758095;50.37025023;16.20982933;617.862929;87.11%;573.090575;319.4896937;23.80348076;24.39322508;0.024393225;6.073913045;23.05799064;12.04538421;357.0696956;491.3970959;565.6401339;371.9371582;;65.27218628;1.2;80.00%;100.00%;0.05;148.8655701;3;142.5032349;0.03;0.02;58.00017166;0.802594857;98.00%;2.040983438;0.1;0.1;2.5;80.00%;0.9;0.85;11901.74038;1729.349298;13631.08968;11.28641251;1000;0.2;800
54.73%;3.90%;18.26%;1.91%;0.95%;0.70%;0.17%;0.43%;0.11%;18.85%;227.836341;59.99111397;29.15082982;624.5740613;91.80%;604.6482576;323.4855834;28.47424732;45.15566068;0.045155661;11.24375951;42.68393366;28.49019821;450.1277991;548.9329547;521.9361942;415.0644567;;55.81932831;1.2;80.00%;99.62%;0.05;141.1110992;3;151.1174622;0.03;0.02;63.39529419;0.787884476;98.00%;2.92104578;0.1;0.1;2.5;80.00%;0.9;0.85;14237.12366;3201.295025;17438.41868;14.02465628;1000;0.2;800
57.06%;6.85%;13.74%;2.95%;0.61%;0.42%;0.12%;0.54%;0.13%;17.58%;231.7006557;55.69582768;24.06124255;888.6431803;89.52%;599.6631798;330.5816238;64.84831473;36.95559164;0.036955592;9.201942317;34.93271935;18.88040291;416.7253222;536.8607855;553.1920472;405.9893864;;69.01273346;1.2;80.00%;99.21%;0.05;142.245575;3;150.011322;0.03;0.02;67.11166382;0.760682322;98.00%;2.678897858;0.1;0.1;2.5;80.00%;0.9;0.85;32424.15736;2619.953952;35044.11131;8.330135144;1000;0.2;800
52.24%;4.39%;16.97%;1.01%;0.45%;0.76%;0.13%;0.34%;0.10%;23.62%;241.5886378;60.14066697;41.42639468;851.9229149;82.88%;578.8330305;335.2065908;50.03850565;64.87383631;0.064873836;16.15358524;61.32277734;49.51096239;512.192879;626.4283582;543.5744864;473.2580148;;69.5166626;1.2;80.00%;96.38%;0.05;149.9062347;3;141.9550476;0.03;0.02;55.0573349;0.740879027;98.00%;2.295519352;0.1;0.1;2.5;80.00%;0.9;0.85;25019.25282;4599.2083;29618.46112;11.90534016;1000;0.2;800
60.64%;5.86%;18.46%;2.77%;0.44%;0.52%;0.15%;0.45%;0.11%;10.59%;221.1701773;67.28732812;26.8919697;690.236132;85.68%;547.862498;303.9470928;24.93824201;41.55563091;0.041555631;10.3473521;39.28096203;23.50819852;410.0358018;549.3175844;552.3392437;415.4263579;;68.08456421;1.2;80.00%;99.39%;0.05;144.5483398;3;144.0609131;0.03;0.02;56.36422729;0.802194648;98.00%;2.330808401;0.1;0.1;2.5;80.00%;0.9;0.85;12469.12101;2946.072153;15415.19316;10.34040325;1000;0.2;800
61.69%;3.31%;12.74%;1.56%;1.05%;0.80%;0.14%;0.30%;0.05%;18.36%;256.7177088;70.45477889;35.73821423;804.0784003;91.50%;679.1266242;360.945267;15.94893755;55.5345779;0.055534578;13.8281099;52.49473052;41.19764114;523.4010771;649.8654526;572.568648;491.08595;;54.99410248;1.2;80.00%;97.45%;0.05;144.3230438;3;148.5156708;0.03;0.02;51.19088364;0.795950803;98.00%;2.253171921;0.1;0.1;2.5;80.00%;0.9;0.85;7974.468777;3937.104789;11911.57357;18.66128302;1000;0.2;800
57.05%;3.70%;19.12%;1.23%;1.25%;0.44%;0.04%;0.52%;0.03%;16.61%;261.1728626;62.70463935;20.68237106;754.3784328;90.32%;681.9341591;367.9456386;31.87120338;31.30629495;0.031306295;7.795267442;29.59265343;10.72300929;433.3958778;432.9243789;461.1129621;328.3995323;;73.81427765;1.2;80.00%;99.88%;0.05;141.5569611;3;153.7035522;0.03;0.02;67.35331726;0.819353571;98.00%;2.444896221;0.1;0.1;2.5;80.00%;0.9;0.85;15935.60169;2219.449007;18155.0507;15.41583631;1000;0.2;800
49.37%;3.31%;21.34%;0.94%;1.24%;0.72%;0.18%;0.34%;0.08%;22.48%;241.5428101;65.30814111;22.95886047;794.5687537;96.26%;672.1950786;346.580949;41.06013435;35.04871881;0.035048719;8.727130983;33.13022478;17.22480375;442.7490111;523.9099081;522.478121;396.5214696;;50.34827423;1.2;80.00%;94.76%;0.05;143.0205994;3;152.594986;0.03;0.02;65.15898895;0.739453974;98.00%;2.977048874;0.1;0.1;2.5;80.00%;0.9;0.85;20530.06717;2484.766859;23014.83403;14.90921052;1000;0.2;800
58.75%;7.01%;14.04%;2.66%;1.44%;0.55%;0.15%;0.44%;0.04%;14.93%;209.0349346;55.89563983;20.46587184;813.6084103;83.04%;501.8579049;284.9039872;47.61555966;31.36240426;0.031362404;7.809238662;29.64569143;13.15172871;350.4871284;575.2978173;629.3795186;434.7577334;;72.84586334;1.2;80.00%;99.99%;0.05;148.673645;3;150.2758942;0.03;0.02;54.81892395;0.751609557;98.00%;2.497662783;0.1;0.1;2.5;80.00%;0.9;0.85;23807.77983;2223.426858;26031.20669;8.384735651;1000;0.2;800
50.41%;2.22%;22.56%;2.86%;0.88%;0.85%;0.23%;0.35%;0.12%;19.53%;248.7204977;64.99753346;42.39873441;830.653504;83.36%;599.423078;347.7438398;48.2842842;66.35403324;0.066354033;16.52215428;62.72195136;45.3153978;527.3653813;626.9022987;537.6338067;473.7368044;;50.82910919;1.2;80.00%;99.10%;0.05;146.0739746;3;147.4925537;0.03;0.02;55.81295395;0.803270661;98.00%;2.826951504;0.1;0.1;2.5;80.00%;0.9;0.85;24142.1421;4704.146352;28846.28845;22.72152321;1000;0.2;800
56.73%;6.77%;17.48%;1.27%;0.70%;0.46%;0.11%;0.29%;0.12%;16.06%;213.4139403;73.02478682;14.16616512;863.5696682;101.22%;624.5075759;306.9963382;9.007843051;21.01021346;0.021010213;5.231543151;19.86015804;0.361889422;368.2504186;543.5043877;590.9675122;411.2016636;;61.12505722;1.2;80.00%;100.00%;0.05;140.138504;3;152.0872498;0.03;0.02;52.58306503;0.79869231;98.00%;2.103304863;0.1;0.1;2.5;80.00%;0.9;0.85;4503.921525;1489.511853;5993.433378;8.384698179;1000;0.2;800
52.12%;5.89%;12.89%;0.45%;0.51%;0.45%;0.22%;0.47%;0.05%;26.95%;240.2027285;57.29499074;40.92506343;662.3812768;86.80%;602.799188;335.8569538;53.21035357;64.08193617;0.064081936;15.95640211;60.57422416;51.0570294;520.2691943;645.5197951;552.8199628;487.5091922;;70.94924927;1.2;80.00%;97.60%;0.05;140.4429932;3;145.1993561;0.03;0.02;65.92988586;0.813326546;98.00%;2.573815823;0.1;0.1;2.5;80.00%;0.9;0.85;26605.17678;4543.066812;31148.2436;8.842141503;1000;0.2;800
52.76%;5.02%;16.41%;0.34%;1.34%;0.27%;0.07%;0.41%;0.09%;23.28%;220.6620602;56.81561128;35.70545216;746.6683954;88.76%;566.2281635;302.5967654;12.84203117;55.82327743;0.055823277;13.89999608;52.76762724;36.6377439;472.5040262;535.3161022;467.501085;404.7832641;;59.13373184;1.2;80.00%;93.18%;0.05;140.7483215;3;154.107132;0.03;0.02;64.48730469;0.747188759;98.00%;2.373089552;0.1;0.1;2.5;80.00%;0.9;0.85;6421.015586;3957.572043;10378.58763;10.51380717;1000;0.2;800
62.96%;3.79%;22.34%;1.29%;0.96%;0.33%;0.09%;0.44%;0.06%;7.73%;223.380632;48.88435251;30.50366275;652.1954801;77.21%;498.6075117;295.8871552;80.51076955;47.52593071;0.047525931;11.83395675;44.92446003;23.72624171;409.6335485;578.1099135;576.8555221;436.6962939;;62.84339142;1.2;80.00%;98.64%;0.05;147.9410095;3;148.5852356;0.03;0.02;65.65016937;0.755194116;98.00%;2.884083748;0.1;0.1;2.5;80.00%;0.9;0.85;40255.38477;3369.334502;43624.71928;16.63015341;1000;0.2;800
52.96%;4.19%;21.48%;1.89%;1.16%;0.63%;0.03%;0.28%;0.14%;17.24%;266.5625886;62.1227228;23.53358766;986.4709098;85.48%;658.7668002;378.789719;42.01765541;35.85486276;0.035854863;8.927860828;33.89224209;17.29602024;439.7163158;589.8416741;622.250336;446.1587966;;58.37426758;1.2;80.00%;99.85%;0.05;140.0751953;3;142.6526642;0.03;0.02;60.33021164;0.748687798;98.00%;2.524729252;0.1;0.1;2.5;80.00%;0.9;0.85;21008.8277;2541.918157;23550.74586;12.65101368;1000;0.2;800
58.91%;4.57%;17.55%;0.96%;0.69%;0.40%;0.11%;0.20%;0.05%;16.55%;224.2260975;78.79183845;25.79437289;817.2512804;92.75%;601.2768899;319.4113779;21.09785627;39.64660059;0.039646601;9.872003548;37.47642807;21.46001594;427.2977764;596.9641524;591.7562876;451.3538158;;65.87769318;1.2;80.00%;97.22%;0.05;145.7036591;3;148.5864868;0.03;0.02;60.91496277;0.776879897;98.00%;2.054081917;0.1;0.1;2.5;80.00%;0.9;0.85;10548.92813;2810.732105;13359.66024;12.90026497;1000;0.2;800
51.01%;4.54%;17.23%;2.49%;0.39%;0.28%;0.15%;0.26%;0.03%;23.61%;249.4238116;74.34813245;28.08748568;692.4799347;90.48%;652.4623241;346.6781036;42.80493017;43.24982991;0.04324983;10.76920765;40.8824241;27.88659383;464.7006104;554.4421735;530.073535;419.477312;;74.10392761;1.2;80.00%;98.97%;0.05;149.1854553;3;155.0761414;0.03;0.02;56.80491257;0.773893158;98.00%;2.741756678;0.1;0.1;2.5;80.00%;0.9;0.85;21402.46509;3066.181808;24468.64689;11.22879233;1000;0.2;800
59.39%;1.91%;16.17%;1.15%;1.08%;0.59%;0.17%;0.12%;0.15%;19.27%;215.9785501;69.55968933;27.8126076;831.8055308;92.23%;575.8747715;303.606801;45.32523074;43.02517983;0.04302518;10.71326978;40.6700709;29.41670984;428.5687548;554.8869885;535.4607022;419.613923;;62.50911713;1.2;80.00%;99.39%;0.05;149.1575775;3;146.3932953;0.03;0.02;66.90370941;0.793878662;98.00%;2.994392872;0.1;0.1;2.5;80.00%;0.9;0.85;22662.61537;3050.255318;25712.87069;31.07791825;1000;0.2;800
56.80%;3.30%;19.61%;0.79%;1.43%;0.53%;0.17%;0.28%;0.04%;17.07%;251.452192;62.4003165;12.4719289;986.9937569;93.93%;682.836803;364.8156014;22.87825588;18.09875198;0.018098752;4.506589243;17.10806391;0.35708632;384.100957;390.1190323;469.5511731;296.3269657;;54.31923294;1.2;80.00%;99.94%;0.05;149.8582306;3;144.4524994;0.03;0.02;63.43654633;0.742024629;98.00%;2.282899857;0.1;0.1;2.5;80.00%;0.9;0.85;11439.12794;1283.104793;12722.23273;17.23679744;1000;0.2;800
52.66%;6.89%;22.43%;1.04%;0.64%;0.74%;0.05%;0.22%;0.06%;15.27%;240.4701745;66.18177079;20.57635149;742.0718023;88.11%;612.5250826;346.3893097;49.46948704;31.20683777;0.031206838;7.770502606;29.49864033;14.70219888;401.008112;501.8351474;549.259847;379.9681685;;65.39483643;1.2;80.00%;100.00%;0.05;147.489151;3;140.6372528;0.03;0.02;66.47163391;0.76088218;98.00%;2.464233875;0.1;0.1;2.5;80.00%;0.9;0.85;24734.74352;2212.398025;26947.14155;7.640279455;1000;0.2;800
58.55%;1.79%;19.70%;2.95%;1.39%;0.44%;0.13%;0.17%;0.06%;14.82%;222.9359822;78.32163029;41.6770088;794.6933469;90.16%;581.124248;309.8898954;19.32220972;65.27036612;0.065270366;16.25232116;61.69760192;50.7347433;514.5910008;729.5348874;620.5722651;550.6348515;;69.99033356;1.2;80.00%;99.11%;0.05;146.3043823;3;149.2668762;0.03;0.02;53.51979828;0.744361317;98.00%;2.841457129;0.1;0.1;2.5;80.00%;0.9;0.85;9661.104858;4627.320144;14288.425;32.63379867;1000;0.2;800
50.71%;4.00%;18.07%;0.38%;0.89%;0.53%;0.29%;0.05%;0.10%;24.97%;247.9024632;67.48313171;11.78955606;941.2415296;89.75%;643.2506095;358.946071;55.51993923;16.99254133;0.016992541;4.231142792;16.06240494;-7.315125575;361.5501113;468.9420249;569.6995013;355.4302387;;60.75157928;1.2;80.00%;98.53%;0.05;141.6132965;3;159.5788727;0.03;0.02;53.58723831;0.809136639;98.00%;2.555828094;0.1;0.1;2.5;80.00%;0.9;0.85;27759.96962;1204.68037;28964.64999;12.66313346;1000;0.2;800
58.53%;7.87%;21.69%;1.34%;1.24%;0.91%;0.29%;0.26%;0.05%;7.82%;214.7084466;81.29374153;24.690022;804.795458;101.46%;629.7687188;302.0403518;27.30236687;37.9273997;0.0379274;9.443922526;35.85133267;25.53639312;434.5764907;513.2516281;483.0419145;388.5464837;;61.54540253;1.2;80.00%;99.09%;0.05;149.3850708;3;148.1020203;0.03;0.02;60.0563736;0.808883075;98.00%;2.154672146;0.1;0.1;2.5;80.00%;0.9;0.85;13651.18344;2688.84995;16340.03339;7.434377276;1000;0.2;800
49.72%;6.32%;21.36%;0.46%;1.26%;0.35%;0.21%;0.49%;0.02%;19.81%;247.8082086;55.77956519;47.43988536;687.148939;84.92%;608.3564043;340.9646704;14.01774104;74.5617709;0.074561771;18.56588095;70.48041452;53.44057883;562.7278431;781.0358426;646.7521837;589.2454904;;57.96503067;1.2;80.00%;99.98%;0.05;144.6422119;3;158.2950287;0.03;0.02;61.76981735;0.778207359;98.00%;2.428783417;0.1;0.1;2.5;80.00%;0.9;0.85;7008.870521;5286.031089;12294.90161;7.872590347;1000;0.2;800
56.15%;7.31%;19.12%;0.57%;0.25%;0.26%;0.20%;0.37%;0.07%;15.70%;210.5149345;53.96589901;38.14712154;682.1151813;85.28%;519.0470684;293.1548893;66.95588427;59.8150377;0.059815038;14.89394439;56.54088685;32.47549606;465.7124984;672.6286366;605.8352367;507.6381774;;66.60497284;1.2;80.00%;99.94%;0.05;143.3306732;3;159.3258362;0.03;0.02;56.69251251;0.769370317;98.00%;2.863108873;0.1;0.1;2.5;80.00%;0.9;0.85;33477.94214;4240.566514;37718.50865;7.685935407;1000;0.2;800
49.91%;1.74%;19.54%;0.28%;0.52%;0.27%;0.15%;0.55%;0.14%;26.90%;237.7382027;54.93550408;44.07297788;886.067159;82.13%;564.4595008;330.3999309;56.82207242;69.19064315;0.069190643;17.22847014;65.40329114;52.16841736;522.0128128;684.6717547;587.7939214;516.9177797;;70.44919586;1.2;80.00%;98.70%;0.05;144.8540955;3;140.8665466;0.03;0.02;57.52693558;0.794384115;98.00%;2.294463634;0.1;0.1;2.5;80.00%;0.9;0.85;28411.03621;4905.246836;33316.28304;28.75200282;1000;0.2;800
62.67%;1.90%;13.37%;0.28%;0.69%;0.63%;0.26%;0.09%;0.06%;20.04%;211.2924661;62.67071672;11.27819631;668.388038;97.02%;592.6744512;304.0785021;-11.17387163;16.43845633;0.016438456;4.093175627;15.5386494;-1.678473071;336.1388893;427.6143657;509.9157918;324.2384219;;53.96635056;1.2;80.00%;96.53%;0.05;144.9594269;3;145.7789307;0.03;0.02;63.6564827;0.790616762;98.00%;2.620026588;0.1;0.1;2.5;80.00%;0.9;0.85;5586.935813;1165.398705;6752.334518;33.06578619;1000;0.2;800
50.95%;4.92%;21.37%;1.66%;1.12%;0.51%;0.22%;0.54%;0.09%;18.62%;265.3130772;57.27608244;12.3839051;864.4151773;89.06%;683.12083;374.3943734;27.14239005;17.94836639;0.017948366;4.469143232;16.96591012;8.33371846;383.878759;357.6539349;446.3274569;271.9645731;;52.75576401;1.2;80.00%;99.94%;0.05;141.1618958;3;147.5656433;0.03;0.02;58.7919426;0.759474397;98.00%;2.65036726;0.1;0.1;2.5;80.00%;0.9;0.85;13571.19502;1272.443259;14843.63828;10.36127134;1000;0.2;800
49.30%;3.68%;22.37%;0.62%;0.44%;0.56%;0.03%;0.30%;0.13%;22.56%;215.7205422;67.45733936;30.00987;801.7411959;89.86%;560.410088;304.8966122;40.74739481;46.57185952;0.04657186;11.59639302;44.02261272;31.68590804;434.949767;628.1521361;603.4820811;474.5040318;;63.83797073;1.2;80.00%;99.50%;0.05;145.3961945;3;144.4620209;0.03;0.02;58.69609451;0.784485824;98.00%;2.450754881;0.1;0.1;2.5;80.00%;0.9;0.85;20373.6974;3301.695954;23675.39336;13.38915615;1000;0.2;800
50.92%;6.78%;22.02%;1.30%;1.22%;0.81%;0.04%;0.29%;0.11%;16.50%;208.7263168;65.55764245;22.71588209;717.8377598;94.44%;569.8702332;296.9775595;24.42171408;34.87137932;0.034871379;8.682973451;32.96259249;20.7095977;394.7942315;567.8674248;579.7284392;429.2723335;;68.93350983;1.2;80.00%;98.89%;0.05;141.0820923;3;147.0434418;0.03;0.02;58.36146545;0.78492696;98.00%;2.764498711;0.1;0.1;2.5;80.00%;0.9;0.85;12210.85704;2472.194437;14683.05148;7.50991743;1000;0.2;800
52.92%;4.78%;14.63%;2.82%;0.81%;0.38%;0.23%;0.39%;0.10%;22.93%;215.5904531;58.25428917;40.90504145;798.465555;85.85%;535.1096135;296.2982677;43.03471161;64.21544346;0.064215443;15.98964542;60.70042355;44.39728286;489.3190182;732.5935759;641.6895069;552.6354067;;54.32377625;1.2;80.00%;94.95%;0.05;144.2912598;3;141.2234802;0.03;0.02;53.01617813;0.786466614;98.00%;2.362068653;0.1;0.1;2.5;80.00%;0.9;0.85;21517.35581;4552.531766;26069.88757;11.06666161;1000;0.2;800
62.65%;3.66%;23.18%;2.78%;0.87%;0.54%;0.25%;0.31%;0.10%;5.65%;224.0735993;54.56616081;29.15767645;675.151131;84.77%;549.1547165;302.7499015;24.19951747;45.29175843;0.045291758;11.27764785;42.8125817;24.24324237;424.9425632;566.0222132;551.5182884;427.7655307;;67.13763428;1.2;80.00%;99.72%;0.05;141.2034454;3;153.5174866;0.03;0.02;52.33292389;0.811382529;98.00%;2.409747124;0.1;0.1;2.5;80.00%;0.9;0.85;12099.75873;3210.943628;15310.70236;17.1255241;1000;0.2;800
61.20%;7.35%;15.41%;2.38%;1.04%;0.47%;0.05%;0.57%;0.14%;11.40%;265.2663411;55.51687534;22.76468425;809.7399005;90.91%;697.1580063;381.2434056;34.85842623;34.64841707;0.034648417;8.627455851;32.75183473;17.2680832;453.2706956;612.4715503;630.1281665;463.07384;;54.15759277;1.2;80.00%;96.68%;0.05;146.5390167;3;150.4468842;0.03;0.02;52.21609879;0.81420416;98.00%;2.20156312;0.1;0.1;2.5;80.00%;0.9;0.85;17429.21311;2456.387605;19885.60072;8.329877787;1000;0.2;800
49.68%;2.07%;17.40%;1.71%;0.97%;0.37%;0.10%;0.38%;0.08%;27.24%;259.1252528;60.90993306;44.39764373;728.0331632;85.84%;643.0923342;351.0937295;31.40472218;69.58509619;0.069585096;17.32668895;65.77615264;50.9966617;559.4736526;691.7445133;568.1293938;522.3269949;;60.48918533;1.2;80.00%;100.00%;0.05;140.1557007;3;148.9591827;0.03;0.02;53.54200745;0.81491331;98.00%;2.848257542;0.1;0.1;2.5;80.00%;0.9;0.85;15702.36109;4933.211448;20635.57254;23.95931778;1000;0.2;800
55.25%;3.15%;21.26%;1.99%;0.47%;0.30%;0.15%;0.56%;0.13%;16.75%;210.3239774;55.22067901;13.23798773;810.3145058;97.21%;591.0850546;305.5622134;28.20281591;19.63629107;0.019636291;4.889436477;18.56144131;-2.3286973;347.3315375;420.6728317;491.5349626;318.8594768;;71.6875;1.2;80.00%;97.42%;0.05;141.4967804;3;159.7384186;0.03;0.02;62.22724915;0.808965695;98.00%;2.767028809;0.1;0.1;2.5;80.00%;0.9;0.85;14101.40796;1392.108098;15493.51605;17.53734327;1000;0.2;800
61.61%;5.63%;14.72%;1.86%;1.31%;0.80%;0.24%;0.38%;0.12%;13.32%;233.9250656;50.53286066;19.61623964;819.1830843;89.58%;605.7936688;328.9412997;68.16561831;29.83720101;0.029837201;7.42946305;28.20397463;20.76180592;392.688136;563.4600515;604.9607703;425.9533571;;64.18437958;1.2;80.00%;96.35%;0.05;144.0783997;3;150.2813873;0.03;0.02;50.00019073;0.767166211;98.00%;2.065809727;0.1;0.1;2.5;80.00%;0.9;0.85;34082.80915;2115.298097;36198.10725;10.93623166;1000;0.2;800
55.79%;6.80%;21.75%;0.55%;1.16%;0.39%;0.14%;0.44%;0.04%;12.95%;260.836019;53.71167555;34.30523075;666.4898119;80.73%;608.7375101;357.1001525;38.49704569;53.35129734;0.053351297;13.28447304;50.43095821;34.37319262;482.8733361;594.6083498;562.9753697;449.5221283;;60.11022186;1.2;80.00%;98.75%;0.05;144.703476;3;159.6144257;0.03;0.02;60.25056458;0.82442357;98.00%;2.165826559;0.1;0.1;2.5;80.00%;0.9;0.85;19248.52285;3782.321865;23030.84471;8.208158763;1000;0.2;800
51.06%;3.56%;20.53%;1.72%;1.38%;0.74%;0.18%;0.25%;0.11%;20.47%;236.2074667;68.38593966;41.12271613;696.2521785;92.62%;632.4966895;326.0566783;42.37489581;64.37140623;0.064371406;16.02848015;60.84784923;41.52301333;535.1368762;713.2353575;593.982772;538.4158841;;63.85402298;1.2;80.00%;99.87%;0.05;144.5895844;3;141.5258484;0.03;0.02;68.33222961;0.777023787;98.00%;2.256189346;0.1;0.1;2.5;80.00%;0.9;0.85;21187.44791;4563.588692;25751.0366;14.35718691;1000;0.2;800
60.81%;6.06%;24.41%;2.03%;0.74%;0.33%;0.24%;0.19%;0.10%;5.10%;216.1866422;50.92568429;21.95279923;641.5569707;88.23%;551.4584469;309.4372702;7.726447022;33.68252374;0.033682524;8.386948412;31.8388124;8.7201295;382.1525477;548.8870914;587.6055649;415.0395934;;63.95547867;1.2;80.00%;98.24%;0.05;142.0984497;3;158.1889496;0.03;0.02;50.69400024;0.733822957;98.00%;2.424262524;0.1;0.1;2.5;80.00%;0.9;0.85;3863.223511;2387.91093;6251.134441;10.03264292;1000;0.2;800
58.06%;6.32%;16.65%;0.94%;0.29%;0.40%;0.07%;0.60%;0.02%;16.65%;257.4453749;58.74535064;36.84070452;799.2006396;79.41%;591.0651577;357.5411715;89.05634473;57.40039245;0.057400392;14.29269772;54.25841426;42.01227276;489.9530765;745.1262829;706.2896679;562.3570351;;65.17285156;1.2;80.00%;98.57%;0.05;149.2545471;3;151.0507202;0.03;0.02;62.21365738;0.821159084;98.00%;2.555566788;0.1;0.1;2.5;80.00%;0.9;0.85;44528.17237;4069.381069;48597.55343;9.187623957;1000;0.2;800
56.71%;4.85%;18.01%;0.34%;0.58%;0.38%;0.08%;0.30%;0.14%;18.62%;245.8137952;78.70736143;38.39534436;875.2880453;95.72%;680.2171704;340.9252438;-1.457404351;59.84779627;0.059847796;14.90210127;56.57185228;43.44277026;539.989659;618.949567;505.6664929;467.9733702;;71.82038116;1.2;80.00%;99.92%;0.05;146.7401581;3;140.861145;0.03;0.02;66.11004639;0.767230036;98.00%;2.346963167;0.1;0.1;2.5;80.00%;0.9;0.85;728.7021754;4242.888921;4971.591097;11.70234595;1000;0.2;800
61.93%;4.93%;23.71%;2.08%;0.77%;0.91%;0.01%;0.13%;0.11%;5.42%;240.0837683;55.92101059;29.63929498;734.8484886;85.67%;594.6275035;341.1503653;31.21103777;45.89178908;0.045891789;11.42705548;43.37976792;27.52108567;447.8760448;544.8216713;537.1628954;412.0724495;;74.71894073;1.2;80.00%;97.43%;0.05;144.5546112;3;153.7180786;0.03;0.02;65.8082962;0.746440634;98.00%;2.026868343;0.1;0.1;2.5;80.00%;0.9;0.85;15605.51889;3253.482594;18859.00148;12.56250005;1000;0.2;800
60.97%;2.77%;17.03%;0.56%;0.54%;0.54%;0.24%;0.43%;0.05%;16.87%;262.2073926;66.77814563;30.24160567;691.1717618;83.74%;634.8107926;364.8362788;63.31699674;46.68893617;0.046688936;11.62554511;44.13328084;29.38074093;469.2843998;695.8257288;684.1607919;525.5638885;;50.35378265;1.2;80.00%;96.91%;0.05;148.0249786;3;155.0028229;0.03;0.02;53.13322067;0.748009636;98.00%;2.626250267;0.1;0.1;2.5;80.00%;0.9;0.85;31658.49837;3309.996063;34968.49443;22.00994241;1000;0.2;800
60.73%;3.33%;23.78%;1.90%;0.86%;0.81%;0.28%;0.41%;0.03%;7.86%;258.1384936;79.3919668;17.58713437;916.6047668;90.08%;672.2415835;363.1067558;44.91993227;26.23487431;0.026234874;6.532483704;24.79883182;11.71964923;410.0347394;462.2167358;512.3794171;350.5763948;;62.08303452;1.2;80.00%;100.00%;0.05;141.3558807;3;158.0813599;0.03;0.02;52.20575333;0.810716143;98.00%;2.894155025;0.1;0.1;2.5;80.00%;0.9;0.85;22459.96613;1859.912386;24319.87852;18.25492446;1000;0.2;800
56.31%;2.38%;18.39%;2.39%;0.30%;0.46%;0.29%;0.33%;0.10%;19.05%;257.1008596;83.40912068;20.89675119;1041.463072;100.50%;746.9971782;371.1593449;22.2365734;31.50421128;0.031504211;7.844548608;29.77973623;17.96625608;464.520469;594.0901958;587.3704655;449.5563608;;59.49069214;1.2;80.00%;98.61%;0.05;143.405899;3;159.6459961;0.03;0.02;63.41758347;0.81499404;98.00%;2.201515913;0.1;0.1;2.5;80.00%;0.9;0.85;11118.2867;2233.480217;13351.76692;23.66955778;1000;0.2;800
56.11%;6.90%;16.19%;2.74%;1.10%;0.75%;0.18%;0.24%;0.12%;15.67%;238.4257696;65.5303571;15.17483243;703.4388718;97.10%;669.3147203;341.6324163;31.24789396;22.53243733;0.022532437;5.610576895;21.29905854;12.97185444;394.8429557;475.1651797;522.7869249;360.0705499;;53.22797012;1.2;80.00%;99.73%;0.05;142.8779602;3;158.5729523;0.03;0.02;56.85889435;0.760984934;98.00%;2.026993752;0.1;0.1;2.5;80.00%;0.9;0.85;15623.94698;1597.42939;17221.37637;8.130723237;1000;0.2;800
54.34%;4.98%;13.42%;0.86%;0.97%;0.84%;0.18%;0.40%;0.03%;23.99%;237.566904;57.19224602;41.70339155;631.5830787;82.39%;565.884609;330.7129525;53.95112227;65.3584708;0.065358471;16.27425923;61.78088395;48.81330874;508.178991;661.0004667;579.5993431;499.2106088;;73.93661499;1.2;80.00%;99.98%;0.05;142.6113281;3;140.1702881;0.03;0.02;69.57421112;0.793647186;98.00%;2.868597507;0.1;0.1;2.5;80.00%;0.9;0.85;26975.56113;4633.566296;31609.12743;10.91166604;1000;0.2;800
55.79%;6.15%;24.67%;2.41%;0.60%;0.90%;0.17%;0.18%;0.09%;9.04%;230.0712741;65.67812344;30.42801169;902.6610484;92.22%;613.4136402;326.0907905;-9.996773055;47.16463251;0.047164633;11.74399349;44.58293854;24.54147222;461.5668445;492.8827607;455.9522566;373.2422142;;55.09802246;1.2;80.00%;93.16%;0.05;145.1627045;3;152.6916351;0.03;0.02;66.02139282;0.726466149;98.00%;2.674836159;0.1;0.1;2.5;80.00%;0.9;0.85;4998.386528;3343.720391;8342.106918;9.074684443;1000;0.2;800
50.70%;1.60%;16.13%;1.33%;0.76%;0.30%;0.19%;0.19%;0.12%;28.68%;236.2051955;59.53237729;37.22892193;800.3889469;76.33%;521.2537046;310.7014706;85.49853836;58.22413386;0.058224134;14.49780933;55.03706577;41.43099164;460.647328;807.0611499;761.7157083;608.53441;;60.90192795;1.2;80.00%;99.98%;0.05;144.3637848;3;147.9904938;0.03;0.02;66.1087265;0.746934668;98.00%;2.139152765;0.1;0.1;2.5;80.00%;0.9;0.85;42749.26918;4127.779933;46877.04911;31.62264207;1000;0.2;800
51.40%;7.44%;16.68%;1.45%;1.05%;0.69%;0.27%;0.49%;0.01%;20.52%;214.6496983;71.93992412;10.56110961;657.2338443;95.21%;590.8103623;313.3211546;28.6057076;15.18368736;0.015183687;3.780738152;14.35256387;-2.678109749;330.6448521;367.8228238;464.2024932;279.4885114;;61.47829056;1.2;80.00%;99.26%;0.05;140.0429993;3;143.190094;0.03;0.02;50.18518829;0.746418071;98.00%;2.45138979;0.1;0.1;2.5;80.00%;0.9;0.85;14302.8538;1076.44229;15379.29609;6.911728526;1000;0.2;800
53.74%;4.59%;16.68%;2.34%;0.99%;0.55%;0.16%;0.25%;0.13%;20.59%;217.6014462;73.70505956;44.8273217;760.2709343;85.98%;540.8698221;298.3474062;20.66488907;70.42392533;0.070423925;17.53555741;66.56906602;55.34713911;515.9079014;678.7526994;560.3885753;512.4735827;;64.08628845;1.2;80.00%;96.20%;0.05;145.5987091;3;145.2440491;0.03;0.02;55.35877228;0.823379077;98.00%;2.350034714;0.1;0.1;2.5;80.00%;0.9;0.85;10332.44454;4992.679951;15325.12449;11.71227613;1000;0.2;800
55.91%;6.91%;21.06%;2.71%;1.01%;0.58%;0.29%;0.39%;0.04%;11.10%;227.5102224;67.65103478;28.09206306;720.8908792;94.42%;621.0284862;311.9010049;21.23069801;43.45149615;0.043451496;10.81942254;41.07305156;19.93567959;451.0500976;573.624376;534.4645257;433.6194562;;65.10405731;1.2;80.00%;98.99%;0.05;140.6115112;3;145.2624207;0.03;0.02;62.51800537;0.800747958;98.00%;2.568996906;0.1;0.1;2.5;80.00%;0.9;0.85;10615.349;3080.478867;13695.82787;8.091709394;1000;0.2;800
60.66%;2.79%;16.09%;0.98%;1.14%;0.86%;0.12%;0.41%;0.13%;16.81%;236.6986508;50.33824708;41.71300465;773.3824735;83.94%;574.4109385;327.1547698;42.58715083;65.43357187;0.065433572;16.2929594;61.85187413;45.66468578;512.6470798;743.016103;652.3996266;560.4955497;;68.9129715;1.2;80.00%;95.66%;0.05;143.1831512;3;154.4785919;0.03;0.02;58.43152618;0.765568812;98.00%;2.022666693;0.1;0.1;2.5;80.00%;0.9;0.85;21293.57542;4638.89056;25932.46598;21.7112686;1000;0.2;800
60.55%;5.01%;14.84%;0.66%;0.44%;0.73%;0.15%;0.19%;0.08%;17.36%;256.8263477;53.49088663;17.60626978;640.0669739;83.81%;622.2679992;356.6554977;75.22245606;26.46058846;0.026460588;6.588686526;25.01219084;3.568048104;387.5205015;472.3465713;543.8681688;357.7728715;;51.02019119;1.2;80.00%;97.63%;0.05;149.1894073;3;158.7316284;0.03;0.02;62.3008461;0.786195523;98.00%;2.323005676;0.1;0.1;2.5;80.00%;0.9;0.85;37611.22803;1875.914313;39487.14234;12.09044934;1000;0.2;800
51.19%;2.94%;12.26%;1.86%;0.49%;0.85%;0.28%;0.28%;0.05%;29.81%;256.3459644;70.50093685;30.69345053;790.577507;89.66%;664.4574161;356.8470847;47.42051219;47.42738349;0.047427383;11.80941849;44.83130709;36.39888607;486.0733273;530.2951814;491.4970873;401.4505025;;74.01325989;1.2;80.00%;100.00%;0.05;148.1345825;3;153.3393707;0.03;0.02;51.1411972;0.766476786;98.00%;2.472417355;0.1;0.1;2.5;80.00%;0.9;0.85;23710.2561;3362.348032;27072.60413;17.43325273;1000;0.2;800
51.20%;3.12%;21.40%;1.59%;0.66%;0.49%;0.24%;0.25%;0.12%;20.94%;216.7377354;67.27583077;18.38011775;751.2766339;93.75%;587.4424076;312.495731;23.93206083;27.8100153;0.027810015;6.924693811;26.28775286;13.42162788;376.8687837;388.6237837;433.9758586;295.0623496;;71.19049072;1.2;80.00%;98.95%;0.05;147.795105;3;145.2370911;0.03;0.02;63.36550522;0.819557608;98.00%;2.826148987;0.1;0.1;2.5;80.00%;0.9;0.85;11966.03042;1971.581465;13937.61188;16.41565146;1000;0.2;800
54.72%;7.55%;15.18%;1.90%;1.29%;0.72%;0.04%;0.48%;0.04%;18.08%;216.759867;66.23576264;19.43835825;849.5395074;98.76%;618.8730423;308.8307218;-0.145497414;29.53696553;0.029536966;7.354704417;27.92017342;17.45826385;397.8049489;542.5627069;559.6417391;410.4256727;;68.96083069;1.2;80.00%;98.62%;0.05;142.3395844;3;154.2567902;0.03;0.02;64.94652557;0.761170096;98.00%;2.667975664;0.1;0.1;2.5;80.00%;0.9;0.85;72.74870714;2094.013007;2166.761714;7.249864797;1000;0.2;800
56.30%;1.85%;16.79%;0.60%;0.79%;0.73%;0.13%;0.59%;0.15%;22.08%;231.6773129;51.3955987;45.44523817;790.3213183;79.09%;529.7660587;316.8644055;79.50735949;71.48233372;0.071482334;17.7991011;67.56953933;51.77335846;514.2367382;673.3713062;573.9812202;508.2040025;;50.35709;1.2;80.00%;97.05%;0.05;141.1130524;3;150.4221344;0.03;0.02;67.53204346;0.752787316;98.00%;2.99291563;0.1;0.1;2.5;80.00%;0.9;0.85;39753.67975;5067.71545;44821.3952;30.46714286;1000;0.2;800
52.96%;7.56%;13.44%;0.62%;0.98%;0.34%;0.16%;0.17%;0.11%;23.67%;238.3503911;61.42657215;12.02288823;932.2753603;88.05%;606.7609172;337.7093163;44.87555313;17.49964597;0.017499646;4.357411847;16.54175172;-3.209815679;346.6111715;417.9377512;518.3121283;317.0620856;;68.25611115;1.2;80.00%;99.84%;0.05;147.7726593;3;149.1339569;0.03;0.02;52.88827896;0.738478343;98.00%;2.340725899;0.1;0.1;2.5;80.00%;0.9;0.85;22437.77657;1240.631379;23678.40794;7.002726892;1000;0.2;800
58.25%;7.42%;21.34%;0.42%;0.78%;0.32%;0.28%;0.19%;0.09%;10.91%;224.2358636;73.47471263;45.60380781;743.7819515;84.77%;549.5127049;309.3747856;36.88602277;71.62803008;0.07162803;17.83537949;67.70726057;56.66187894;524.186264;606.5088021;488.6068355;458.352557;;73.14980316;1.2;80.00%;99.35%;0.05;141.9624786;3;151.1214752;0.03;0.02;63.04632187;0.811993892;98.00%;2.773929119;0.1;0.1;2.5;80.00%;0.9;0.85;18443.01139;5078.044543;23521.05593;7.852595787;1000;0.2;800
54.12%;2.53%;21.91%;2.83%;1.05%;0.45%;0.21%;0.19%;0.09%;16.61%;246.6313755;71.51462835;44.83015309;934.8869795;91.20%;650.2755372;341.3994937;24.8558996;70.25547997;0.07025548;17.49361451;66.409841;46.71992735;565.8601914;726.3774634;586.2507882;548.3596591;;51.56065369;1.2;80.00%;94.92%;0.05;148.21492;3;159.0340881;0.03;0.02;60.52676773;0.762840581;98.00%;2.344122648;0.1;0.1;2.5;80.00%;0.9;0.85;12427.9498;4980.738075;17408.68788;21.37757755;1000;0.2;800
62.34%;7.19%;12.58%;0.71%;1.01%;0.79%;0.26%;0.14%;0.07%;14.91%;229.1257497;56.60173442;15.9649033;687.4436532;85.83%;568.5172564;315.697138;69.14650793;23.97510574;0.023975106;5.969801329;22.66275828;1.076540853;353.525573;573.4082609;648.290824;433.462017;;52.44552612;1.2;80.00%;100.00%;0.05;149.266098;3;147.5487366;0.03;0.02;68.01745605;0.775886752;98.00%;2.640318871;0.1;0.1;2.5;80.00%;0.9;0.85;34573.25397;1699.706871;36272.96084;8.665195629;1000;0.2;800
58.52%;2.95%;15.81%;2.79%;1.13%;0.79%;0.26%;0.31%;0.08%;17.36%;263.9570215;65.34480975;43.56833992;919.2526566;85.33%;651.1701338;369.788365;21.50770664;68.13966121;0.068139661;16.96677564;64.40983777;51.86702379;558.252623;581.0761745;475.3986982;439.5247412;;60.18153;1.2;80.00%;100.00%;0.05;143.4729004;3;148.8680573;0.03;0.02;61.87932205;0.735595521;98.00%;2.263065815;0.1;0.1;2.5;80.00%;0.9;0.85;10753.85332;4830.737833;15584.59115;19.82872511;1000;0.2;800
57.13%;5.33%;23.24%;1.82%;0.92%;0.47%;0.04%;0.47%;0.08%;10.49%;247.7760585;69.79909623;18.60227571;760.3835607;88.45%;633.5765584;358.456381;54.71155568;27.95179296;0.027951793;6.959996448;26.42176991;4.600601595;398.6863909;461.0465578;520.9860545;349.5073583;;53.9776001;1.2;80.00%;99.13%;0.05;148.5189209;3;140.483963;0.03;0.02;58.85536957;0.768996389;98.00%;2.318099022;0.1;0.1;2.5;80.00%;0.9;0.85;27355.77784;1981.632743;29337.41058;10.71563877;1000;0.2;800
55.81%;1.73%;23.86%;2.03%;0.92%;0.26%;0.24%;0.46%;0.05%;14.63%;241.8890414;83.63686687;32.60447401;800.0482791;93.20%;651.724608;339.8449768;8.867000786;50.49440412;0.050494404;12.57310663;47.73044538;35.14476601;491.5000529;685.7524627;625.7735367;518.0606347;;74.80568695;1.2;80.00%;100.00%;0.05;146.0972443;3;147.0819397;0.03;0.02;60.35780716;0.784114357;98.00%;2.273275614;0.1;0.1;2.5;80.00%;0.9;0.85;4433.500393;3579.783404;8013.283797;32.22012273;1000;0.2;800
62.36%;1.55%;21.73%;0.97%;0.50%;0.86%;0.13%;0.30%;0.07%;11.54%;236.2924094;72.50437405;11.40718077;745.7245326;97.83%;668.3181477;345.070295;37.73079373;16.40467773;0.016404678;4.084764756;15.50671977;-1.37122196;371.1734333;511.451785;587.3714885;387.2611753;;52.19517517;1.2;80.00%;97.06%;0.05;144.756958;3;153.4610596;0.03;0.02;63.70825195;0.776694368;98.00%;2.772539616;0.1;0.1;2.5;80.00%;0.9;0.85;18865.39686;1163.003983;20028.40085;40.33877227;1000;0.2;800
53.56%;5.78%;16.81%;0.38%;1.22%;0.76%;0.29%;0.45%;0.07%;20.68%;264.0231133;68.45988646;10.37800132;947.9755419;91.63%;699.3900055;375.5398751;40.34152301;14.64078606;0.014640786;3.645555729;13.83937986;6.798821628;378.6211082;487.1386045;581.7008397;369.2310499;;74.48434448;1.2;80.00%;100.00%;0.05;140.6015167;3;150.3444214;0.03;0.02;54.70611572;0.759350896;98.00%;2.250667572;0.1;0.1;2.5;80.00%;0.9;0.85;20170.7615;1037.953489;21208.71499;9.267855199;1000;0.2;800
54.37%;4.02%;16.66%;2.82%;0.79%;0.40%;0.07%;0.37%;0.02%;20.49%;226.7824806;74.63829583;35.14583247;724.6035234;90.19%;591.3071118;318.90686;24.31372272;54.73629336;0.054736293;13.62933705;51.74014242;39.27145772;480.1623128;578.6572223;515.7598991;437.5923117;;67.372612;1.2;80.00%;92.93%;0.05;148.0259705;3;159.9553833;0.03;0.02;60.90007782;0.803823305;98.00%;2.442545414;0.1;0.1;2.5;80.00%;0.9;0.85;12156.86136;3880.510681;16037.37204;13.53691285;1000;0.2;800
53.48%;4.21%;20.18%;1.41%;1.43%;0.32%;0.04%;0.36%;0.14%;18.44%;230.1725442;69.21653945;24.72172038;743.1221874;91.02%;605.7119316;307.0192266;47.20600492;38.03461356;0.038034614;9.470618775;35.95267786;19.37866965;423.3603813;577.5962396;565.888268;436.673406;;51.86732864;1.2;80.00%;99.87%;0.05;145.1808929;3;153.2343445;0.03;0.02;69.93768311;0.773881658;98.00%;2.13072753;0.1;0.1;2.5;80.00%;0.9;0.85;23603.00246;2696.450839;26299.4533;12.71076863;1000;0.2;800
62.98%;4.91%;21.73%;0.56%;1.00%;0.48%;0.21%;0.28%;0.10%;7.76%;226.4058153;55.38834688;25.8319426;637.4067292;87.83%;574.8646004;322.6469061;36.58945257;39.84381244;0.039843812;9.921109297;37.66284495;19.05636128;415.8628398;565.5986824;577.9171914;427.6690274;;58.96882629;1.2;80.00%;100.00%;0.05;141.3502502;3;155.5711823;0.03;0.02;62.36809921;0.724619475;98.00%;2.725027084;0.1;0.1;2.5;80.00%;0.9;0.85;18294.72629;2824.713371;21119.43966;12.83869499;1000;0.2;800
59.00%;3.17%;22.20%;2.10%;1.24%;0.60%;0.22%;0.54%;0.06%;10.88%;266.6515186;62.29473729;30.12335915;942.9841669;81.60%;629.0222229;380.6075374;68.51911388;46.45883367;0.046458834;11.56824958;43.91577367;28.45858137;466.1883822;610.8336741;617.3106267;461.8952048;;59.6875;1.2;80.00%;99.04%;0.05;145.9309692;3;142.9282532;0.03;0.02;53.27296448;0.766116578;98.00%;2.517886639;0.1;0.1;2.5;80.00%;0.9;0.85;34259.55694;3293.683025;37553.23996;18.60267436;1000;0.2;800
61.95%;3.01%;23.85%;1.64%;0.89%;0.28%;0.29%;0.11%;0.10%;7.87%;249.7890452;87.58914036;19.96480073;895.1988753;96.34%;695.7257726;357.4197837;-2.760447055;30.03607132;0.030036071;7.47898176;28.3919592;9.750967096;435.1525781;571.9306257;587.9147795;432.9376008;;50.23669434;1.2;80.00%;99.57%;0.05;141.2013702;3;155.2291107;0.03;0.02;62.10036087;0.810287192;98.00%;2.709280014;0.1;0.1;2.5;80.00%;0.9;0.85;1380.223527;2129.39694;3509.620468;20.57255025;1000;0.2;800
58.51%;3.83%;15.10%;2.40%;1.24%;0.42%;0.03%;0.08%;0.02%;18.37%;262.2753014;78.59504301;19.04207253;970.1369859;98.69%;748.3015581;378.1833441;16.60445464;28.51769277;0.028517693;7.100905499;26.95669353;14.16253557;453.8918585;567.3304471;578.7520438;429.4876;;63.49508667;1.2;80.00%;99.94%;0.05;143.566452;3;158.8878021;0.03;0.02;55.07695007;0.76785197;98.00%;2.544896364;0.1;0.1;2.5;80.00%;0.9;0.85;8302.227322;2021.752015;10323.97934;15.26019718;1000;0.2;800
58.81%;2.04%;19.49%;1.95%;1.01%;0.40%;0.25%;0.12%;0.08%;15.84%;247.7124903;65.81655784;23.76855622;843.7803084;89.85%;643.4438899;355.5363528;61.57526579;36.31055465;0.036310555;9.041328109;34.32299036;19.01707221;434.1932179;476.6093982;494.5386455;361.1449076;;59.08239746;1.2;80.00%;99.28%;0.05;140.4669037;3;155.3537292;0.03;0.02;69.57317352;0.802126602;98.00%;2.161355495;0.1;0.1;2.5;80.00%;0.9;0.85;30787.6329;2574.224277;33361.85717;28.88238649;1000;0.2;800
53.95%;7.95%;13.55%;1.77%;1.50%;0.83%;0.11%;0.41%;0.11%;19.83%;249.0068452;72.02154805;13.23525711;729.8043425;97.84%;704.3449266;360.4359945;19.26230645;19.28516387;0.019285164;4.802005804;18.22953408;3.309790386;398.6948527;459.0630066;517.6115324;348.1758183;;50.6420784;1.2;80.00%;98.63%;0.05;142.6399536;3;157.5473022;0.03;0.02;54.79665756;0.726814543;98.00%;2.982203484;0.1;0.1;2.5;80.00%;0.9;0.85;9631.153227;1367.215056;10998.36828;6.790007367;1000;0.2;800
62.35%;3.99%;15.28%;1.92%;0.69%;0.69%;0.11%;0.55%;0.15%;14.29%;228.4355079;65.0592624;47.82689219;922.7619889;79.30%;523.7115577;310.9922644;60.87705306;75.25554212;0.075255542;18.73862999;71.13621014;55.56987692;525.8176859;665.8833363;549.3334137;502.8201092;;60.17482758;1.2;80.00%;100.00%;0.05;143.9191742;3;141.0610199;0.03;0.02;68.18864441;0.803292391;98.00%;2.758439541;0.1;0.1;2.5;80.00%;0.9;0.85;30438.52653;5335.215761;35773.74229;15.6269427;1000;0.2;800
51.02%;5.56%;24.43%;1.85%;0.29%;0.34%;0.05%;0.14%;0.05%;16.27%;263.9608068;72.1576603;24.77318986;976.6411403;94.77%;723.2098685;379.3412492;-6.44189173;37.78422775;0.037784228;9.40827271;35.71599765;16.08110304;476.7959224;492.7985318;481.37119;373.49844;;70.51660156;1.2;80.00%;98.70%;0.05;143.2607574;3;142.0012665;0.03;0.02;51.89864731;0.734802843;98.00%;2.597325087;0.1;0.1;2.5;80.00%;0.9;0.85;3220.945865;2678.699824;5899.645689;9.175156609;1000;0.2;800
53.43%;4.21%;18.89%;1.31%;1.39%;0.91%;0.02%;0.38%;0.07%;19.39%;216.0198354;66.34179828;33.77558662;776.3661934;84.78%;529.4493157;299.9347447;47.77632849;52.66538554;0.052665386;13.113681;49.78259179;40.3889276;443.1992046;710.8722582;674.0944432;536.4493519;;53.30493164;1.2;80.00%;95.42%;0.05;146.1840363;3;158.3458252;0.03;0.02;58.71215057;0.816340389;98.00%;2.573224068;0.1;0.1;2.5;80.00%;0.9;0.85;23888.16424;3733.694384;27621.85863;12.69682499;1000;0.2;800
52.78%;3.37%;19.79%;1.66%;0.77%;0.39%;0.01%;0.08%;0.12%;21.03%;226.225886;70.16424386;25.86094536;789.4713592;94.62%;618.837837;308.7188846;55.06720766;39.85586941;0.039855869;9.924111483;37.67424195;16.6455077;436.1617025;587.0790923;561.512428;443.7278953;;56.02727509;1.2;80.00%;100.00%;0.05;145.3134613;3;156.6918182;0.03;0.02;61.80649948;0.784829976;98.00%;2.764223576;0.1;0.1;2.5;80.00%;0.9;0.85;27533.60383;2825.568146;30359.17198;15.67091605;1000;0.2;800
57.49%;7.51%;20.12%;0.26%;0.40%;0.89%;0.03%;0.21%;0.10%;12.99%;223.4713536;52.43880908;20.88294366;811.2261441;89.63%;579.0763665;321.1892066;47.40388344;31.89867166;0.031898672;7.942769242;30.15260466;16.5029534;387.7899142;517.6469385;559.1899203;391.6670602;;62.99511337;1.2;80.00%;99.99%;0.05;142.2096252;3;151.2694397;0.03;0.02;67.70985413;0.769324485;98.00%;2.808285713;0.1;0.1;2.5;80.00%;0.9;0.85;23701.94172;2261.44535;25963.38707;7.65888524;1000;0.2;800
56.85%;2.66%;17.07%;1.63%;0.39%;0.83%;0.15%;0.55%;0.01%;19.85%;243.4196765;59.08158425;45.29319264;899.4023652;83.00%;584.0848558;338.3936063;40.09019005;71.09437515;0.071094375;17.70249941;67.20281681;58.04996506;537.8533209;713.0952103;604.8569502;538.3006037;;51.3376236;1.2;80.00%;98.21%;0.05;145.1768951;3;147.0962524;0.03;0.02;56.83832932;0.737487172;98.00%;2.322681665;0.1;0.1;2.5;80.00%;0.9;0.85;20045.09503;5040.211261;25085.30629;21.40392873;1000;0.2;800
52.38%;6.95%;14.27%;0.87%;0.98%;0.85%;0.29%;0.20%;0.09%;23.12%;240.7000953;64.86557675;16.8037815;743.2731619;86.85%;604.3897297;342.7767399;46.48605624;25.15520662;0.025155207;6.263646447;23.77826288;7.245007771;374.406042;467.1283836;541.402477;353.9727977;;69.3585968;1.2;80.00%;100.00%;0.05;140.2350769;3;144.147049;0.03;0.02;60.98619843;0.793899568;98.00%;2.78045702;0.1;0.1;2.5;80.00%;0.9;0.85;23243.02812;1783.369716;25026.39784;7.537309365;1000;0.2;800
56.05%;4.90%;19.65%;2.89%;0.66%;0.40%;0.08%;0.58%;0.09%;14.71%;221.7806497;79.04311077;42.01556123;896.0268423;94.32%;604.7604629;308.0009225;4.599118139;65.81917481;0.065819175;16.38897453;62.21636997;49.65739545;528.1196042;601.0404151;474.4781323;454.2992066;;70.85041046;1.2;80.00%;93.42%;0.05;144.942688;3;144.414505;0.03;0.02;52.14427948;0.773470995;98.00%;2.687677383;0.1;0.1;2.5;80.00%;0.9;0.85;2299.55907;4666.227748;6965.786818;11.44529617;1000;0.2;800
61.80%;3.25%;15.74%;1.40%;0.45%;0.56%;0.06%;0.45%;0.10%;16.19%;237.2987514;58.6074195;29.88462681;805.3940277;82.81%;568.1291191;316.1710206;46.28217458;46.37816277;0.046378163;11.54816253;43.83951852;26.2132947;437.4611041;671.1441752;653.8718988;506.6658572;;70.20879364;1.2;80.00%;96.99%;0.05;147.2592773;3;148.7352448;0.03;0.02;62.02140808;0.815258898;98.00%;2.15520525;0.1;0.1;2.5;80.00%;0.9;0.85;23141.08729;3287.963889;26429.05118;19.00789186;1000;0.2;800
56.55%;5.96%;12.49%;1.75%;0.91%;0.59%;0.14%;0.53%;0.02%;21.07%;261.6329566;61.70187584;20.35522343;717.713848;91.91%;695.161831;367.0957891;27.3458216;30.78956968;0.03078957;7.666602851;29.10421263;16.75628355;437.3550206;479.3907689;501.7527158;363.2313687;;64.44204712;1.2;80.00%;98.86%;0.05;144.134201;3;155.2567139;0.03;0.02;56.64403534;0.768227557;98.00%;2.208759069;0.1;0.1;2.5;80.00%;0.9;0.85;13672.9108;2182.815947;15855.72675;9.490659618;1000;0.2;800
56.18%;6.30%;22.90%;2.02%;0.99%;0.64%;0.10%;0.36%;0.04%;10.48%;239.4129325;59.30343884;36.17447917;693.7900158;84.56%;585.2990751;333.5225449;64.06850681;56.42821746;0.056428217;14.05062615;53.33945411;40.31563557;483.4060395;547.0730834;493.939532;413.7265517;;74.41868591;1.2;80.00%;99.10%;0.05;147.0096436;3;156.4195404;0.03;0.02;55.40898514;0.794689976;98.00%;2.431003571;0.1;0.1;2.5;80.00%;0.9;0.85;32034.25341;4000.459058;36034.71247;8.921741141;1000;0.2;800
57.54%;4.94%;13.20%;1.29%;1.22%;0.42%;0.16%;0.38%;0.14%;20.72%;237.8417945;65.38231074;38.18154901;778.3760045;89.19%;613.2969174;330.9683147;38.39551849;59.6325907;0.059632591;14.84851508;56.36842662;37.82272189;508.3142027;730.9365109;646.8906661;551.7370731;;63.94694519;1.2;80.00%;98.66%;0.05;143.9250946;3;156.3306274;0.03;0.02;68.96430206;0.800409388;98.00%;2.779420376;0.1;0.1;2.5;80.00%;0.9;0.85;19197.75924;4227.631996;23425.39124;11.65244114;1000;0.2;800
53.12%;5.79%;12.21%;0.32%;0.82%;0.74%;0.12%;0.30%;0.15%;26.43%;243.6093466;59.16457902;30.19676455;882.604182;89.23%;628.4177227;341.974223;40.42214783;46.76513065;0.046765131;11.64451753;44.20530459;23.24618651;466.9557646;499.9958846;470.712415;378.54763;;51.53020859;1.2;80.00%;99.17%;0.05;140.4108734;3;155.4018097;0.03;0.02;55.29322433;0.730305872;98.00%;2.673709869;0.1;0.1;2.5;80.00%;0.9;0.85;20211.07391;3315.397844;23526.47176;9.169764062;1000;0.2;800
62.38%;1.63%;22.22%;1.76%;0.57%;0.64%;0.29%;0.45%;0.13%;9.93%;224.9150019;58.63686172;35.14838907;801.102038;81.23%;528.1941622;313.6678919;58.42793091;54.86626355;0.054866264;13.66169962;51.86299831;36.56087851;451.0769993;509.61661;477.4662284;385.6139859;;60.89189148;1.2;80.00%;99.78%;0.05;143.8582458;3;154.1291504;0.03;0.02;58.37631989;0.801117724;98.00%;2.696475267;0.1;0.1;2.5;80.00%;0.9;0.85;29213.96545;3889.724873;33103.69033;38.35935197;1000;0.2;800
53.30%;2.04%;13.54%;1.23%;0.62%;0.55%;0.09%;0.22%;0.04%;28.36%;264.109444;71.55393931;10.89026878;948.3893408;97.39%;743.6328379;385.791848;19.66839712;15.4013146;0.015401315;3.834927334;14.55827864;-0.347817344;402.3028958;485.0935468;560.520409;367.8171508;;62.61361694;1.2;80.00%;99.46%;0.05;148.5536652;3;152.8878784;0.03;0.02;58.80669022;0.78648466;98.00%;2.500937939;0.1;0.1;2.5;80.00%;0.9;0.85;9834.198562;1091.870898;10926.06946;26.0949025;1000;0.2;800
51.26%;2.09%;15.34%;2.53%;0.35%;0.83%;0.19%;0.57%;0.06%;26.78%;225.6418605;69.09865629;13.16779654;783.5127351;97.07%;633.2163797;326.614417;31.48652448;19.34234459;0.019342345;4.816243804;18.28358485;10.42605825;365.6862065;353.8498522;421.5025305;269.0254061;;65.48043823;1.2;80.00%;99.97%;0.05;141.0643921;3;149.6178894;0.03;0.02;50.73335648;0.78442922;98.00%;2.769433022;0.1;0.1;2.5;80.00%;0.9;0.85;15743.26224;1371.268864;17114.5311;24.51287201;1000;0.2;800
49.82%;5.84%;19.81%;2.88%;0.38%;0.89%;0.22%;0.51%;0.13%;19.52%;217.0209032;64.00860673;13.40366291;832.4985257;96.12%;603.0723447;315.3456573;26.28518408;19.80398058;0.019803981;4.931191164;18.71995184;12.29011982;353.7235362;411.9645827;484.1719426;312.5012821;;72.37685394;1.2;80.00%;96.56%;0.05;148.1634674;3;142.2749634;0.03;0.02;64.50772858;0.821296138;98.00%;2.316436291;0.1;0.1;2.5;80.00%;0.9;0.85;13142.59204;1403.996388;14546.58843;8.534039447;1000;0.2;800
55.34%;6.39%;17.40%;2.12%;0.65%;0.62%;0.03%;0.45%;0.04%;16.96%;210.9175041;61.66783556;35.34509684;658.3233664;91.36%;557.112045;285.8455922;1.172153984;55.28446362;0.055284464;13.76583144;52.25830697;45.52676871;466.2614957;697.4546512;621.752714;526.3501497;;71.82727814;1.2;80.00%;98.28%;0.05;141.980896;3;147.9225616;0.03;0.02;59.4082222;0.755146778;98.00%;2.679873228;0.1;0.1;2.5;80.00%;0.9;0.85;586.0769918;3919.373023;4505.450015;8.661444773;1000;0.2;800
55.19%;7.49%;16.86%;2.41%;1.42%;0.42%;0.05%;0.25%;0.11%;15.80%;234.3016552;45.76067318;38.62661401;781.9986827;78.06%;528.7844227;322.9997913;79.5673453;60.51041603;0.060510416;15.06709359;57.19820161;41.6361168;472.4272856;656.5438276;608.6025982;495.5380366;;67.52493286;1.2;80.00%;94.86%;0.05;149.5692596;3;155.3391876;0.03;0.02;55.81797791;0.781189187;98.00%;2.794459343;0.1;0.1;2.5;80.00%;0.9;0.85;39783.67265;4289.865121;44073.53777;7.369677576;1000;0.2;800
52.43%;4.40%;23.31%;1.50%;0.65%;0.46%;0.10%;0.26%;0.03%;16.87%;233.6589066;63.26071961;45.12286277;851.7292235;82.65%;558.284612;308.8186537;53.95039276;70.92167352;0.070921674;17.65949671;67.03956851;44.3081132;525.3324411;726.4122189;606.4947715;548.1310588;;54.44260406;1.2;80.00%;99.93%;0.05;146.5705414;3;153.0165405;0.03;0.02;61.23074722;0.798639236;98.00%;2.590820789;0.1;0.1;2.5;80.00%;0.9;0.85;26975.19638;5027.967638;32003.16402;11.91029735;1000;0.2;800
61.69%;5.97%;16.52%;2.43%;1.34%;0.47%;0.03%;0.06%;0.07%;11.43%;221.9875052;58.12572523;26.9715883;772.1065564;91.57%;587.6876791;315.6903982;32.14639911;41.69183873;0.041691839;10.38126784;39.40971412;20.89384318;428.8752874;625.1465953;615.9568218;472.2883571;;56.36931992;1.2;80.00%;100.00%;0.05;147.1723022;3;159.4230957;0.03;0.02;69.4598465;0.772302869;98.00%;2.614146233;0.1;0.1;2.5;80.00%;0.9;0.85;16073.19956;2955.728559;19028.92812;10.33249665;1000;0.2;800
62.13%;5.80%;13.23%;2.79%;0.54%;0.48%;0.17%;0.16%;0.10%;14.59%;261.1723832;55.40849682;36.32580485;871.2952779;83.79%;632.6479016;369.3121876;75.22889892;56.5414708;0.056541471;14.07882623;53.4465082;34.91603564;505.4415357;605.2807116;557.8939246;457.5308075;;70.96648407;1.2;80.00%;100.00%;0.05;145.0402222;3;147.4084015;0.03;0.02;57.42529678;0.727433659;98.00%;2.00612092;0.1;0.1;2.5;80.00%;0.9;0.85;37614.44946;4008.488115;41622.93757;10.71835075;1000;0.2;800
61.28%;7.19%;15.01%;1.75%;0.45%;0.65%;0.19%;0.59%;0.05%;12.84%;263.0663339;69.14387359;35.37129142;703.94933;82.80%;629.7450495;372.6357703;36.34420847;54.901275;0.054901275;13.67041748;51.89609331;36.93526952;498.2599885;552.2706227;516.3033741;418.0171788;;74.68730164;1.2;80.00%;97.42%;0.05;142.4148407;3;159.6230927;0.03;0.02;68.89402771;0.791099589;98.00%;2.443892002;0.1;0.1;2.5;80.00%;0.9;0.85;18172.10424;3892.206998;22064.31123;8.516855607;1000;0.2;800
62.50%;6.61%;23.14%;2.92%;1.29%;0.29%;0.20%;0.09%;0.07%;2.89%;259.4328485;86.50785385;43.61062255;886.8617942;91.75%;688.1315075;354.4191652;45.32256914;68.13822289;0.068138223;16.9664175;64.40847818;50.5382478;575.1535377;663.4842132;522.9307878;501.4123779;;71.15325165;1.2;80.00%;96.13%;0.05;147.0597534;3;156.8293304;0.03;0.02;59.54826355;0.730618135;98.00%;2.879814148;0.1;0.1;2.5;80.00%;0.9;0.85;22661.28457;4830.635863;27491.92043;9.452146418;1000;0.2;800
55.01%;4.41%;19.52%;0.43%;1.06%;0.71%;0.12%;0.20%;0.06%;18.47%;264.6159209;67.76539386;40.12343245;986.0775849;79.26%;606.3426069;359.0729888;56.08798515;62.62253624;0.062622536;15.59301152;59.19470875;36.04467458;516.5994446;782.3930433;715.5723064;590.5136417;;72.8313446;1.2;80.00%;99.21%;0.05;149.2489166;3;145.9770355;0.03;0.02;62.75699615;0.780767114;98.00%;2.175726414;0.1;0.1;2.5;80.00%;0.9;0.85;28043.99257;4439.603156;32483.59573;12.47143388;1000;0.2;800
50.19%;2.97%;23.49%;1.91%;0.93%;0.82%;0.08%;0.08%;0.12%;19.40%;232.9082509;82.01588648;27.15610933;727.7691298;96.25%;648.068235;329.5840497;-2.564988102;41.77472582;0.041774726;10.40190673;39.48806415;19.20224;457.1499963;557.1616878;526.3335429;421.6576341;;62.10588074;1.2;80.00%;99.00%;0.05;143.4805603;3;159.9206696;0.03;0.02;60.42558289;0.764451316;98.00%;2.975511312;0.1;0.1;2.5;80.00%;0.9;0.85;1282.494051;2961.604811;4244.098862;16.90295755;1000;0.2;800
51.95%;5.73%;13.09%;2.89%;0.85%;0.51%;0.14%;0.26%;0.13%;24.44%;212.4943833;67.63119085;18.54940383;887.244125;93.25%;572.833493;303.1595553;69.10594782;28.12094281;0.028120943;7.00211476;26.58166084;11.27413424;370.8374705;575.8370143;619.4721334;435.3070673;;59.08851242;1.2;80.00%;99.49%;0.05;142.105072;3;145.6516724;0.03;0.02;68.29850769;0.776281244;98.00%;2.409685135;0.1;0.1;2.5;80.00%;0.9;0.85;34552.97391;1993.624563;36546.59847;9.069082869;1000;0.2;800
62.13%;6.41%;22.23%;0.73%;1.18%;0.44%;0.20%;0.34%;0.03%;6.33%;219.9287665;65.28468992;34.77270728;730.3457358;89.20%;567.1821917;307.4290124;2.705245007;54.2455093;0.054245509;13.50713181;51.27622285;39.1789679;466.8052818;554.6778475;497.6950202;419.5045263;;54.76034164;1.2;80.00%;98.53%;0.05;140.5544891;3;142.921463;0.03;0.02;50.09020996;0.734170577;98.00%;2.475768566;0.1;0.1;2.5;80.00%;0.9;0.85;1352.622503;3845.716714;5198.339218;9.695632427;1000;0.2;800
57.54%;4.76%;13.70%;2.36%;1.48%;0.86%;0.18%;0.39%;0.02%;18.72%;263.0289349;60.66581256;38.90903364;836.8891908;79.55%;604.8885745;365.6743884;45.52765108;60.68376343;0.060683763;15.1102571;57.36206034;37.7537628;508.6285864;707.1301362;654.524686;533.9423356;;74.28978729;1.2;80.00%;98.57%;0.05;146.3610992;3;140.1301575;0.03;0.02;59.81909561;0.823960234;98.00%;2.188188553;0.1;0.1;2.5;80.00%;0.9;0.85;22763.82554;4302.154526;27065.98007;12.08222271;1000;0.2;800
60.65%;2.35%;15.03%;2.64%;0.63%;0.51%;0.20%;0.20%;0.06%;17.72%;243.6010946;80.41090832;29.24842868;747.5152087;99.09%;697.87277;342.1677658;-0.23446511;45.10010175;0.045100102;11.22992533;42.63141591;19.42273954;492.8195083;522.5594113;460.5709017;395.6001567;;66.61999512;1.2;80.00%;96.38%;0.05;146.6524963;3;159.3558655;0.03;0.02;56.71963501;0.77940669;98.00%;2.841462374;0.1;0.1;2.5;80.00%;0.9;0.85;117.2325549;3197.356193;3314.588748;25.85022705;1000;0.2;800
51.55%;4.91%;19.65%;1.80%;1.30%;0.49%;0.28%;0.19%;0.14%;19.70%;256.788343;56.35680016;14.99526758;912.5252461;87.29%;648.0335331;360.436171;75.40025794;22.22061454;0.022220615;5.532933021;21.00430428;7.443379866;383.623437;443.7452851;521.6289718;336.3975643;;72.66949463;1.2;80.00%;99.71%;0.05;141.3108215;3;147.3995667;0.03;0.02;62.10758591;0.7943764;98.00%;2.98041296;0.1;0.1;2.5;80.00%;0.9;0.85;37700.12897;1575.322821;39275.45179;10.49372819;1000;0.2;800
60.19%;7.67%;16.78%;1.46%;0.77%;0.48%;0.22%;0.09%;0.11%;12.23%;218.2673863;68.13686132;29.99312499;910.2015112;93.89%;592.4755459;308.0278429;-2.56611627;46.52690456;0.046526905;11.58519923;43.9801185;29.46191383;449.7286272;599.105759;560.0770726;452.8759736;;55.73994446;1.2;80.00%;93.81%;0.05;141.4834595;3;154.7206879;0.03;0.02;52.5733757;0.767817744;98.00%;2.921164513;0.1;0.1;2.5;80.00%;0.9;0.85;1283.058135;3298.508887;4581.567022;7.847434809;1000;0.2;800
53.48%;6.26%;23.15%;2.54%;0.92%;0.57%;0.22%;0.20%;0.07%;12.60%;254.8223448;57.25940672;46.23339534;922.6823643;77.73%;572.6009624;334.6734786;68.75226038;72.63650073;0.072636501;18.08648868;68.66052964;53.77604245;538.7951153;730.0277903;618.0498432;550.8661638;;58.97462845;1.2;80.00%;99.53%;0.05;145.632843;3;149.1383362;0.03;0.02;68.87857056;0.813380202;98.00%;2.916669369;0.1;0.1;2.5;80.00%;0.9;0.85;34376.13019;5149.539723;39525.66991;8.544868603;1000;0.2;800
61.38%;6.44%;18.30%;0.79%;0.99%;0.42%;0.13%;0.27%;0.03%;11.24%;226.4235811;64.10368857;37.91195221;898.9789822;91.82%;601.0416973;315.558438;12.36394975;59.27361143;0.059273611;14.75912924;56.02909712;35.0246295;501.5764444;734.6996422;644.7514598;554.476615;;60.96144867;1.2;80.00%;99.81%;0.05;147.8128662;3;156.1729431;0.03;0.02;64.93049622;0.730852492;98.00%;2.310517073;0.1;0.1;2.5;80.00%;0.9;0.85;6181.974876;4202.182284;10384.15716;9.534031159;1000;0.2;800
51.42%;7.08%;14.19%;1.84%;0.28%;0.65%;0.11%;0.16%;0.01%;24.26%;259.8913274;51.87278267;39.05457609;757.065093;77.64%;583.335354;365.3546283;87.8872171;60.9761982;0.060976198;15.18307335;57.63848784;38.58279854;499.6165326;634.1088338;592.1424847;479.0662;;56.82427597;1.2;80.00%;99.99%;0.05;145.3592682;3;142.9038544;0.03;0.02;66.20993805;0.752886627;98.00%;2.272774696;0.1;0.1;2.5;80.00%;0.9;0.85;43943.60855;4322.886588;48266.49514;7.260803898;1000;0.2;800
58.78%;4.23%;24.34%;0.86%;1.50%;0.46%;0.04%;0.27%;0.10%;9.41%;217.7211888;78.81384737;42.77708635;722.2591581;89.45%;563.0395341;301.5676128;-1.515949953;67.07506657;0.067075067;16.70169157;63.40351682;49.70607375;513.1625787;616.6721538;503.3752331;466.0709137;;73.39626312;1.2;80.00%;99.74%;0.05;145.6816254;3;147.2172546;0.03;0.02;52.02706528;0.745825517;98.00%;2.961607456;0.1;0.1;2.5;80.00%;0.9;0.85;757.9749763;4755.263762;5513.238738;13.91181057;1000;0.2;800
60.52%;7.02%;13.66%;2.07%;1.04%;0.87%;0.20%;0.14%;0.04%;14.45%;248.8813994;68.14566112;26.07945356;991.9908438;87.22%;627.5847608;355.4074536;52.52629597;40.01786433;0.040017864;9.964448218;37.8273696;13.22032816;440.8782672;625.9379751;636.9533411;473.1028525;;58.3189621;1.2;80.00%;97.17%;0.05;144.3444519;3;159.3199005;0.03;0.02;60.98034668;0.815647398;98.00%;2.20443058;0.1;0.1;2.5;80.00%;0.9;0.85;26263.14798;2837.05272;29100.2007;8.62335125;1000;0.2;800
51.97%;6.08%;16.81%;2.68%;1.49%;0.36%;0.26%;0.11%;0.10%;20.15%;256.248959;78.73201936;42.53094966;771.5086648;92.45%;684.904641;349.5043754;41.57814521;66.47083836;0.066470838;16.55123875;62.83236281;46.98411709;567.4025107;636.1566658;499.8839736;480.8073981;;64.16101074;1.2;80.00%;99.91%;0.05;149.1247559;3;147.3934174;0.03;0.02;63.99370956;0.773598949;98.00%;2.042343378;0.1;0.1;2.5;80.00%;0.9;0.85;20789.07261;4712.427211;25501.49982;8.552579877;1000;0.2;800
58.85%;5.33%;18.67%;1.46%;0.57%;0.91%;0.15%;0.22%;0.07%;13.77%;220.0379102;58.28773926;36.79748375;603.9673003;86.21%;548.4231613;307.7767981;15.07309165;57.55002218;0.057550022;14.32995552;54.39985357;30.02724598;470.8582154;619.4380625;559.281872;467.9776721;;54.90003586;1.2;80.00%;99.89%;0.05;147.2337799;3;144.2641602;0.03;0.02;54.30673981;0.757859621;98.00%;2.731594563;0.1;0.1;2.5;80.00%;0.9;0.85;7536.545825;4079.989018;11616.53484;11.04716304;1000;0.2;800
60.23%;2.60%;12.27%;1.76%;1.37%;0.57%;0.16%;0.59%;0.02%;20.42%;249.171406;59.52047506;32.51836404;890.5881095;84.63%;609.6713998;353.0598096;49.78499038;50.45364671;0.050453647;12.56295803;47.69191895;32.36488516;472.1775632;603.3040362;578.7005653;455.9791339;;68.36161041;1.2;80.00%;99.99%;0.05;145.3901978;3;156.9638672;0.03;0.02;68.79306793;0.805076567;98.00%;2.045827866;0.1;0.1;2.5;80.00%;0.9;0.85;24892.49519;3576.893921;28469.38911;23.19159744;1000;0.2;800
52.82%;7.29%;16.22%;1.90%;1.17%;0.50%;0.16%;0.27%;0.08%;19.59%;255.0174153;71.92160116;16.55955236;705.4600868;97.45%;718.460801;370.2237103;36.92897029;24.5971222;0.024597122;6.124683427;23.25072685;2.775647236;425.0285622;370.729758;408.0399493;281.8998117;;74.45903015;1.2;80.00%;99.05%;0.05;144.9324188;3;146.0557251;0.03;0.02;59.98184204;0.731339025;98.00%;2.972858906;0.1;0.1;2.5;80.00%;0.9;0.85;18464.48515;1743.804513;20208.28966;7.243389102;1000;0.2;800
56.71%;3.16%;18.65%;1.82%;0.37%;0.81%;0.11%;0.37%;0.12%;17.87%;223.647119;65.20935089;43.9739419;908.5914009;81.24%;525.2981135;307.0675032;25.42358656;69.06636755;0.069066368;17.19752552;65.28581813;51.32241266;503.3458419;667.617343;572.238131;504.1415035;;50.32757568;1.2;80.00%;96.16%;0.05;146.6575012;3;146.6012421;0.03;0.02;63.15732574;0.778465381;98.00%;2.149734259;0.1;0.1;2.5;80.00%;0.9;0.85;12711.79328;4896.43636;17608.22964;17.93565863;1000;0.2;800
62.10%;6.25%;13.00%;1.03%;1.01%;0.75%;0.07%;0.40%;0.09%;15.30%;240.1172558;70.80440135;19.77812168;691.7214912;91.42%;634.6069107;333.6518697;35.1329868;29.9468512;0.029946851;7.456765949;28.3076228;12.33181303;406.3246273;536.0070323;565.1590545;405.5974365;;74.69705963;1.2;80.00%;100.00%;0.05;142.5740356;3;147.6426086;0.03;0.02;67.91165924;0.762344926;98.00%;2.629821777;0.1;0.1;2.5;80.00%;0.9;0.85;17566.4934;2123.07171;19689.56511;9.942532262;1000;0.2;800
60.07%;5.75%;21.26%;1.71%;0.61%;0.80%;0.15%;0.40%;0.15%;9.10%;262.9244094;67.07124206;37.99897581;916.7350942;85.61%;650.7263225;371.0868221;37.46541826;59.15330589;0.059153306;14.72917317;55.91537686;42.24966475;523.7374474;550.4308243;483.6131415;416.5436204;;50.09644699;1.2;80.00%;94.31%;0.05;144.2566376;3;152.0757904;0.03;0.02;68.52568817;0.736205414;98.00%;2.82568121;0.1;0.1;2.5;80.00%;0.9;0.85;18732.70913;4193.653265;22926.36239;10.44285889;1000;0.2;800
52.00%;6.21%;16.54%;1.47%;1.43%;0.27%;0.07%;0.50%;0.05%;21.45%;254.3312616;74.98881058;35.04577237;951.1154234;82.24%;604.7091574;340.614256;56.68493832;54.47853981;0.05447854;13.56515641;51.49649776;35.51959207;485.047112;719.9005715;670.6798279;543.5613899;;67.73418427;1.2;80.00%;100.00%;0.05;149.9895477;3;143.7891846;0.03;0.02;52.5529747;0.732877467;98.00%;2.721466064;0.1;0.1;2.5;80.00%;0.9;0.85;28342.46916;3862.237332;32204.70649;8.367751413;1000;0.2;800
61.63%;7.42%;24.00%;2.21%;0.30%;0.52%;0.30%;0.13%;0.02%;3.47%;220.1619427;79.58674265;37.69261824;873.9759958;88.46%;563.0700199;307.7980205;18.16845089;58.85435463;0.058854355;14.6547343;55.63278957;33.98925798;482.1060215;605.9111423;532.1568665;458.0130858;;61.14814377;1.2;80.00%;99.68%;0.05;145.3866882;3;153.9429169;0.03;0.02;51.98189545;0.813475669;98.00%;2.698607683;0.1;0.1;2.5;80.00%;0.9;0.85;9084.225447;4172.459218;13256.68466;8.310748948;1000;0.2;800
51.40%;7.19%;19.54%;1.49%;0.96%;0.88%;0.25%;0.41%;0.08%;17.79%;260.9427652;75.32747406;44.89217791;961.7537567;92.09%;694.735111;363.5688486;26.95770561;70.23445549;0.070234455;17.48837942;66.38996736;52.95419278;586.3567404;796.3332974;651.4190868;600.9834775;;50.9687767;1.2;80.00%;99.75%;0.05;144.6759033;3;143.2637787;0.03;0.02;66.3508606;0.815961926;98.00%;2.56853056;0.1;0.1;2.5;80.00%;0.9;0.85;13478.85281;4979.247552;18458.10036;7.144521266;1000;0.2;800
54.05%;3.35%;15.84%;2.60%;1.01%;0.60%;0.29%;0.06%;0.14%;22.07%;217.6219627;59.92373575;43.35700143;756.3637514;89.66%;564.0855285;300.4233268;1.13653593;68.13569848;0.068135698;16.96578892;64.40609195;43.50443682;517.9675427;712.7162734;592.9705748;537.844786;;64.38934326;1.2;80.00%;99.98%;0.05;142.3346558;3;142.2307281;0.03;0.02;52.19171524;0.74512399;98.00%;2.656147957;0.1;0.1;2.5;80.00%;0.9;0.85;568.2679649;4830.456897;5398.724861;16.11658571;1000;0.2;800
50.15%;5.05%;13.51%;2.87%;0.86%;0.71%;0.26%;0.28%;0.03%;26.27%;228.8498498;47.91190183;20.80210654;779.9117882;83.38%;551.6256261;329.1400921;61.72475883;31.7630876;0.031763088;7.909008812;30.02444219;9.166582787;375.2438767;472.117719;535.3965471;357.3560114;;69.18690491;1.2;80.00%;96.79%;0.05;147.2648315;3;156.0261078;0.03;0.02;58.17617416;0.814975851;98.00%;2.027888775;0.1;0.1;2.5;80.00%;0.9;0.85;30862.37942;2251.833165;33114.21258;9.929523372;1000;0.2;800
49.47%;7.13%;18.60%;0.53%;1.43%;0.89%;0.30%;0.41%;0.08%;21.16%;212.3073881;69.44755868;30.75924071;599.041733;94.97%;582.931153;290.6224465;44.61898728;47.82795675;0.047827957;11.90916123;45.2099538;32.38172021;450.1829381;548.9605951;493.4707111;415.0381667;;68.38785553;1.2;80.00%;99.47%;0.05;144.1941528;3;146.1274414;0.03;0.02;50.34045792;0.787440398;98.00%;2.20800662;0.1;0.1;2.5;80.00%;0.9;0.85;22309.49364;3390.746535;25700.24017;6.937565177;1000;0.2;800
53.95%;6.04%;18.61%;2.96%;0.90%;0.89%;0.21%;0.49%;0.05%;15.90%;209.4356241;49.81647209;42.90555693;603.3070863;83.10%;503.1469789;287.7723913;19.17028822;67.52873306;0.067528733;16.81465453;63.83235056;43.39308233;487.6362853;681.2176142;586.8006975;514.0696757;;57.92171478;1.2;80.00%;97.40%;0.05;149.4915466;3;145.4147949;0.03;0.02;56.76303101;0.82241079;98.00%;2.976920128;0.1;0.1;2.5;80.00%;0.9;0.85;9585.144111;4787.426292;14372.5704;8.937304438;1000;0.2;800
59.15%;7.51%;20.86%;1.03%;0.32%;0.55%;0.24%;0.10%;0.07%;10.17%;228.4246818;50.58759146;36.54549469;863.3294535;86.81%;573.2933258;312.8450566;33.74803718;57.17176496;0.057171765;14.23576948;54.04230137;34.16231526;480.8169928;683.5448646;615.1394208;515.8537453;;55.85699844;1.2;80.00%;100.00%;0.05;141.0842133;3;148.6689301;0.03;0.02;66.07044983;0.793702321;98.00%;2.095333576;0.1;0.1;2.5;80.00%;0.9;0.85;16874.01859;4053.172603;20927.19119;7.876578787;1000;0.2;800
58.82%;3.95%;12.75%;1.16%;0.57%;0.38%;0.14%;0.58%;0.05%;21.61%;250.4364624;46.7571995;45.28926723;655.3301816;81.58%;590.6631974;348.8088855;62.20344115;71.1221803;0.07112218;17.7094229;67.22909996;53.9641507;541.4848951;729.7386393;626.0297241;550.5692439;;68.06279755;1.2;80.00%;99.03%;0.05;144.663559;3;145.3348846;0.03;0.02;59.14635468;0.746655651;98.00%;2.047888756;0.1;0.1;2.5;80.00%;0.9;0.85;31101.72058;5042.182497;36143.90307;14.89419147;1000;0.2;800
62.68%;4.92%;19.27%;1.22%;0.84%;0.29%;0.06%;0.10%;0.11%;10.52%;249.024611;57.30625059;24.40679593;657.9714003;84.02%;604.8747168;354.0125223;56.669863;37.39990169;0.037399902;9.31257552;35.3527088;17.42307569;420.7373024;440.5607757;473.7676431;333.9397889;;61.38996887;1.2;80.00%;97.68%;0.05;140.867981;3;146.4262695;0.03;0.02;58.41856766;0.782469987;98.00%;2.150099039;0.1;0.1;2.5;80.00%;0.9;0.85;28334.9315;2651.45316;30986.38466;12.74648242;1000;0.2;800
56.92%;4.39%;19.98%;0.60%;0.52%;0.25%;0.21%;0.58%;0.13%;16.41%;265.3552458;75.56600613;30.21608501;762.1265216;90.36%;693.1883506;370.3060596;18.38572823;46.56744915;0.046567449;11.59529484;44.01844377;30.28562725;495.9187245;597.9722231;558.9559117;452.3256842;;71.71555328;1.2;80.00%;97.29%;0.05;140.6293793;3;142.445282;0.03;0.02;64.09933472;0.786039046;98.00%;2.612314701;0.1;0.1;2.5;80.00%;0.9;0.85;9192.864116;3301.383282;12494.2474;12.95277622;1000;0.2;800
50.56%;4.02%;24.00%;0.69%;0.39%;0.73%;0.07%;0.42%;0.10%;19.02%;241.0082714;71.66059936;27.03464871;852.4856045;91.57%;638.0002711;335.2573386;18.34747883;41.62116271;0.041621163;10.36366952;39.34290677;26.46023347;452.1077873;582.6771078;562.7434634;440.6014714;;55.44423294;1.2;80.00%;92.47%;0.05;148.371521;3;154.1931458;0.03;0.02;51.75369263;0.757287731;98.00%;2.404468536;0.1;0.1;2.5;80.00%;0.9;0.85;9173.739414;2950.718007;12124.45742;12.56565512;1000;0.2;800
60.05%;5.19%;20.06%;2.27%;0.58%;0.91%;0.04%;0.25%;0.06%;10.59%;214.0601461;64.65385444;24.68437691;681.2006995;85.11%;526.7262357;283.4703584;64.82705467;38.10621421;0.038106214;9.488447338;36.02035924;25.12380123;387.1378484;667.8724129;678.5136216;504.1539469;;74.31059265;1.2;80.00%;100.00%;0.05;145.2472687;3;143.346344;0.03;0.02;50.57094574;0.816947237;98.00%;2.015352726;0.1;0.1;2.5;80.00%;0.9;0.85;32413.52734;2701.526943;35115.05428;11.56265473;1000;0.2;800
56.43%;7.96%;15.44%;1.38%;0.60%;0.38%;0.18%;0.57%;0.08%;16.98%;254.224793;62.32125526;31.76225259;673.7407757;92.17%;677.4082795;361.331275;10.27536124;49.18191872;0.049181919;12.24629776;46.4898027;34.68508725;498.4232516;631.2365988;581.9617941;477.0669777;;59.57587814;1.2;80.00%;96.03%;0.05;147.1025085;3;154.6734009;0.03;0.02;66.71426392;0.821823381;98.00%;2.450177908;0.1;0.1;2.5;80.00%;0.9;0.85;5137.680622;3486.735203;8624.415825;7.090925573;1000;0.2;800
56.46%;4.40%;17.36%;2.54%;0.63%;0.66%;0.20%;0.06%;0.03%;17.66%;238.9282592;57.18523223;47.88795196;747.6362608;84.77%;585.5681347;318.5071732;54.70584763;75.37194363;0.075371944;18.76761396;71.24624008;57.25336201;555.0027201;705.9319767;560.4246747;532.6884622;;57.96308136;1.2;80.00%;99.98%;0.05;144.3540192;3;146.7673187;0.03;0.02;61.12343979;0.74288575;98.00%;2.060163498;0.1;0.1;2.5;80.00%;0.9;0.85;27352.92381;5343.468006;32696.39182;12.83617156;1000;0.2;800
52.69%;7.64%;21.26%;2.76%;0.25%;0.32%;0.11%;0.55%;0.10%;14.32%;239.020394;47.93722865;26.97521866;624.6268507;81.23%;561.3366947;341.1111255;52.66699139;41.6528352;0.041652835;10.37155596;39.37284556;20.12189212;416.8003359;545.9701144;574.4461013;412.8817954;;67.9240036;1.2;80.00%;99.58%;0.05;143.4690399;3;153.1685791;0.03;0.02;56.14573669;0.772779122;98.00%;2.047908306;0.1;0.1;2.5;80.00%;0.9;0.85;26333.4957;2952.963417;29286.45911;6.892624554;1000;0.2;800
55.33%;3.45%;21.94%;2.40%;0.48%;0.63%;0.25%;0.20%;0.02%;15.31%;223.0732129;71.46806648;46.06466539;642.2315044;87.80%;566.2037233;306.6798924;45.71185918;72.39489164;0.072394892;18.02632802;68.43214573;58.62599722;534.6752929;777.2777296;644.2974892;586.3518183;;56.08214569;1.2;80.00%;97.91%;0.05;142.2337036;3;140.7538605;0.03;0.02;50.3698616;0.796733722;98.00%;2.742292404;0.1;0.1;2.5;80.00%;0.9;0.85;22855.92959;5132.41093;27988.34052;16.0502496;1000;0.2;800
59.64%;5.26%;14.58%;0.39%;0.93%;0.48%;0.24%;0.51%;0.10%;17.88%;234.2462128;61.72316636;21.40855062;849.9216707;91.85%;621.9927279;330.143326;4.572261964;32.64644607;0.032646446;8.128965072;30.85944746;13.42930011;410.9881352;589.2628186;611.0858799;445.4838922;;74.94509125;1.2;80.00%;98.82%;0.05;143.4983215;3;157.2653351;0.03;0.02;66.0381012;0.822537784;98.00%;2.986661196;0.1;0.1;2.5;80.00%;0.9;0.85;2286.130982;2314.45856;4600.589542;11.34338031;1000;0.2;800
50.65%;5.43%;20.94%;0.92%;1.31%;0.36%;0.03%;0.18%;0.11%;20.07%;252.4929299;59.29766117;32.11018757;975.5499717;90.96%;663.9887989;354.5759164;55.1693647;49.79111502;0.049791115;12.39798764;47.06565286;33.47761902;494.9886351;524.6272356;473.5505708;396.9827924;;59.23021698;1.2;80.00%;96.56%;0.05;144.5863953;3;144.8555298;0.03;0.02;58.41152573;0.746829662;98.00%;2.234040737;0.1;0.1;2.5;80.00%;0.9;0.85;27584.68235;3529.923964;31114.60631;9.320567442;1000;0.2;800
62.17%;6.82%;23.48%;1.71%;0.54%;0.66%;0.21%;0.45%;0.01%;3.94%;214.4441045;54.11040617;32.9602272;622.9942504;80.90%;501.577872;291.984256;27.31583846;51.46558109;0.051465581;12.81492969;48.64846214;28.84186805;425.7605716;651.0514415;628.7220369;491.5538419;;59.39738083;1.2;80.00%;99.38%;0.05;142.0554657;3;141.5229797;0.03;0.02;61.46337509;0.786359608;98.00%;2.193133354;0.1;0.1;2.5;80.00%;0.9;0.85;13657.91923;3648.63466;17306.55389;9.12152642;1000;0.2;800
58.63%;2.01%;18.13%;0.35%;1.25%;0.29%;0.24%;0.33%;0.05%;18.73%;263.2071986;62.60627673;41.32090372;751.3690838;85.80%;652.882688;367.6850799;18.86459652;64.54689644;0.064546896;16.07217721;61.01373348;47.0157562;545.3893979;760.5426143;666.7368318;574.0328047;;52.23243713;1.2;80.00%;98.00%;0.05;143.9969177;3;157.3133087;0.03;0.02;69.27552795;0.77070657;98.00%;2.118844509;0.1;0.1;2.5;80.00%;0.9;0.85;9432.298259;4576.030011;14008.32827;29.18642204;1000;0.2;800
55.90%;3.39%;22.75%;1.26%;0.85%;0.51%;0.19%;0.58%;0.01%;14.56%;248.2176548;66.04298145;13.03394975;694.138136;91.36%;655.6139719;354.8410984;67.43621534;19.02378516;0.019023785;4.736922506;17.9824627;-4.198407763;375.1747913;422.7863566;504.2224475;320.7576192;;74.57524872;1.2;80.00%;100.00%;0.05;144.5622559;3;157.161026;0.03;0.02;57.51311874;0.728483208;98.00%;2.091091871;0.1;0.1;2.5;80.00%;0.9;0.85;33718.10767;1348.684703;35066.79237;16.50550012;1000;0.2;800
60.59%;7.40%;24.84%;0.87%;1.21%;0.47%;0.09%;0.54%;0.05%;3.95%;236.6750051;72.27201108;21.12452272;686.7919982;88.49%;605.5096306;340.7031715;54.61946087;32.07515989;0.03207516;7.986714813;30.3194323;19.99523143;401.0833833;567.9184314;611.0580243;429.6814262;;57.53600311;1.2;80.00%;97.38%;0.05;147.9036255;3;147.2470398;0.03;0.02;54.35225677;0.790511255;98.00%;2.875645638;0.1;0.1;2.5;80.00%;0.9;0.85;27309.73043;2273.957423;29583.68786;8.188971917;1000;0.2;800
54.85%;5.93%;23.83%;0.53%;0.35%;0.88%;0.21%;0.29%;0.08%;13.07%;256.5079259;82.75705195;44.78025919;1022.881465;90.43%;670.6088041;349.5017826;0.18431805;70.06748514;0.070067485;17.4468038;66.23213662;50.60034423;574.1072039;812.9121655;670.457872;613.4997787;;69.79356384;1.2;80.00%;99.99%;0.05;141.2157898;3;146.7465973;0.03;0.02;55.23591232;0.805231347;98.00%;2.210749149;0.1;0.1;2.5;80.00%;0.9;0.85;92.15902523;4967.410247;5059.569272;9.253604987;1000;0.2;800
61.38%;3.06%;15.02%;1.66%;0.97%;0.66%;0.02%;0.39%;0.15%;16.68%;232.2096056;66.26159011;35.99970935;701.9053478;92.16%;618.7228464;326.4881253;24.28735911;56.13249509;0.056132495;13.97699128;53.05991897;37.13536065;497.8834526;700.1984394;622.8438007;528.6130866;;59.81956863;1.2;80.00%;94.70%;0.05;149.0671539;3;151.8430176;0.03;0.02;60.83287048;0.80139836;98.00%;2.61327076;0.1;0.1;2.5;80.00%;0.9;0.85;12143.67956;3979.493923;16123.17348;20.0702754;1000;0.2;800
60.56%;3.74%;12.09%;1.07%;1.22%;0.73%;0.14%;0.38%;0.06%;20.01%;259.8746215;56.10494566;19.17129069;835.8941493;87.31%;655.9302067;356.7573883;53.78767598;28.96380806;0.028963808;7.211988207;27.3783894;9.074631325;412.2601066;485.3679633;528.0465329;367.5657148;;68.12210083;1.2;80.00%;100.00%;0.05;143.7073975;3;143.8819885;0.03;0.02;62.57487106;0.774181407;98.00%;2.048137903;0.1;0.1;2.5;80.00%;0.9;0.85;26893.83799;2053.379205;28947.2172;16.19220321;1000;0.2;800
53.30%;7.44%;13.64%;2.53%;0.73%;0.68%;0.09%;0.42%;0.06%;21.09%;256.3916911;60.8484986;23.23144547;684.6972737;88.79%;658.1232936;368.874918;30.7192488;35.41955692;0.035419557;8.819469672;33.48076398;18.27394224;437.8742761;412.6550616;437.8167691;313.1730693;;61.85260773;1.2;80.00%;96.85%;0.05;148.5391388;3;158.5414276;0.03;0.02;65.14681244;0.765373093;98.00%;2.054802418;0.1;0.1;2.5;80.00%;0.9;0.85;15359.6244;2511.057299;17870.6817;7.161012651;1000;0.2;800
62.79%;2.56%;17.30%;1.01%;0.32%;0.91%;0.03%;0.13%;0.03%;14.92%;225.6819345;71.2012462;44.87590473;638.0975238;85.29%;556.4747009;303.3659346;66.7012694;70.49648731;0.070496487;17.55362534;66.63765611;54.14721863;522.9691565;665.0297886;542.493719;502.1271923;;50.36987686;1.2;80.00%;100.00%;0.05;144.4412079;3;157.8921356;0.03;0.02;60.30513763;0.751526884;98.00%;2.17448616;0.1;0.1;2.5;80.00%;0.9;0.85;33350.6347;4997.824208;38348.45891;24.49480417;1000;0.2;800
53.49%;4.41%;19.25%;0.78%;0.35%;0.91%;0.23%;0.26%;0.06%;20.26%;265.8478683;63.11211385;16.36951253;750.3158304;87.87%;675.3327343;386.3960416;60.47648797;24.27752071;0.024277521;6.045102658;22.94861969;7.09918644;403.5963895;435.5202536;513.6630949;330.5189631;;71.6047821;1.2;80.00%;100.00%;0.05;141.1309662;3;152.2238617;0.03;0.02;51.39930725;0.776644112;98.00%;2.771957874;0.1;0.1;2.5;80.00%;0.9;0.85;30238.24399;1721.146476;31959.39046;12.13195354;1000;0.2;800
57.66%;5.78%;18.33%;0.51%;0.47%;0.68%;0.25%;0.36%;0.10%;15.86%;226.4696359;82.30723731;27.12693777;915.5307033;96.96%;634.8258843;322.5299258;6.276591462;41.75652662;0.041756527;10.39737513;39.47086114;32.13198366;451.2127925;556.1659924;526.2740653;420.9063025;;70.31954193;1.2;80.00%;94.91%;0.05;148.2530823;3;143.5121765;0.03;0.02;52.9713974;0.818408803;98.00%;2.59559226;0.1;0.1;2.5;80.00%;0.9;0.85;3138.295731;2960.314585;6098.610316;9.974928288;1000;0.2;800
60.82%;3.23%;20.88%;2.51%;1.41%;0.90%;0.28%;0.19%;0.06%;9.72%;244.1209967;67.76666172;35.14849755;830.7346341;90.10%;635.8822377;328.1919416;0.289883554;54.74449768;0.054744498;13.63137992;51.74789765;40.13061767;500.6743361;644.8063934;565.6734784;487.1414064;;70.60532379;1.2;80.00%;98.82%;0.05;143.3825531;3;147.4008331;0.03;0.02;54.80885696;0.811623301;98.00%;2.669460297;0.1;0.1;2.5;80.00%;0.9;0.85;144.9417772;3881.092324;4026.034101;18.82379052;1000;0.2;800
55.29%;3.75%;20.20%;2.42%;0.85%;0.49%;0.18%;0.21%;0.03%;16.59%;257.5020791;53.19103493;20.20524981;865.1334183;90.50%;673.6981506;367.7970053;31.78907506;30.59981364;0.030599814;7.619353597;28.92484344;7.31973708;427.2428756;561.766356;596.9259122;424.9158185;;51.2117691;1.2;80.00%;96.36%;0.05;146.6291809;3;155.5748596;0.03;0.02;64.82535553;0.803325301;98.00%;2.361199856;0.1;0.1;2.5;80.00%;0.9;0.85;15894.53753;2169.363258;18063.90079;14.72484611;1000;0.2;800
58.33%;2.76%;18.14%;1.61%;0.93%;0.92%;0.02%;0.16%;0.10%;17.05%;234.0851345;58.77368026;23.18976118;715.8296009;90.03%;609.2875348;324.0692764;55.12330701;35.56052735;0.035560527;8.854571311;33.61401799;21.08302814;415.9386346;587.2705844;598.5854669;443.8563762;;63.55241776;1.2;80.00%;100.00%;0.05;144.0310974;3;145.3992157;0.03;0.02;50.14475632;0.753447096;98.00%;2.719417572;0.1;0.1;2.5;80.00%;0.9;0.85;27561.6535;2521.051349;30082.70485;21.15592922;1000;0.2;800
62.98%;3.79%;17.25%;2.57%;1.41%;0.86%;0.28%;0.49%;0.09%;10.27%;246.955778;55.88050242;17.40223037;869.5741129;86.76%;619.3967394;357.8198911;43.47426254;26.11152335;0.026111523;6.501769313;24.68223283;10.58458583;384.6292069;469.766919;545.582694;355.9331308;;63.47959137;1.2;80.00%;98.42%;0.05;144.424881;3;148.6980896;0.03;0.02;60.76325226;0.823705866;98.00%;2.424372911;0.1;0.1;2.5;80.00%;0.9;0.85;21737.13127;1851.167462;23588.29873;16.60644401;1000;0.2;800
61.11%;2.68%;18.55%;0.69%;0.25%;0.90%;0.23%;0.46%;0.07%;15.05%;266.6323901;74.75153336;23.6198132;862.3509744;96.89%;746.8481729;378.0808824;-0.310941748;35.91545584;0.035915456;8.942948503;33.94951843;17.81303374;481.0799398;541.0320162;522.6482895;409.6990751;;59.17256927;1.2;80.00%;98.90%;0.05;146.9797974;3;156.5498352;0.03;0.02;65.16456604;0.774681029;98.00%;2.945693493;0.1;0.1;2.5;80.00%;0.9;0.85;155.4708739;2546.213882;2701.684756;22.81177413;1000;0.2;800
57.84%;3.23%;24.68%;2.86%;1.38%;0.82%;0.09%;0.14%;0.04%;8.92%;258.7457611;60.41021551;16.99829698;981.5393468;89.24%;667.5197246;371.5165828;58.50483743;25.3722688;0.025372269;6.317694931;23.98344354;15.19655287;404.5760609;472.3170299;536.1604975;357.9591742;;58.73281479;1.2;80.00%;99.99%;0.05;149.0834198;3;141.9724731;0.03;0.02;52.26335526;0.751609524;98.00%;2.750870705;0.1;0.1;2.5;80.00%;0.9;0.85;29252.41871;1798.758265;31051.17698;17.92809453;1000;0.2;800
55.74%;3.43%;12.21%;2.44%;0.66%;0.29%;0.04%;0.46%;0.04%;24.69%;244.9043576;72.02234206;20.21487966;923.7559599;90.85%;643.2615814;353.3560795;16.0545439;30.556774;0.030556774;7.608636725;28.88415969;13.09776634;412.5697443;614.880836;654.7306702;464.9457431;;57.3299675;1.2;80.00%;99.98%;0.05;146.7666016;3;147.3749084;0.03;0.02;59.05164719;0.814749396;98.00%;2.658286572;0.1;0.1;2.5;80.00%;0.9;0.85;8027.271952;2166.311977;10193.58393;16.24396921;1000;0.2;800
61.00%;3.13%;22.24%;2.90%;0.59%;0.43%;0.05%;0.49%;0.04%;9.13%;235.9827192;78.36543075;21.40704828;889.2807197;101.01%;689.1058908;339.4781115;25.9758553;32.49624394;0.032496244;8.091564742;30.71746709;19.72654603;440.9408836;415.4153793;408.2974194;315.224835;;59.99237442;1.2;80.00%;99.96%;0.05;142.35466;3;148.6487274;0.03;0.02;68.3234787;0.783224674;98.00%;2.678522825;0.1;0.1;2.5;80.00%;0.9;0.85;12987.92765;2303.810031;15291.73768;19.49003894;1000;0.2;800
55.14%;7.71%;14.59%;1.68%;0.38%;0.69%;0.08%;0.16%;0.14%;19.43%;258.2562173;58.97263397;19.64749015;893.7404281;89.98%;671.7834935;373.305576;38.24819983;29.6403414;0.029640341;7.38044501;28.01789072;17.18862102;422.2192883;571.221156;616.955482;432.1245703;;67.38588715;1.2;80.00%;98.71%;0.05;146.5329895;3;152.7755585;0.03;0.02;65.85261536;0.734028517;98.00%;2.937701225;0.1;0.1;2.5;80.00%;0.9;0.85;19124.09992;2101.341804;21225.44172;7.147245522;1000;0.2;800
61.18%;4.15%;18.22%;0.67%;1.07%;0.92%;0.04%;0.25%;0.15%;13.35%;233.435976;69.15698383;46.50168199;938.9953894;81.53%;550.229697;319.2247428;58.41493667;73.05908181;0.073059082;18.19171137;69.05997951;60.50665978;529.7231282;663.8207433;548.6753331;501.305027;;58.17471313;1.2;80.00%;99.31%;0.05;144.5138855;3;150.8252258;0.03;0.02;51.39844131;0.747860721;98.00%;2.526604176;0.1;0.1;2.5;80.00%;0.9;0.85;29207.46833;5179.498463;34386.9668;14.74579439;1000;0.2;800
59.02%;4.14%;21.69%;2.82%;0.80%;0.69%;0.01%;0.26%;0.11%;10.46%;259.0311243;73.19581628;25.68729425;882.1454642;88.13%;659.9892596;369.0992963;46.47737329;39.29424055;0.039294241;9.784265896;37.14335548;14.81628094;453.1127996;532.984001;541.5388888;403.5626829;;57.80803299;1.2;80.00%;99.75%;0.05;148.4927216;3;153.2193298;0.03;0.02;62.9148941;0.818502709;98.00%;2.369326591;0.1;0.1;2.5;80.00%;0.9;0.85;23238.68665;2785.751661;26024.43831;14.24611857;1000;0.2;800
53.93%;3.97%;12.74%;2.14%;1.50%;0.85%;0.13%;0.12%;0.05%;24.58%;249.9007881;81.95066288;25.65575235;832.6529534;100.21%;724.0214545;357.180822;18.92693238;39.23884305;0.039238843;9.770471921;37.09099033;23.34349653;482.4255199;614.3167394;576.2184606;464.5890906;;64.82615662;1.2;80.00%;100.00%;0.05;141.0804901;3;159.1355438;0.03;0.02;58.33761978;0.763611733;98.00%;2.45520997;0.1;0.1;2.5;80.00%;0.9;0.85;9463.466192;2781.824275;12245.29047;13.59440715;1000;0.2;800
59.81%;4.52%;20.39%;2.35%;0.39%;0.84%;0.11%;0.13%;0.12%;11.34%;228.3407738;60.52812822;24.45283524;754.2886082;88.69%;585.497574;326.6205695;62.23868676;37.57234647;0.037572346;9.355514271;35.51571431;16.15630048;412.4245511;448.606966;467.4189086;339.9511326;;62.02994156;1.2;80.00%;97.93%;0.05;146.9005432;3;156.9276276;0.03;0.02;64.32417297;0.786689236;98.00%;2.027807713;0.1;0.1;2.5;80.00%;0.9;0.85;31119.34338;2663.678573;33783.02195;13.22799273;1000;0.2;800
56.24%;2.89%;16.13%;1.25%;0.68%;0.58%;0.14%;0.23%;0.11%;21.75%;253.2044201;67.02402754;27.81145893;677.0394321;89.71%;656.69741;354.6967957;36.77234778;42.81761352;0.042817614;10.66158577;40.47386634;30.27707412;465.0286211;620.9892383;604.001426;469.4732072;;71.10728455;1.2;80.00%;99.94%;0.05;142.0367889;3;157.4358673;0.03;0.02;66.32240295;0.756077566;98.00%;2.574630737;0.1;0.1;2.5;80.00%;0.9;0.85;18386.17389;3035.539976;21421.71386;19.47043758;1000;0.2;800
51.97%;4.74%;15.02%;2.15%;0.28%;0.82%;0.04%;0.40%;0.13%;24.46%;238.1171644;66.30585215;18.1799656;831.40992;90.55%;623.3615709;344.1183622;51.96510082;27.35647356;0.027356474;6.811761917;25.85903705;12.38470634;391.433305;434.8875295;490.7629831;329.8607234;;65.56034088;1.2;80.00%;96.62%;0.05;143.5209961;3;147.0633087;0.03;0.02;59.34192657;0.7450679;98.00%;2.711424351;0.1;0.1;2.5;80.00%;0.9;0.85;25982.55041;1939.427779;27921.97819;10.96997844;1000;0.2;800
54.71%;4.55%;18.78%;1.87%;1.37%;0.85%;0.26%;0.58%;0.12%;16.92%;220.0303647;74.21813306;28.97038232;835.2411807;88.19%;561.0071476;302.0689154;14.55978414;44.86647682;0.044866477;11.17175273;42.41057912;35.06781442;428.367464;553.7974956;534.5840301;418.9216128;;63.02732086;1.2;80.00%;97.85%;0.05;143.5467072;3;152.4925385;0.03;0.02;63.8037262;0.781770221;98.00%;2.304727316;0.1;0.1;2.5;80.00%;0.9;0.85;7279.892068;3180.793434;10460.6855;12.02382778;1000;0.2;800
59.01%;5.79%;18.29%;1.55%;1.28%;0.77%;0.03%;0.08%;0.03%;13.17%;231.615612;70.64858205;27.90920336;731.7976185;91.56%;613.1134942;323.0162228;39.79148893;43.08937605;0.043089376;10.72925464;40.73075316;21.36353573;446.2750815;595.2040922;571.9551125;449.9392832;;74.34253693;1.2;80.00%;98.92%;0.05;145.5971222;3;153.9181213;0.03;0.02;55.84290695;0.758909052;98.00%;2.426462173;0.1;0.1;2.5;80.00%;0.9;0.85;19895.74447;3054.806487;22950.55095;10.18876061;1000;0.2;800
55.19%;5.26%;16.04%;1.98%;0.64%;0.77%;0.16%;0.48%;0.10%;19.39%;249.8345701;63.6291636;35.25488233;799.2031431;84.67%;611.5774293;349.4812657;59.40695515;54.84995765;0.054849958;13.65763946;51.84758496;33.56554498;489.3513225;624.3727222;577.83366;471.8476177;;67.92848969;1.2;80.00%;97.70%;0.05;142.1745911;3;148.6696014;0.03;0.02;66.43954468;0.798467709;98.00%;2.984305859;0.1;0.1;2.5;80.00%;0.9;0.85;29703.47758;3888.568872;33592.04645;10.49926928;1000;0.2;800
51.82%;3.94%;19.34%;1.08%;1.33%;0.77%;0.13%;0.50%;0.06%;21.03%;233.6504275;71.7541612;32.06912039;956.5089222;92.57%;625.333887;323.5123079;10.76532628;49.77974051;0.049779741;12.39515539;47.05490097;31.60827338;476.9042272;585.544907;528.7410453;442.7567;;64.36375427;1.2;80.00%;96.47%;0.05;146.3192139;3;152.1002197;0.03;0.02;68.75266266;0.744589286;98.00%;2.121591568;0.1;0.1;2.5;80.00%;0.9;0.85;5382.663141;3529.117573;8911.780714;13.14790813;1000;0.2;800
51.96%;4.44%;23.48%;0.44%;0.58%;0.82%;0.08%;0.33%;0.09%;17.76%;219.3923604;59.01699599;24.22977355;614.7868357;84.21%;534.1250879;302.9136826;59.10358572;37.32587203;0.037325872;9.294142135;35.28273137;15.25924708;387.7540481;567.8074373;595.0424751;429.184055;;57.22038651;1.2;80.00%;99.57%;0.05;141.6038971;3;147.6162109;0.03;0.02;58.03234863;0.73158037;98.00%;2.73049283;0.1;0.1;2.5;80.00%;0.9;0.85;29551.79286;2646.204852;32197.99771;11.69701198;1000;0.2;800
52.60%;1.98%;20.11%;1.40%;0.74%;0.49%;0.30%;0.53%;0.09%;21.78%;220.0078799;67.42527172;27.23465959;835.6181396;86.73%;551.6525761;311.579678;40.03428059;42.07347894;0.042073479;10.47629626;39.77046415;28.12454645;413.6271828;623.600744;629.2186444;471.1888496;;62.51457596;1.2;80.00%;98.88%;0.05;147.7935944;3;142.7216797;0.03;0.02;53.4849968;0.787711278;98.00%;2.672238827;0.1;0.1;2.5;80.00%;0.9;0.85;20017.14029;2982.784811;22999.92511;26.62523951;1000;0.2;800
56.40%;3.76%;17.40%;1.83%;0.50%;0.55%;0.02%;0.23%;0.08%;19.24%;222.7186034;74.26921393;12.78077998;842.2091449;98.96%;637.2100282;320.6916927;8.204154759;18.71147804;0.018711478;4.659158032;17.68725062;3.891417202;365.6311442;467.5607673;529.5437751;354.3024749;;55.36438751;1.2;80.00%;99.67%;0.05;141.8560028;3;152.9541779;0.03;0.02;56.46665573;0.809314957;98.00%;2.548110008;0.1;0.1;2.5;80.00%;0.9;0.85;4102.07738;1326.543796;5428.621176;15.00425386;1000;0.2;800
60.29%;2.61%;22.97%;2.89%;1.37%;0.36%;0.11%;0.24%;0.05%;9.10%;238.771698;63.9687824;23.28053254;816.420093;94.58%;652.85457;341.6097068;56.12594289;35.59701382;0.035597014;8.863656441;33.64850726;26.13020177;435.8269261;508.3105656;510.7382137;384.7286569;;58.69825363;1.2;80.00%;99.58%;0.05;146.5113678;3;140.5859375;0.03;0.02;64.3795166;0.795638007;98.00%;2.114964962;0.1;0.1;2.5;80.00%;0.9;0.85;28062.97145;2523.638045;30586.60949;23.05759699;1000;0.2;800
59.07%;7.78%;21.52%;2.59%;0.79%;0.47%;0.14%;0.39%;0.11%;7.15%;255.2512729;57.7618175;16.60254908;694.9820201;91.63%;676.2079268;369.034435;17.60787144;24.76275695;0.024762757;6.165926482;23.4072951;5.724867304;406.0094137;556.224006;615.6336089;420.838283;;55.10798645;1.2;80.00%;99.69%;0.05;141.0088959;3;159.9655151;0.03;0.02;64.64653015;0.755827546;98.00%;2.689049482;0.1;0.1;2.5;80.00%;0.9;0.85;8803.93572;1755.547133;10559.48285;7.591848968;1000;0.2;800
49.42%;3.53%;21.58%;0.48%;1.35%;0.88%;0.19%;0.29%;0.02%;22.27%;250.0993916;64.87715985;46.95013787;896.4586643;82.49%;596.4677603;346.517712;87.44436719;73.6902786;0.073690279;18.34887937;69.65662589;58.73794117;553.6100828;784.9114265;665.426649;592.1422589;;74.19010925;1.2;80.00%;99.70%;0.05;141.3171387;3;146.3753815;0.03;0.02;58.13910675;0.754254621;98.00%;2.131836891;0.1;0.1;2.5;80.00%;0.9;0.85;43722.18359;5224.246942;48946.43054;13.9939219;1000;0.2;800
51.47%;6.85%;15.01%;2.73%;0.75%;0.81%;0.13%;0.54%;0.15%;21.57%;209.2208068;71.10786454;21.85614052;639.9479791;93.10%;563.11814;298.7217722;3.545530063;33.4434097;0.03344341;8.327409016;31.61278696;6.968341591;386.6556984;547.0954808;570.5776897;413.9003069;;63.96918869;1.2;80.00%;93.00%;0.05;149.4159851;3;150.2798462;0.03;0.02;66.4330368;0.78767099;98.00%;2.261648655;0.1;0.1;2.5;80.00%;0.9;0.85;1772.765032;2370.959022;4143.724054;7.516148315;1000;0.2;800
56.56%;7.00%;20.97%;1.10%;1.11%;0.78%;0.29%;0.28%;0.12%;11.78%;217.9110608;67.67828647;41.30327866;658.4020549;85.39%;537.9654718;283.2422556;33.0757535;64.85284852;0.064852849;16.14835928;61.30293837;49.08923446;493.2581117;692.5812517;585.9063378;522.7001898;;61.24693298;1.2;80.00%;99.96%;0.05;143.8777618;3;143.8387909;0.03;0.02;62.26742554;0.744332024;98.00%;2.784806252;0.1;0.1;2.5;80.00%;0.9;0.85;16537.87675;4597.720378;21135.59713;8.079591804;1000;0.2;800
51.11%;7.02%;12.67%;1.60%;0.54%;0.44%;0.01%;0.13%;0.15%;26.34%;239.4783682;54.01801529;42.28485319;864.0063825;79.57%;550.8749208;333.9535885;44.75305972;66.30129224;0.066301292;16.50902177;62.67209729;41.63438381;505.0493089;715.4643546;640.811998;539.9525147;;56.97088242;1.2;80.00%;98.70%;0.05;146.4247894;3;151.5619659;0.03;0.02;67.58181;0.766719867;98.00%;2.090065241;0.1;0.1;2.5;80.00%;0.9;0.85;22376.52986;4700.407297;27076.93716;7.279917964;1000;0.2;800
60.24%;5.17%;21.93%;0.66%;1.18%;0.69%;0.01%;0.11%;0.02%;9.99%;216.3961727;69.62957954;42.36392126;633.076956;87.28%;546.0247553;296.2761215;52.42440436;66.49181881;0.066491819;16.55646288;62.85219484;46.09681146;502.8811934;592.610021;486.0987755;447.7630127;;58.96631241;1.2;80.00%;99.98%;0.05;141.651123;3;141.9788513;0.03;0.02;68.50641632;0.73823069;98.00%;2.500080585;0.1;0.1;2.5;80.00%;0.9;0.85;26212.20218;4713.914613;30926.11679;11.64304245;1000;0.2;800
60.22%;3.17%;18.48%;2.70%;0.94%;0.57%;0.20%;0.16%;0.08%;13.48%;255.0407834;61.48640979;31.64868441;835.2397552;83.03%;612.2072752;362.5445449;43.900539;48.99911947;0.048999119;12.20078075;46.31700951;24.40857207;467.5411199;628.1437221;617.2775431;474.718704;;60.62521362;1.2;80.00%;97.94%;0.05;149.5957489;3;142.1993103;0.03;0.02;61.68048859;0.732632053;98.00%;2.823652267;0.1;0.1;2.5;80.00%;0.9;0.85;21950.2695;3473.775713;25424.04521;18.9927128;1000;0.2;800
60.30%;5.98%;21.59%;2.85%;1.42%;0.28%;0.20%;0.27%;0.03%;7.09%;254.9717391;79.77158591;19.93956688;985.9166553;88.76%;654.2982731;361.1356402;29.21680808;30.0296429;0.030029643;7.477381081;28.38588265;11.62567647;415.9488392;525.7361504;568.2406227;398.162895;;55.39603424;1.2;80.00%;99.96%;0.05;143.3548889;3;142.2396545;0.03;0.02;51.27380371;0.769996889;98.00%;2.302502155;0.1;0.1;2.5;80.00%;0.9;0.85;14608.40404;2128.941199;16737.34524;10.09115478;1000;0.2;800
55.88%;5.69%;21.27%;2.63%;0.90%;0.69%;0.19%;0.36%;0.08%;12.31%;255.2821864;87.63711718;36.45971595;840.009337;93.22%;687.9897025;360.4455418;6.606458361;56.58805489;0.056588055;14.09042567;53.49054237;36.4978726;531.6009672;693.3202121;606.0328841;523.8792917;;68.16796112;1.2;80.00%;99.43%;0.05;146.4209137;3;140.9895172;0.03;0.02;61.08625031;0.819043993;98.00%;2.296333075;0.1;0.1;2.5;80.00%;0.9;0.85;3303.22918;4011.790678;7315.019858;9.824323642;1000;0.2;800
62.83%;2.13%;17.30%;0.26%;0.65%;0.25%;0.08%;0.14%;0.05%;16.32%;236.6057588;76.13020233;34.65074838;762.7146119;96.81%;662.2445191;331.9658966;8.102574052;53.87257975;0.05387258;13.41427236;50.92370669;33.11622571;509.432711;683.8139226;596.1298624;516.419452;;55.89346695;1.2;80.00%;98.15%;0.05;146.9352264;3;150.6942139;0.03;0.02;51.10058975;0.773033944;98.00%;2.299919128;0.1;0.1;2.5;80.00%;0.9;0.85;4051.287026;3819.278002;7870.565028;29.54532671;1000;0.2;800
53.69%;3.82%;19.75%;2.73%;0.38%;0.64%;0.17%;0.23%;0.04%;18.54%;266.0298164;55.17560859;13.75476218;763.8553912;87.33%;671.683891;380.936684;45.54031784;20.14126024;0.02014126;5.015173799;19.03876951;3.710549275;386.4266705;410.0881468;502.4354495;311.3132619;;61.04291153;1.2;80.00%;100.00%;0.05;148.5427551;3;141.8278351;0.03;0.02;52.86330414;0.819707136;98.00%;2.135976315;0.1;0.1;2.5;80.00%;0.9;0.85;22770.15892;1427.907713;24198.06664;14.05474107;1000;0.2;800
54.61%;6.80%;13.76%;2.79%;0.25%;0.50%;0.18%;0.24%;0.09%;20.78%;227.3260284;73.12107828;23.63593685;684.6582059;99.96%;656.9603523;325.5502658;-7.532527595;36.18023956;0.03618024;9.00887965;34.19980844;27.41294396;440.2820792;561.5400109;544.7934682;424.7772926;;57.73490906;1.2;80.00%;99.86%;0.05;140.035553;3;155.2319031;0.03;0.02;63.06856918;0.812030765;98.00%;2.417564392;0.1;0.1;2.5;80.00%;0.9;0.85;3766.263797;2564.985633;6331.24943;8.035016338;1000;0.2;800
62.91%;2.13%;24.74%;2.15%;1.08%;0.83%;0.17%;0.29%;0.03%;5.66%;231.2047021;54.50723374;41.0527966;730.6960357;87.49%;584.7874382;322.0140063;66.9325924;64.36577768;0.064365778;16.02707864;60.84252878;52.05915754;513.1738929;612.2140961;515.511867;462.3879436;;61.63623428;1.2;80.00%;98.72%;0.05;148.4728546;3;153.3946686;0.03;0.02;59.72039032;0.762619046;98.00%;2.623770952;0.1;0.1;2.5;80.00%;0.9;0.85;33466.2962;4563.189659;38029.48586;29.53643497;1000;0.2;800
50.93%;6.37%;20.32%;0.89%;0.68%;0.44%;0.26%;0.23%;0.14%;19.73%;266.3599222;50.88997751;13.76402807;863.613301;85.34%;657.2026625;383.5752556;57.67744224;20.17232363;0.020172324;5.022908585;19.06813256;-1.659579574;380.0819259;565.5392208;668.0515381;427.8710471;;55.97499466;1.2;80.00%;99.99%;0.05;142.9653168;3;147.746048;0.03;0.02;50.24780655;0.779810204;98.00%;2.382426739;0.1;0.1;2.5;80.00%;0.9;0.85;28838.72112;1430.109942;30268.83106;7.994531502;1000;0.2;800
59.13%;6.58%;12.61%;2.65%;1.16%;0.66%;0.09%;0.15%;0.15%;16.82%;215.6480153;75.62620172;38.57915367;743.1223007;92.83%;578.758012;300.6032308;7.140238335;60.33892524;0.060338925;15.02439238;57.03609787;47.84996753;495.4007372;664.6009688;569.0341575;501.9683628;;67.26085663;1.2;80.00%;99.54%;0.05;148.8107147;3;143.8431244;0.03;0.02;65.94828033;0.823398117;98.00%;2.803601265;0.1;0.1;2.5;80.00%;0.9;0.85;3570.119167;4277.70734;7847.826508;8.981625758;1000;0.2;800
49.09%;5.86%;12.64%;0.91%;0.71%;0.80%;0.05%;0.35%;0.13%;29.45%;250.3660553;60.71787593;39.9039984;919.7073342;90.18%;652.7117993;349.9496246;23.70322384;62.35418606;0.062354186;15.52619233;58.9410475;38.3589586;536.7745332;585.8423487;485.1037835;442.8559533;;55.5560379;1.2;80.00%;99.46%;0.05;144.1687469;3;151.3213654;0.03;0.02;62.13415146;0.747251453;98.00%;2.957629681;0.1;0.1;2.5;80.00%;0.9;0.85;11851.61192;4420.578563;16272.19048;8.383603648;1000;0.2;800
58.43%;5.76%;12.08%;0.27%;0.31%;0.42%;0.11%;0.53%;0.02%;22.08%;207.8516664;52.89993397;35.42706273;816.6337044;82.04%;492.9817234;289.1780366;70.31231464;55.45847148;0.055458471;13.8091594;52.42279001;35.03769539;436.888266;528.0451304;490.5256159;399.1415693;;65.39083862;1.2;80.00%;99.89%;0.05;143.9624481;3;150.4864197;0.03;0.02;68.35727692;0.767681522;98.00%;2.841421843;0.1;0.1;2.5;80.00%;0.9;0.85;35156.15732;3931.70925;39087.86657;10.14055713;1000;0.2;800
55.24%;4.40%;14.54%;0.62%;0.79%;0.32%;0.17%;0.23%;0.07%;23.62%;247.3981819;61.40233224;35.07327095;927.8483539;85.77%;613.4832503;349.1510358;49.19947182;54.57324905;0.054573249;13.58873901;51.58602281;38.73502835;489.3602127;496.2909258;449.279574;375.7589567;;64.66743469;1.2;80.00%;98.47%;0.05;148.1935577;3;152.4214783;0.03;0.02;58.08673096;0.733811897;98.00%;2.426802635;0.1;0.1;2.5;80.00%;0.9;0.85;24599.73591;3868.951711;28468.68762;12.56518065;1000;0.2;800
55.02%;5.70%;12.15%;2.49%;1.35%;0.71%;0.29%;0.58%;0.10%;21.62%;233.8743927;68.73037442;27.0138817;773.4966662;85.83%;580.3267396;328.7107704;55.43623094;41.63504694;0.041635047;10.36712669;39.356031;22.74532296;425.4213252;480.3361473;486.9969874;363.818191;;55.14574814;1.2;80.00%;99.87%;0.05;144.3595886;3;154.4854279;0.03;0.02;52.21471024;0.787929665;98.00%;2.634632587;0.1;0.1;2.5;80.00%;0.9;0.85;27718.11547;2951.702325;30669.81779;9.661282727;1000;0.2;800
58.81%;4.93%;14.09%;1.23%;0.46%;0.57%;0.16%;0.60%;0.09%;19.08%;232.9531701;77.28160343;34.68377775;871.6579844;94.06%;633.495095;327.9002163;25.74102205;53.93602745;0.053936027;13.43007084;50.9836814;32.36369053;496.6326579;536.4887293;461.302355;406.0259558;;69.35502625;1.2;80.00%;99.96%;0.05;146.1597595;3;158.0764313;0.03;0.02;55.76546478;0.814892627;98.00%;2.32845974;0.1;0.1;2.5;80.00%;0.9;0.85;12870.51102;3823.776105;16694.28713;11.93409481;1000;0.2;800
60.41%;7.82%;16.36%;2.10%;0.96%;0.66%;0.02%;0.10%;0.02%;11.55%;248.9825686;63.51748419;30.1872929;769.5888818;92.94%;668.985418;354.2272485;42.96415668;46.66857948;0.046668579;11.62047629;44.11403843;30.31732061;485.3278249;506.9671461;466.1373113;383.8539057;;50.02503204;1.2;80.00%;99.24%;0.05;143.1777802;3;140.5362244;0.03;0.02;52.18245316;0.798927779;98.00%;2.671453714;0.1;0.1;2.5;80.00%;0.9;0.85;21482.07834;3308.552882;24790.63122;7.72204384;1000;0.2;800
52.42%;5.95%;12.99%;0.80%;1.01%;0.90%;0.11%;0.20%;0.14%;25.48%;255.7514408;57.20001937;47.18281732;878.4732231;84.28%;623.1745304;353.272426;7.481959626;74.08511323;0.074085113;18.44719319;70.0298481;53.62431903;567.1529448;697.5880396;568.5963734;526.7096282;;64.38046265;1.2;80.00%;99.88%;0.05;148.728363;3;158.0701294;0.03;0.02;64.56854248;0.815030012;98.00%;2.440371037;0.1;0.1;2.5;80.00%;0.9;0.85;3740.979813;5252.238608;8993.218421;8.811703776;1000;0.2;800
62.05%;1.58%;22.29%;1.15%;0.61%;0.34%;0.03%;0.46%;0.08%;11.40%;221.9295393;58.65520551;36.05462293;727.2453323;91.05%;584.2109134;310.8600055;68.87509134;56.33785988;0.05633786;14.02812711;53.25404252;31.22937276;482.4953193;532.8548207;459.7583181;402.8817196;;61.89240646;1.2;80.00%;99.98%;0.05;145.5555878;3;141.5574951;0.03;0.02;58.25439453;0.754834559;98.00%;2.140300751;0.1;0.1;2.5;80.00%;0.9;0.85;34437.54567;3994.053189;38431.59886;39.2175979;1000;0.2;800
55.28%;7.92%;14.16%;2.12%;1.09%;0.28%;0.04%;0.52%;0.08%;18.51%;262.6951195;49.90909213;10.54107026;701.1266904;85.97%;652.8859003;384.5865685;34.12367539;14.98359886;0.014983599;3.730916117;14.1634278;-1.331426504;358.2037677;466.8823527;594.4634522;353.8867981;;65.33060455;1.2;80.00%;99.07%;0.05;141.5701294;3;152.1279297;0.03;0.02;64.06993866;0.787001523;98.00%;2.013941288;0.1;0.1;2.5;80.00%;0.9;0.85;17061.8377;1062.257085;18124.09478;6.980928456;1000;0.2;800
55.51%;4.12%;17.26%;2.70%;0.43%;0.71%;0.26%;0.53%;0.07%;18.43%;234.0534891;78.2332221;47.74525155;668.6142694;90.30%;611.0250677;320.5737266;45.34355393;74.9975464;0.074997546;18.67438905;70.89233658;59.42745132;565.0265908;669.6749207;513.2603132;505.7383672;;66.21021271;1.2;80.00%;97.30%;0.05;140.3131866;3;148.3780823;0.03;0.02;66.69396973;0.757357361;98.00%;2.289159536;0.1;0.1;2.5;80.00%;0.9;0.85;22671.77697;5316.925243;27988.70221;13.47894439;1000;0.2;800
56.11%;1.78%;12.63%;1.99%;1.21%;0.67%;0.14%;0.20%;0.10%;25.17%;235.0115808;61.58603087;25.34645135;707.8715938;85.85%;583.2914888;327.4195879;37.87723602;39.00124806;0.039001248;9.711310767;36.8664008;19.31695088;417.0859054;563.9055652;578.6479905;426.4316572;;51.97686768;1.2;80.00%;95.51%;0.05;143.3343506;3;142.1040802;0.03;0.02;67.45690918;0.742984099;98.00%;2.258581161;0.1;0.1;2.5;80.00%;0.9;0.85;18938.61801;2764.98006;21703.59807;31.46440904;1000;0.2;800
52.12%;4.12%;16.31%;0.46%;0.79%;0.26%;0.29%;0.55%;0.14%;24.95%;237.5529235;68.98905494;11.65688894;713.1811814;88.29%;606.3655712;331.5380335;34.33317354;16.88829953;0.0168883;4.205186583;15.96386911;-1.085897309;344.1377314;375.6152973;472.920312;285.3222927;;73.52378845;1.2;80.00%;99.80%;0.05;144.1711731;3;144.42453;0.03;0.02;55.97163391;0.738806606;98.00%;2.034961224;0.1;0.1;2.5;80.00%;0.9;0.85;17166.58677;1197.290183;18363.87695;12.65430715;1000;0.2;800
57.51%;4.62%;15.62%;0.46%;1.24%;0.43%;0.05%;0.05%;0.11%;19.90%;220.6687728;77.16305467;25.37694042;647.8767752;91.38%;582.9384298;314.2005647;38.60505018;39.00745634;0.039007456;9.712856628;36.87226925;27.37820166;417.0197164;486.9109937;489.0417723;368.7203909;;67.8846283;1.2;80.00%;95.58%;0.05;146.1175995;3;149.1692352;0.03;0.02;69.96749115;0.79783708;98.00%;2.076086044;0.1;0.1;2.5;80.00%;0.9;0.85;19302.52509;2765.420193;22067.94528;12.4500076;1000;0.2;800
62.13%;4.78%;12.49%;2.12%;0.51%;0.71%;0.22%;0.07%;0.14%;16.82%;243.4945755;75.74141741;28.36475715;684.4162268;92.54%;651.4102169;332.5837861;34.79056957;43.74866418;0.043748664;10.89341738;41.35395323;24.15318348;465.960267;530.3149717;491.9287878;401.3282686;;57.19587708;1.2;80.00%;98.83%;0.05;148.4692535;3;145.408493;0.03;0.02;67.70237732;0.724237604;98.00%;2.822957277;0.1;0.1;2.5;80.00%;0.9;0.85;17395.28478;3101.546492;20496.83127;13.00799837;1000;0.2;800
53.92%;5.91%;13.90%;2.53%;0.52%;0.72%;0.15%;0.53%;0.05%;21.77%;263.0617663;61.70468868;29.33769006;957.7167004;80.94%;615.5654238;371.5063979;50.46435696;45.23685261;0.045236853;11.2639763;42.76068131;30.46119198;455.4113882;493.276614;504.0006497;373.6484516;;51.27256775;1.2;80.00%;100.00%;0.05;148.4324493;3;155.9979553;0.03;0.02;62.32799911;0.737373127;98.00%;2.045007229;0.1;0.1;2.5;80.00%;0.9;0.85;25232.17848;3207.051098;28439.22958;9.119439102;1000;0.2;800
53.37%;3.37%;21.28%;1.12%;0.34%;0.64%;0.14%;0.41%;0.12%;19.22%;228.2725369;85.87279163;35.9757048;688.2872019;90.84%;599.4907015;320.7118323;56.55644676;55.9926034;0.055992603;13.94215825;52.92768466;40.32285676;488.3324549;573.5717698;502.3685877;433.8319578;;62.39096451;1.2;80.00%;100.00%;0.05;148.3850403;3;144.0142822;0.03;0.02;52.58321762;0.766682117;98.00%;2.736094475;0.1;0.1;2.5;80.00%;0.9;0.85;28278.22338;3969.576349;32247.79973;15.81776975;1000;0.2;800
54.96%;6.45%;21.43%;1.24%;0.97%;0.60%;0.04%;0.36%;0.05%;13.91%;225.9709064;78.44660479;21.03251991;889.7809525;96.06%;627.5485996;324.8760189;1.714967307;31.95599914;0.031955999;7.957043787;30.20679416;16.99524783;410.6942543;542.3333671;559.3344016;410.4905666;;72.12207794;1.2;80.00%;99.82%;0.05;140.6762238;3;153.9562225;0.03;0.02;69.1905365;0.813141067;98.00%;2.655030727;0.1;0.1;2.5;80.00%;0.9;0.85;857.4836534;2265.509562;3122.993216;8.519337015;1000;0.2;800
53.40%;5.00%;24.37%;1.33%;0.51%;0.78%;0.20%;0.09%;0.13%;14.19%;232.7060387;70.6807627;39.09863019;857.0763156;93.61%;629.7454126;325.1303813;44.58434316;61.10081137;0.061100811;15.21410203;57.75627994;44.03505771;521.3095455;696.2543177;591.0787724;525.6517991;;71.30967712;1.2;80.00%;94.60%;0.05;144.6528168;3;159.5864105;0.03;0.02;61.33071518;0.729046806;98.00%;2.854389906;0.1;0.1;2.5;80.00%;0.9;0.85;22292.17158;4331.720996;26623.89258;10.68814977;1000;0.2;800
56.42%;6.86%;14.18%;2.72%;0.40%;0.36%;0.04%;0.37%;0.15%;18.52%;226.0727064;54.43009535;30.41603501;818.5957741;77.92%;509.2857417;303.931404;72.7634163;47.31411547;0.047314115;11.78121475;44.72423912;29.18041888;414.0855653;713.5194657;714.5420646;538.4524382;;50.53660583;1.2;80.00%;98.42%;0.05;143.0997772;3;155.2888794;0.03;0.02;52.57048798;0.771794871;98.00%;2.791348457;0.1;0.1;2.5;80.00%;0.9;0.85;36381.70815;3354.317934;39736.02608;8.228881692;1000;0.2;800
59.15%;5.36%;20.61%;1.26%;1.14%;0.75%;0.04%;0.35%;0.14%;11.19%;238.8618393;69.41581452;41.48143265;906.0759816;86.60%;597.9905355;328.7359118;31.78511943;64.93084825;0.064930848;16.16778121;61.37666856;49.32410302;521.0626267;632.6780277;533.6546624;478.1069738;;74.67313385;1.2;80.00%;100.00%;0.05;147.7821808;3;152.8170013;0.03;0.02;60.61845016;0.81336352;98.00%;2.864305973;0.1;0.1;2.5;80.00%;0.9;0.85;15892.55972;4603.250142;20495.80986;11.0300858;1000;0.2;800
56.57%;4.22%;15.26%;2.44%;1.15%;0.38%;0.07%;0.22%;0.06%;19.63%;250.4408786;65.53523473;32.75658505;957.7852413;92.72%;671.3165075;355.2111525;27.19711308;50.78920919;0.050789209;12.64651309;48.00911343;26.72197204;501.6637345;632.766461;574.784734;478.2360239;;56.35105515;1.2;80.00%;98.66%;0.05;146.2762451;3;150.3072205;0.03;0.02;60.28401184;0.775420355;98.00%;2.469037056;0.1;0.1;2.5;80.00%;0.9;0.85;13598.55654;3600.683507;17199.24005;13.4023358;1000;0.2;800
62.13%;7.79%;15.29%;0.82%;0.37%;0.65%;0.10%;0.31%;0.04%;12.49%;239.5152121;57.94378708;25.96569384;770.7819529;87.28%;604.3597668;338.0411072;44.3296874;39.97585206;0.039975852;9.953987162;37.78765699;19.03286567;430.0492155;511.638176;520.4470833;387.2278676;;74.45735931;1.2;80.00%;99.98%;0.05;144.7769623;3;145.4333496;0.03;0.02;54.01453781;0.77710943;98.00%;2.918125391;0.1;0.1;2.5;80.00%;0.9;0.85;22164.8437;2834.074275;24998.91797;7.971229397;1000;0.2;800
62.16%;3.39%;14.28%;0.64%;0.33%;0.76%;0.15%;0.24%;0.05%;17.99%;263.0533376;64.94618178;47.08406065;1012.662674;84.57%;643.1703258;366.6013233;31.36819451;73.81823073;0.073818231;18.38073945;69.7775742;59.30235212;575.5844682;655.7565222;528.1880392;495.4412893;;64.9911499;1.2;80.00%;95.94%;0.05;144.0697632;3;149.5764313;0.03;0.02;59.38555145;0.8068944;98.00%;2.817429066;0.1;0.1;2.5;80.00%;0.9;0.85;15684.09726;5233.318065;20917.41532;18.32055027;1000;0.2;800
49.03%;2.79%;12.56%;0.64%;0.42%;0.72%;0.02%;0.56%;0.13%;33.13%;263.1560967;68.48309589;21.20956475;956.7207993;91.95%;699.5476684;365.0553001;26.02097273;32.13068948;0.032130689;8.000541679;30.37192231;13.82655587;444.6514142;459.9435836;472.2772895;348.7085502;;67.87761688;1.2;80.00%;98.53%;0.05;148.3537903;3;144.8853912;0.03;0.02;67.91912079;0.781586891;98.00%;2.743326187;0.1;0.1;2.5;80.00%;0.9;0.85;13010.48637;2277.894173;15288.38054;17.54524214;1000;0.2;800
55.74%;3.87%;19.97%;1.93%;0.33%;0.46%;0.29%;0.17%;0.07%;17.17%;207.5706815;62.8045728;17.479323;787.7537775;93.97%;563.9133685;295.0774737;24.03767349;26.46377332;0.026463773;6.589479556;25.01520136;15.59572033;360.3235631;381.4819157;430.0332391;289.4829171;;69.58280182;1.2;80.00%;99.32%;0.05;149.1042175;3;151.1031036;0.03;0.02;54.60533142;0.73633838;98.00%;2.314491749;0.1;0.1;2.5;80.00%;0.9;0.85;12018.83674;1876.140102;13894.97685;14.4183736;1000;0.2;800
61.89%;7.76%;24.22%;1.99%;1.33%;0.69%;0.15%;0.23%;0.02%;1.71%;235.9929648;58.58263485;23.87448338;719.867954;84.19%;574.3692694;336.06663;71.77175271;36.61237522;0.036612375;9.11648143;34.60828989;27.02541684;404.0321573;556.73243;593.5988551;420.9896963;;62.62282181;1.2;80.00%;99.63%;0.05;148.661026;3;154.0332642;0.03;0.02;62.50188446;0.804229278;98.00%;2.001956701;0.1;0.1;2.5;80.00%;0.9;0.85;35885.87636;2595.621742;38481.4981;7.974469805;1000;0.2;800
50.64%;7.81%;12.01%;1.84%;0.90%;0.65%;0.25%;0.11%;0.02%;25.77%;262.0266559;75.54413484;46.92201736;716.3261183;90.56%;685.9789596;364.0105006;31.84103107;73.5002437;0.073500244;18.30156068;69.47699311;51.96624754;594.2785331;817.8829679;665.1065139;617.1444124;;74.31149292;1.2;80.00%;99.98%;0.05;140.7320251;3;152.5227509;0.03;0.02;51.78685379;0.765651012;98.00%;2.271198273;0.1;0.1;2.5;80.00%;0.9;0.85;15920.51553;5210.774483;21131.29002;6.486086012;1000;0.2;800
51.78%;4.32%;16.68%;1.96%;1.38%;0.44%;0.05%;0.32%;0.13%;22.93%;214.415866;62.57679298;46.95978492;669.015407;84.36%;522.9238893;294.4829856;33.77075932;73.94679195;0.073946792;18.4127512;69.89909824;48.89855058;520.8630943;616.7627497;490.6892019;465.880643;;73.33987427;1.2;80.00%;93.56%;0.05;147.4973297;3;145.8347168;0.03;0.02;67.639534;0.816681801;98.00%;2.900010586;0.1;0.1;2.5;80.00%;0.9;0.85;16885.37966;5242.432368;22127.81203;11.97633303;1000;0.2;800
51.34%;3.71%;13.15%;1.57%;0.34%;0.87%;0.20%;0.06%;0.01%;28.75%;219.2355721;59.21979318;26.45295175;823.3781754;89.71%;568.6065955;293.0396286;12.38196972;40.947961;0.040947961;10.19604229;38.70655471;13.74994257;417.1528721;572.8980962;557.3927811;432.984691;;69.03166199;1.2;80.00%;98.11%;0.05;145.5028839;3;148.2872467;0.03;0.02;66.32441711;0.737687434;98.00%;2.565906525;0.1;0.1;2.5;80.00%;0.9;0.85;6190.98486;2902.991604;9093.976463;13.84858948;1000;0.2;800
57.94%;7.30%;17.20%;0.26%;0.25%;0.26%;0.19%;0.49%;0.08%;16.01%;217.3638286;48.07997221;22.81694848;715.1324918;81.35%;511.2344172;305.5050992;67.17869194;35.1096788;0.035109679;8.742310021;33.18784795;22.78246423;368.9843896;446.6525805;497.8776556;338.1812245;;74.36807251;1.2;80.00%;98.25%;0.05;145.0305786;3;143.0326538;0.03;0.02;63.85330963;0.745239386;98.00%;2.046801805;0.1;0.1;2.5;80.00%;0.9;0.85;33589.34597;2489.088596;36078.43456;7.932515218;1000;0.2;800
59.36%;3.65%;21.59%;1.41%;0.67%;0.66%;0.27%;0.15%;0.09%;12.14%;245.3070155;66.793945;44.12616529;670.6321025;81.82%;580.227824;336.3140426;37.53849814;69.17420516;0.069174205;17.22437709;65.38775293;56.8145438;529.2013669;664.8409272;564.1646495;502.117322;;60.12605286;1.2;80.00%;95.79%;0.05;140.1324921;3;151.852417;0.03;0.02;56.60057449;0.758536933;98.00%;2.628730297;0.1;0.1;2.5;80.00%;0.9;0.85;18769.24907;4904.08147;23673.33054;16.28232335;1000;0.2;800
54.42%;5.30%;15.38%;1.27%;1.28%;0.62%;0.24%;0.47%;0.15%;20.88%;251.3307082;73.00607776;22.66761898;877.4813505;88.05%;639.7668046;347.0061103;57.18447935;34.52822895;0.034528229;8.597529009;32.63822546;14.23359136;426.3433068;598.4586992;617.4204515;452.4963082;;58.72346878;1.2;80.00%;97.85%;0.05;149.01651;3;142.8426819;0.03;0.02;68.24648285;0.794785236;98.00%;2.564339638;0.1;0.1;2.5;80.00%;0.9;0.85;28592.23968;2447.866909;31040.10659;10.26589346;1000;0.2;800
54.71%;4.20%;24.56%;0.34%;0.70%;0.73%;0.24%;0.38%;0.12%;14.01%;230.4165717;75.20690239;32.33630602;825.0645918;93.57%;623.3416981;319.1544738;-1.132060473;50.20674664;0.050206747;12.50147991;47.45853368;30.75665804;477.7624082;562.6228056;500.8958599;425.5612973;;57.61511612;1.2;80.00%;99.98%;0.05;146.9712982;3;142.8654785;0.03;0.02;62.42368698;0.734465074;98.00%;2.675918102;0.1;0.1;2.5;80.00%;0.9;0.85;566.0302363;3559.390026;4125.420262;13.03020584;1000;0.2;800
52.27%;6.90%;23.87%;2.96%;0.26%;0.68%;0.09%;0.42%;0.12%;12.43%;231.6427654;60.10054642;25.82443898;829.2684365;84.64%;566.8397974;330.7708794;57.33137354;39.76606221;0.039766062;9.901749491;37.58935061;22.52108623;412.3154406;624.0416025;647.1758776;471.4296552;;53.33324814;1.2;80.00%;99.90%;0.05;146.5174866;3;146.6405182;0.03;0.02;65.44185638;0.766154788;98.00%;2.446703672;0.1;0.1;2.5;80.00%;0.9;0.85;28665.68677;2819.201296;31484.88806;7.572192245;1000;0.2;800
50.76%;7.46%;15.21%;1.86%;0.59%;0.29%;0.11%;0.56%;0.08%;23.08%;221.3165938;75.24405993;41.72471145;775.5399641;89.77%;574.4100417;307.1610033;37.62223706;65.37887886;0.065378879;16.27934084;61.80017491;52.23822225;511.9919578;787.6535413;679.3657688;594.1582826;;68.51637268;1.2;80.00%;100.00%;0.05;141.9732819;3;159.3525543;0.03;0.02;68.46537781;0.750088918;98.00%;2.194224358;0.1;0.1;2.5;80.00%;0.9;0.85;18811.11853;4635.013118;23446.13165;6.806915214;1000;0.2;800
51.17%;4.02%;12.38%;0.32%;0.84%;0.43%;0.06%;0.38%;0.02%;30.38%;214.921611;64.87705101;44.91305249;653.9039794;83.97%;521.7473859;296.3225157;71.4315832;70.62766834;0.070627668;17.58628942;66.76165656;49.79176144;507.4823967;653.4724208;543.3935728;493.3817976;;65.52010345;1.2;80.00%;97.54%;0.05;148.1212921;3;154.6495361;0.03;0.02;63.51926041;0.733168216;98.00%;2.169418812;0.1;0.1;2.5;80.00%;0.9;0.85;35715.7916;5007.124242;40722.91584;12.72055212;1000;0.2;800
54.67%;4.68%;12.70%;1.20%;0.49%;0.52%;0.21%;0.36%;0.08%;25.09%;216.6576379;64.05665925;24.72725736;639.9815149;85.34%;534.5600407;301.9131418;41.90816954;38.09896388;0.038098964;9.486642007;36.01350578;16.01055567;390.6904973;432.0281264;455.5647548;327.5063636;;71.4537735;1.2;80.00%;99.86%;0.05;145.1647034;3;154.906189;0.03;0.02;52.69806671;0.760153198;98.00%;2.6752882;0.1;0.1;2.5;80.00%;0.9;0.85;20954.08477;2701.012933;23655.0977;11.68711795;1000;0.2;800
50.60%;1.86%;13.91%;0.42%;1.41%;0.89%;0.22%;0.45%;0.13%;30.11%;231.4515559;71.4117248;28.67889248;862.4619774;90.47%;605.3382947;328.6915267;38.87913534;44.29939554;0.044299396;11.03054949;41.87453869;30.78631208;447.110834;468.1229036;449.7166326;354.7283894;;60.73661041;1.2;80.00%;98.21%;0.05;144.6598206;3;145.6283112;0.03;0.02;54.95306778;0.812469905;98.00%;2.548830271;0.1;0.1;2.5;80.00%;0.9;0.85;19439.56767;3140.590402;22580.15807;27.22940977;1000;0.2;800
59.26%;7.05%;20.53%;0.78%;0.81%;0.26%;0.15%;0.09%;0.01%;11.05%;214.2220067;70.56320262;12.03653108;769.2803933;101.30%;627.4003254;306.5213606;-5.768810202;17.5983106;0.017598311;4.381979339;16.63501565;-2.940825985;356.7251499;357.9506669;417.8042874;272.0546;;72.51712036;1.2;80.00%;99.23%;0.05;143.6128082;3;140.8727875;0.03;0.02;59.83244324;0.802676696;98.00%;2.600004673;0.1;0.1;2.5;80.00%;0.9;0.85;2884.405101;1247.626174;4132.031275;8.40313062;1000;0.2;800
50.48%;4.98%;13.24%;2.46%;1.12%;0.51%;0.26%;0.43%;0.10%;26.42%;250.9121267;54.45147259;42.63033463;833.6423517;85.04%;616.8771323;348.3841777;33.67116536;66.79218638;0.066792186;16.63125441;63.13612091;53.35947412;537.0638653;698.7446148;598.1373454;527.4231242;;71.54959869;1.2;80.00%;94.82%;0.05;146.427887;3;141.5580292;0.03;0.02;62.54966736;0.779297832;98.00%;2.851478577;0.1;0.1;2.5;80.00%;0.9;0.85;16835.58268;4735.209068;21570.79175;10.13702313;1000;0.2;800
52.48%;6.61%;14.23%;1.51%;1.45%;0.46%;0.27%;0.45%;0.04%;22.50%;213.7022308;56.79471454;30.28273518;793.1839393;84.95%;524.8444478;287.2420696;35.46676215;47.1567364;0.047156736;11.74202736;44.57547465;23.05243251;420.8134435;549.3283088;526.2892472;415.1403365;;67.37136841;1.2;80.00%;97.40%;0.05;146.8946381;3;153.5402069;0.03;0.02;59.75498199;0.7655034;98.00%;2.672903538;0.1;0.1;2.5;80.00%;0.9;0.85;17733.38107;3343.160599;21076.54167;7.936615671;1000;0.2;800
55.34%;5.04%;20.62%;0.43%;1.22%;0.47%;0.10%;0.28%;0.02%;16.49%;222.2023857;55.21733151;39.92234954;772.7686502;81.71%;524.9114754;302.2365405;73.00312727;62.62655033;0.06262655;15.59401103;59.19850312;38.76875473;479.1483879;609.9373074;536.1445374;460.6070414;;62.87454224;1.2;80.00%;99.45%;0.05;144.9019165;3;157.3300323;0.03;0.02;50.38499451;0.779702269;98.00%;2.153474569;0.1;0.1;2.5;80.00%;0.9;0.85;36501.56363;4439.887734;40941.45137;10.98328907;1000;0.2;800
58.25%;3.75%;23.14%;0.43%;1.39%;0.86%;0.16%;0.26%;0.07%;11.71%;234.2977437;59.49135639;30.75876345;668.7971746;87.88%;595.2624407;330.5376682;56.49790996;47.71784424;0.047717844;11.88174321;45.10586861;23.5553716;455.0908665;600.2869641;575.1938777;453.6826947;;59.61608505;1.2;80.00%;99.62%;0.05;145.0657349;3;146.3251953;0.03;0.02;50.96543503;0.822766552;98.00%;2.306520462;0.1;0.1;2.5;80.00%;0.9;0.85;28248.95498;3382.940146;31631.89513;15.54226162;1000;0.2;800
53.99%;2.61%;18.83%;0.27%;0.39%;0.65%;0.13%;0.07%;0.04%;23.03%;246.6305679;62.48651397;23.24282754;752.2247818;95.14%;678.3960802;353.1067018;4.477993984;35.49586882;0.035495869;8.838471335;33.55289873;13.4804413;447.5782509;582.8443336;582.2283795;440.8057405;;53.45991135;1.2;80.00%;99.54%;0.05;146.9587555;3;155.4333649;0.03;0.02;59.74200439;0.820104712;98.00%;2.949874401;0.1;0.1;2.5;80.00%;0.9;0.85;2238.996992;2516.467404;4755.464396;20.71085565;1000;0.2;800
54.91%;3.86%;20.55%;2.60%;1.12%;0.80%;0.22%;0.38%;0.13%;15.43%;228.5833123;55.20388075;16.43952794;887.2579988;95.21%;629.1997218;329.543733;55.54038858;24.68832368;0.024688324;6.147392597;23.33693615;13.57580451;384.0597746;449.2599952;499.2017862;340.3460339;;60.39475632;1.2;80.00%;100.00%;0.05;149.128891;3;146.960907;0.03;0.02;69.01435089;0.779730406;98.00%;2.355775833;0.1;0.1;2.5;80.00%;0.9;0.85;27770.19429;1750.270212;29520.4645;14.23652094;1000;0.2;800
58.64%;4.63%;17.35%;1.99%;0.41%;0.65%;0.02%;0.15%;0.08%;16.07%;232.4610775;52.07315036;23.78613833;710.6892292;87.70%;589.4037629;333.0574035;31.89628436;36.52510711;0.036525107;9.09475167;34.52579866;20.95229288;410.4868211;580.4229232;607.1096574;438.7597549;;68.62156677;1.2;80.00%;99.99%;0.05;141.5943604;3;145.6421814;0.03;0.02;50.04818726;0.730064032;98.00%;2.014054537;0.1;0.1;2.5;80.00%;0.9;0.85;15948.14218;2589.434899;18537.57708;12.65384462;1000;0.2;800
51.09%;2.62%;12.08%;0.88%;0.34%;0.90%;0.08%;0.05%;0.10%;31.87%;248.2892985;61.86192121;28.45615043;660.4354519;83.22%;597.3866005;354.1534124;61.89722345;43.89152058;0.043891521;10.92898863;41.48898997;31.32873919;441.4640723;550.6693803;561.4688256;416.5557785;;69.25419617;1.2;80.00%;95.28%;0.05;144.0029297;3;159.6844177;0.03;0.02;59.94053268;0.824102922;98.00%;2.102345943;0.1;0.1;2.5;80.00%;0.9;0.85;30948.61172;3111.674247;34060.28597;19.50735755;1000;0.2;800
49.60%;4.04%;18.88%;1.64%;0.98%;0.76%;0.21%;0.30%;0.10%;23.50%;216.2875843;81.02262769;16.52928771;650.8372633;102.92%;643.5631011;298.4915964;32.44161538;24.80151832;0.024801518;6.175578062;23.44393475;12.50567784;390.9984943;388.9570184;402.7057541;295.2988471;;74.22711182;1.2;80.00%;98.52%;0.05;149.1426086;3;149.7032928;0.03;0.02;64.81306458;0.778553929;98.00%;2.507086754;0.1;0.1;2.5;80.00%;0.9;0.85;16220.80769;1758.295106;17979.1028;12.28528431;1000;0.2;800
53.15%;5.39%;23.25%;2.95%;0.97%;0.85%;0.25%;0.54%;0.13%;12.52%;209.9865028;51.92347503;24.74401941;693.2617116;87.39%;530.5292529;295.007384;21.56094429;38.23413699;0.038234137;9.520300111;36.14127979;23.6532391;389.6997954;555.4017645;574.0165661;419.8709221;;61.25391006;1.2;80.00%;99.03%;0.05;143.9914551;3;152.4241638;0.03;0.02;58.70859146;0.753231157;98.00%;2.489041805;0.1;0.1;2.5;80.00%;0.9;0.85;10780.47214;2710.595985;13491.06813;9.853003151;1000;0.2;800
49.38%;6.41%;15.04%;2.30%;0.94%;0.61%;0.02%;0.11%;0.06%;25.13%;225.0370661;56.04408544;32.79535613;738.1581933;83.43%;542.7615797;314.5838643;58.61841359;51.08937128;0.051089371;12.72125345;48.29284528;33.33750082;443.8774189;715.1170649;690.6393972;539.6600156;;66.93030548;1.2;80.00%;99.36%;0.05;142.993988;3;151.0237122;0.03;0.02;62.56568527;0.784726595;98.00%;2.337113142;0.1;0.1;2.5;80.00%;0.9;0.85;29309.20679;3621.963396;32931.17019;7.707043052;1000;0.2;800
50.09%;2.75%;12.37%;1.40%;0.54%;0.76%;0.14%;0.09%;0.13%;31.73%;209.0499875;65.57546435;38.71621726;682.2837455;89.76%;542.5110322;289.0389906;28.75790306;60.67467851;0.060674679;15.10799495;57.35347271;40.23612117;479.35575;608.3052826;521.7244968;459.5528208;;55.32548141;1.2;80.00%;97.63%;0.05;140.7515717;3;148.9875336;0.03;0.02;52.64640045;0.765345739;98.00%;2.604180336;0.1;0.1;2.5;80.00%;0.9;0.85;14378.95153;4301.510453;18680.46198;18.22925447;1000;0.2;800
60.40%;6.35%;24.41%;0.95%;1.21%;0.55%;0.15%;0.12%;0.02%;5.86%;212.0657328;55.38293671;17.18652418;732.8687802;88.46%;542.3091109;299.1414026;40.99138124;26.02236193;0.026022362;6.479568121;24.59795192;8.835958497;348.9531897;388.585545;454.7028628;294.7626163;;70.65540314;1.2;80.00%;99.03%;0.05;143.8144073;3;149.3580627;0.03;0.02;52.79214096;0.812847142;98.00%;2.768721104;0.1;0.1;2.5;80.00%;0.9;0.85;20495.69062;1844.846394;22340.53701;9.515598961;1000;0.2;800
57.91%;6.09%;20.62%;2.25%;0.79%;0.64%;0.16%;0.06%;0.06%;11.42%;255.707203;61.514438;38.53275359;922.0801755;89.05%;658.2856271;356.8312797;36.26865523;60.11072338;0.060110723;14.96757012;56.82038731;42.31176433;531.0197417;736.063672;647.7428205;555.5850188;;63.88193512;1.2;80.00%;96.94%;0.05;143.7626343;3;146.2483063;0.03;0.02;69.88262939;0.812307082;98.00%;2.415963173;0.1;0.1;2.5;80.00%;0.9;0.85;18134.32761;4261.529048;22395.85666;9.50198652;1000;0.2;800
62.12%;4.44%;16.70%;0.82%;0.42%;0.52%;0.04%;0.24%;0.12%;14.58%;245.1668323;56.99979011;36.96953368;755.9617638;86.86%;615.6354884;335.3668809;28.97725522;57.7154955;0.057715495;14.37115838;54.55626922;36.98237237;502.3082447;701.8696322;628.1747941;529.803537;;64.33152771;1.2;80.00%;98.30%;0.05;146.2638855;3;140.4961395;0.03;0.02;56.87304306;0.725027285;98.00%;2.282318354;0.1;0.1;2.5;80.00%;0.9;0.85;14488.62761;4091.720192;18580.3478;14.00407206;1000;0.2;800
55.55%;6.98%;13.46%;1.80%;0.39%;0.72%;0.14%;0.14%;0.13%;20.70%;262.9979457;53.48380767;27.29786187;749.788557;78.88%;599.7395284;370.4812532;48.72085736;42.00907725;0.042009077;10.46026024;39.70958767;25.53058668;435.513107;527.3935727;559.9018522;399.1353435;;73.67711639;1.2;80.00%;98.82%;0.05;143.2950287;3;156.3341675;0.03;0.02;52.78421783;0.793660245;98.00%;2.756847858;0.1;0.1;2.5;80.00%;0.9;0.85;24360.42868;2978.219075;27338.64775;7.964513483;1000;0.2;800
53.70%;6.31%;22.30%;2.40%;0.95%;0.53%;0.28%;0.07%;0.01%;13.44%;235.2095534;83.3479696;42.2264664;933.102376;93.94%;638.8109999;324.2830307;48.84885236;66.0603436;0.066060344;16.44902556;62.44433769;51.47819984;544.4118192;610.8931389;479.0189283;461.7438248;;65.87709808;1.2;80.00%;96.65%;0.05;148.2153625;3;140.9503784;0.03;0.02;54.02103424;0.812364708;98.00%;2.683507919;0.1;0.1;2.5;80.00%;0.9;0.85;24424.42618;4683.325326;29107.75151;8.512425421;1000;0.2;800
50.32%;2.96%;24.16%;2.83%;0.50%;0.60%;0.13%;0.38%;0.03%;18.09%;227.3731936;61.99255939;38.17924177;807.3990492;88.83%;583.9255263;308.3406022;-11.49187757;59.74905826;0.059749058;14.87751551;56.47851898;36.48576728;495.6065933;739.3274703;650.6804417;557.9119802;;57.91506958;1.2;80.00%;99.30%;0.05;145.8789215;3;153.814209;0.03;0.02;56.39389038;0.806931625;98.00%;2.557926655;0.1;0.1;2.5;80.00%;0.9;0.85;5745.938784;4235.888924;9981.827707;17.02174606;1000;0.2;800
58.17%;3.87%;23.93%;0.66%;1.47%;0.51%;0.07%;0.38%;0.02%;10.92%;213.0570091;50.71105437;18.41050698;716.8810066;92.34%;568.7609796;304.9112605;69.22428278;27.9986339;0.027998634;6.97165984;26.46604686;11.19106562;368.6117986;598.0816507;645.6656958;451.7399624;;72.43412781;1.2;80.00%;99.96%;0.05;142.4733887;3;157.6434174;0.03;0.02;52.21829987;0.795963367;98.00%;2.46246314;0.1;0.1;2.5;80.00%;0.9;0.85;34612.14139;1984.953515;36597.09491;15.02030567;1000;0.2;800
62.75%;5.65%;14.75%;1.08%;0.61%;0.59%;0.16%;0.50%;0.08%;13.83%;246.2918821;51.05126543;23.93238796;772.4765353;88.51%;630.1913157;353.3773686;63.47783807;36.67891239;0.036678912;9.133049184;34.67118495;17.68543993;429.5498367;598.1227013;619.8918891;452.0850937;;69.60939789;1.2;80.00%;96.58%;0.05;142.2729797;3;147.8864441;0.03;0.02;51.86764908;0.814803138;98.00%;2.333297729;0.1;0.1;2.5;80.00%;0.9;0.85;31738.91903;2600.338871;34339.25791;11.10575866;1000;0.2;800
60.06%;3.64%;20.73%;2.17%;1.05%;0.38%;0.05%;0.33%;0.14%;11.45%;265.6621601;60.34838798;34.45035037;782.3419712;87.72%;673.6883304;364.7599462;14.87484853;53.50896995;0.05350897;13.32373352;50.58000014;38.85381268;513.2985441;579.9264246;518.1480702;438.6032596;;56.85265732;1.2;80.00%;95.88%;0.05;140.9929352;3;142.5955048;0.03;0.02;64.1540451;0.816404877;98.00%;2.40330267;0.1;0.1;2.5;80.00%;0.9;0.85;7437.424266;3793.500011;11230.92428;16.49859306;1000;0.2;800
59.02%;4.86%;13.06%;2.78%;0.88%;0.52%;0.29%;0.58%;0.09%;17.92%;254.2688542;57.63405004;22.58463135;767.5911937;89.80%;660.0991604;351.5219815;25.95353189;34.47397625;0.034473976;8.584020086;32.58694243;14.13636867;435.0135249;595.4427123;607.9596634;450.0933653;;66.1926651;1.2;80.00%;98.22%;0.05;147.9331207;3;159.5652466;0.03;0.02;54.91228867;0.757012994;98.00%;2.91444397;0.1;0.1;2.5;80.00%;0.9;0.85;12976.76595;2444.020683;15420.78663;12.13279927;1000;0.2;800
58.56%;4.69%;17.40%;1.72%;1.12%;0.33%;0.25%;0.41%;0.07%;15.46%;249.8881956;55.91273893;29.77425808;929.415917;82.95%;599.2271774;349.8863195;91.10494622;46.07123468;0.046071235;11.47173744;43.54939105;30.06738196;451.1529686;526.1716516;522.4786648;398.0701433;;70.42510223;1.2;80.00%;99.91%;0.05;141.5980835;3;152.6120453;0.03;0.02;68.16201019;0.802809109;98.00%;2.443465471;0.1;0.1;2.5;80.00%;0.9;0.85;45552.47311;3266.204328;48818.67744;12.48692346;1000;0.2;800
54.90%;5.88%;19.11%;1.55%;1.18%;0.74%;0.18%;0.07%;0.05%;16.34%;247.9287586;71.00038422;28.81430755;825.5618865;94.30%;675.8928965;353.1890302;13.44930664;44.41366158;0.044413662;11.05900173;41.98255005;24.40373386;480.2479697;549.3751961;513.1410799;415.8046891;;65.37574005;1.2;80.00%;95.79%;0.05;145.9812927;3;143.8689423;0.03;0.02;59.22287369;0.734955369;98.00%;2.434604168;0.1;0.1;2.5;80.00%;0.9;0.85;6724.65332;3148.691254;9873.344574;9.339584509;1000;0.2;800
54.21%;4.25%;16.74%;0.78%;1.43%;0.53%;0.15%;0.43%;0.14%;21.33%;232.4285742;62.17936017;35.66184095;740.7479095;80.24%;539.1822656;314.1696262;33.58869765;55.66818793;0.055668188;13.8613788;52.62102702;34.86146155;459.3190359;665.0525173;623.7796087;502.1971998;;51.87065125;1.2;80.00%;98.80%;0.05;147.2008362;3;153.9711456;0.03;0.02;54.1579628;0.782354935;98.00%;2.783085823;0.1;0.1;2.5;80.00%;0.9;0.85;16794.34882;3946.577026;20740.92585;12.74442723;1000;0.2;800
55.10%;3.34%;18.72%;2.79%;0.33%;0.59%;0.23%;0.40%;0.11%;18.39%;229.5109951;71.40055029;26.1720546;885.7360943;93.15%;618.0421527;323.7551099;52.8121043;40.28360204;0.040283602;10.03061691;38.07856138;16.16673335;437.727588;515.9746278;502.2009812;390.4949032;;57.25720215;1.2;80.00%;100.00%;0.05;142.6742249;3;157.0072479;0.03;0.02;54.92025375;0.806212794;98.00%;2.563151836;0.1;0.1;2.5;80.00%;0.9;0.85;26406.05215;2855.892104;29261.94425;16.51843304;1000;0.2;800
53.02%;4.93%;15.36%;2.03%;1.41%;0.38%;0.23%;0.54%;0.03%;22.07%;233.2641979;63.93295097;20.77555518;809.6227182;95.47%;643.8208116;335.8020006;37.82165316;31.58816244;0.031588162;7.865452447;29.85909207;19.65316779;417.0551344;525.2675943;544.2228375;397.5458411;;67.56960297;1.2;80.00%;99.71%;0.05;147.5198059;3;152.1110229;0.03;0.02;54.57721329;0.802833397;98.00%;2.244368315;0.1;0.1;2.5;80.00%;0.9;0.85;18910.82658;2239.431906;21150.25848;10.75925027;1000;0.2;800
52.21%;2.27%;13.36%;1.95%;0.69%;0.42%;0.13%;0.46%;0.14%;28.36%;224.4665163;58.03862486;30.06462201;672.8732044;90.87%;589.7051054;317.136909;24.49543654;46.66751541;0.046667515;11.62021134;44.11303261;26.93880572;448.8646126;537.2238899;507.3803235;406.3538121;;72.68268585;1.2;80.00%;99.52%;0.05;145.3721313;3;148.5687866;0.03;0.02;51.98855591;0.804371986;98.00%;2.989966393;0.1;0.1;2.5;80.00%;0.9;0.85;12247.71827;3308.477446;15556.19571;22.96505828;1000;0.2;800
60.13%;4.01%;15.67%;1.70%;0.48%;0.58%;0.13%;0.09%;0.03%;17.19%;221.0326942;54.24262661;14.44676699;874.8950422;94.08%;601.2050395;319.3329945;31.79312113;21.52950716;0.021529507;5.360847282;20.35102668;6.015466332;359.2297908;376.4882955;446.2863024;285.7727318;;58.04777908;1.2;80.00%;97.33%;0.05;143.2990265;3;146.3175507;0.03;0.02;60.31209183;0.815701582;98.00%;2.880962849;0.1;0.1;2.5;80.00%;0.9;0.85;15896.56057;1526.327001;17422.88757;15.00603354;1000;0.2;800
57.10%;1.77%;14.26%;2.05%;0.59%;0.38%;0.09%;0.52%;0.06%;23.19%;254.5995909;54.79686969;24.74526549;921.6044173;89.38%;657.8848444;356.0796483;35.72178499;37.95219612;0.037952196;9.450096833;35.87477178;28.03506732;447.2866429;509.1747659;512.3873885;385.3801534;;57.85428619;1.2;80.00%;99.26%;0.05;143.0075226;3;158.7086029;0.03;0.02;68.71269989;0.77695504;98.00%;2.159811974;0.1;0.1;2.5;80.00%;0.9;0.85;17860.8925;2690.607883;20551.50038;32.30266704;1000;0.2;800
49.01%;3.95%;15.13%;1.92%;1.28%;0.70%;0.10%;0.48%;0.07%;27.37%;241.7628638;55.96942656;11.56488233;676.941384;90.66%;633.6810046;350.501064;82.77286026;16.7415758;0.016741576;4.168652373;15.82517673;3.991073969;356.0958521;369.3778845;468.8024305;280.5497811;;65.71087646;1.2;80.00%;99.77%;0.05;143.0266418;3;149.4118042;0.03;0.02;61.64946365;0.731805955;98.00%;2.83733964;0.1;0.1;2.5;80.00%;0.9;0.85;41386.43013;1186.888255;42573.31839;12.40982491;1000;0.2;800
62.84%;6.21%;13.77%;1.58%;0.73%;0.78%;0.14%;0.23%;0.11%;13.61%;207.4809819;67.52966048;24.28802186;835.2028292;88.63%;531.6319848;295.0988672;25.11917911;37.39880827;0.037398808;9.312303258;35.35167523;22.00958772;386.7986006;488.0726705;509.7036891;369.5514124;;55.18990326;1.2;80.00%;97.79%;0.05;149.0539093;3;140.3356018;0.03;0.02;65.11587524;0.769961861;98.00%;2.256708622;0.1;0.1;2.5;80.00%;0.9;0.85;12559.58955;2651.375642;15210.96519;10.12314322;1000;0.2;800
60.03%;4.96%;24.71%;1.75%;0.65%;0.26%;0.17%;0.56%;0.01%;6.92%;266.0603766;71.49508454;37.78345839;793.5467239;86.15%;662.6359191;368.057495;13.81289986;58.79087757;0.058790878;14.63892852;55.57278712;42.70682008;528.0362707;587.5760577;512.801094;444.4323098;;68.82886505;1.2;80.00%;100.00%;0.05;142.153717;3;152.4374695;0.03;0.02;54.20822144;0.751864509;98.00%;2.458164215;0.1;0.1;2.5;80.00%;0.9;0.85;6906.449929;4167.959034;11074.40896;12.11415919;1000;0.2;800
54.07%;5.69%;24.98%;2.37%;1.05%;0.52%;0.06%;0.07%;0.09%;11.09%;254.1404559;73.33841678;30.40797426;852.3211043;88.34%;649.0619111;361.9155581;51.94795606;46.92730903;0.046927309;11.68489995;44.35860566;28.14162075;477.1404485;679.2859934;655.317758;513.2143122;;65.43264771;1.2;80.00%;96.71%;0.05;146.9945526;3;146.3001404;0.03;0.02;61.39705658;0.806037538;98.00%;2.4383111;0.1;0.1;2.5;80.00%;0.9;0.85;25973.97803;3326.895425;29300.87345;9.496874412;1000;0.2;800
50.70%;5.69%;12.62%;2.61%;0.93%;0.63%;0.29%;0.24%;0.10%;26.19%;228.9320924;78.9691011;34.64055488;786.1815962;94.91%;628.1330018;312.4640464;-0.800490179;53.92263489;0.053922635;13.42673609;50.97102192;33.76933505;493.5760244;752.7312424;667.3652447;568.1540258;;71.77032471;1.2;80.00%;99.32%;0.05;144.8129272;3;154.3483887;0.03;0.02;69.87680054;0.771454583;98.00%;2.647672415;0.1;0.1;2.5;80.00%;0.9;0.85;400.2450893;3822.826644;4223.071734;8.916747014;1000;0.2;800
61.94%;3.56%;20.55%;1.67%;1.49%;0.50%;0.01%;0.14%;0.04%;10.10%;214.65578;56.68396577;34.47049633;760.944263;85.91%;533.1334533;299.3184122;58.36784874;53.84944915;0.053849449;13.40851284;50.90184222;33.31940091;449.9290529;542.6624962;498.0842305;410.231507;;66.01018524;1.2;80.00%;97.89%;0.05;148.2912445;3;141.5814667;0.03;0.02;61.36849594;0.725014747;98.00%;2.320280075;0.1;0.1;2.5;80.00%;0.9;0.85;29183.92437;3817.638166;33001.56253;17.39478094;1000;0.2;800
57.29%;5.60%;20.35%;0.71%;0.36%;0.43%;0.19%;0.55%;0.04%;14.48%;262.2491322;58.53450489;22.17355869;770.8987689;81.07%;614.6372932;370.3990548;46.97987354;33.72408838;0.033724088;8.397298005;31.87810187;9.869898171;411.1084459;560.4003161;618.9018357;423.9703165;;51.48685455;1.2;80.00%;99.34%;0.05;148.0373688;3;156.696106;0.03;0.02;52.75065613;0.771544847;98.00%;2.479045391;0.1;0.1;2.5;80.00%;0.9;0.85;23489.93677;2390.85764;25880.79441;10.2396768;1000;0.2;800
54.50%;6.53%;17.88%;1.33%;0.67%;0.35%;0.28%;0.23%;0.09%;18.13%;242.5756746;85.42352;34.16456039;863.9143697;93.78%;657.6433539;340.756283;55.70743204;52.99148883;0.052991489;13.19488072;50.09084487;40.8786923;503.9867172;632.8146297;559.33431;478.3234068;;60.64414215;1.2;80.00%;100.00%;0.05;142.8530579;3;140.475235;0.03;0.02;60.89323807;0.812535399;98.00%;2.710660934;0.1;0.1;2.5;80.00%;0.9;0.85;27853.71602;3756.813365;31610.52939;8.348752047;1000;0.2;800
52.00%;2.39%;21.82%;2.11%;1.23%;0.46%;0.26%;0.42%;0.15%;19.17%;230.7469551;72.1698033;39.54688385;875.7348122;94.18%;628.2451637;322.552235;-21.20352431;61.82434709;0.061824347;15.39426243;58.44021082;43.13302454;523.907906;638.0329205;528.5062855;482.1210013;;60.24744415;1.2;80.00%;97.99%;0.05;148.479248;3;143.317276;0.03;0.02;60.06977844;0.774021524;98.00%;2.053784609;0.1;0.1;2.5;80.00%;0.9;0.85;10601.76215;4383.015812;14984.77796;21.74351319;1000;0.2;800
54.61%;3.47%;24.39%;1.27%;1.13%;0.83%;0.02%;0.06%;0.06%;14.15%;220.1455901;54.5028845;15.12494116;593.494471;89.40%;568.9847285;312.9547405;51.07587822;22.64776744;0.022647767;5.639294092;21.40807572;-0.032208907;348.8542882;532.3050943;609.0178726;402.5005656;;60.20944977;1.2;80.00%;99.92%;0.05;142.0050659;3;148.7810059;0.03;0.02;61.3225975;0.778168883;98.00%;2.594254971;0.1;0.1;2.5;80.00%;0.9;0.85;25537.93911;1605.605679;27143.54479;15.73686744;1000;0.2;800
55.57%;4.12%;19.94%;2.72%;0.87%;0.75%;0.17%;0.30%;0.14%;15.42%;231.2187583;61.61086461;21.5498845;807.0141451;91.26%;610.049262;332.1128792;58.15453252;32.8662308;0.032866231;8.183691469;31.06720163;17.7527565;405.7697958;596.4926215;625.647398;450.8023828;;59.62282944;1.2;80.00%;98.52%;0.05;141.6286774;3;145.0212097;0.03;0.02;68.15618896;0.771239599;98.00%;2.611086845;0.1;0.1;2.5;80.00%;0.9;0.85;29077.26626;2330.040122;31407.30638;13.47998256;1000;0.2;800
51.35%;4.32%;12.19%;1.84%;1.08%;0.27%;0.08%;0.09%;0.13%;28.65%;235.2735254;64.58072548;25.39504944;823.5560025;89.21%;606.7818291;331.6789533;31.64256679;39.04171193;0.039041712;9.721386271;36.90464976;23.74419803;427.8778417;595.6961475;600.8528004;450.293609;;69.84375;1.2;80.00%;98.09%;0.05;143.9570923;3;150.9897614;0.03;0.02;67.93367004;0.734953278;98.00%;2.366998196;0.1;0.1;2.5;80.00%;0.9;0.85;15821.2834;2767.848732;18589.13213;11.8921088;1000;0.2;800
57.51%;3.89%;16.29%;2.06%;0.53%;0.47%;0.10%;0.31%;0.13%;18.72%;217.4259584;66.69768246;26.48064371;709.627036;86.29%;542.4318368;303.8082271;61.32674567;40.89758296;0.040897583;10.18349816;38.65893427;22.70922644;404.9354896;458.0759759;466.4406331;346.937022;;60.71988297;1.2;80.00%;97.47%;0.05;143.5324402;3;149.27742;0.03;0.02;63.35143661;0.736225877;98.00%;2.887219191;0.1;0.1;2.5;80.00%;0.9;0.85;30663.37283;2899.42007;33562.7929;14.79094648;1000;0.2;800
54.93%;2.58%;12.91%;1.35%;1.47%;0.58%;0.13%;0.41%;0.08%;25.56%;243.4863487;71.83160898;24.07135276;949.9635468;86.44%;608.4983438;340.8284595;47.13636114;36.82339057;0.036823391;9.169024253;34.8077547;22.90980484;420.1401659;520.2402663;542.2538336;393.8489813;;57.30673981;1.2;80.00%;99.09%;0.05;141.7724915;3;142.471344;0.03;0.02;53.36684418;0.761184299;98.00%;2.320332527;0.1;0.1;2.5;80.00%;0.9;0.85;23568.18057;2610.581603;26178.76217;21.28016548;1000;0.2;800
51.70%;1.68%;23.14%;1.10%;0.64%;0.68%;0.09%;0.27%;0.04%;20.66%;232.5610354;80.07736734;16.40066802;768.4628735;95.83%;644.3219172;334.0401839;14.58704953;24.44595874;0.024445959;6.087043726;23.10783776;4.41736464;390.1375296;379.3000907;426.0257286;288.2287983;;70.66598511;1.2;80.00%;98.49%;0.05;145.0126343;3;154.9030304;0.03;0.02;57.95411301;0.809869411;98.00%;2.724894047;0.1;0.1;2.5;80.00%;0.9;0.85;7293.524763;1733.087832;9026.612595;30.85531427;1000;0.2;800
57.07%;4.50%;20.82%;2.58%;0.95%;0.72%;0.19%;0.22%;0.11%;12.85%;218.891713;74.703814;11.00133967;848.1359756;102.50%;648.6646238;314.7174954;43.16793946;15.86881395;0.015868814;3.951334674;15.00018806;5.262787549;359.7302267;497.7913538;559.8957607;376.9021682;;52.58957291;1.2;80.00%;98.30%;0.05;143.8368988;3;146.6620483;0.03;0.02;66.0632782;0.78850386;98.00%;2.375584602;0.1;0.1;2.5;80.00%;0.9;0.85;21583.96973;1125.014104;22708.98383;12.69545787;1000;0.2;800
61.57%;1.82%;13.66%;0.89%;0.35%;0.57%;0.05%;0.33%;0.08%;20.67%;241.6148828;57.19820836;27.5774524;742.5970502;87.75%;612.9668986;339.1418766;25.61198166;42.57164543;0.042571645;10.60033971;40.24136203;29.68882185;444.078793;625.7320472;619.8320825;472.8104686;;70.34339905;1.2;80.00%;99.92%;0.05;148.3855896;3;151.7503357;0.03;0.02;51.15732956;0.746690422;98.00%;2.932644129;0.1;0.1;2.5;80.00%;0.9;0.85;12805.99083;3018.102152;15824.09298;33.83667341;1000;0.2;800
50.94%;7.80%;16.19%;0.70%;1.03%;0.41%;0.19%;0.21%;0.08%;22.46%;260.6850601;61.26006869;11.97289805;990.9284226;87.97%;662.9601506;380.66644;53.12654546;17.23350465;0.017233505;4.291142657;16.29017842;5.459125509;371.3834642;338.4637586;447.3912977;257.6734396;;53.77422333;1.2;80.00%;99.42%;0.05;146.8269501;3;157.2520599;0.03;0.02;63.70241547;0.819439979;98.00%;2.068336964;0.1;0.1;2.5;80.00%;0.9;0.85;26563.27273;1221.763381;27785.03611;6.533085323;1000;0.2;800
56.75%;5.59%;18.44%;1.79%;0.96%;0.51%;0.04%;0.22%;0.11%;15.59%;215.6562169;82.80798895;46.97508538;660.8185741;97.40%;607.2741369;294.8505995;11.89304063;73.83950472;0.073839505;18.38603668;69.79768369;58.36826076;559.2749708;667.4603389;494.8742669;504.1308541;;73.37364197;1.2;80.00%;100.00%;0.05;146.6804352;3;145.3942719;0.03;0.02;54.98622894;0.759475308;98.00%;2.394197464;0.1;0.1;2.5;80.00%;0.9;0.85;5946.520316;5234.826277;11181.34659;10.15354206;1000;0.2;800
