Kadar Al2O3;Reactive SiO2 (Kaolinite, Clay,Ect);Fe2O3 (Hematite — INERT in NaOH);TiO2 (Rutile/Anatase — INERT);CaO (Calcium Oxide — INERT);MgO (Magnesium Oxide — INERT);Na2O (Sodium Oxide — INERT);K2O (Potassium Oxide — INERT);Cr2O3 (Chromium Oxide — INERT);Others;Alumunium Feed (Al) from bauxite   ;Alumunium in Recycled Spent Liquor  ;Alumunium Lost in Red Mud   ;Alumina Hydrate Seed;Alumunium Recovery Rate (From Feed) ;Pure Al(OH)3 (dry, precipitated)    ;NaOH Consumed (Net, Digestion)  ;Net Make-up NaOH Required (Recycled Spent Liquor)   ;CaOH Consumed (Net, Pre-Desilication)   ;CaOH2 Lost in Red Mud (Net, Clarification)  ;CaOH2  consumption (Net, Spent Liquor Conditioning) ;Total CaO consumed  ;CaO Addition in process ;Water Consumption (Pre-Decilication, Digestion, Precipitation)  ;Water added from redmud washing into conditioning   ;Water removed through evaporation   ;Wet Red Mud Discharge   ;-----;Bauxite Particle size ;Target Ca/Si Ratio in Pre-Desilication Slurry   ;Pre-Desilication Process Efficiency ;Digestion Efficiency of Bauxite   ;Steam Injected Into digester    ;Suhu Digester   ;L/S Ratio (Liquor-to-Solid in Digester) ;Target NaOH Solution Concentration in Digestion Tank    ;Digestion Steam Evaporation Loss    ;Steam Flashing Water release    ;Precipitation Temperature   ;Precipitation Yield (Al(OH)? from liquor)   ;Clarification Process Efficiency    ;Seed Alumino Hydrate Ratio  ;Free Moisture in Wet Alumina Hydrate    ;NaOH affected by carbonation    ;Wash Water Added to Red Mud (ton/ton RM)    ;Red Mud Wash Efficiency ;Spent Liquor Na2CO3 conversion efficiency   ;Minimum Causticity (Active NaOH/(NaOH+Na2CO3)   ;Total NaOH OPEX (per Hr)  ;Total CaO OPEX (Per Hr);Total OPEX;Al/Si Rati;Bauxite Feed Rate;Moisture in Bauxite;Dry Bauxite Feed rate
53.94%;7.70%;15.01%;1.88%;1.01%;0.39%;0.21%;0.53%;0.03%;19.30%;228.3720989;58.8965840;46.3544728;5128.7751921;82.74%;546.2733513;311.0618489;43.6597582;72.9235746;0.2520700;18.1579701;68.9318897;47.1648532;729.9438421;674.1731208;352.2622846;508.9789927;;70.282341;1.2;80.00%;98.44%;0.05;144.9542084;3;155.866394;0.03;0.02;60.72565079;0.774818011;98.00%;2.334920406;0.1;0.1;2.5;80.00%;0.9;0.85;21829.8790858;5169.8917288;26999.7708146;7.0051948;1000;0.2;800
49.61%;1.76%;16.83%;1.23%;1.07%;0.55%;0.20%;0.11%;0.10%;28.53%;210.0396705;69.3442263;11.4382947;5870.4258358;93.89%;570.1433892;300.6414303;36.5948157;16.6682456;0.2186315;4.1503932;15.7558605;4.0673950;372.9404601;401.2192018;445.2194756;304.4020795;;70.55255127;1.2;80.00%;98.18%;0.05;146.0691681;3;148.0413818;0.03;0.02;65.10643005;0.751929761;98.00%;2.916939497;0.1;0.1;2.5;80.00%;0.9;0.85;18297.4078355;1181.6895380;19479.0973735;28.1875000;1000;0.2;800
55.38%;6.10%;18.98%;2.25%;1.25%;0.65%;0.12%;0.60%;0.15%;14.53%;234.4687956;73.3717278;37.0519559;6810.0429573;87.45%;592.7873466;328.9578903;44.1762171;57.7706241;0.2160489;14.3848854;54.6083802;33.7654032;652.0992758;661.9830318;435.2512197;500.1581815;;59.09573746;1.2;80.00%;99.87%;0.05;144.2741394;3;159.5708771;0.03;0.02;65.74011993;0.748490604;98.00%;2.913559914;0.1;0.1;2.5;80.00%;0.9;0.85;22088.1085572;4095.6285124;26183.7370696;9.0786885;1000;0.2;800
49.92%;4.44%;17.89%;2.75%;0.70%;0.92%;0.24%;0.13%;0.14%;22.88%;211.3521538;47.1649059;27.1054296;5567.3343091;89.64%;547.7482926;299.2547167;37.6615490;42.0494378;0.1933054;10.4703100;39.7477390;26.2554738;528.7236815;568.8296196;448.2122454;429.7448088;;62.25677109;1.2;80.00%;99.73%;0.05;147.5646362;3;144.8254395;0.03;0.02;52.48376083;0.813752812;98.00%;2.900915623;0.1;0.1;2.5;80.00%;0.9;0.85;18830.7744828;2981.0804254;21811.8549083;11.2432432;1000;0.2;800
62.75%;4.38%;13.73%;1.01%;1.36%;0.82%;0.24%;0.07%;0.13%;15.52%;265.6720282;72.1637441;27.0373669;5534.3179533;88.65%;680.9148727;367.7212005;28.8750124;41.4812022;0.0000000;10.3288193;39.2106074;20.5449944;586.5362049;499.9408486;371.1600950;378.7514063;;68.59518433;1.2;80.00%;96.43%;0.05;142.4036102;3;148.6212006;0.03;0.02;60.10769653;0.777963829;98.00%;2.280640602;0.1;0.1;2.5;80.00%;0.9;0.85;14437.5061884;2940.7955548;17378.3017432;14.3264840;1000;0.2;800
51.07%;4.14%;21.65%;1.18%;1.39%;0.60%;0.12%;0.43%;0.05%;19.37%;216.2210435;54.1473749;25.3920050;5160.2641292;90.59%;566.2996155;307.6956117;39.1853821;39.2082596;0.1792095;9.7628566;37.0620810;18.5830769;518.4299062;586.5680845;483.1993808;443.1952124;;56.75382614;1.2;80.00%;99.85%;0.05;145.279007;3;146.8741608;0.03;0.02;56.33272934;0.796226372;98.00%;2.574302912;0.1;0.1;2.5;80.00%;0.9;0.85;19592.6910623;2779.6560724;22372.3471347;12.3357488;1000;0.2;800
62.43%;3.24%;13.85%;1.79%;1.34%;0.38%;0.19%;0.36%;0.12%;16.30%;264.3172067;90.3978589;20.4335784;5564.6268922;92.73%;708.6176962;377.7198558;18.6673426;30.6847249;0.0000000;7.6404965;29.0051068;12.5258863;528.5919861;433.9707114;373.4723159;329.6024097;;70.69078064;1.2;80.00%;98.81%;0.05;147.4255066;3;148.27005;0.03;0.02;66.82032013;0.742490906;98.00%;2.174870014;0.1;0.1;2.5;80.00%;0.9;0.85;9333.6713073;2175.3830132;11509.0543205;19.2685185;1000;0.2;800
56.16%;7.51%;13.39%;0.90%;0.25%;0.70%;0.13%;0.53%;0.11%;20.32%;237.7711730;49.0143585;45.2488328;5268.8673492;85.05%;584.6406803;330.0243314;45.0182330;71.1241618;0.2046225;17.7099163;67.2309730;51.8816685;735.7141014;618.1194675;304.4906838;466.9308559;;50.86836243;1.2;80.00%;100.00%;0.05;142.3977203;3;158.8249817;0.03;0.02;51.49097443;0.818051658;98.00%;2.398954391;0.1;0.1;2.5;80.00%;0.9;0.85;22509.1164891;5042.3229719;27551.4394610;7.4780293;1000;0.2;800
62.16%;6.11%;17.30%;2.27%;0.48%;0.57%;0.26%;0.23%;0.10%;10.51%;263.1740761;56.7573402;37.1600798;7040.2657377;88.88%;676.2490214;371.8593304;41.8974769;57.8653300;0.0121932;14.4084672;54.6979021;39.9971497;691.6080216;626.9339258;390.9710332;473.8171181;;61.24282074;1.2;80.00%;100.00%;0.05;148.6824951;3;156.2115173;0.03;0.02;51.54571533;0.817874808;98.00%;2.933590412;0.1;0.1;2.5;80.00%;0.9;0.85;20948.7384527;4102.3426575;25051.0811102;10.1734861;1000;0.2;800
57.16%;4.22%;15.27%;2.10%;1.29%;0.59%;0.21%;0.33%;0.03%;18.80%;242.0049902;53.1894686;25.9508790;4357.7156119;90.35%;632.1370630;341.8864853;38.0959627;39.9659071;0.0314192;9.9515109;37.7782564;19.9570494;554.0158695;510.7058375;395.8784105;386.4176718;;58.14865875;1.2;80.00%;98.72%;0.05;142.0378265;3;145.7255402;0.03;0.02;51.56568146;0.817470361;98.00%;2.021293402;0.1;0.1;2.5;80.00%;0.9;0.85;19047.9813380;2833.3692332;21881.3505712;13.5450237;1000;0.2;800
61.92%;7.77%;22.23%;2.76%;0.81%;0.27%;0.26%;0.60%;0.06%;3.31%;262.1579600;81.3131511;47.0024116;7921.9701387;85.90%;651.0550564;365.4001374;43.1437705;73.5865162;0.0241782;18.3230425;69.5585433;49.2670791;782.8114689;795.4882608;459.0136373;600.4538630;;53.42116165;1.2;80.00%;100.00%;0.05;144.7457428;3;154.7686157;0.03;0.02;66.064888;0.746709460;98.00%;2.977149963;0.1;0.1;2.5;80.00%;0.9;0.85;21571.8852505;5216.8907445;26788.7759950;7.9691120;1000;0.2;800
56.53%;1.80%;20.31%;1.47%;0.82%;0.63%;0.14%;0.06%;0.13%;18.10%;239.3376854;79.6305662;11.8387421;6589.3793350;95.25%;659.0506126;346.6211029;37.2998959;17.0470694;0.0316380;4.2447203;16.1139482;6.3543813;416.3587791;456.8437504;489.9420201;346.4346156;;55.35100174;1.2;80.00%;99.19%;0.05;141.4667969;3;147.7210846;0.03;0.02;64.8710556;0.753218245;98.00%;2.881688595;0.1;0.1;2.5;80.00%;0.9;0.85;18649.9479425;1208.5461184;19858.4940609;31.4055556;1000;0.2;800
56.32%;3.90%;21.15%;1.66%;0.68%;0.27%;0.19%;0.24%;0.08%;15.51%;238.4485838;61.2285648;24.1006549;5610.4300197;91.96%;633.9678871;341.6501055;38.6364210;36.9353170;0.0549745;9.1968939;34.9135545;22.5411594;534.9898688;565.9001859;470.8601675;427.9397738;;52.31460571;1.2;80.00%;99.95%;0.05;143.883667;3;148.080719;0.03;0.02;56.70962143;0.794492057;98.00%;2.543281555;0.1;0.1;2.5;80.00%;0.9;0.85;19318.2104809;2618.5165899;21936.7270708;14.4410256;1000;0.2;800
50.41%;3.59%;20.63%;1.80%;0.60%;0.45%;0.12%;0.40%;0.08%;21.90%;213.4267242;52.8904431;22.1471837;4079.1696900;91.80%;566.4157940;305.6396231;41.8354663;33.9994329;0.3109649;8.4658588;32.1383746;20.9570160;484.4086510;549.6795351;481.0849265;415.6405008;;60.17406082;1.2;80.00%;100.00%;0.05;148.8212128;3;159.7420197;0.03;0.02;55.3658371;0.800284240;98.00%;2.073828936;0.1;0.1;2.5;80.00%;0.9;0.85;20917.7331681;2410.3780917;23328.1112599;14.0417827;1000;0.2;800
54.56%;2.43%;24.24%;2.66%;1.22%;0.85%;0.08%;0.35%;0.07%;13.54%;230.9970655;62.7379025;15.4425474;5692.6994261;94.42%;630.5793899;334.2799203;37.5310038;23.0135437;0.0480754;5.7303724;21.7538301;7.6744147;442.0953494;571.9919495;568.5556897;432.4918908;;60.79028702;1.2;80.00%;99.74%;0.05;147.0307159;3;144.291153;0.03;0.02;57.79999161;0.789296602;98.00%;2.67147398;0.1;0.1;2.5;80.00%;0.9;0.85;18765.5018785;1631.5372599;20397.0391383;22.4526749;1000;0.2;800
57.28%;7.85%;12.92%;2.92%;1.39%;0.66%;0.20%;0.59%;0.12%;16.07%;242.5130483;78.1247932;47.3662101;6061.2416458;83.14%;582.9124453;330.6113229;44.1100741;74.3441638;0.1769926;18.5116968;70.2747187;45.2010516;756.1428876;673.8992073;339.3357357;509.0891483;;65.24326324;1.2;80.00%;98.22%;0.05;142.3255768;3;156.191452;0.03;0.02;68.59079742;0.732503367;98.00%;2.454098701;0.1;0.1;2.5;80.00%;0.9;0.85;22055.0370670;5270.6039053;27325.6409723;7.2968153;1000;0.2;800
61.80%;3.89%;20.96%;0.58%;0.68%;0.29%;0.27%;0.51%;0.06%;10.95%;261.6499019;54.7884568;24.0784204;5502.2236606;89.76%;678.9863830;364.7467668;16.5746025;36.8406111;0.0000000;9.1733122;34.8240326;22.4694128;555.3572512;578.2780639;479.8135497;437.2795333;;66.60301971;1.2;80.00%;96.82%;0.05;143.2561188;3;142.7346344;0.03;0.02;50.08184433;0.824083042;98.00%;2.43735075;0.1;0.1;2.5;80.00%;0.9;0.85;8287.3012554;2611.8024448;10899.1037002;15.8868895;1000;0.2;800
52.07%;1.94%;20.21%;1.76%;0.43%;0.75%;0.14%;0.44%;0.02%;22.24%;220.4548607;68.6742484;12.5426899;4184.5991458;94.74%;603.7925503;318.6483843;35.5861358;18.3729526;0.0754794;4.5748652;17.3672553;10.4788331;399.5003406;471.8801865;501.1490836;357.3902112;;53.34516907;1.2;80.00%;99.26%;0.05;142.0110016;3;140.6325989;0.03;0.02;62.6062355;0.764833600;98.00%;2.000952482;0.1;0.1;2.5;80.00%;0.9;0.85;17793.0678851;1302.5441499;19095.6120349;26.8402062;1000;0.2;800
50.07%;2.96%;22.94%;0.92%;1.46%;0.88%;0.24%;0.26%;0.13%;20.14%;211.9872264;67.5385986;18.4994697;5015.2870240;92.97%;569.7675775;305.0371806;36.7791263;28.0329586;0.1826492;6.9802067;26.4984927;9.5569825;447.2051664;548.0128866;517.2683178;414.4491081;;60.75469971;1.2;80.00%;99.88%;0.05;147.7325897;3;146.1247864;0.03;0.02;64.16430664;0.756930656;98.00%;2.437041283;0.1;0.1;2.5;80.00%;0.9;0.85;18389.5631511;1987.3869503;20376.9501014;16.9155405;1000;0.2;800
57.87%;3.65%;12.82%;1.17%;0.64%;0.54%;0.18%;0.33%;0.11%;22.69%;245.0110004;74.3742058;22.6776077;5550.1961841;89.18%;631.7051532;339.6052891;34.5113039;34.5676685;0.0000000;8.6073495;32.6755062;21.0674953;518.4325035;450.6834651;371.4348919;341.6207379;;68.91184235;1.2;80.00%;96.25%;0.05;143.934021;3;140.4763336;0.03;0.02;63.92949295;0.758239144;98.00%;2.42429018;0.1;0.1;2.5;80.00%;0.9;0.85;17255.6519596;2450.6629624;19706.3149220;15.8547945;1000;0.2;800
58.67%;4.61%;19.06%;1.64%;1.28%;0.36%;0.13%;0.22%;0.07%;13.95%;248.3980541;87.5155979;28.4058437;6264.5273816;90.00%;646.3187809;350.8858577;42.4083693;43.6594388;0.1107764;10.8712003;41.2696119;22.8351653;584.5447046;576.5471087;437.1539519;436.3603601;;62.10366821;1.2;80.00%;98.95%;0.05;142.2051392;3;157.7416534;0.03;0.02;68.95729828;0.730401109;98.00%;2.521559715;0.1;0.1;2.5;80.00%;0.9;0.85;21204.1846346;3095.2208922;24299.4055268;12.7266811;1000;0.2;800
59.08%;6.73%;14.60%;0.26%;1.27%;0.35%;0.15%;0.27%;0.03%;17.26%;250.1339192;82.8754360;40.8394411;5112.9812651;85.77%;620.2284667;345.5547879;41.3465781;63.7370984;0.0258007;15.8705375;60.2482621;38.1254366;703.8795478;591.0296194;321.9989775;446.9906145;;70.75524139;1.2;80.00%;98.42%;0.05;146.8952789;3;146.6687317;0.03;0.02;68.47242737;0.733120662;98.00%;2.02483201;0.1;0.1;2.5;80.00%;0.9;0.85;20673.2890269;4518.6196539;25191.9086808;8.7786033;1000;0.2;800
60.11%;2.86%;24.84%;0.29%;0.92%;0.32%;0.06%;0.14%;0.06%;10.41%;254.4947509;82.8324616;18.1263951;6724.8164617;92.56%;681.0469612;362.0260994;22.5361821;27.0858992;0.0000000;6.7443889;25.6032733;13.1595169;492.0078413;567.5317028;533.2263747;429.5608836;;73.22407532;1.2;80.00%;98.14%;0.05;147.9597778;3;143.6191406;0.03;0.02;65.10900879;0.751930979;98.00%;2.78117609;0.1;0.1;2.5;80.00%;0.9;0.85;11268.0910598;1920.2454993;13188.3365590;21.0174825;1000;0.2;800
58.01%;5.88%;17.44%;1.96%;1.37%;0.83%;0.08%;0.13%;0.08%;14.22%;245.6037348;79.9085384;35.8132054;6815.5133521;86.63%;615.0824564;339.6299149;44.1532182;55.6870934;0.1619137;13.8660862;52.6388976;31.2269788;648.6777492;632.7050089;417.7131486;478.3173005;;66.05157471;1.2;80.00%;97.88%;0.05;141.6583405;3;158.378479;0.03;0.02;67.47894287;0.738830247;98.00%;2.8034935;0.1;0.1;2.5;80.00%;0.9;0.85;22076.6090793;3947.9173202;26024.5263995;9.8656463;1000;0.2;800
53.46%;6.70%;18.02%;1.87%;0.95%;0.61%;0.04%;0.29%;0.03%;18.04%;226.3398666;63.6238533;40.4847357;6059.8179299;83.71%;547.7623109;308.0231425;45.4906787;63.4529805;0.3013404;15.7997922;59.9796962;40.4701969;668.2819845;680.5196752;421.2074792;513.8426723;;67.51528168;1.2;80.00%;97.42%;0.05;141.2922668;3;159.732605;0.03;0.02;63.44341278;0.760837443;98.00%;2.77979517;0.1;0.1;2.5;80.00%;0.9;0.85;22745.3393428;4498.4772186;27243.8165614;7.9791045;1000;0.2;800
51.12%;4.03%;15.96%;1.93%;1.14%;0.77%;0.07%;0.05%;0.07%;24.85%;216.4327344;57.6529433;24.7619679;5735.7193801;90.95%;569.0864401;308.7293388;41.0462648;38.1664943;0.2308531;9.5034571;36.0773397;19.7938647;512.7862794;498.0983401;401.7196263;376.9480409;;50.57567215;1.2;80.00%;99.98%;0.05;142.6683807;3;152.6844177;0.03;0.02;58.46246338;0.786092484;98.00%;2.820760489;0.1;0.1;2.5;80.00%;0.9;0.85;20523.1324015;2705.8004762;23228.9328778;12.6848635;1000;0.2;800
49.31%;2.62%;20.43%;2.67%;1.36%;0.71%;0.29%;0.31%;0.09%;22.19%;208.7695253;74.3571942;16.5059965;4208.6917719;92.26%;556.8183381;297.1088127;35.5092241;24.8129566;0.1957532;6.1784262;23.4547469;7.9175994;420.2737436;527.2709947;518.7862198;398.9311183;;57.561203;1.2;80.00%;98.45%;0.05;141.4768982;3;144.1862946;0.03;0.02;68.39776611;0.733245143;98.00%;2.039327621;0.1;0.1;2.5;80.00%;0.9;0.85;17754.6120354;1759.1060168;19513.7180522;18.8206107;1000;0.2;800
50.61%;1.65%;19.53%;0.26%;1.04%;0.56%;0.15%;0.47%;0.02%;25.69%;214.2734876;64.7197463;10.8043074;5681.3209535;95.82%;593.5907852;312.2618184;39.7539792;15.6264803;0.2798784;3.8909936;14.7711192;3.5181828;376.8430768;415.3573106;464.4903448;315.1083997;;55.18539429;1.2;80.00%;99.86%;0.05;142.2709961;3;159.263092;0.03;0.02;61.14344788;0.772747490;98.00%;2.806064129;0.1;0.1;2.5;80.00%;0.9;0.85;19876.9896105;1107.8339419;20984.8235524;30.6727273;1000;0.2;800
58.16%;3.21%;14.11%;2.24%;1.45%;0.54%;0.19%;0.37%;0.12%;19.60%;246.2388074;80.6816228;20.1210063;6461.6025793;89.75%;638.9148574;341.6673920;39.6727296;30.4006071;0.1155787;7.5697512;28.7365410;11.4306466;494.5270672;470.4093905;418.4877712;356.6339820;;69.73971558;1.2;80.00%;96.00%;0.05;141.2352448;3;154.4008636;0.03;0.02;66.4601059;0.744519644;98.00%;2.774068832;0.1;0.1;2.5;80.00%;0.9;0.85;19836.3647752;2155.2405779;21991.6053531;18.1183801;1000;0.2;800
53.60%;7.22%;15.51%;2.74%;1.21%;0.45%;0.02%;0.54%;0.07%;18.65%;226.9326010;54.9267005;43.5054208;4279.6584866;82.66%;542.2930619;307.1493791;41.3006865;68.3776895;0.1161336;17.0260447;64.6348369;42.1210182;697.9246954;682.3559984;390.2714358;514.9104313;;73.55596924;1.2;80.00%;97.32%;0.05;147.4308929;3;140.0761566;0.03;0.02;58.3868866;0.786130936;98.00%;2.017155886;0.1;0.1;2.5;80.00%;0.9;0.85;20650.3432711;4847.6127639;25497.9560350;7.4238227;1000;0.2;800
54.29%;6.51%;16.63%;2.30%;1.27%;0.79%;0.13%;0.26%;0.13%;17.68%;229.8539349;60.0963082;39.3891232;6344.5472264;86.53%;574.9764941;321.2823557;41.8410201;61.6535676;0.1481590;15.3517383;58.2787795;36.5470122;669.2943233;640.7672907;389.6594901;483.9452183;;50.08200073;1.2;80.00%;100.00%;0.05;149.7048798;3;149.3008728;0.03;0.02;59.60674667;0.780487237;98.00%;2.875070095;0.1;0.1;2.5;80.00%;0.9;0.85;20920.5100526;4370.9084616;25291.4185142;8.3394777;1000;0.2;800
56.79%;3.79%;13.69%;0.90%;1.23%;0.90%;0.18%;0.09%;0.12%;22.30%;240.4384778;71.5737375;23.5007110;5383.9041445;91.88%;638.6442708;343.6971994;40.1633561;35.8935517;0.1041673;8.9374944;33.9288133;17.3519472;530.3123517;440.4467237;352.2094047;334.0437914;;71.16439056;1.2;80.00%;99.58%;0.05;148.9506836;3;154.0579224;0.03;0.02;62.13979721;0.767617221;98.00%;2.349482536;0.1;0.1;2.5;80.00%;0.9;0.85;20081.6780649;2544.6609938;22626.3390587;14.9841689;1000;0.2;800
55.23%;2.32%;16.77%;0.88%;0.96%;0.73%;0.01%;0.26%;0.03%;22.80%;233.8337230;75.1975002;14.8600922;4812.0074399;94.93%;641.7324922;339.6735000;41.2200460;21.9717783;0.1437281;5.4709728;20.7690888;8.9652025;440.2708537;412.4061620;415.5791560;313.0962583;;51.38195038;1.2;80.00%;100.00%;0.05;147.9081268;3;156.5023041;0.03;0.02;63.73979568;0.759150754;98.00%;2.144517422;0.1;0.1;2.5;80.00%;0.9;0.85;20610.0229875;1557.6816637;22167.7046513;23.8060345;1000;0.2;800
60.62%;1.74%;16.07%;2.26%;1.42%;0.52%;0.13%;0.59%;0.10%;16.55%;256.6539976;85.1608862;11.5848039;6583.7790159;96.32%;714.6956974;375.0674060;16.7790146;16.4788337;0.0000000;4.1032296;15.5768166;1.1239019;438.3291371;398.3119292;430.2338166;302.8058702;;50.52376938;1.2;80.00%;99.96%;0.05;143.1896515;3;146.8029022;0.03;0.02;64.3687439;0.755921950;98.00%;2.695561171;0.1;0.1;2.5;80.00%;0.9;0.85;8389.5073103;1168.2612478;9557.7685581;34.8390805;1000;0.2;800
50.62%;6.30%;17.32%;0.85%;0.26%;0.86%;0.18%;0.53%;0.11%;22.97%;214.3158258;45.4685346;38.0352557;5463.1501789;86.05%;533.1843581;298.8777339;39.8486195;59.6647429;0.1916891;14.8565210;56.3988189;43.1203344;637.0900790;623.4367329;388.9174348;470.6339778;;51.55551147;1.2;80.00%;100.00%;0.05;146.7208405;3;144.5;0.03;0.02;52.12462616;0.815318462;98.00%;2.78010273;0.1;0.1;2.5;80.00%;0.9;0.85;19924.3097748;4229.9114145;24154.2211892;8.0349206;1000;0.2;800
62.91%;2.06%;15.83%;0.65%;0.70%;0.81%;0.22%;0.12%;0.14%;16.56%;266.3494390;62.8956403;13.3883806;5896.5683339;93.56%;720.4131388;379.1045821;8.6780198;19.5094239;0.0000000;4.8578465;18.4415185;9.1797919;461.0056374;406.0669282;417.5868023;308.3776107;;72.6677475;1.2;80.00%;97.49%;0.05;146.2823944;3;145.2532196;0.03;0.02;52.99729538;0.811502301;98.00%;2.554354191;0.1;0.1;2.5;80.00%;0.9;0.85;4339.0098821;1383.1138911;5722.1237732;30.5388350;1000;0.2;800
60.62%;4.57%;16.19%;2.66%;0.98%;0.43%;0.29%;0.09%;0.13%;14.02%;256.6539976;79.5636255;28.1817372;5252.2900523;91.32%;677.6047022;366.7896598;41.2214266;43.2806151;0.0674518;10.7768732;40.9115242;24.9481791;596.8943733;535.9421380;395.6353846;405.8979439;;53.25008774;1.2;80.00%;100.00%;0.05;147.341156;3;159.8552551;0.03;0.02;63.82740784;0.758757427;98.00%;2.109402657;0.1;0.1;2.5;80.00%;0.9;0.85;20610.7133090;3068.3643118;23679.0776208;13.2647702;1000;0.2;800
56.02%;6.87%;12.54%;2.36%;1.08%;0.38%;0.19%;0.21%;0.11%;20.26%;237.1784386;50.7944244;41.4853600;6278.6508098;85.21%;584.2694500;327.3905305;43.4817480;65.0629815;0.2013451;16.2006824;61.5015691;40.6498885;696.0312945;595.6180357;321.6170612;450.0655963;;59.88483429;1.2;80.00%;98.79%;0.05;140.8577423;3;157.3861694;0.03;0.02;52.84357834;0.812192844;98.00%;2.890644312;0.1;0.1;2.5;80.00%;0.9;0.85;21740.8739781;4612.6176853;26353.4916634;8.1542940;1000;0.2;800
57.84%;4.02%;16.82%;0.54%;0.93%;0.42%;0.07%;0.28%;0.04%;19.04%;244.8839859;62.7949038;24.8255729;5776.6532722;90.74%;642.4138396;346.4669894;40.3170491;38.0717883;0.0482113;9.4798753;35.9878177;21.4021181;546.0477540;498.1070041;395.2797786;377.1440183;;64.7039032;1.2;80.00%;98.65%;0.05;144.2582092;3;149.383255;0.03;0.02;57.15258026;0.792399564;98.00%;2.574249744;0.1;0.1;2.5;80.00%;0.9;0.85;20158.5245527;2699.0863311;22857.6108839;14.3880597;1000;0.2;800
55.52%;5.43%;17.68%;0.61%;1.07%;0.72%;0.12%;0.49%;0.07%;18.29%;235.0615300;50.7865498;33.0305161;4798.3098490;88.93%;604.3724117;332.2185719;42.8106292;51.4253260;0.1773819;12.8049062;48.6104105;30.3983835;615.9427030;579.2107759;392.6607306;437.8072985;;54.70280075;1.2;80.00%;100.00%;0.05;145.2573242;3;156.9016876;0.03;0.02;51.55773163;0.817680321;98.00%;2.244409561;0.1;0.1;2.5;80.00%;0.9;0.85;21405.3146231;3645.7807906;25051.0954137;10.2246777;1000;0.2;800
60.73%;6.16%;15.73%;1.32%;0.68%;0.67%;0.15%;0.16%;0.13%;14.26%;257.1197175;84.4449316;37.5143137;7544.5934065;85.99%;639.1753546;353.1320907;41.0237595;58.3388597;0.0019413;14.5263761;55.1455118;38.7558825;677.3199575;614.5116490;379.1835950;464.6719942;;61.85536575;1.2;80.00%;97.17%;0.05;140.7208862;3;147.3405914;0.03;0.02;68.08036804;0.735429442;98.00%;2.965111256;0.1;0.1;2.5;80.00%;0.9;0.85;20511.8797394;4135.9133830;24647.7931224;9.8587662;1000;0.2;800
62.34%;7.43%;24.37%;0.31%;0.80%;0.75%;0.26%;0.28%;0.05%;3.42%;263.9361632;53.9257747;44.9013057;5061.3024066;86.43%;659.5151842;368.2886532;41.0725844;70.3665142;0.0000000;17.5212620;66.5147975;46.9076960;765.6559761;778.2072373;461.8164168;587.1672356;;60.12305069;1.2;80.00%;99.77%;0.05;145.2545013;3;152.9099121;0.03;0.02;50.55944061;0.822013038;98.00%;2.090198278;0.1;0.1;2.5;80.00%;0.9;0.85;20536.2922208;4988.6098110;25524.9020318;8.3903096;1000;0.2;800
62.47%;2.20%;19.43%;2.77%;0.72%;0.56%;0.01%;0.29%;0.10%;11.46%;264.4865594;65.0933745;14.2373164;6844.8892238;95.67%;731.4982628;385.3604072;11.0375839;20.8353070;0.0000000;5.1879915;19.6948256;10.0242438;474.3127116;478.4729890;480.6416863;362.7570823;;56.70246887;1.2;80.00%;99.97%;0.05;146.706604;3;147.6127777;0.03;0.02;53.70427322;0.808364756;98.00%;2.905460358;0.1;0.1;2.5;80.00%;0.9;0.85;5518.7919371;1477.1119225;6995.9038596;28.3954545;1000;0.2;800
56.42%;6.29%;19.32%;2.13%;1.13%;0.88%;0.02%;0.19%;0.05%;13.56%;238.8719655;65.4565979;38.1537721;5645.5019533;87.33%;603.1200733;334.9578841;41.6848585;59.5700369;0.0485069;14.8329392;56.3092969;36.0885878;668.4122757;670.2314218;430.1174016;506.1257639;;61.10499573;1.2;80.00%;99.89%;0.05;148.272934;3;144.6185913;0.03;0.02;60.97541046;0.773599355;98.00%;2.446504116;0.1;0.1;2.5;80.00%;0.9;0.85;20842.4292744;4223.1972694;25065.6265438;8.9697933;1000;0.2;800
61.42%;2.16%;12.47%;2.82%;1.28%;0.49%;0.12%;0.57%;0.02%;18.66%;260.0410514;76.4670860;14.0183357;6189.9895072;94.52%;710.6030104;374.5189207;3.5387651;20.4564833;0.0000000;5.0936643;19.3367379;5.2572575;462.4357066;379.1788067;385.5113511;288.3366554;;71.91213989;1.2;80.00%;98.79%;0.05;149.3900604;3;140.9016876;0.03;0.02;60.66859055;0.775170812;98.00%;2.586154938;0.1;0.1;2.5;80.00%;0.9;0.85;1769.3825703;1450.2553421;3219.6379124;28.4351852;1000;0.2;800
49.87%;2.60%;24.11%;1.16%;0.57%;0.63%;0.04%;0.07%;0.13%;20.83%;211.1404629;67.8175181;16.3743813;5558.6186037;92.69%;565.7910226;301.6119196;37.2695943;24.6235447;0.1473504;6.1312626;23.2757030;14.0941063;422.5990175;554.1616839;546.4116146;419.0086181;;52.3004303;1.2;80.00%;98.78%;0.05;140.1054993;3;141.0206299;0.03;0.02;64.57688141;0.754775564;98.00%;2.735141039;0.1;0.1;2.5;80.00%;0.9;0.85;18634.7971580;1745.6777266;20380.4748846;19.1807692;1000;0.2;800
52.98%;7.15%;19.87%;1.25%;1.34%;0.88%;0.05%;0.46%;0.01%;16.00%;224.3076344;55.3162962;43.0968614;5843.7977533;83.87%;543.8992902;307.7101761;45.0532981;67.7147479;0.2755255;16.8609722;64.0081833;40.5787922;694.3998227;718.6680963;431.4885280;542.3147665;;71.67962646;1.2;80.00%;98.79%;0.05;146.1119537;3;156.913147;0.03;0.02;58.60588455;0.785398223;98.00%;2.749808788;0.1;0.1;2.5;80.00%;0.9;0.85;22526.6490331;4800.6137482;27327.2627812;7.4097902;1000;0.2;800
59.62%;3.24%;22.65%;2.63%;1.28%;0.32%;0.16%;0.34%;0.14%;9.63%;252.4201805;68.9027993;20.2759019;6593.6625757;90.07%;657.2544910;351.1526260;36.2250135;30.6847249;0.0000000;7.6404965;29.0051068;13.0058863;504.7897739;610.0275144;554.0523831;461.1659628;;72.03790283;1.2;80.00%;96.21%;0.05;144.1329346;3;145.5816345;0.03;0.02;59.71712112;0.779942327;98.00%;2.890618324;0.1;0.1;2.5;80.00%;0.9;0.85;18112.5067532;2175.3830132;20287.8897664;18.4012346;1000;0.2;800
53.04%;2.77%;16.68%;2.03%;0.41%;0.66%;0.19%;0.43%;0.13%;23.66%;224.5616634;61.5420452;17.4059963;6094.7719243;93.29%;605.6596496;322.7486514;38.4490858;26.2335457;0.1638314;6.5321529;24.7975759;16.5937978;451.9015073;459.3088596;437.3172900;347.9787850;;73.837883;1.2;80.00%;99.41%;0.05;149.8477325;3;151.5443726;0.03;0.02;58.57450485;0.785558981;98.00%;2.925170422;0.1;0.1;2.5;80.00%;0.9;0.85;19224.5428908;1859.8181933;21084.3610841;19.1480144;1000;0.2;800
55.59%;2.59%;21.90%;2.62%;0.39%;0.34%;0.14%;0.26%;0.03%;16.15%;235.3578972;53.2843800;16.3357860;5571.8732590;91.48%;622.4291501;330.6416266;37.3984105;24.5288387;0.0783358;6.1076808;23.1861811;15.4623597;448.3817839;556.0524465;543.6135584;420.4192941;;67.55710602;1.2;80.00%;96.83%;0.05;143.0426025;3;145.9273224;0.03;0.02;52.26893997;0.814695278;98.00%;2.719515562;0.1;0.1;2.5;80.00%;0.9;0.85;18699.2052294;1738.9635815;20438.1688109;21.4633205;1000;0.2;800
54.84%;6.15%;22.85%;2.64%;0.59%;0.56%;0.26%;0.17%;0.05%;11.89%;232.1825343;56.1199480;37.2657593;6334.2695589;87.08%;584.5435542;324.8033582;42.5545412;58.2441538;0.2278728;14.5027943;55.0559898;39.4041360;651.7135701;724.2456347;494.7735574;546.6221407;;68.21691895;1.2;80.00%;99.67%;0.05;147.1763763;3;159.0714874;0.03;0.02;56.49607849;0.795523092;98.00%;2.911494255;0.1;0.1;2.5;80.00%;0.9;0.85;21277.2706003;4129.1992379;25406.4698382;8.9170732;1000;0.2;800
52.33%;4.34%;24.88%;2.48%;0.37%;0.54%;0.16%;0.59%;0.10%;14.20%;221.5556532;47.5063182;26.5421976;4917.0093554;88.27%;565.3677498;307.9430587;39.3211904;41.1023784;0.1941260;10.2344922;38.8525197;28.1780081;530.4832585;689.2573933;573.7093766;520.1440408;;66.49323273;1.2;80.00%;97.49%;0.05;143.047287;3;148.5310669;0.03;0.02;51.56216812;0.817689056;98.00%;2.509857655;0.1;0.1;2.5;80.00%;0.9;0.85;19660.5952036;2913.9389744;22574.5341780;12.0576037;1000;0.2;800
59.40%;4.08%;19.34%;0.55%;0.27%;0.67%;0.02%;0.36%;0.06%;15.26%;251.4887407;73.7031729;25.2579929;6007.4678767;91.84%;667.7274167;359.7921168;39.7127381;38.6400240;0.0000000;9.6213660;36.5249494;27.1125975;561.3448949;537.6568233;428.7869525;406.9986723;;66.25319672;1.2;80.00%;99.77%;0.05;148.7491455;3;149.3370361;0.03;0.02;61.59302521;0.770464156;98.00%;2.512919426;0.1;0.1;2.5;80.00%;0.9;0.85;19856.3690589;2739.3712018;22595.7402606;14.5588235;1000;0.2;800
50.20%;5.97%;19.92%;1.90%;0.94%;0.49%;0.18%;0.49%;0.10%;19.80%;212.5376226;44.2544681;36.0825294;5579.0027418;86.32%;530.3843557;296.1642164;42.9468904;56.5394468;0.3359970;14.0783223;53.4445950;35.3126978;615.3513729;661.6528738;448.6323144;499.4106353;;54.61135101;1.2;80.00%;99.61%;0.05;140.6038818;3;158.4014435;0.03;0.02;51.32117081;0.818810452;98.00%;2.890489817;0.1;0.1;2.5;80.00%;0.9;0.85;21473.4452035;4008.3446261;25481.7898296;8.4087102;1000;0.2;800
53.45%;3.27%;23.50%;0.40%;0.53%;0.66%;0.27%;0.10%;0.03%;17.80%;226.2975284;83.7186360;20.4372200;5744.3226745;92.22%;603.3314633;323.5988689;37.7949602;30.9688427;0.1450038;7.7112418;29.2736726;19.2211260;481.9890530;560.5616358;507.6280190;424.1650367;;56.84901047;1.2;80.00%;99.34%;0.05;142.2582855;3;149.9374237;0.03;0.02;69.82603455;0.725345944;98.00%;2.522840977;0.1;0.1;2.5;80.00%;0.9;0.85;18897.4800862;2195.5254485;21093.0055347;16.3455657;1000;0.2;800
50.00%;4.32%;12.09%;0.91%;1.34%;0.53%;0.05%;0.49%;0.09%;30.18%;211.6908592;50.6252845;26.4019880;5653.1966129;88.27%;540.2301792;294.9453616;39.2691882;40.9129666;0.2004071;10.1873287;38.6734758;20.2745150;517.3734730;452.6087873;340.6938345;342.5956416;;59.79079437;1.2;80.00%;97.91%;0.05;141.6322021;3;143.7696381;0.03;0.02;55.6023407;0.799677728;98.00%;2.940452576;0.1;0.1;2.5;80.00%;0.9;0.85;19634.5940786;2900.5106842;22535.1047628;11.5740741;1000;0.2;800
60.78%;4.30%;24.64%;2.60%;0.73%;0.39%;0.21%;0.52%;0.03%;5.80%;257.3314084;76.6214253;26.5830809;7264.2164138;91.44%;680.2489071;367.0982656;40.2138818;40.7235547;0.0043478;10.1401651;38.4944319;25.0110219;581.2023630;665.4170231;541.4740827;502.9137071;;68.48182678;1.2;80.00%;99.57%;0.05;147.905838;3;153.4105072;0.03;0.02;62.33158112;0.766669753;98.00%;2.95828867;0.1;0.1;2.5;80.00%;0.9;0.85;20106.9408920;2887.0823940;22994.0232860;14.1348837;1000;0.2;800
57.13%;2.84%;18.97%;2.64%;0.38%;0.35%;0.14%;0.16%;0.04%;17.35%;241.8779757;88.3363259;17.9713448;6027.8772301;91.28%;638.3312154;339.9942100;37.7863236;26.8964873;0.0394823;6.6972253;25.4242295;17.3360238;471.2179606;519.3570114;490.0523507;393.3560328;;67.25953674;1.2;80.00%;97.04%;0.05;143.2336731;3;145.7769928;0.03;0.02;69.73161316;0.725906488;98.00%;2.548356771;0.1;0.1;2.5;80.00%;0.9;0.85;18893.1617896;1906.8172091;20799.9789987;20.1161972;1000;0.2;800
57.20%;3.08%;13.93%;0.90%;0.56%;0.45%;0.02%;0.37%;0.07%;23.42%;242.1743429;88.2090950;19.4053107;6134.7922945;93.30%;653.2232251;348.5791238;40.1445368;29.1694299;0.0401446;7.2631880;27.5727559;17.6179413;492.6887862;405.4848449;360.1076921;308.0161421;;62.56370163;1.2;80.00%;99.65%;0.05;146.372345;3;149.4230347;0.03;0.02;68.85942078;0.730962371;98.00%;2.544298172;0.1;0.1;2.5;80.00%;0.9;0.85;20072.2684006;2067.9566915;22140.2250922;18.5714286;1000;0.2;800
61.28%;7.38%;17.64%;2.87%;0.56%;0.40%;0.13%;0.31%;0.10%;9.33%;259.4483170;61.7346820;44.6209232;4962.1897156;86.28%;647.1305324;361.7684566;43.6349244;69.8929845;0.0232867;17.4033531;66.0671878;48.4689632;756.5335419;704.7613223;392.9901465;532.1486238;;66.07855225;1.2;80.00%;99.77%;0.05;147.910141;3;153.1625519;0.03;0.02;56.24194336;0.796620705;98.00%;2.021758556;0.1;0.1;2.5;80.00%;0.9;0.85;21817.4622235;4955.0390855;26772.5013090;8.3035230;1000;0.2;800
56.92%;7.05%;17.46%;2.63%;1.22%;0.42%;0.13%;0.38%;0.11%;13.69%;240.9888741;57.1542332;42.5929302;5574.0796791;86.10%;599.8808338;336.1543607;40.5326831;66.7676885;0.0181809;16.6251544;63.1129640;40.8213266;714.2567967;681.5256346;394.1228956;514.4583226;;58.05062485;1.2;80.00%;99.99%;0.05;149.2855988;3;141.9581604;0.03;0.02;56.21008682;0.796840267;98.00%;2.448289871;0.1;0.1;2.5;80.00%;0.9;0.85;20266.3415578;4733.4722972;24999.8138550;8.0737589;1000;0.2;800
61.54%;4.16%;24.90%;2.49%;1.28%;0.80%;0.15%;0.35%;0.06%;4.29%;260.5491095;64.7950741;25.7211402;6985.2951270;91.29%;687.6385896;370.2950557;11.2518475;39.3976715;0.0000000;9.8100202;37.2411248;19.6065700;575.8036006;670.3502211;554.5569332;506.4948205;;51.87618637;1.2;80.00%;99.02%;0.05;140.2825623;3;141.95047;0.03;0.02;55.81082153;0.798736915;98.00%;2.946534395;0.1;0.1;2.5;80.00%;0.9;0.85;5625.9237577;2793.0843626;8419.0081203;14.7932692;1000;0.2;800
62.45%;7.40%;15.67%;2.86%;0.59%;0.43%;0.17%;0.26%;0.10%;10.07%;264.4018831;72.1059026;44.7868854;5788.3758786;85.27%;651.8059673;364.3135449;42.2585693;70.0823964;0.0000000;17.4505167;66.2462317;48.3724563;760.0259577;685.8202909;372.3710012;518.0660302;;62.30190659;1.2;80.00%;98.38%;0.05;142.1894226;3;151.5029602;0.03;0.02;61.67240524;0.770049553;98.00%;2.26444006;0.1;0.1;2.5;80.00%;0.9;0.85;21129.2846540;4968.4673757;26097.7520298;8.4391892;1000;0.2;800
53.07%;4.38%;24.75%;1.14%;1.02%;0.39%;0.22%;0.23%;0.05%;14.76%;224.6886779;51.3777853;26.8202811;4681.5086762;90.02%;584.7348838;318.0886934;36.7195849;41.4812022;0.0729658;10.3288193;39.2106074;23.2649944;542.0495995;644.4057452;523.8111604;486.5134996;;60.83256531;1.2;80.00%;99.38%;0.05;146.3098145;3;140.137558;0.03;0.02;53.19776535;0.810454378;98.00%;2.296256065;0.1;0.1;2.5;80.00%;0.9;0.85;18359.7924337;2940.7955548;21300.5879886;12.1164384;1000;0.2;800
60.04%;5.05%;21.90%;0.50%;1.32%;0.40%;0.10%;0.05%;0.13%;10.52%;254.1983837;54.1042142;30.8628151;5038.8016384;87.87%;645.7470426;352.0793161;29.5173804;47.8265002;0.0000000;11.9087986;45.2085770;25.6720141;611.4707033;639.7206824;472.5452374;483.2238486;;58.18956375;1.2;80.00%;97.18%;0.05;140.0124207;3;142.2358704;0.03;0.02;51.46097183;0.818149251;98.00%;2.24805975;0.1;0.1;2.5;80.00%;0.9;0.85;14758.6902043;3390.6432767;18149.3334810;11.8891089;1000;0.2;800
59.28%;5.92%;16.14%;2.76%;1.23%;0.68%;0.11%;0.27%;0.14%;13.46%;250.9806826;85.1219506;36.1078194;7095.4599466;88.54%;642.4697639;353.9119326;43.6855975;56.0659171;0.0952082;13.9604134;52.9969853;32.6339650;663.8800442;611.0670841;390.7074178;462.2017291;;59.9139328;1.2;80.00%;99.87%;0.05;145.0073853;3;157.3808289;0.03;0.02;68.18183899;0.734850918;98.00%;2.791565657;0.1;0.1;2.5;80.00%;0.9;0.85;21842.7987624;3974.7739006;25817.5726630;10.0135135;1000;0.2;800
60.53%;5.57%;21.25%;1.40%;0.37%;0.65%;0.21%;0.11%;0.06%;9.85%;256.2729541;76.8708456;34.0219524;6905.0572626;87.59%;648.9821465;355.8734226;41.5254042;52.7512092;0.0569634;13.1350511;49.8637176;37.0028353;645.4376402;667.2556298;467.7165718;504.2283882;;72.45766449;1.2;80.00%;97.84%;0.05;145.0366974;3;154.2142792;0.03;0.02;64.15366364;0.757075381;98.00%;2.799965858;0.1;0.1;2.5;80.00%;0.9;0.85;20762.7021063;3739.7788220;24502.4809283;10.8671454;1000;0.2;800
55.45%;2.16%;24.95%;2.45%;0.39%;0.55%;0.10%;0.08%;0.02%;13.85%;234.7651628;53.1696044;13.8183673;5150.8567982;93.41%;634.0061274;334.9518929;40.8024158;20.4564833;0.1931675;5.0936643;19.3367379;12.3772575;426.9975004;571.4203809;585.2693831;432.1034641;;68.35704803;1.2;80.00%;98.03%;0.05;142.6661835;3;159.684906;0.03;0.02;51.49911118;0.818001793;98.00%;2.509550571;0.1;0.1;2.5;80.00%;0.9;0.85;20401.2078873;1450.2553421;21851.4632295;25.6712963;1000;0.2;800
59.82%;2.92%;16.73%;2.78%;1.44%;0.71%;0.07%;0.58%;0.06%;14.88%;253.2669439;71.1847531;18.4452140;5177.1134670;94.21%;689.7928640;366.6887271;10.9074499;27.6541348;0.0000000;6.8858796;26.1404049;9.4299963;499.7894218;476.8477556;437.8280799;361.4432836;;50.33174896;1.2;80.00%;100.00%;0.05;147.3666077;3;140.5619659;0.03;0.02;59.12915039;0.782785283;98.00%;2.200860023;0.1;0.1;2.5;80.00%;0.9;0.85;5453.7249393;1960.5303699;7414.2553092;20.4863014;1000;0.2;800
49.93%;5.46%;15.22%;1.54%;0.97%;0.50%;0.10%;0.29%;0.08%;25.90%;211.3944920;66.3794456;33.1743887;5764.4643791;87.65%;535.6445045;297.0486091;41.1583497;51.7094438;0.2430656;12.8756515;48.8789763;31.4136232;585.9990000;549.6434600;367.5429178;415.5979721;;60.40353775;1.2;80.00%;100.00%;0.05;149.571228;3;149.0895844;0.03;0.02;65.78020477;0.748251111;98.00%;2.743118525;0.1;0.1;2.5;80.00%;0.9;0.85;20579.1748482;3665.9232259;24245.0980741;9.1446886;1000;0.2;800
58.73%;3.67%;13.61%;0.46%;1.42%;0.35%;0.10%;0.52%;0.14%;21.01%;248.6520832;53.6490859;22.7602737;5730.2508656;92.69%;666.3189276;357.3760714;39.7311211;34.7570804;0.0071992;8.6545130;32.8545500;14.9709885;535.4788580;421.7224346;338.1016159;319.8005624;;61.37815475;1.2;80.00%;99.93%;0.05;147.8975372;3;149.6566162;0.03;0.02;50.00437164;0.824423011;98.00%;2.595699787;0.1;0.1;2.5;80.00%;0.9;0.85;19865.5605450;2464.0912526;22329.6517976;16.0027248;1000;0.2;800
56.75%;7.24%;24.62%;1.40%;0.42%;0.40%;0.26%;0.12%;0.01%;8.77%;240.2691251;49.4304880;43.6662724;4632.5188300;84.82%;589.1627844;331.3195791;40.8774731;68.5671013;0.0989518;17.0732082;64.8138807;48.5845113;721.3782182;787.7987731;489.7137302;594.1062702;;74.28430939;1.2;80.00%;98.95%;0.05;149.220459;3;148.3572998;0.03;0.02;51.48777008;0.817932091;98.00%;2.110372543;0.1;0.1;2.5;80.00%;0.9;0.85;20438.7365470;4861.0410541;25299.7776011;7.8383978;1000;0.2;800
58.43%;7.41%;19.97%;2.18%;0.90%;0.74%;0.09%;0.40%;0.06%;9.82%;247.3819380;69.9930413;44.7774402;5420.3918376;85.11%;608.7092353;342.1552013;43.8803560;70.1771023;0.0936255;17.4740985;66.3357536;45.9642029;740.5465287;742.8900432;433.0785547;560.7543959;;61.61341858;1.2;80.00%;99.23%;0.05;143.7846527;3;152.3173218;0.03;0.02;63.072052;0.762762799;98.00%;2.228077412;0.1;0.1;2.5;80.00%;0.9;0.85;21940.1780130;4975.1815208;26915.3595338;7.8852901;1000;0.2;800
57.81%;4.69%;17.23%;0.58%;1.25%;0.72%;0.25%;0.50%;0.13%;16.84%;244.7569714;63.5714771;28.7695281;6641.6354319;90.18%;638.0995031;346.8191060;39.3731469;44.4170864;0.0590662;11.0598545;41.9857874;23.6491378;585.9824404;541.4279347;397.0369789;409.6431833;;52.45388794;1.2;80.00%;99.40%;0.05;140.0434265;3;150.6606903;0.03;0.02;57.85398102;0.789059553;98.00%;2.913985968;0.1;0.1;2.5;80.00%;0.9;0.85;19686.5734613;3148.9340530;22835.5075143;12.3262260;1000;0.2;800
59.31%;1.80%;24.65%;0.43%;1.33%;0.38%;0.07%;0.40%;0.10%;11.53%;251.1076971;75.1746699;11.8739648;6830.0865624;96.05%;697.2884329;366.2775467;39.5653464;17.0470694;0.0132139;4.2447203;16.1139482;2.2743813;433.8637992;504.9669458;534.8112282;382.6156011;;61.86365891;1.2;80.00%;99.85%;0.05;146.4116211;3;153.9920959;0.03;0.02;60.73819351;0.774826923;98.00%;2.924591064;0.1;0.1;2.5;80.00%;0.9;0.85;19782.6732088;1208.5461184;20991.2193272;32.9500000;1000;0.2;800
52.50%;3.09%;12.45%;1.02%;1.35%;0.60%;0.29%;0.25%;0.03%;28.41%;222.2754021;61.2151154;19.2796533;5724.5963386;93.12%;598.4012504;320.2370876;38.3632985;29.2641358;0.2000437;7.2867698;27.6622778;11.3696878;468.6057629;381.0407710;339.7565073;289.2823386;;63.07481003;1.2;80.00%;100.00%;0.05;149.6201019;3;154.2700043;0.03;0.02;58.81804657;0.784356311;98.00%;2.75057745;0.1;0.1;2.5;80.00%;0.9;0.85;19181.6492711;2074.6708366;21256.3201077;16.9902913;1000;0.2;800
49.47%;4.66%;17.31%;0.90%;1.08%;0.65%;0.11%;0.49%;0.14%;25.19%;209.4469361;75.1567697;28.5025338;6050.8205677;89.12%;539.6233091;296.0823203;41.0868027;44.1329685;0.2743457;10.9891092;41.7172216;24.7938982;538.2971282;541.3863101;408.7224605;409.5527024;;52.37392426;1.2;80.00%;99.83%;0.05;141.8593597;3;151.9453125;0.03;0.02;69.95959473;0.724574873;98.00%;2.829223633;0.1;0.1;2.5;80.00%;0.9;0.85;20543.4013335;3128.7916177;23672.1929512;10.6158798;1000;0.2;800
54.92%;6.81%;22.33%;1.12%;0.97%;0.77%;0.29%;0.54%;0.11%;12.14%;232.5212397;51.5127645;41.1212889;5096.8065786;85.47%;574.5450806;322.1591772;38.6838024;64.4947459;0.0768735;16.0591917;60.9644375;41.0994091;688.0534626;737.1920271;466.7770337;556.0887734;;52.75199509;1.2;80.00%;99.27%;0.05;141.3995667;3;142.2406464;0.03;0.02;53.96370697;0.807117599;98.00%;2.370085955;0.1;0.1;2.5;80.00%;0.9;0.85;19341.9011914;4572.3328147;23914.2340061;8.0646109;1000;0.2;800
52.51%;3.82%;24.76%;2.22%;0.71%;0.76%;0.21%;0.58%;0.09%;14.32%;222.3177403;55.2280974;23.5411212;4888.6134446;91.45%;587.7724571;317.5285654;40.5805219;36.1776695;0.2413606;9.0082397;34.1973791;21.7271869;508.7353751;643.2892833;558.0735503;485.8990440;;58.66759872;1.2;80.00%;99.80%;0.05;143.8748169;3;157.4452972;0.03;0.02;55.68130875;0.799221193;98.00%;2.387713909;0.1;0.1;2.5;80.00%;0.9;0.85;20290.2609500;2564.8034291;22855.0643791;13.7460733;1000;0.2;800
52.46%;5.37%;17.96%;0.47%;1.20%;0.59%;0.17%;0.28%;0.01%;21.47%;222.1060494;51.4535509;32.6270588;5704.0848157;88.22%;566.4436814;312.4686812;39.8136945;50.8570904;0.1622922;12.6634155;48.0732789;28.9279041;594.8167145;573.9617734;394.1596026;433.7029499;;55.51712036;1.2;80.00%;99.75%;0.05;143.9188232;3;147.1007233;0.03;0.02;54.45672989;0.804940975;98.00%;2.78514576;0.1;0.1;2.5;80.00%;0.9;0.85;19906.8472721;3605.4959200;23512.3431920;9.7690875;1000;0.2;800
53.04%;2.44%;20.64%;1.01%;1.01%;0.28%;0.20%;0.34%;0.07%;20.97%;224.5616634;63.5627317;15.4811529;5422.0544963;94.51%;613.5797879;325.5725957;35.9637005;23.1082496;0.0700466;5.7539542;21.8433521;9.4261613;435.1393151;477.0064807;474.2132682;361.2131728;;53.65574646;1.2;80.00%;100.00%;0.05;149.3397217;3;142.951767;0.03;0.02;59.27419662;0.782095698;98.00%;2.581935406;0.1;0.1;2.5;80.00%;0.9;0.85;17981.8502730;1638.2514050;19620.1016779;21.7377049;1000;0.2;800
52.01%;6.64%;16.28%;2.60%;0.29%;0.70%;0.28%;0.33%;0.12%;20.74%;220.2008317;48.1899411;40.0547662;5307.3014496;84.40%;537.2965176;302.3139916;38.1694102;62.8847449;0.1399132;15.6583015;59.4425646;45.3197175;660.2872044;656.7518770;400.4258278;495.6223405;;58.06299591;1.2;80.00%;98.48%;0.05;142.5214844;3;140.5384521;0.03;0.02;53.98242569;0.807059589;98.00%;2.630461454;0.1;0.1;2.5;80.00%;0.9;0.85;19084.7050850;4458.1923480;23542.8974330;7.8328313;1000;0.2;800
51.52%;7.59%;20.24%;0.47%;1.29%;0.41%;0.06%;0.20%;0.14%;18.07%;218.1262613;58.7889271;45.6791746;5162.7177410;83.56%;526.9241671;300.6795281;44.7104428;71.8818093;0.2785940;17.8985705;67.9471484;44.1356410;713.8396529;715.2901592;402.2114412;539.7592775;;50.99651337;1.2;80.00%;100.00%;0.05;146.2392883;3;154.3033447;0.03;0.02;61.97238159;0.768458510;98.00%;2.41426754;0.1;0.1;2.5;80.00%;0.9;0.85;22355.2214137;5096.0361327;27451.2575464;6.7878788;1000;0.2;800
59.60%;6.69%;14.01%;1.85%;1.50%;0.31%;0.15%;0.20%;0.04%;15.66%;252.3355041;73.8386254;40.5592942;6739.9237066;84.21%;614.3090565;342.3006392;41.6053718;63.3582746;0.0524586;15.7762104;59.8901743;35.9984504;698.6662996;620.3904769;354.6051859;468.9022913;;71.22793579;1.2;80.00%;96.42%;0.05;143.5765839;3;148.0897064;0.03;0.02;64.68312073;0.754233640;98.00%;2.772182941;0.1;0.1;2.5;80.00%;0.9;0.85;20802.6858826;4491.7630735;25294.4489561;8.9088191;1000;0.2;800
52.70%;7.39%;22.58%;0.33%;0.56%;0.87%;0.03%;0.34%;0.03%;15.16%;223.1221656;47.8469973;44.4798646;5475.4116287;84.23%;543.3310717;308.2932124;43.2294713;69.9876905;0.1867159;17.4269349;66.1567097;48.5407097;708.9598211;749.5178160;446.9544201;565.2719846;;54.70449066;1.2;80.00%;99.86%;0.05;144.1310272;3;147.9050751;0.03;0.02;53.31078339;0.810086033;98.00%;2.641974449;0.1;0.1;2.5;80.00%;0.9;0.85;21614.7356433;4961.7532306;26576.4888739;7.1312585;1000;0.2;800
49.54%;6.76%;15.91%;1.21%;1.28%;0.89%;0.18%;0.40%;0.13%;23.70%;209.7433033;50.9663295;40.7309881;4271.1164918;83.64%;507.1894540;287.2928628;41.3281112;64.0212162;0.2795539;15.9412828;60.5168279;38.2606763;653.5781373;636.6584345;376.4416937;480.5998460;;57.73014832;1.2;80.00%;98.70%;0.05;141.1972656;3;148.8255615;0.03;0.02;58.09569168;0.787536747;98.00%;2.167280436;0.1;0.1;2.5;80.00%;0.9;0.85;20664.0556127;4538.7620892;25202.8177019;7.3284024;1000;0.2;800
57.52%;1.74%;20.85%;1.34%;0.26%;0.81%;0.16%;0.30%;0.08%;16.94%;243.5291644;80.8948409;11.5128808;6427.6821559;95.91%;675.2539092;354.7392995;38.3313949;16.4788337;0.0490351;4.1032296;15.5768166;10.4039019;420.1747857;461.9812300;497.4387564;350.3883657;;65.01007843;1.2;80.00%;99.70%;0.05;147.1134491;3;152.915863;0.03;0.02;64.56259155;0.754879369;98.00%;2.761576176;0.1;0.1;2.5;80.00%;0.9;0.85;19165.6974315;1168.2612478;20333.9586793;33.0574713;1000;0.2;800
49.10%;5.85%;14.26%;0.60%;0.32%;0.48%;0.28%;0.45%;0.12%;28.53%;207.8804237;42.5250696;35.3443470;5544.4389665;85.34%;512.8612124;286.6738660;37.2882881;55.4029755;0.1976857;13.7953409;52.3703318;39.4117391;600.0528418;551.4417007;346.4072596;416.5177505;;66.15209198;1.2;80.00%;98.51%;0.05;146.4595947;3;140.0397034;0.03;0.02;51.08901978;0.819805635;98.00%;2.972919464;0.1;0.1;2.5;80.00%;0.9;0.85;18644.1440388;3927.7748849;22571.9189236;8.3931624;1000;0.2;800
58.48%;2.29%;15.94%;2.05%;1.00%;0.71%;0.24%;0.45%;0.13%;18.70%;247.5936289;87.8120587;14.7892901;5437.0141204;95.21%;681.5128139;360.1105642;39.3923492;21.6876605;0.0805440;5.4002275;20.5005230;8.4299628;457.3277291;420.8170274;421.6710988;319.6627476;;65.46888733;1.2;80.00%;99.99%;0.05;149.2948151;3;158.4360657;0.03;0.02;67.1767807;0.740489904;98.00%;2.243227482;0.1;0.1;2.5;80.00%;0.9;0.85;19696.1745903;1537.5392284;21233.7138187;25.5371179;1000;0.2;800
58.68%;7.88%;23.61%;2.30%;1.03%;0.34%;0.26%;0.48%;0.13%;5.30%;248.4403923;58.6464275;47.4965221;6853.1543313;84.35%;605.8147520;342.3993662;41.1665843;74.6282816;0.0409879;18.5824421;70.5432845;48.2962913;768.7231153;821.8860025;482.4502371;619.8025171;;71.17485046;1.2;80.00%;99.25%;0.05;149.1212463;3;146.9359741;0.03;0.02;56.80154419;0.794086540;98.00%;2.905835867;0.1;0.1;2.5;80.00%;0.9;0.85;20583.2921347;5290.7463406;25874.0384753;7.4467005;1000;0.2;800
52.63%;7.90%;20.33%;1.94%;0.94%;0.32%;0.17%;0.24%;0.04%;15.49%;222.8257984;49.6941016;47.4594942;4147.8985986;80.76%;520.2293605;298.3675493;41.6914737;74.8176935;0.2052011;18.6296057;70.7223284;49.1597844;730.2080320;774.3391909;442.1226780;583.8363684;;66.32108307;1.2;80.00%;96.98%;0.05;142.7619171;3;145.694931;0.03;0.02;56.21560287;0.796393544;98.00%;2.015089035;0.1;0.1;2.5;80.00%;0.9;0.85;20845.7368333;5304.1746309;26149.9114642;6.6620253;1000;0.2;800
59.39%;4.60%;14.74%;0.62%;0.47%;0.29%;0.03%;0.55%;0.14%;19.16%;251.4464025;68.7952626;28.2642390;6620.2616025;88.17%;640.9091468;347.9514730;43.2229878;43.5647329;0.1184269;10.8476185;41.1800900;29.2434188;581.1930407;514.9747153;377.0209775;389.9373732;;70.06252289;1.2;80.00%;96.77%;0.05;141.8403168;3;157.315918;0.03;0.02;60.57872009;0.775630216;98.00%;2.851710796;0.1;0.1;2.5;80.00%;0.9;0.85;21611.4939249;3088.5067471;24700.0006720;12.9108696;1000;0.2;800
57.88%;7.81%;13.22%;2.35%;0.66%;0.82%;0.24%;0.47%;0.03%;16.51%;245.0533386;61.5040987;47.0896716;5204.1711326;84.91%;601.5158227;339.9351671;40.9063603;73.9653400;0.0345452;18.4173697;69.9166310;50.7540654;762.3534613;652.9507435;318.1822593;493.1106916;;54.10079193;1.2;80.00%;100.00%;0.05;148.0488281;3;145.2381134;0.03;0.02;58.79210281;0.784442527;98.00%;2.197706223;0.1;0.1;2.5;80.00%;0.9;0.85;20453.1801439;5243.7473249;25696.9274689;7.4110115;1000;0.2;800
52.32%;5.49%;20.89%;2.49%;1.00%;0.35%;0.15%;0.36%;0.05%;16.91%;221.5133150;60.9219620;33.3663048;5784.6255639;87.81%;562.3587250;310.8823014;38.7467549;51.9935617;0.1126262;12.9463969;49.1475421;31.3888628;600.3172683;658.0145920;470.9569137;496.7923229;;60.39659882;1.2;80.00%;99.63%;0.05;146.8940125;3;141.2661896;0.03;0.02;60.91053772;0.773934937;98.00%;2.724545717;0.1;0.1;2.5;80.00%;0.9;0.85;19373.3774378;3686.0656612;23059.4430990;9.5300546;1000;0.2;800
62.97%;5.94%;15.85%;2.69%;0.89%;0.51%;0.22%;0.19%;0.12%;10.62%;266.6034680;88.7386184;36.2956359;5567.2056677;88.54%;682.4050506;374.5668684;43.0447621;56.2553290;0.0292382;14.0075769;53.1760292;35.4974582;683.8271335;608.1925080;382.6782298;460.1926909;;72.49544525;1.2;80.00%;99.19%;0.05;147.1056213;3;159.1151733;0.03;0.02;67.50759125;0.738639491;98.00%;2.088380337;0.1;0.1;2.5;80.00%;0.9;0.85;21522.3810594;3988.2021908;25510.5832502;10.6010101;1000;0.2;800
59.10%;4.39%;13.27%;1.92%;1.31%;0.41%;0.13%;0.49%;0.03%;18.95%;250.2185955;60.2927256;27.0022071;5814.3906377;89.51%;647.5181298;350.4978522;41.6024686;41.5759081;0.0941312;10.3524011;39.3001293;21.0167410;571.4688910;491.6281522;365.6168895;372.3253155;;74.06031799;1.2;80.00%;97.86%;0.05;145.3974457;3;155.8460999;0.03;0.02;55.36901474;0.800765209;98.00%;2.576037407;0.1;0.1;2.5;80.00%;0.9;0.85;20801.2342761;2947.5096999;23748.7439760;13.4624146;1000;0.2;800
50.86%;7.75%;14.13%;2.79%;0.53%;0.59%;0.09%;0.32%;0.14%;22.78%;215.3319419;52.9925843;46.5843466;4958.7734047;83.01%;516.7912906;296.0424395;42.9782972;73.3971043;0.2372743;18.2758790;69.3794994;51.3635860;719.1402302;667.3372210;344.8734613;503.6412798;;59.45518494;1.2;80.00%;99.99%;0.05;148.7671204;3;148.0670929;0.03;0.02;58.88917923;0.783929911;98.00%;2.39554739;0.1;0.1;2.5;80.00%;0.9;0.85;21489.1485948;5203.4624543;26692.6110491;6.5625806;1000;0.2;800
56.09%;6.17%;13.78%;2.06%;1.45%;0.87%;0.05%;0.14%;0.05%;19.35%;237.4748058;50.4228153;37.3832142;6407.2407669;87.50%;600.7543537;333.1906413;43.6715371;58.4335657;0.1530790;14.5499578;55.2350337;32.6676291;659.9544379;573.7691249;341.7156365;433.6890575;;67.47304535;1.2;80.00%;99.87%;0.05;149.0223999;3;154.7751617;0.03;0.02;51.54571152;0.817869373;98.00%;2.954952955;0.1;0.1;2.5;80.00%;0.9;0.85;21835.7685733;4142.6275281;25978.3961015;9.0907618;1000;0.2;800
53.62%;2.28%;14.53%;0.45%;1.27%;0.51%;0.13%;0.29%;0.12%;26.80%;227.0172774;59.7648769;14.5279002;5637.2999190;93.99%;616.8380724;326.6138682;36.7117222;21.5929546;0.0731962;5.3766457;20.4110011;6.1982163;426.5692873;373.9674461;381.0490197;283.9029432;;65.55220795;1.2;80.00%;99.04%;0.05;146.7216797;3;143.7137146;0.03;0.02;56.82723236;0.793937312;98.00%;2.7231493;0.1;0.1;2.5;80.00%;0.9;0.85;18355.8611159;1530.8250833;19886.6861992;23.5175439;1000;0.2;800
52.06%;3.10%;16.01%;1.97%;0.69%;0.64%;0.11%;0.41%;0.03%;24.97%;220.4125226;66.0527165;19.3264412;5200.9915356;90.34%;575.6907689;308.6139668;37.5082238;29.3588417;0.1395009;7.3103516;27.7517998;16.7214344;458.3132360;479.4095250;439.7629087;362.9616330;;68.07466125;1.2;80.00%;97.11%;0.05;144.2159729;3;143.1204987;0.03;0.02;62.98920822;0.763176027;98.00%;2.516504765;0.1;0.1;2.5;80.00%;0.9;0.85;18754.1118869;2081.3849817;20835.4968686;16.7935484;1000;0.2;800
56.85%;4.29%;12.11%;0.68%;1.18%;0.80%;0.08%;0.29%;0.03%;23.69%;240.6925069;69.0490651;26.4315611;5285.7334496;91.32%;635.4726097;343.9661993;39.5921752;40.6288487;0.0232520;10.1165833;38.4049100;21.3392753;559.5915046;432.7813943;313.5718646;328.1744237;;53.590168;1.2;80.00%;100.00%;0.05;149.9799347;3;145.741333;0.03;0.02;61.01292419;0.773381763;98.00%;2.305012703;0.1;0.1;2.5;80.00%;0.9;0.85;19796.0876137;2880.3682489;22676.4558627;13.2517483;1000;0.2;800
57.32%;4.80%;13.45%;0.81%;0.75%;0.79%;0.08%;0.53%;0.07%;21.40%;242.6824009;51.2853611;29.3633897;6278.0114885;90.46%;634.6560284;345.3950999;42.7063162;45.4588517;0.1254699;11.3192541;42.9705287;28.4383500;590.8109606;485.6127489;335.3417779;367.6847971;;52.05993652;1.2;80.00%;100.00%;0.05;148.9194946;3;156.9844055;0.03;0.02;50.14262009;0.823857893;98.00%;2.88172555;0.1;0.1;2.5;80.00%;0.9;0.85;21353.1581026;3222.7896491;24575.9477518;11.9416667;1000;0.2;800
61.61%;7.05%;13.96%;0.87%;1.24%;0.68%;0.19%;0.38%;0.11%;13.92%;260.8454767;70.0909564;42.7237352;7552.4959406;87.07%;656.6425303;365.4495263;22.9204739;66.7676885;0.0000000;16.6251544;63.1129640;40.6613266;740.6231661;601.8735845;309.5048773;455.0985129;;54.46353912;1.2;80.00%;99.95%;0.05;145.8435211;3;144.0901337;0.03;0.02;60.37569427;0.776656127;98.00%;2.989220142;0.1;0.1;2.5;80.00%;0.9;0.85;11460.2369660;4733.4722972;16193.7092631;8.7390071;1000;0.2;800
56.36%;4.82%;17.97%;2.56%;0.52%;0.91%;0.20%;0.38%;0.02%;16.26%;238.6179364;77.8899174;29.5675371;6481.7649891;89.86%;619.8886346;338.0285978;39.4630826;45.6482636;0.0705271;11.3664176;43.1495725;30.4218432;585.5058654;588.9026789;438.2387115;445.3597816;;53.36288834;1.2;80.00%;99.60%;0.05;141.7870941;3;148.1918182;0.03;0.02;66.28108978;0.745510672;98.00%;2.746843338;0.1;0.1;2.5;80.00%;0.9;0.85;19731.5413003;3236.2179393;22967.7592397;11.6929461;1000;0.2;800
51.76%;1.74%;13.76%;1.43%;0.83%;0.61%;0.28%;0.25%;0.01%;29.33%;219.1423774;50.9632906;11.2980247;4836.7557446;95.83%;607.1192108;319.4887021;35.2181679;16.4788337;0.1250056;4.1032296;15.5768166;5.8439019;388.9721703;342.5774718;383.7501197;260.2587469;;54.26697922;1.2;80.00%;99.96%;0.05;145.3738251;3;146.1417084;0.03;0.02;51.52076721;0.817849764;98.00%;2.47248888;0.1;0.1;2.5;80.00%;0.9;0.85;17609.0839576;1168.2612478;18777.3452054;29.7471264;1000;0.2;800
54.05%;7.36%;16.60%;2.21%;1.09%;0.34%;0.13%;0.33%;0.11%;17.80%;228.8378188;74.8323486;44.4352943;5272.7043743;84.71%;560.4484336;317.1500325;43.8151974;69.7035726;0.2095875;17.3561896;65.8881439;44.0854700;715.2428785;674.3341048;372.2165439;509.3082941;;53.8911705;1.2;80.00%;99.97%;0.05;143.9046326;3;153.9778748;0.03;0.02;68.44930267;0.733271358;98.00%;2.242656469;0.1;0.1;2.5;80.00%;0.9;0.85;21907.5987052;4941.6107953;26849.2095006;7.3437500;1000;0.2;800
62.96%;4.93%;21.67%;0.55%;1.08%;0.91%;0.07%;0.27%;0.01%;7.56%;266.5611299;76.7121409;30.3000636;6973.1344548;88.78%;684.1508341;371.5223004;28.4218012;46.6900290;0.0000000;11.6258172;44.1343138;26.7310553;621.7109156;638.7799968;475.9659831;482.9551309;;62.65473175;1.2;80.00%;97.54%;0.05;141.3607635;3;148.9065704;0.03;0.02;62.16664505;0.767523104;98.00%;2.784542084;0.1;0.1;2.5;80.00%;0.9;0.85;14210.9006038;3310.0735355;17520.9741392;12.7707911;1000;0.2;800
55.27%;3.58%;22.46%;2.96%;1.17%;0.29%;0.03%;0.10%;0.02%;14.13%;234.0030757;55.1241318;22.1778578;5389.5534781;92.30%;624.4452305;335.4853152;40.8406022;33.9047269;0.1141418;8.4422770;32.0488526;16.3252694;510.3923502;590.4498316;516.7192358;446.2934714;;55.01044464;1.2;80.00%;99.79%;0.05;143.0082703;3;151.6753235;0.03;0.02;53.39896393;0.809685549;98.00%;2.543908596;0.1;0.1;2.5;80.00%;0.9;0.85;20420.3011079;2403.6639466;22823.9650546;15.4385475;1000;0.2;800
58.97%;3.29%;19.41%;0.71%;1.02%;0.59%;0.11%;0.43%;0.11%;15.36%;249.6681993;70.5112803;20.6008695;4722.1552437;93.45%;674.5084885;360.2353831;40.9885715;31.1582546;0.0586898;7.7584054;29.4527165;15.4446191;515.7434314;501.2598295;440.8373935;379.7418083;;62.44997025;1.2;80.00%;100.00%;0.05;148.7915344;3;156.2115936;0.03;0.02;59.58262253;0.780456593;98.00%;2.02248764;0.1;0.1;2.5;80.00%;0.9;0.85;20494.2857563;2208.9537387;22703.2394950;17.9240122;1000;0.2;800
62.06%;1.62%;12.03%;0.99%;1.50%;0.70%;0.24%;0.60%;0.13%;20.15%;262.7506944;74.0833207;10.8547831;6513.2894401;96.11%;730.0736476;382.4572904;36.6911443;15.3423625;0.0000000;3.8202483;14.5025534;-0.3770569;438.2558576;316.1022780;353.8921788;241.0772345;;55.27875519;1.2;80.00%;99.43%;0.05;140.2033844;3;158.4020691;0.03;0.02;58.52631378;0.785801011;98.00%;2.728663683;0.1;0.1;2.5;80.00%;0.9;0.85;18345.5721592;1087.6915066;19433.2636658;38.3086420;1000;0.2;800
49.65%;3.82%;22.65%;2.13%;0.29%;0.33%;0.21%;0.57%;0.14%;20.22%;210.2090231;64.9262799;23.5271356;4751.8400220;90.45%;549.6669815;297.9714517;36.5476562;36.1776695;0.1606352;9.0082397;34.1973791;25.0871869;491.1286913;605.9528321;523.6089872;457.7734896;;65.5042038;1.2;80.00%;99.22%;0.05;147.8193359;3;140.8876038;0.03;0.02;64.02626038;0.757612199;98.00%;2.335189342;0.1;0.1;2.5;80.00%;0.9;0.85;18273.8281077;2564.8034291;20838.6315368;12.9973822;1000;0.2;800
60.30%;6.11%;21.62%;1.28%;0.84%;0.66%;0.18%;0.27%;0.13%;8.61%;255.2991761;85.6529996;37.2441710;7463.1470875;88.51%;653.2452248;360.1901015;42.7455652;57.8653300;0.0544273;14.4084672;54.6979021;37.1171497;680.7930150;682.7662283;449.3275241;515.9890628;;59.43090439;1.2;80.00%;100.00%;0.05;149.1832123;3;155.7487183;0.03;0.02;67.80962372;0.736965349;98.00%;2.887681007;0.1;0.1;2.5;80.00%;0.9;0.85;21372.7826104;4102.3426575;25475.1252679;9.8690671;1000;0.2;800
58.30%;7.78%;16.59%;2.32%;0.94%;0.32%;0.24%;0.11%;0.12%;13.28%;246.8315418;77.5232254;46.9773775;5408.3521944;84.30%;601.5847956;339.9510285;42.6098761;73.6812222;0.0989813;18.3466243;69.6480652;48.2988257;760.5266975;699.5082713;367.1057187;528.2887382;;74.80662537;1.2;80.00%;99.13%;0.05;149.2321167;3;151.9568176;0.03;0.02;67.18091583;0.740464522;98.00%;2.157645702;0.1;0.1;2.5;80.00%;0.9;0.85;21304.9380283;5223.6048896;26528.5429179;7.4935733;1000;0.2;800
51.84%;5.94%;13.12%;1.03%;1.06%;0.33%;0.22%;0.51%;0.14%;25.82%;219.4810828;62.8425949;36.0096805;5310.8869790;86.90%;551.4214625;306.9887446;42.8843367;56.2553290;0.3029185;14.0075769;53.1760292;34.1374582;623.3059987;534.7322205;321.6065821;404.5023725;;68.61282349;1.2;80.00%;99.78%;0.05;147.9476166;3;159.4659882;0.03;0.02;62.74669266;0.764456769;98.00%;2.483790159;0.1;0.1;2.5;80.00%;0.9;0.85;21442.1683284;3988.2021908;25430.3705192;8.7272727;1000;0.2;800
50.63%;5.67%;24.85%;1.96%;0.74%;0.26%;0.16%;0.22%;0.11%;15.42%;214.3581640;50.6081224;34.3543288;5369.6389105;87.16%;540.1168269;300.0618527;40.0911894;53.6982686;0.2092280;13.3708689;50.7589370;34.7603010;601.2154270;718.1750008;522.2916301;541.7912203;;52.84349442;1.2;80.00%;99.73%;0.05;142.4213562;3;146.8203583;0.03;0.02;55.59321594;0.799699754;98.00%;2.695361137;0.1;0.1;2.5;80.00%;0.9;0.85;20045.5946926;3806.9202730;23852.5149656;8.9294533;1000;0.2;800
62.17%;2.57%;15.94%;1.34%;1.21%;0.35%;0.08%;0.12%;0.02%;16.20%;263.2164143;72.8860316;16.4362597;7156.3729674;95.00%;722.8994755;382.3988744;29.0356057;24.3394269;0.0000000;6.0605173;23.0071372;8.7588666;493.4255833;410.4622104;390.3146102;311.8112937;;51.8659668;1.2;80.00%;99.98%;0.05;143.0218811;3;154.1522522;0.03;0.02;58.29236221;0.786942961;98.00%;2.961266041;0.1;0.1;2.5;80.00%;0.9;0.85;14517.8028689;1725.5352913;16243.3381602;24.1906615;1000;0.2;800
49.08%;6.41%;12.53%;0.30%;0.60%;0.81%;0.10%;0.57%;0.09%;29.50%;207.7957474;51.8226759;38.6660329;5175.5506449;83.63%;502.4256283;283.5041232;41.7477124;60.7065082;0.2910629;15.1159206;57.3835601;41.1895466;629.5068826;556.6279807;318.8021450;420.5755431;;71.20753479;1.2;80.00%;97.96%;0.05;145.8508148;3;148.4457703;0.03;0.02;59.11057281;0.782876488;98.00%;2.658724785;0.1;0.1;2.5;80.00%;0.9;0.85;20873.8561880;4303.7670106;25177.6231986;7.6567863;1000;0.2;800
53.59%;7.49%;12.31%;0.26%;0.74%;0.70%;0.06%;0.39%;0.10%;24.35%;226.8902628;63.6364752;45.1312473;5771.2955001;82.71%;542.5335209;308.3599903;44.3260312;70.9347499;0.2347945;17.6627527;67.0519291;47.8181754;714.8565320;601.4876611;293.2120934;454.4876835;;73.86164856;1.2;80.00%;98.03%;0.05;146.1753998;3;152.9410858;0.03;0.02;63.7959938;0.758960435;98.00%;2.605203867;0.1;0.1;2.5;80.00%;0.9;0.85;22163.0156063;5028.8946817;27191.9102880;7.1548732;1000;0.2;800
54.82%;3.14%;13.64%;2.42%;1.04%;0.61%;0.22%;0.06%;0.06%;24.00%;232.0978580;70.8166854;19.6077045;4831.0016949;88.64%;594.7667332;318.6150343;37.5351471;29.7376655;0.1420627;7.4046787;28.1098875;14.2084206;469.8613372;463.4064709;419.6363733;351.1009203;;66.45728302;1.2;80.00%;95.03%;0.05;140.025238;3;147.5544586;0.03;0.02;64.31867981;0.756069129;98.00%;2.247381687;0.1;0.1;2.5;80.00%;0.9;0.85;18767.5735652;2108.2415621;20875.8151273;17.4585987;1000;0.2;800
51.83%;2.33%;20.72%;0.31%;0.51%;0.50%;0.12%;0.43%;0.14%;23.10%;219.4387446;80.9576792;14.8816056;5810.8564117;94.29%;598.1605743;317.3174193;36.5843781;22.0664843;0.0957416;5.4945546;20.8586108;12.6369491;421.0137877;470.3000723;476.0751093;356.3551881;;53.88545227;1.2;80.00%;99.68%;0.05;143.6404877;3;142.1886749;0.03;0.02;68.9389801;0.730494983;98.00%;2.650894165;0.1;0.1;2.5;80.00%;0.9;0.85;18292.1890576;1564.3958088;19856.5848664;22.2446352;1000;0.2;800
57.08%;5.54%;14.66%;2.29%;1.45%;0.76%;0.07%;0.47%;0.02%;17.66%;241.6662848;54.2352649;33.7159644;5277.8403482;88.94%;621.3692337;341.4098992;41.7216770;52.4670914;0.0725295;13.0643057;49.5951518;28.1475957;630.4947980;563.3703389;368.1311438;425.9369742;;52.22645187;1.2;80.00%;99.91%;0.05;142.9591675;3;149.8092804;0.03;0.02;52.97901154;0.811542553;98.00%;2.384611607;0.1;0.1;2.5;80.00%;0.9;0.85;20860.8385004;3719.6363867;24580.4748871;10.3032491;1000;0.2;800
52.24%;4.53%;13.65%;2.98%;0.29%;0.55%;0.09%;0.32%;0.01%;25.34%;221.1746097;52.6615801;27.6973155;5383.2171767;90.13%;576.2836554;314.3210480;40.8946955;42.9017913;0.1938649;10.6825460;40.5534364;30.1811928;547.1354943;502.1420318;373.8977598;379.9180302;;56.07160187;1.2;80.00%;100.00%;0.05;147.8310699;3;151.1613617;0.03;0.02;54.67225647;0.803937328;98.00%;2.643197775;0.1;0.1;2.5;80.00%;0.9;0.85;20447.3477266;3041.5077314;23488.8554580;11.5320088;1000;0.2;800
60.11%;2.44%;23.39%;2.35%;0.93%;0.81%;0.08%;0.33%;0.13%;9.43%;254.4947509;85.8347275;15.6887388;5402.9610693;94.95%;698.6249367;369.4822750;25.8066831;23.1082496;0.0000000;5.7539542;21.8433521;10.0661613;474.1554258;552.8927196;542.9333727;418.6884881;;62.58334732;1.2;80.00%;99.87%;0.05;148.1456451;3;148.0019836;0.03;0.02;65.46632385;0.749946398;98.00%;2.201700211;0.1;0.1;2.5;80.00%;0.9;0.85;12903.3415398;1638.2514050;14541.5929448;24.6352459;1000;0.2;800
55.44%;4.70%;20.58%;1.07%;0.44%;0.74%;0.08%;0.53%;0.11%;16.31%;234.7228246;81.7213420;28.8481881;4779.9400933;88.40%;599.8465478;327.2747196;40.2386974;44.5117923;0.0994437;11.0834363;42.0753093;30.2008844;568.5317526;615.6730437;474.7347379;465.4274976;;60.88731766;1.2;80.00%;97.90%;0.05;141.5614929;3;146.7231903;0.03;0.02;69.15377808;0.729142448;98.00%;2.045920849;0.1;0.1;2.5;80.00%;0.9;0.85;20119.3487034;3155.6481981;23274.9969015;11.7957447;1000;0.2;800
57.54%;3.89%;24.12%;0.71%;0.70%;0.25%;0.18%;0.50%;0.14%;11.97%;243.6138407;88.4858959;24.1720339;6801.0102525;92.14%;648.9552796;349.4888058;41.6207003;36.8406111;0.1307557;9.1733122;34.8240326;22.3094128;541.2720093;602.1403319;507.0402627;455.5914043;;51.64021683;1.2;80.00%;100.00%;0.05;145.0249634;3;159.2407227;0.03;0.02;69.20615387;0.728969751;98.00%;2.772317886;0.1;0.1;2.5;80.00%;0.9;0.85;20810.3501738;2611.8024448;23422.1526186;14.7917738;1000;0.2;800
50.45%;3.10%;13.23%;2.05%;1.32%;0.28%;0.23%;0.42%;0.14%;28.78%;213.5960769;76.0017083;19.3514510;4454.4411945;91.49%;564.9317049;303.1349474;38.7379546;29.3588417;0.2564840;7.3103516;27.7517998;11.6814344;453.6211061;420.5790379;382.1460386;319.0317353;;67.86721039;1.2;80.00%;98.57%;0.05;144.765213;3;153.0233154;0.03;0.02;68.68603516;0.731729376;98.00%;2.101189852;0.1;0.1;2.5;80.00%;0.9;0.85;19368.9773035;2081.3849817;21450.3622853;16.2741935;1000;0.2;800
52.35%;7.01%;13.90%;1.13%;0.60%;0.86%;0.21%;0.47%;0.15%;23.34%;221.6403295;43.6714694;42.1791875;4045.7872536;79.69%;510.6436638;289.9858206;40.7932896;66.3888647;0.2525774;16.5308273;62.7548762;45.4943404;670.7325437;652.6226299;376.7281309;492.4739537;;74.41262054;1.2;80.00%;93.72%;0.05;141.9534454;3;147.1375732;0.03;0.02;52.11231613;0.814855311;98.00%;2.096890926;0.1;0.1;2.5;80.00%;0.9;0.85;20396.6448217;4706.6157167;25103.2605384;7.4679030;1000;0.2;800
57.37%;2.19%;15.00%;2.57%;0.54%;0.81%;0.14%;0.17%;0.03%;21.17%;242.8940918;78.1825096;14.1444949;6816.1596632;95.30%;669.2439440;353.3544970;39.7219877;20.7406011;0.0859441;5.1644097;19.6053037;11.3924972;445.2308481;404.9424445;413.2411943;307.5919879;;54.59763336;1.2;80.00%;99.96%;0.05;143.7136078;3;156.183548;0.03;0.02;63.65354538;0.759736046;98.00%;2.938826561;0.1;0.1;2.5;80.00%;0.9;0.85;19860.9938362;1470.3977774;21331.3916137;26.1963470;1000;0.2;800
52.19%;2.32%;16.24%;1.58%;0.78%;0.45%;0.23%;0.38%;0.04%;25.81%;220.9629188;61.8221966;14.7044791;4623.4489703;88.97%;568.3802358;301.8357113;36.9794527;21.9717783;0.2230185;5.4709728;20.7690888;10.4052025;406.8900501;460.5588036;470.2664498;348.8172499;;73.92881012;1.2;80.00%;93.98%;0.05;141.6721954;3;148.9959717;0.03;0.02;61.02441788;0.773192498;98.00%;2.336980343;0.1;0.1;2.5;80.00%;0.9;0.85;18489.7263664;1557.6816637;20047.4080302;22.4956897;1000;0.2;800
61.56%;7.36%;18.75%;2.20%;0.50%;0.91%;0.17%;0.05%;0.06%;8.44%;260.6337858;87.5766426;44.5938268;7785.8456853;84.64%;637.7265265;357.0048945;43.5359997;69.7035726;0.0502451;17.3561896;65.8881439;48.8054700;751.0423568;730.9586576;421.5880641;552.0990160;;66.95109558;1.2;80.00%;97.81%;0.05;142.7346649;3;153.9859009;0.03;0.02;69.46037292;0.727498866;98.00%;2.935723066;0.1;0.1;2.5;80.00%;0.9;0.85;21767.9998611;4941.6107953;26709.6106564;8.3641304;1000;0.2;800
54.37%;7.81%;19.91%;2.83%;1.38%;0.30%;0.17%;0.39%;0.10%;12.76%;230.1926403;67.2815649;47.0447603;5275.0236034;83.02%;552.4828754;314.7297843;42.2951883;73.9653400;0.1618646;18.4173697;69.9166310;44.9940654;739.5349113;767.2953303;437.6525828;578.8600028;;74.58912659;1.2;80.00%;98.90%;0.05;149.2758179;3;147.9983063;0.03;0.02;65.14533234;0.751681483;98.00%;2.299653053;0.1;0.1;2.5;80.00%;0.9;0.85;21147.5941457;5243.7473249;26391.3414707;6.9615877;1000;0.2;800
49.23%;3.26%;24.76%;1.26%;1.29%;0.91%;0.17%;0.43%;0.14%;18.54%;208.4308199;62.8262733;20.2275135;4656.2210478;92.13%;555.1770809;298.6486395;38.8193897;30.8741368;0.2507814;7.6876601;29.1841507;13.0693794;458.8871234;601.2016634;553.6234174;454.2925878;;65.57060242;1.2;80.00%;99.80%;0.05;148.4317932;3;150.5599976;0.03;0.02;62.46758652;0.765789540;98.00%;2.32521677;0.1;0.1;2.5;80.00%;0.9;0.85;19409.6948430;2188.8113034;21598.5061463;15.1012270;1000;0.2;800
62.21%;7.06%;12.07%;1.17%;1.14%;0.55%;0.26%;0.18%;0.14%;15.24%;263.3857670;78.9690319;42.8238525;5673.7902175;86.76%;660.6409659;367.5989072;35.4551516;66.8623944;0.0000000;16.6487362;63.2024859;41.5330732;743.2530065;576.1674530;282.7676143;435.9442102;;56.77534485;1.2;80.00%;99.49%;0.05;142.6811676;3;150.3933563;0.03;0.02;64.47872925;0.755309467;98.00%;2.171860695;0.1;0.1;2.5;80.00%;0.9;0.85;17727.5757895;4740.1864423;22467.7622317;8.8116147;1000;0.2;800
60.67%;3.26%;16.97%;2.22%;1.37%;0.42%;0.06%;0.24%;0.03%;14.76%;256.8656885;75.4304979;20.4732078;4970.7340771;93.67%;695.6050055;371.0091266;41.4869918;30.8741368;0.0142416;7.6876601;29.1841507;12.4293794;523.5161757;477.8286586;417.3781810;362.2727570;;53.60403061;1.2;80.00%;100.00%;0.05;146.4025116;3;156.0706329;0.03;0.02;60.93081284;0.773754756;98.00%;2.056465387;0.1;0.1;2.5;80.00%;0.9;0.85;20743.4959212;2188.8113034;22932.3072246;18.6104294;1000;0.2;800
62.96%;6.05%;14.63%;1.08%;1.34%;0.57%;0.27%;0.27%;0.05%;12.78%;266.5611299;78.8416072;36.9034902;6491.5173772;88.51%;682.1274086;374.7867003;21.5054180;57.2970944;0.0000000;14.2669765;54.1607705;32.6866703;690.6301314;567.8661312;335.2124952;429.7977817;;62.7100563;1.2;80.00%;99.36%;0.05;145.5961304;3;147.6838074;0.03;0.02;63.26654816;0.761777799;98.00%;2.50481081;0.1;0.1;2.5;80.00%;0.9;0.85;10752.7090184;4062.0577869;14814.7668053;10.4066116;1000;0.2;800
50.84%;3.04%;20.47%;0.66%;1.03%;0.74%;0.15%;0.59%;0.07%;22.41%;215.2472656;46.7794006;18.8827827;5495.2022680;91.03%;566.4705986;303.5231474;38.9589577;28.7906061;0.2393977;7.1688609;27.2146681;13.5709550;450.4288153;525.9052058;491.0469291;397.6586452;;60.6885376;1.2;80.00%;97.84%;0.05;140.4572601;3;151.4052429;0.03;0.02;50.93769073;0.820450126;98.00%;2.903821945;0.1;0.1;2.5;80.00%;0.9;0.85;19479.4788714;2041.1001111;21520.5789825;16.7236842;1000;0.2;800
51.24%;7.01%;19.85%;1.12%;1.41%;0.79%;0.08%;0.13%;0.08%;18.30%;216.9407925;70.0588970;42.3051848;5379.6944033;83.72%;525.0580460;297.5627178;41.4745760;66.3888647;0.1903611;16.5308273;62.7548762;39.0143404;677.0903590;702.9042893;425.5243390;530.5057840;;58.56604767;1.2;80.00%;98.87%;0.05;142.9883728;3;143.8137512;0.03;0.02;68.42651367;0.733411345;98.00%;2.448345661;0.1;0.1;2.5;80.00%;0.9;0.85;20737.2880150;4706.6157167;25443.9037317;7.3095578;1000;0.2;800
61.57%;7.31%;19.23%;1.77%;1.25%;0.78%;0.10%;0.16%;0.07%;7.75%;260.6761240;64.0992416;44.2253820;7016.7537631;86.57%;652.3984739;364.2258815;45.0491075;69.2300429;0.0585665;17.2382807;65.4405343;42.4467372;754.5610137;711.2777068;403.6644111;537.1216136;;58.18489838;1.2;80.00%;99.89%;0.05;144.338089;3;157.8614655;0.03;0.02;57.34540558;0.791501624;98.00%;2.826209784;0.1;0.1;2.5;80.00%;0.9;0.85;22524.5537478;4908.0400698;27432.5938176;8.4227086;1000;0.2;800
55.89%;3.47%;20.22%;2.44%;0.91%;0.65%;0.24%;0.29%;0.08%;15.80%;236.6280424;55.4515930;21.5455456;4782.2258806;92.79%;634.7822569;340.3866004;37.5269769;32.8629616;0.0530731;8.1828774;31.0641113;17.6160572;508.8420408;548.9192164;480.2881651;415.1310221;;52.82568741;1.2;80.00%;100.00%;0.05;149.0540619;3;147.3562012;0.03;0.02;52.98962784;0.811408016;98.00%;2.235313416;0.1;0.1;2.5;80.00%;0.9;0.85;18763.4884502;2329.8083505;21093.2968008;16.1066282;1000;0.2;800
61.22%;6.13%;20.09%;1.75%;0.27%;0.45%;0.01%;0.16%;0.14%;9.78%;259.1942880;69.6460982;37.3130820;6386.7700131;88.65%;664.3167356;365.8705586;42.1658949;58.0547419;0.0000000;14.4556307;54.8769460;41.8206428;686.7523043;661.9111433;426.3044366;500.1449298;;55.66189957;1.2;80.00%;99.99%;0.05;145.9374695;3;151.834549;0.03;0.02;59.71816254;0.779934686;98.00%;2.576497555;0.1;0.1;2.5;80.00%;0.9;0.85;21082.9474361;4115.7709477;25198.7183839;9.9869494;1000;0.2;800
58.42%;2.91%;15.54%;1.57%;0.78%;0.81%;0.03%;0.25%;0.03%;19.66%;247.3395998;79.6652060;18.3865654;6889.7191236;93.06%;665.4623078;354.1766896;39.6763553;27.5594289;0.0108183;6.8622978;26.0508830;14.6382497;487.8348763;443.3749040;407.3279564;336.3501565;;70.89027405;1.2;80.00%;98.92%;0.05;147.686615;3;148.700531;0.03;0.02;64.53768921;0.755017286;98.00%;2.91594696;0.1;0.1;2.5;80.00%;0.9;0.85;19838.1776442;1953.8162248;21791.9938690;20.0756014;1000;0.2;800
53.79%;4.88%;15.96%;2.82%;0.59%;0.25%;0.09%;0.09%;0.02%;21.50%;227.7370263;51.8595446;29.7743500;5328.3018811;89.55%;589.5860053;322.5053274;39.5858082;46.2164993;0.0972257;11.5079083;43.6867041;30.2923225;574.9659120;546.6454527;395.0668711;413.2486276;;53.6307106;1.2;80.00%;99.84%;0.05;144.016983;3;144.5048981;0.03;0.02;53.26470184;0.810278486;98.00%;2.560874224;0.1;0.1;2.5;80.00%;0.9;0.85;19792.9041014;3276.5028099;23069.4069113;11.0225410;1000;0.2;800
54.89%;5.54%;23.30%;0.29%;0.99%;0.75%;0.25%;0.28%;0.11%;13.60%;232.3942252;60.1374431;33.6968615;5125.1764762;87.90%;590.5543528;325.5830324;38.0167048;52.4670914;0.0631725;13.0643057;49.5951518;31.8275957;616.6754068;673.1631106;480.1456075;508.2141582;;60.93944168;1.2;80.00%;99.23%;0.05;145.4454803;3;142.2400665;0.03;0.02;58.64075089;0.785171944;98.00%;2.342235088;0.1;0.1;2.5;80.00%;0.9;0.85;19008.3523878;3719.6363867;22727.9887745;9.9079422;1000;0.2;800
51.64%;3.83%;17.37%;1.60%;1.14%;0.33%;0.11%;0.17%;0.03%;23.77%;218.6343193;52.9788099;23.5777434;5918.6729328;91.48%;578.2325322;312.6428202;38.9288071;36.2723754;0.1560747;9.0318215;34.2869010;18.3589335;504.7143937;499.6801725;414.3857942;378.0393120;;52.52925873;1.2;80.00%;100.00%;0.05;147.4261322;3;146.5256195;0.03;0.02;54.77579117;0.803495177;98.00%;2.948224068;0.1;0.1;2.5;80.00%;0.9;0.85;19464.4035458;2571.5175742;22035.9211200;13.4830287;1000;0.2;800
51.33%;4.16%;14.28%;2.53%;1.12%;0.63%;0.23%;0.14%;0.10%;25.48%;217.3218360;55.9691876;25.5223468;4874.9615168;90.73%;570.0497762;309.7135222;39.7171597;39.3976715;0.2353173;9.8100202;37.2411248;20.8865700;521.6576116;486.7311652;381.8587303;368.4118765;;56.04050446;1.2;80.00%;100.00%;0.05;147.0248871;3;153.5595245;0.03;0.02;57.29467392;0.791624052;98.00%;2.402301311;0.1;0.1;2.5;80.00%;0.9;0.85;19858.5798710;2793.0843626;22651.6642336;12.3389423;1000;0.2;800
51.57%;5.37%;22.15%;2.72%;1.13%;0.40%;0.15%;0.12%;0.03%;16.34%;218.3379521;49.3213237;32.6020414;4061.5677119;87.86%;554.5987922;306.3588165;42.5961418;50.8570904;0.2885801;12.6634155;48.0732789;29.4879041;589.2972500;673.0597129;495.0046267;508.0766850;;67.956604;1.2;80.00%;99.56%;0.05;146.8210297;3;157.7099304;0.03;0.02;53.56174088;0.808466689;98.00%;2.029501677;0.1;0.1;2.5;80.00%;0.9;0.85;21298.0708995;3605.4959200;24903.5668194;9.6033520;1000;0.2;800
62.65%;5.24%;20.43%;0.92%;1.13%;0.61%;0.19%;0.09%;0.05%;8.69%;265.2486465;58.1516369;32.0427161;5911.7507664;88.38%;677.7063603;369.2828348;35.8858846;49.6259131;0.0000000;12.3568524;46.9094938;28.5551988;638.2182204;631.4041460;449.5317684;477.1725138;;67.50785828;1.2;80.00%;97.69%;0.05;143.2225494;3;151.6225281;0.03;0.02;52.35858154;0.814318982;98.00%;2.504775047;0.1;0.1;2.5;80.00%;0.9;0.85;17942.9423004;3518.2120336;21461.1543341;11.9561069;1000;0.2;800
56.56%;3.35%;14.43%;0.27%;0.44%;0.48%;0.18%;0.21%;0.15%;23.93%;239.4646999;83.4857619;20.9643409;6703.6398824;93.05%;644.2147932;344.9488936;32.4843482;31.7264903;0.0000000;7.8998961;29.9898481;20.5150985;505.6262702;412.7988977;350.8058145;313.3684425;;52.1573143;1.2;80.00%;100.00%;0.05;148.8832092;3;141.7187042;0.03;0.02;67.38987732;0.739330752;98.00%;2.827106953;0.1;0.1;2.5;80.00%;0.9;0.85;16242.1740770;2249.2386093;18491.4126863;16.8835821;1000;0.2;800
59.04%;6.03%;24.94%;2.51%;1.33%;0.32%;0.15%;0.36%;0.07%;5.26%;249.9645665;56.2643555;36.6186073;5257.9697338;86.78%;627.1329201;346.2671549;40.4084102;57.1076825;0.0161389;14.2198129;53.9817266;32.6231772;663.7016595;762.6326101;536.2146071;575.3810111;;59.51234436;1.2;80.00%;98.10%;0.05;141.4084778;3;145.9591217;0.03;0.02;53.99239349;0.807009313;98.00%;2.313170433;0.1;0.1;2.5;80.00%;0.9;0.85;20204.2051117;4048.6294967;24252.8346084;9.7910448;1000;0.2;800
58.86%;6.52%;18.89%;1.10%;0.25%;0.43%;0.04%;0.34%;0.10%;13.46%;249.2024794;69.8394704;39.5242337;6957.8742431;83.51%;601.6644629;335.1163532;41.9834126;61.7482736;0.0587155;15.3753201;58.3683014;44.7787588;682.0357458;691.0296235;437.1920873;521.7841364;;71.75583649;1.2;80.00%;95.44%;0.05;143.0383148;3;145.7480164;0.03;0.02;63.42207718;0.760961283;98.00%;2.954260111;0.1;0.1;2.5;80.00%;0.9;0.85;20991.7062907;4377.6226067;25369.3288974;9.0276074;1000;0.2;800
55.85%;5.84%;24.63%;2.96%;1.32%;0.55%;0.09%;0.33%;0.05%;8.39%;236.4586897;71.2777497;35.5257601;6354.8477138;88.17%;602.7354180;333.0695530;41.6260148;55.3082696;0.0967126;13.7717591;52.2808099;31.3399925;640.5178663;742.4955111;530.4200644;560.4371783;;54.94061279;1.2;80.00%;100.00%;0.05;148.4936829;3;148.8532104;0.03;0.02;64.09429932;0.757387260;98.00%;2.730257511;0.1;0.1;2.5;80.00%;0.9;0.85;20813.0073911;3921.0607398;24734.0681309;9.5633562;1000;0.2;800
54.68%;5.13%;15.20%;2.13%;0.33%;0.44%;0.08%;0.29%;0.11%;21.60%;231.5051236;67.3467340;31.2800276;5912.7094800;84.95%;568.5532218;312.7291868;40.1529658;48.5841478;0.1431622;12.0974528;45.9247525;34.1659866;580.7130355;580.6413278;416.0880049;438.8940369;;66.7408905;1.2;80.00%;95.10%;0.05;140.6749115;3;145.2165527;0.03;0.02;64.15222168;0.757068042;98.00%;2.724376678;0.1;0.1;2.5;80.00%;0.9;0.85;20076.4828924;3444.3564375;23520.8393299;10.6588694;1000;0.2;800
53.06%;5.93%;17.56%;2.63%;0.51%;0.35%;0.19%;0.45%;0.08%;19.24%;224.6463397;50.6326236;35.9028006;4342.6149201;85.02%;552.1874768;307.2720369;38.9745366;56.1606231;0.1392013;13.9839951;53.0865073;38.4657116;622.9706150;648.1559173;434.8724730;489.2605860;;72.50452423;1.2;80.00%;97.26%;0.05;146.3989258;3;142.5301514;0.03;0.02;54.73827362;0.803361789;98.00%;2.132441044;0.1;0.1;2.5;80.00%;0.9;0.85;19487.2682927;3981.4880457;23468.7563383;8.9477234;1000;0.2;800
62.34%;4.14%;24.82%;1.25%;0.33%;0.84%;0.12%;0.10%;0.09%;5.96%;263.9361632;70.8466382;25.6470856;6145.9068956;91.95%;701.6455461;377.4645120;32.7557657;39.2082596;0.0000000;9.7628566;37.0620810;27.0630769;580.9666669;640.0426863;524.3536654;483.8969342;;65.69980621;1.2;80.00%;99.61%;0.05;146.8631744;3;153.4531555;0.03;0.02;58.34375;0.786683130;98.00%;2.510442495;0.1;0.1;2.5;80.00%;0.9;0.85;16377.8828621;2779.6560724;19157.5389345;15.0579710;1000;0.2;800
62.13%;4.57%;19.87%;1.44%;1.46%;0.42%;0.27%;0.52%;0.14%;9.18%;263.0470616;55.1962448;28.0544974;6414.8174722;86.32%;656.4558187;355.7581939;39.1967116;43.2806151;0.0298715;10.7768732;40.9115242;21.1081791;587.0759864;634.4683762;496.1779091;479.3684651;;70.10049438;1.2;80.00%;94.28%;0.05;140.0234985;3;151.3441925;0.03;0.02;51.61156845;0.817584642;98.00%;2.854131699;0.1;0.1;2.5;80.00%;0.9;0.85;19598.3557816;3068.3643118;22666.7200934;13.5951860;1000;0.2;800
59.92%;6.05%;18.93%;0.78%;1.42%;0.91%;0.20%;0.09%;0.12%;11.59%;253.6903256;63.1416333;36.7947039;5614.0790664;88.52%;649.2049079;357.7463434;42.5172249;57.2970944;0.0703046;14.2669765;54.1607705;32.0466703;675.2554339;630.3528626;400.8961634;476.4026229;;57.30293274;1.2;80.00%;99.93%;0.05;144.5737;3;156.3843689;0.03;0.02;56.96711731;0.793272902;98.00%;2.354388714;0.1;0.1;2.5;80.00%;0.9;0.85;21258.6124467;4062.0577869;25320.6702336;9.9041322;1000;0.2;800
52.41%;6.65%;20.91%;2.52%;1.05%;0.55%;0.14%;0.34%;0.11%;15.32%;221.8943586;61.9734684;40.1843947;6325.3610477;85.48%;548.3573215;308.1279363;44.2174963;62.9794508;0.2935617;15.6818833;59.5320866;39.3114641;665.6917796;719.1424367;462.4261313;542.7838652;;69.41889954;1.2;80.00%;99.67%;0.05;147.713974;3;158.9659882;0.03;0.02;62.45222855;0.766036185;98.00%;2.922124863;0.1;0.1;2.5;80.00%;0.9;0.85;22108.7481739;4464.9064931;26573.6546670;7.8812030;1000;0.2;800
52.41%;1.86%;24.68%;0.48%;0.68%;0.43%;0.04%;0.41%;0.14%;18.86%;221.8943586;53.2547022;11.9921927;5492.0811865;92.18%;591.3330030;311.8363656;39.2910711;17.6153050;0.2139843;4.3862110;16.6510799;7.9048606;388.5544454;538.7362805;575.1615999;407.4293020;;68.03800964;1.2;80.00%;96.36%;0.05;141.3961945;3;152.2218475;0.03;0.02;54.13731384;0.806376339;98.00%;2.826466799;0.1;0.1;2.5;80.00%;0.9;0.85;19645.5355562;1248.8309890;20894.3665452;28.1774194;1000;0.2;800
55.08%;2.46%;19.58%;2.97%;0.66%;0.64%;0.07%;0.40%;0.02%;18.12%;233.1986505;51.8073854;15.5793963;4194.1184954;93.96%;633.4753312;335.8205431;39.1421890;23.2976615;0.1021908;5.8011177;22.0223959;12.3696544;445.2687965;504.6659515;499.4294383;381.9306452;;61.80342102;1.2;80.00%;99.24%;0.05;144.2329254;3;150.5700989;0.03;0.02;50.48656845;0.821980332;98.00%;2.039971828;0.1;0.1;2.5;80.00%;0.9;0.85;19571.0944933;1651.6796952;21222.7741884;22.3902439;1000;0.2;800
58.40%;2.67%;13.70%;2.40%;0.89%;0.73%;0.18%;0.26%;0.15%;20.62%;247.2549235;58.9286636;16.9004992;4716.9950842;94.20%;673.3828483;357.2103712;39.6318610;25.2864863;0.0701976;6.2963351;23.9023566;12.0363322;476.9743961;410.0238649;387.9782523;311.1743947;;71.19452667;1.2;80.00%;99.62%;0.05;148.7582703;3;156.1499023;0.03;0.02;53.05135727;0.811115802;98.00%;2.134623528;0.1;0.1;2.5;80.00%;0.9;0.85;19815.9304824;1792.6767423;21608.6072247;21.8726592;1000;0.2;800
60.54%;6.61%;24.95%;1.66%;0.50%;0.49%;0.13%;0.08%;0.06%;4.97%;256.3152923;55.0515936;40.0383448;6526.2705551;85.40%;632.8555394;351.4289698;25.8733695;62.6006271;0.0000000;15.5875561;59.1739988;43.4244778;702.2328533;782.1244599;519.3039140;589.9986070;;70.36045074;1.2;80.00%;97.38%;0.05;146.2276764;3;140.0225067;0.03;0.02;52.86668777;0.812094244;98.00%;2.822358608;0.1;0.1;2.5;80.00%;0.9;0.85;12936.6847453;4438.0499127;17374.7346579;9.1588502;1000;0.2;800
58.18%;7.88%;14.79%;2.51%;0.58%;0.64%;0.12%;0.42%;0.14%;14.74%;246.3234837;58.6825688;47.4942524;5847.1449826;84.83%;604.0763777;341.5047509;43.3638792;74.6282816;0.0741062;18.5824421;70.5432845;51.8962913;767.5942696;682.4069471;343.5696632;515.2194481;;52.09809494;1.2;80.00%;99.97%;0.05;143.6442108;3;150.0130463;0.03;0.02;56.92580795;0.793479989;98.00%;2.48387599;0.1;0.1;2.5;80.00%;0.9;0.85;21681.9396113;5290.7463406;26972.6859520;7.3832487;1000;0.2;800
59.29%;7.52%;21.13%;2.34%;0.40%;0.50%;0.24%;0.26%;0.10%;8.20%;251.0230208;68.7840291;45.3825120;5381.8713082;80.10%;581.3113393;328.4665634;39.8924770;71.2188677;0.0499871;17.7334981;67.3204949;50.7534150;735.0511696;811.7852213;497.3578656;612.2527990;;68.31843567;1.2;80.00%;93.40%;0.05;140.1990814;3;142.0680542;0.03;0.02;64.10796356;0.757275475;98.00%;2.279477119;0.1;0.1;2.5;80.00%;0.9;0.85;19946.2384884;5049.0371170;24995.2756053;7.8843085;1000;0.2;800
57.46%;7.51%;21.94%;2.40%;0.64%;0.53%;0.22%;0.55%;0.04%;8.72%;243.2751353;72.5853595;45.3644007;6553.1978802;85.27%;599.6897013;337.9111445;43.7816034;71.1241618;0.1555881;17.7099163;67.2309730;48.7616685;742.8768528;776.0909537;460.8462659;585.7115520;;54.59485626;1.2;80.00%;99.91%;0.05;142.8136139;3;157.0034027;0.03;0.02;64.93424225;0.752876236;98.00%;2.685686588;0.1;0.1;2.5;80.00%;0.9;0.85;21890.8016874;5042.3229719;26933.1246592;7.6511318;1000;0.2;800
58.39%;3.12%;13.36%;0.81%;0.99%;0.45%;0.23%;0.12%;0.07%;22.47%;247.2125853;80.0026657;19.6291400;6084.1518182;93.53%;668.4521705;356.5227250;38.0044487;29.5482536;0.0092822;7.3575152;27.9308436;14.4649275;502.6919585;391.3675837;341.5049450;297.3618551;;53.63727951;1.2;80.00%;99.83%;0.05;142.9702759;3;149.5180359;0.03;0.02;64.52656555;0.755066944;98.00%;2.551403999;0.1;0.1;2.5;80.00%;0.9;0.85;19002.2243405;2094.8132719;21097.0376125;18.7147436;1000;0.2;800
56.48%;5.71%;22.54%;2.33%;1.25%;0.55%;0.25%;0.40%;0.09%;10.41%;239.1259945;53.7520078;34.7028066;4433.5166267;88.56%;612.2619812;337.3707117;37.9346257;54.0770924;0.0074605;13.4651960;51.1170247;30.9672872;637.2376972;694.4669802;488.6793738;524.1516628;;58.78582001;1.2;80.00%;99.99%;0.05;149.5203094;3;141.3482666;0.03;0.02;53.14478683;0.810590043;98.00%;2.017338037;0.1;0.1;2.5;80.00%;0.9;0.85;18967.3128451;3833.7768534;22801.0896986;9.8914186;1000;0.2;800
59.30%;5.54%;12.37%;0.40%;1.41%;0.52%;0.27%;0.07%;0.06%;20.06%;251.0653590;57.6948986;33.7680092;6674.2326779;89.39%;648.8326752;355.5673358;41.0759451;52.4670914;0.0699320;13.0643057;49.5951518;28.4675957;643.6494987;486.3140090;288.2857596;368.3002507;;54.8677063;1.2;80.00%;99.99%;0.05;144.6553955;3;155.4376373;0.03;0.02;53.67693329;0.808486145;98.00%;2.89247179;0.1;0.1;2.5;80.00%;0.9;0.85;20537.9725446;3719.6363867;24257.6089313;10.7039711;1000;0.2;800
50.69%;6.78%;15.88%;0.51%;0.40%;0.40%;0.03%;0.06%;0.13%;25.12%;214.6121930;55.4547077;40.8817605;4751.7064983;83.48%;517.9377668;292.9289544;43.9487040;64.2106281;0.2970609;15.9884464;60.6958717;45.4441694;659.4346108;616.5564653;354.7006094;465.6411934;;65.01125336;1.2;80.00%;98.18%;0.05;142.7309265;3;152.9975739;0.03;0.02;60.45757294;0.776095686;98.00%;2.331308365;0.1;0.1;2.5;80.00%;0.9;0.85;21974.3520140;4552.1903794;26526.5423934;7.4764012;1000;0.2;800
53.36%;2.11%;22.00%;0.56%;1.06%;0.42%;0.29%;0.45%;0.09%;19.67%;225.9164849;80.9149164;13.5885670;6349.0921042;91.93%;600.3972204;317.6251575;34.1795288;19.9829536;0.0767005;4.9757554;18.8891282;6.6585247;408.8126636;507.6072216;526.5759870;384.3233434;;68.26062775;1.2;80.00%;96.59%;0.05;144.1283264;3;140.3334503;0.03;0.02;68.78929138;0.731369480;98.00%;2.905647755;0.1;0.1;2.5;80.00%;0.9;0.85;17089.7643806;1416.6846166;18506.4489972;25.2890995;1000;0.2;800
62.87%;2.94%;21.88%;1.33%;1.42%;0.54%;0.09%;0.41%;0.14%;8.39%;266.1800863;75.8195607;18.6328538;5960.6035361;94.43%;726.6574466;385.7690746;33.8386996;27.8435467;0.0000000;6.9330431;26.3194488;9.7334894;518.1083562;532.8678087;489.4700909;403.6706505;;59.08507156;1.2;80.00%;100.00%;0.05;148.8438263;3;157.3114624;0.03;0.02;59.54228973;0.780798266;98.00%;2.41464591;0.1;0.1;2.5;80.00%;0.9;0.85;16919.3498097;1973.9586601;18893.3084697;21.3843537;1000;0.2;800
62.62%;2.29%;17.06%;2.68%;0.51%;0.76%;0.21%;0.33%;0.14%;13.40%;265.1216320;97.0742194;14.8965788;5269.0016884;95.50%;731.9691526;386.1381651;0.6742662;21.6876605;0.0000000;5.4002275;20.5005230;12.3499628;480.5713678;447.7360823;443.9976201;340.0974566;;51.12652588;1.2;80.00%;100.00%;0.05;146.9914856;3;144.3409882;0.03;0.02;68.20714569;0.734652998;98.00%;2.02690506;0.1;0.1;2.5;80.00%;0.9;0.85;337.1331019;1537.5392284;1874.6723303;27.3449782;1000;0.2;800
52.85%;2.63%;15.08%;2.20%;0.86%;0.26%;0.18%;0.28%;0.07%;25.59%;223.7572381;52.7837776;16.5494515;5235.1826130;94.00%;608.0636945;323.3973412;37.9420732;24.9076625;0.1439884;6.2020080;23.5442688;11.9893460;444.3154203;416.1787895;402.4866201;315.5133456;;58.7791748;1.2;80.00%;99.87%;0.05;145.9076691;3;149.7476807;0.03;0.02;52.7756424;0.812437443;98.00%;2.598344326;0.1;0.1;2.5;80.00%;0.9;0.85;18971.0365921;1765.8201619;20736.8567540;20.0950570;1000;0.2;800
58.32%;1.90%;15.44%;2.78%;1.31%;0.47%;0.10%;0.35%;0.02%;19.32%;246.9162181;70.2893564;12.4030329;5066.3903662;93.61%;668.2121101;351.6647198;32.3921994;17.9941288;0.0000000;4.4805381;17.0091676;3.1518469;426.6942672;420.1244604;446.2694773;318.7891461;;71.44483948;1.2;80.00%;97.55%;0.05;146.0445709;3;144.4121246;0.03;0.02;59.82477951;0.779326950;98.00%;2.259601593;0.1;0.1;2.5;80.00%;0.9;0.85;16196.0996974;1275.6875694;17471.7872668;30.6947368;1000;0.2;800
54.62%;1.98%;17.87%;0.44%;0.44%;0.61%;0.06%;0.54%;0.03%;23.42%;231.2510945;54.1177047;12.7377461;5264.9218703;92.24%;616.6670523;325.3422327;40.0322412;18.7517763;0.1919027;4.6691923;17.7253431;10.6858194;407.7411250;438.2293419;464.9138580;332.1456045;;66.55786133;1.2;80.00%;96.50%;0.05;140.340332;3;155.5491333;0.03;0.02;53.17887115;0.810653804;98.00%;2.616717577;0.1;0.1;2.5;80.00%;0.9;0.85;20016.1205974;1329.4007303;21345.5213277;27.5858586;1000;0.2;800
50.74%;7.33%;23.45%;1.51%;1.27%;0.51%;0.27%;0.13%;0.12%;14.65%;214.8238839;47.1787631;44.0877778;4309.5057438;83.32%;517.4477647;294.7357710;42.7778581;69.4194548;0.3234827;17.2854442;65.6195781;42.4302304;693.8413591;775.3603131;478.9330657;584.6726628;;63.72331238;1.2;80.00%;99.32%;0.05;144.2532806;3;156.5026855;0.03;0.02;54.52476883;0.804315240;98.00%;2.158851147;0.1;0.1;2.5;80.00%;0.9;0.85;21388.9290591;4921.4683600;26310.3974191;6.9222374;1000;0.2;800
50.97%;3.41%;14.96%;0.76%;0.53%;0.80%;0.17%;0.40%;0.11%;27.89%;215.7976618;46.8054121;21.0752953;5248.9962503;92.28%;575.6961978;309.6905089;39.8329245;32.2947259;0.2437797;8.0413868;30.5269797;20.2255778;477.6611719;439.5790570;380.8305836;332.9611734;;53.56218338;1.2;80.00%;100.00%;0.05;146.1475525;3;154.431427;0.03;0.02;50.35524368;0.822904908;98.00%;2.71677494;0.1;0.1;2.5;80.00%;0.9;0.85;19916.4622644;2289.5234799;22205.9857443;14.9472141;1000;0.2;800
56.62%;2.96%;23.46%;0.95%;1.24%;0.36%;0.10%;0.31%;0.11%;13.88%;239.7187289;73.7713044;18.5863091;4558.5175283;88.63%;614.2614185;327.9775448;37.4706273;28.0329586;0.0585847;6.9802067;26.4984927;11.3169825;467.4379750;595.2832759;560.9136994;450.0416689;;66.10739899;1.2;80.00%;94.48%;0.05;140.2180634;3;142.7598877;0.03;0.02;64.61545563;0.754395939;98.00%;2.065902233;0.1;0.1;2.5;80.00%;0.9;0.85;18735.3136604;1987.3869503;20722.7006107;19.1283784;1000;0.2;800
61.71%;3.31%;14.14%;1.48%;1.46%;0.76%;0.02%;0.11%;0.05%;16.97%;261.2688584;76.0722775;20.7652444;4875.9143515;91.61%;691.9478311;369.3220760;32.7365472;31.3476665;0.0000000;7.8055690;29.6317604;12.0681122;524.8310585;447.4000781;384.3847787;339.4299492;;74.8443222;1.2;80.00%;97.79%;0.05;146.6416931;3;150.2702789;0.03;0.02;61.42757034;0.771207527;98.00%;2.017596006;0.1;0.1;2.5;80.00%;0.9;0.85;16368.2736228;2222.3820289;18590.6556517;18.6435045;1000;0.2;800
56.10%;4.70%;16.74%;2.18%;0.89%;0.62%;0.07%;0.21%;0.08%;18.41%;237.5171440;79.4791895;28.8607258;6103.7034945;89.61%;615.3542127;335.2439637;39.6050528;44.5117923;0.0386387;11.0834363;42.0753093;26.6008844;575.6738300;554.7143607;412.0420777;419.6857723;;63.73960495;1.2;80.00%;99.13%;0.05;146.1428986;3;143.7098541;0.03;0.02;67.26847839;0.740004612;98.00%;2.59250927;0.1;0.1;2.5;80.00%;0.9;0.85;19802.5263880;3155.6481981;22958.1745861;11.9361702;1000;0.2;800
53.26%;7.42%;19.24%;0.69%;1.38%;0.54%;0.09%;0.33%;0.11%;16.95%;225.4931032;70.2904348;44.7537305;4842.4905925;84.12%;548.3757901;311.1385843;42.2431070;70.2718083;0.1550207;17.4976803;66.4252755;42.1959494;713.2889273;700.6251805;395.6005385;528.8662319;;65.85198212;1.2;80.00%;99.66%;0.05;148.6605377;3;145.7890625;0.03;0.02;66.97567749;0.741535496;98.00%;2.119705677;0.1;0.1;2.5;80.00%;0.9;0.85;21121.5535030;4981.8956659;26103.4491689;7.1778976;1000;0.2;800
51.07%;4.61%;17.55%;0.79%;1.18%;0.57%;0.10%;0.13%;0.06%;23.94%;216.2210435;48.9575846;28.1322092;4648.5454725;89.72%;560.8108385;306.6410098;41.8793446;43.6594388;0.2657092;10.8712003;41.2696119;23.6351653;544.9658728;531.7554280;400.2189121;402.0901824;;63.36890793;1.2;80.00%;99.97%;0.05;148.3040466;3;155.4451294;0.03;0.02;52.95624542;0.811515606;98.00%;2.355311394;0.1;0.1;2.5;80.00%;0.9;0.85;20939.6723047;3095.2208922;24034.8931969;11.0780911;1000;0.2;800
61.85%;2.23%;19.38%;0.31%;0.75%;0.59%;0.06%;0.11%;0.09%;14.63%;261.8615928;60.9231399;14.3778612;6808.4719253;94.78%;717.5105529;378.2503899;4.0198913;21.1194249;0.0000000;5.2587368;19.9633914;9.9994835;469.8246008;445.2029863;446.6366287;337.6949465;;70.16272736;1.2;80.00%;99.13%;0.05;149.2859802;3;142.2463531;0.03;0.02;51.9739418;0.816015431;98.00%;2.964449167;0.1;0.1;2.5;80.00%;0.9;0.85;2009.9456642;1497.2543578;3507.2000221;27.7354260;1000;0.2;800
57.12%;1.71%;24.56%;2.26%;0.78%;0.46%;0.28%;0.44%;0.04%;12.35%;241.8356375;63.9459522;11.1967902;6182.5815885;89.24%;623.9280949;328.1033797;36.6626170;16.1947159;0.1449828;4.0324843;15.3082508;6.0286622;394.8801039;592.3311360;634.7628528;447.8230377;;74.21008301;1.2;80.00%;92.72%;0.05;140.0187531;3;151.8121185;0.03;0.02;58.88945007;0.784021281;98.00%;2.960203648;0.1;0.1;2.5;80.00%;0.9;0.85;18331.3084796;1148.1188125;19479.4272921;33.4035088;1000;0.2;800
54.16%;6.14%;20.46%;2.60%;0.73%;0.78%;0.09%;0.44%;0.14%;14.44%;229.3035386;46.9708921;37.1316071;5970.3258524;84.00%;556.8278664;310.4438774;40.5694974;58.1494478;0.1418085;14.4792125;54.9664679;38.2123894;637.8925517;719.9630935;493.5826849;543.0954702;;73.46839142;1.2;80.00%;96.27%;0.05;145.0628357;3;144.1233368;0.03;0.02;51.72874451;0.817067342;98.00%;2.943367004;0.1;0.1;2.5;80.00%;0.9;0.85;20284.7486941;4122.4850928;24407.2337869;8.8208469;1000;0.2;800
56.94%;1.83%;21.38%;2.39%;0.37%;0.66%;0.25%;0.25%;0.14%;15.80%;241.0735504;86.0403010;12.0460676;5242.0588516;95.06%;662.5491261;348.5751209;37.1776188;17.3311872;0.0610468;4.3154656;16.3825140;10.1696209;420.0897549;495.1837444;526.0828219;375.3122778;;70.05310059;1.2;80.00%;99.05%;0.05;147.1140594;3;151.5986786;0.03;0.02;67.45456696;0.738911997;98.00%;2.236715794;0.1;0.1;2.5;80.00%;0.9;0.85;18588.8093760;1228.6885537;19817.4979297;31.1147541;1000;0.2;800
57.47%;5.12%;14.88%;1.92%;0.86%;0.35%;0.27%;0.23%;0.04%;18.85%;243.3174735;70.2333954;31.2973157;5202.6078543;87.44%;615.0587379;336.6468126;39.1163035;48.4894418;0.0820018;12.0738710;45.8352306;29.8542400;602.0233477;551.8860437;383.0925755;417.4978156;;68.80944824;1.2;80.00%;97.32%;0.05;143.7175293;3;148.8113556;0.03;0.02;62.81602478;0.764082900;98.00%;2.257570028;0.1;0.1;2.5;80.00%;0.9;0.85;19558.1517689;3437.6422924;22995.7940613;11.2246094;1000;0.2;800
55.19%;6.18%;19.51%;1.27%;0.98%;0.32%;0.08%;0.11%;0.06%;16.30%;233.6643703;81.4175030;37.5512262;6540.4629365;87.29%;589.6881412;327.7171272;42.5350521;58.5282716;0.1360584;14.5735396;55.3245556;36.4993757;655.5306018;643.6586116;411.9236025;486.4207241;;57.62252426;1.2;80.00%;99.94%;0.05;145.8955078;3;150.7215576;0.03;0.02;69.65135193;0.726382861;98.00%;2.722383499;0.1;0.1;2.5;80.00%;0.9;0.85;21267.5260432;4149.3416733;25416.8677164;8.9304207;1000;0.2;800
55.34%;7.03%;19.52%;1.81%;0.59%;0.64%;0.03%;0.19%;0.13%;14.72%;234.2994429;59.7521711;42.4591765;5686.4028481;85.76%;580.8969395;326.3211750;41.3840770;66.5782766;0.0511901;16.5779909;62.9339201;45.7178335;704.0135843;701.1286718;416.9992416;529.1449980;;53.05936813;1.2;80.00%;100.00%;0.05;148.3769073;3;141.2994537;0.03;0.02;59.01873779;0.783370287;98.00%;2.527114391;0.1;0.1;2.5;80.00%;0.9;0.85;20692.0384847;4720.0440069;25412.0824916;7.8719772;1000;0.2;800
52.97%;7.97%;13.35%;1.59%;1.37%;0.88%;0.07%;0.39%;0.06%;21.34%;224.2652962;47.8260977;47.8913913;5027.2985541;83.24%;539.6973069;308.6459110;46.1510505;75.4806350;0.2957899;18.7946781;71.3489820;46.2220104;743.3074404;650.8711684;313.1806031;491.3859747;;51.18684006;1.2;80.00%;100.00%;0.05;143.6158905;3;159.4139099;0.03;0.02;53.53033829;0.809052817;98.00%;2.397127151;0.1;0.1;2.5;80.00%;0.9;0.85;23075.5252372;5351.1736466;28426.6988837;6.6461731;1000;0.2;800
54.72%;6.65%;12.99%;2.61%;1.25%;0.62%;0.08%;0.18%;0.03%;20.87%;231.6744763;49.4981819;40.1758747;5652.7529704;86.34%;578.2904779;323.4618069;43.5453541;62.9794508;0.1832259;15.6818833;59.5320866;37.7114641;679.3828782;589.0066266;329.1989006;445.0457865;;54.65900803;1.2;80.00%;99.97%;0.05;144.2869263;3;153.8617859;0.03;0.02;52.26437378;0.814720132;98.00%;2.650376558;0.1;0.1;2.5;80.00%;0.9;0.85;21772.6770430;4464.9064931;26237.5835361;8.2285714;1000;0.2;800
53.67%;3.69%;16.64%;2.03%;0.76%;0.35%;0.01%;0.41%;0.12%;22.31%;227.2289682;59.4762126;22.8101362;5611.1395095;91.42%;600.5551949;323.6354563;39.3714628;34.9464923;0.0918212;8.7016766;33.0335939;20.3944816;506.1223975;499.1367901;420.5969069;377.7396861;;53.41785812;1.2;80.00%;99.31%;0.05;141.4440308;3;144.4128113;0.03;0.02;57.63035202;0.790107467;98.00%;2.667623043;0.1;0.1;2.5;80.00%;0.9;0.85;19685.7313906;2477.5195428;22163.2509333;14.5447154;1000;0.2;800
58.67%;4.20%;19.12%;0.71%;0.80%;0.69%;0.18%;0.59%;0.07%;14.97%;248.3980541;66.6373516;25.9202964;6747.7660362;91.36%;656.0550745;354.2016978;39.7081107;39.7764953;0.0303468;9.9043473;37.5992126;23.7335563;563.7583514;548.3984902;432.8543373;414.9509292;;67.60098267;1.2;80.00%;99.57%;0.05;148.0314636;3;150.745163;0.03;0.02;58.56245041;0.785627092;98.00%;2.913428307;0.1;0.1;2.5;80.00%;0.9;0.85;19854.0553568;2819.9409430;22673.9962998;13.9690476;1000;0.2;800
58.40%;6.01%;24.03%;2.37%;0.63%;0.54%;0.03%;0.40%;0.03%;7.56%;247.2549235;86.5667126;36.6280611;6590.0221052;88.29%;631.1450243;348.4361042;44.2884736;56.9182706;0.1052639;14.1726494;53.8026828;38.0796841;664.0372594;732.7545549;508.0183579;553.4480728;;67.50009155;1.2;80.00%;99.96%;0.05;149.9335327;3;156.146698;0.03;0.02;69.41598511;0.727752081;98.00%;2.601682186;0.1;0.1;2.5;80.00%;0.9;0.85;22144.2368194;4035.2012065;26179.4380259;9.7171381;1000;0.2;800
56.46%;6.09%;24.66%;2.30%;1.38%;0.56%;0.11%;0.54%;0.13%;7.77%;239.0413182;82.0945501;37.0471282;5739.0354787;87.76%;606.4999656;336.0300700;43.9087464;57.6759181;0.1713031;14.3613036;54.5188582;32.6536566;657.7924057;749.7775276;522.3230740;566.1235182;;66.66403961;1.2;80.00%;99.96%;0.05;149.2510071;3;157.8565979;0.03;0.02;68.94203186;0.730474508;98.00%;2.349411726;0.1;0.1;2.5;80.00%;0.9;0.85;21954.3731774;4088.9143673;26043.2875448;9.2709360;1000;0.2;800
50.88%;6.31%;14.96%;1.05%;0.52%;0.28%;0.28%;0.33%;0.10%;25.28%;215.4166183;71.3260297;38.1938934;5257.8853614;85.14%;530.2217165;297.5449637;38.0853773;59.7594488;0.1626805;14.8801028;56.4883408;41.1120810;636.5733221;584.2088242;349.1453056;441.4871292;;65.49011993;1.2;80.00%;98.94%;0.05;146.9915009;3;140.9229584;0.03;0.02;68.71512604;0.731746770;98.00%;2.412621498;0.1;0.1;2.5;80.00%;0.9;0.85;19042.6886284;4236.6255596;23279.3141880;8.0633914;1000;0.2;800
59.25%;7.73%;17.30%;1.94%;0.92%;0.66%;0.18%;0.08%;0.10%;11.84%;250.8536681;75.8916344;46.7006279;5945.4981018;85.37%;619.1081520;348.7698224;44.5350429;73.2076925;0.1164476;18.2287154;69.2004555;48.1000929;765.3861106;700.0734922;369.4444585;528.7836955;;53.89743423;1.2;80.00%;100.00%;0.05;144.8614655;3;157.4507141;0.03;0.02;65.38918304;0.750394937;98.00%;2.347914219;0.1;0.1;2.5;80.00%;0.9;0.85;22267.5214375;5190.0341641;27457.5556016;7.6649418;1000;0.2;800
55.89%;3.82%;12.73%;1.67%;0.44%;0.34%;0.22%;0.52%;0.08%;24.30%;236.6280424;59.9775770;23.6189041;4788.2459888;92.10%;630.0348843;339.3114773;40.7015185;36.1776695;0.1606617;9.0082397;34.1973791;23.8871869;528.2860429;432.7107564;343.4633685;328.1207681;;62.92597198;1.2;80.00%;99.99%;0.05;148.34729;3;158.1153717;0.03;0.02;56.15643311;0.796982522;98.00%;2.193642616;0.1;0.1;2.5;80.00%;0.9;0.85;20350.7592466;2564.8034291;22915.5626757;14.6308901;1000;0.2;800
55.27%;4.02%;13.89%;0.45%;1.35%;0.35%;0.30%;0.30%;0.05%;24.02%;234.0030757;68.4857254;24.8133269;5610.7071513;91.22%;617.1460004;333.4942114;37.5689485;38.0717883;0.0850693;9.4798753;35.9878177;18.0421181;534.9076762;441.1028842;340.0322588;334.3905808;;61.35530472;1.2;80.00%;99.57%;0.05;145.7728577;3;147.8173065;0.03;0.02;61.78454208;0.769464892;98.00%;2.5143435;0.1;0.1;2.5;80.00%;0.9;0.85;18784.4742488;2699.0863311;21483.5605800;13.7487562;1000;0.2;800
61.12%;3.89%;16.92%;0.89%;1.12%;0.36%;0.13%;0.18%;0.12%;15.27%;258.7709062;79.9404772;24.1120420;6801.6607607;84.28%;630.4742387;339.9247979;37.9415150;36.8406111;0.0068764;9.1733122;34.8240326;18.9494128;532.6165251;567.8050842;474.4701281;429.5338235;;74.68648529;1.2;80.00%;91.03%;0.05;140.521286;3;142.3516235;0.03;0.02;66.60684967;0.743708400;98.00%;2.902203083;0.1;0.1;2.5;80.00%;0.9;0.85;18970.7575037;2611.8024448;21582.5599485;15.7120823;1000;0.2;800
52.41%;7.91%;13.93%;1.44%;0.82%;0.38%;0.07%;0.31%;0.02%;22.72%;221.8943586;73.8577858;47.6319206;6409.6950699;82.94%;532.0895466;304.6547664;43.4283569;74.9123994;0.2018815;18.6531875;70.8118503;50.1915310;736.0749993;646.5630773;312.8751897;488.3459473;;60.08104706;1.2;80.00%;99.76%;0.05;146.1081238;3;147.968811;0.03;0.02;69.84073639;0.725276418;98.00%;2.779302597;0.1;0.1;2.5;80.00%;0.9;0.85;21714.1784436;5310.8887760;27025.0672196;6.6257901;1000;0.2;800
54.61%;4.90%;16.94%;1.83%;0.74%;0.70%;0.25%;0.52%;0.14%;19.36%;231.2087564;78.2349139;30.0125333;6021.7234612;89.76%;599.9825186;328.0906153;39.6183249;46.4059111;0.1343653;11.5550719;43.8657480;29.2358157;581.3808688;562.1930145;408.4616463;425.3123255;;52.10070801;1.2;80.00%;100.00%;0.05;146.2936554;3;150.7008057;0.03;0.02;67.60910034;0.738085421;98.00%;2.594395161;0.1;0.1;2.5;80.00%;0.9;0.85;19809.1624390;3289.9311001;23099.0935391;11.1448980;1000;0.2;800
54.45%;5.60%;21.29%;2.94%;1.29%;0.77%;0.04%;0.39%;0.13%;13.10%;230.5313456;47.4787424;33.9974775;5744.5412437;88.39%;589.1194692;324.9990688;41.4150681;53.0353270;0.1143512;13.2057964;50.1322834;29.8580750;619.2412413;682.7360687;486.7637074;515.2851125;;50.34169006;1.2;80.00%;100.00%;0.05;144.921814;3;147.3278656;0.03;0.02;50.03995514;0.824273980;98.00%;2.757964849;0.1;0.1;2.5;80.00%;0.9;0.85;20707.5340721;3759.9212573;24467.4553295;9.7232143;1000;0.2;800
51.65%;6.28%;21.93%;0.56%;0.81%;0.41%;0.21%;0.25%;0.15%;17.75%;218.6766575;62.3018844;38.0024444;6223.5289167;86.32%;545.7105421;305.3491407;42.1576347;59.4753310;0.2652684;14.8093574;56.2197750;38.5768413;641.7085071;680.6689711;446.7598621;513.8898050;;51.30724716;1.2;80.00%;99.98%;0.05;142.6730652;3;154.8609314;0.03;0.02;62.81918716;0.764121425;98.00%;2.909317017;0.1;0.1;2.5;80.00%;0.9;0.85;21078.8173636;4216.4831243;25295.3004879;8.2245223;1000;0.2;800
54.68%;4.43%;17.21%;0.89%;1.36%;0.87%;0.16%;0.34%;0.05%;20.03%;231.5051236;76.9021471;27.2250287;5330.7936239;88.19%;590.2782779;321.2857649;37.5926885;41.9547319;0.0628382;10.4467282;39.6582171;20.9037272;547.5690986;548.8844246;425.1199984;415.1976866;;58.11227036;1.2;80.00%;97.24%;0.05;140.4188995;3;140.4147186;0.03;0.02;67.5714035;0.738262353;98.00%;2.35944891;0.1;0.1;2.5;80.00%;0.9;0.85;18796.3442585;2974.3662803;21770.7105388;12.3431151;1000;0.2;800
55.18%;5.14%;15.86%;0.92%;1.03%;0.75%;0.23%;0.59%;0.03%;20.27%;233.6220322;64.1899181;31.3702245;6227.4322395;88.87%;600.2035818;329.0407926;41.8368092;48.6788537;0.2039620;12.1210346;46.0142744;28.6377332;596.3055559;547.1466578;378.9294736;413.9289905;;57.86365509;1.2;80.00%;99.39%;0.05;141.3654327;3;158.3463745;0.03;0.02;60.44390488;0.776303700;98.00%;2.803451538;0.1;0.1;2.5;80.00%;0.9;0.85;20918.4045806;3451.0705826;24369.4751632;10.7354086;1000;0.2;800
61.03%;4.29%;14.52%;1.40%;0.73%;0.26%;0.08%;0.15%;0.11%;17.44%;258.3898627;60.1149280;26.4624595;6171.6999357;91.50%;683.5442218;368.6579429;24.5351583;40.6288487;0.0000000;10.1165833;38.4049100;24.9392753;581.8030546;477.1864009;353.7725929;361.5488015;;62.81020737;1.2;80.00%;99.56%;0.05;146.6734619;3;146.5347748;0.03;0.02;53.26882172;0.810303381;98.00%;2.646193743;0.1;0.1;2.5;80.00%;0.9;0.85;12267.5791669;2880.3682489;15147.9474158;14.2261072;1000;0.2;800
61.70%;7.58%;19.86%;2.36%;0.81%;0.80%;0.19%;0.54%;0.13%;6.03%;261.2265202;80.6753534;45.8582969;6596.0302743;84.08%;634.9998289;356.4035662;44.6357388;71.7871033;0.0976702;17.8749887;67.8576265;47.9038944;763.4589752;771.3600566;448.7883188;582.3538598;;67.60581207;1.2;80.00%;97.56%;0.05;141.7427063;3;158.6754608;0.03;0.02;66.67831421;0.743309560;98.00%;2.535037518;0.1;0.1;2.5;80.00%;0.9;0.85;22317.8693804;5089.3219876;27407.1913680;8.1398417;1000;0.2;800
54.80%;3.22%;24.14%;0.81%;1.20%;0.55%;0.01%;0.26%;0.04%;14.96%;232.0131816;85.7438512;20.1779105;6866.9201555;92.86%;622.8374691;333.4600019;41.5696974;30.4953130;0.1490349;7.5933329;28.8260630;13.5023931;487.2993695;572.7092700;521.8300970;433.3863552;;56.27967834;1.2;80.00%;99.74%;0.05;142.8475037;3;154.4661407;0.03;0.02;69.54798126;0.726987103;98.00%;2.943333626;0.1;0.1;2.5;80.00%;0.9;0.85;20784.8486779;2161.9547230;22946.8034008;17.0186335;1000;0.2;800
56.68%;2.55%;14.88%;2.39%;0.99%;0.68%;0.07%;0.48%;0.14%;21.14%;239.9727579;76.3907428;16.2244532;6587.8378464;92.99%;645.1065064;342.2990379;40.3401228;24.1500150;0.1145598;6.0133537;22.8280933;10.3753735;456.2188944;436.8342328;425.3259273;331.4191206;;73.7572937;1.2;80.00%;98.29%;0.05;146.311615;3;154.5579071;0.03;0.02;64.1432724;0.757128560;98.00%;2.898448467;0.1;0.1;2.5;80.00%;0.9;0.85;20170.0613751;1712.1070011;21882.1683762;22.2274510;1000;0.2;800
50.75%;4.64%;24.83%;2.12%;0.46%;0.54%;0.04%;0.34%;0.03%;16.25%;214.8662220;60.9899036;28.3501887;4529.3943968;89.46%;555.7236614;304.2090016;41.7784090;43.9435567;0.2437755;10.9419456;41.5381777;29.6104050;544.3344142;674.2381986;541.3667060;509.0559530;;58.02599335;1.2;80.00%;99.85%;0.05;144.9096375;3;152.1470337;0.03;0.02;61.34418106;0.771530310;98.00%;2.198073149;0.1;0.1;2.5;80.00%;0.9;0.85;20889.2044786;3115.3633275;24004.5678061;10.9375000;1000;0.2;800
55.46%;2.41%;23.52%;2.29%;0.97%;0.79%;0.03%;0.46%;0.01%;14.05%;234.8075010;59.8459948;15.3310973;5787.3094369;94.80%;643.5224792;340.8485122;41.4005135;22.8241318;0.1541964;5.6832088;21.5747863;9.5309216;446.7203363;551.2164010;548.5886804;417.0355012;;60.28873444;1.2;80.00%;100.00%;0.05;148.682373;3;158.0823364;0.03;0.02;55.32290649;0.800976945;98.00%;2.708563805;0.1;0.1;2.5;80.00%;0.9;0.85;20700.2567448;1618.1089697;22318.3657145;23.0124481;1000;0.2;800
62.77%;6.64%;14.10%;1.92%;1.23%;0.36%;0.30%;0.34%;0.02%;12.33%;265.7567046;57.5400246;40.2853483;6318.9502239;88.02%;676.2534943;373.8979355;7.2351951;62.8847449;0.0000000;15.6583015;59.4425646;37.7997175;724.5389718;593.7587757;324.8089666;448.9381505;;61.69997025;1.2;80.00%;99.94%;0.05;149.8538971;3;141.363327;0.03;0.02;52.04976273;0.815679504;98.00%;2.589062214;0.1;0.1;2.5;80.00%;0.9;0.85;3617.5975425;4458.1923480;8075.7898904;9.4533133;1000;0.2;800
49.68%;7.04%;13.12%;2.68%;1.09%;0.73%;0.18%;0.29%;0.03%;25.17%;210.3360377;42.3729843;42.3525016;4876.1062050;84.19%;511.9431551;290.7620047;42.2907992;66.6729825;0.2952284;16.6015726;63.0234420;41.7895800;673.1218309;614.6056730;336.5914079;463.9938122;;51.52722931;1.2;80.00%;100.00%;0.05;144.0374908;3;151.9037933;0.03;0.02;51.0021286;0.820089406;98.00%;2.535147667;0.1;0.1;2.5;80.00%;0.9;0.85;21145.3995826;4726.7581521;25872.1577346;7.0568182;1000;0.2;800
59.05%;6.00%;23.54%;2.68%;0.67%;0.32%;0.04%;0.11%;0.05%;7.53%;250.0069047;75.5314617;36.5265505;5829.8122838;87.49%;632.3800262;348.9678013;44.4339436;56.8235647;0.1155153;14.1490676;53.7131608;37.6879375;664.0116085;730.6649098;506.5074580;551.7615612;;62.83230591;1.2;80.00%;98.88%;0.05;142.4184265;3;157.4360962;0.03;0.02;64.45158386;0.755462003;98.00%;2.385771036;0.1;0.1;2.5;80.00%;0.9;0.85;22216.9717958;4028.4870614;26245.4588572;9.8416667;1000;0.2;800
55.12%;2.13%;23.18%;2.40%;0.36%;0.86%;0.14%;0.24%;0.12%;15.46%;233.3680031;72.7965230;13.7040852;5838.5451852;92.22%;622.2137597;328.8835896;38.4372645;20.1723655;0.1382050;5.0229190;19.0681721;12.4020178;419.7832254;560.3703227;576.8913964;423.9503826;;68.01567841;1.2;80.00%;96.78%;0.05;142.1004791;3;151.4311829;0.03;0.02;63.70413208;0.759450689;98.00%;2.687220097;0.1;0.1;2.5;80.00%;0.9;0.85;19218.6322390;1430.1129068;20648.7451458;25.8779343;1000;0.2;800
60.76%;3.73%;20.25%;1.05%;1.40%;0.70%;0.07%;0.19%;0.06%;11.79%;257.2467321;86.3468142;23.2634824;5132.9847634;91.38%;679.5969122;364.6355669;41.3213513;35.3253160;0.0189844;8.7960037;33.3916816;15.5614678;545.2614562;552.8974161;464.8866359;418.6491530;;67.81797028;1.2;80.00%;98.44%;0.05;144.3042908;3;153.9090271;0.03;0.02;66.66854858;0.743296845;98.00%;2.057865143;0.1;0.1;2.5;80.00%;0.9;0.85;20660.6756489;2504.3761232;23165.0517721;16.2895442;1000;0.2;800
51.20%;4.62%;22.89%;0.86%;0.73%;0.85%;0.17%;0.28%;0.01%;18.39%;216.7714398;69.1932431;28.2613429;5187.4996991;88.22%;552.8621011;302.7081755;40.4275746;43.7541448;0.2485100;10.8947821;41.3591338;27.3069119;542.0755066;636.9167401;505.4071715;481.1574201;;63.62219238;1.2;80.00%;98.34%;0.05;142.604599;3;152.0148621;0.03;0.02;66.12789154;0.746297019;98.00%;2.447435856;0.1;0.1;2.5;80.00%;0.9;0.85;20213.7873066;3101.9350373;23315.7223439;11.0822511;1000;0.2;800
62.13%;5.81%;19.58%;1.55%;0.31%;0.27%;0.20%;0.58%;0.10%;9.47%;263.0470616;78.0852183;35.4821915;6748.6761097;89.27%;678.9087028;372.2053751;35.2492802;55.0241518;0.0000000;13.7010138;52.0122441;39.2047528;674.1110476;638.9113236;421.5088879;483.0565895;;59.1505394;1.2;80.00%;99.90%;0.05;145.894165;3;152.2359619;0.03;0.02;63.08908081;0.762713509;98.00%;2.634580374;0.1;0.1;2.5;80.00%;0.9;0.85;17624.6401002;3900.9183045;21525.5584047;10.6936317;1000;0.2;800
49.80%;5.64%;19.06%;1.16%;0.42%;0.34%;0.03%;0.06%;0.11%;23.39%;210.8440957;46.4944451;34.1188535;4804.3094262;83.62%;509.7163005;284.2736559;39.9672839;53.4141508;0.2177925;13.3001235;50.4903712;37.1050613;585.0078234;637.1871468;446.3326567;480.8801125;;68.89943695;1.2;80.00%;95.83%;0.05;143.2616425;3;141.134079;0.03;0.02;54.58565903;0.804240856;98.00%;2.556455612;0.1;0.1;2.5;80.00%;0.9;0.85;19983.6419638;3786.7778377;23770.4198015;8.8297872;1000;0.2;800
52.19%;6.01%;19.11%;0.73%;1.40%;0.42%;0.08%;0.16%;0.11%;19.81%;220.9629188;43.6836549;36.3255325;4499.9546074;84.12%;537.3410547;299.8951201;43.5445832;56.9182706;0.3025166;14.1726494;53.8026828;31.9196841;620.8113106;647.7164640;431.8941956;488.9476222;;66.90662384;1.2;80.00%;96.62%;0.05;140.4711456;3;156.4684448;0.03;0.02;50.30863953;0.822917085;98.00%;2.314097881;0.1;0.1;2.5;80.00%;0.9;0.85;21772.2916069;4035.2012065;25807.4928134;8.6838602;1000;0.2;800
55.74%;6.22%;24.18%;2.74%;1.36%;0.40%;0.18%;0.52%;0.09%;8.56%;235.9929698;56.8245438;37.6702441;6384.6617225;84.55%;576.8407809;321.1108700;42.5870018;58.9070954;0.2091676;14.6678667;55.6826434;33.7463619;652.3052308;777.5182139;544.6803572;586.5346206;;65.69403839;1.2;80.00%;96.70%;0.05;140.2306824;3;155.5844879;0.03;0.02;57.44047928;0.791041665;98.00%;2.947324753;0.1;0.1;2.5;80.00%;0.9;0.85;21293.5009017;4176.1982537;25469.6991554;8.9614148;1000;0.2;800
53.87%;2.83%;13.91%;2.23%;1.49%;0.69%;0.28%;0.15%;0.05%;24.50%;228.0757317;58.8774240;17.7228429;4700.4831759;89.03%;587.0154192;313.3656451;37.8866223;26.8017813;0.2147915;6.6736436;25.3347075;8.3842772;447.2135145;452.5961860;428.8890184;342.8846083;;71.48020172;1.2;80.00%;94.90%;0.05;140.937439;3;152.9431305;0.03;0.02;58.06721497;0.787868803;98.00%;2.32291913;0.1;0.1;2.5;80.00%;0.9;0.85;18943.3111507;1900.1030640;20843.4142147;19.0353357;1000;0.2;800
58.62%;2.56%;14.83%;0.37%;0.60%;0.51%;0.25%;0.36%;0.13%;21.78%;248.1863633;86.1565729;16.3206393;6400.2249471;89.71%;643.7085593;341.6759083;35.8755202;24.2447209;0.0124866;6.0369355;22.9176153;13.5671200;456.6111796;431.9569979;419.3446780;327.7724739;;68.00592804;1.2;80.00%;94.70%;0.05;141.086792;3;143.6656494;0.03;0.02;68.54366302;0.732779502;98.00%;2.72984457;0.1;0.1;2.5;80.00%;0.9;0.85;17937.7601058;1718.8211462;19656.5812520;22.8984375;1000;0.2;800
54.69%;5.15%;15.00%;2.33%;1.21%;0.52%;0.06%;0.50%;0.04%;20.51%;231.5474617;55.4935137;31.3909784;4344.1324807;89.31%;597.8793669;327.8309662;42.7256440;48.7735597;0.1763817;12.1446164;46.1037964;27.2694797;595.4557887;546.6452869;378.1520145;413.4095581;;62.56701279;1.2;80.00%;99.99%;0.05;149.0331573;3;154.9693298;0.03;0.02;55.1868248;0.801306086;98.00%;2.025240898;0.1;0.1;2.5;80.00%;0.9;0.85;21362.8219893;3457.7847277;24820.6067170;10.6194175;1000;0.2;800
56.27%;5.39%;23.23%;2.99%;0.86%;0.42%;0.13%;0.10%;0.06%;10.54%;238.2368929;74.5184487;32.8884383;5643.9747144;87.57%;603.1090677;331.5561999;41.6876210;51.0465022;0.1365132;12.7105791;48.2523228;31.7913972;612.9040553;706.9235426;522.9805180;533.8348591;;59.0977478;1.2;80.00%;98.26%;0.05;140.2897949;3;152.3685455;0.03;0.02;65.6723175;0.748836496;98.00%;2.424951077;0.1;0.1;2.5;80.00%;0.9;0.85;20843.8104937;3618.9242102;24462.7347039;10.4397032;1000;0.2;800
52.89%;6.87%;19.10%;0.87%;1.32%;0.51%;0.07%;0.30%;0.11%;17.94%;223.9265908;59.2944575;41.4762703;4945.0593046;85.44%;553.1521778;311.4234715;43.5482746;65.0629815;0.2184650;16.2006824;61.5015691;38.7298885;681.3744095;670.8882468;399.8459720;506.5077582;;54.3989296;1.2;80.00%;100.00%;0.05;147.0550842;3;152.5165558;0.03;0.02;60.50902939;0.775880772;98.00%;2.282330275;0.1;0.1;2.5;80.00%;0.9;0.85;21774.1373192;4612.6176853;26386.7550045;7.6986900;1000;0.2;800
53.65%;2.54%;24.13%;1.02%;1.42%;0.81%;0.22%;0.45%;0.06%;15.70%;227.1442919;55.5753234;16.0467546;5040.6680428;94.38%;619.7710862;329.0953574;39.8757700;24.0553090;0.2154236;5.9897720;22.7385714;6.8636269;444.2419735;548.0048201;539.2045874;414.5369232;;59.85419464;1.2;80.00%;100.00%;0.05;147.1530457;3;159.5630188;0.03;0.02;53.96681976;0.807094667;98.00%;2.449086189;0.1;0.1;2.5;80.00%;0.9;0.85;19937.8850173;1705.3928560;21643.2778733;21.1220472;1000;0.2;800
51.11%;2.30%;20.60%;1.94%;0.56%;0.47%;0.26%;0.54%;0.01%;22.22%;216.3903962;60.1252365;14.6044582;4134.1133019;93.69%;586.0961162;310.8682168;36.1447118;21.7823665;0.1667857;5.4238092;20.5900450;12.0217094;413.9063841;497.3411688;505.9983762;376.4016655;;57.22833252;1.2;80.00%;99.01%;0.05;142.0753174;3;146.9019318;0.03;0.02;58.83240891;0.783852288;98.00%;2.061899662;0.1;0.1;2.5;80.00%;0.9;0.85;18072.3559207;1544.2533735;19616.6092942;22.2217391;1000;0.2;800
51.23%;7.55%;19.94%;0.31%;0.42%;0.72%;0.15%;0.13%;0.11%;19.44%;216.8984543;47.4874434;45.3941615;5778.5156794;83.57%;524.0489857;298.9789194;42.9194020;71.5029855;0.2554638;17.8042434;67.5890607;50.8086547;710.2423266;709.3300529;398.5733399;535.1156590;;53.39142227;1.2;80.00%;100.00%;0.05;146.3121796;3;151.1853638;0.03;0.02;54.36833191;0.805346120;98.00%;2.848576546;0.1;0.1;2.5;80.00%;0.9;0.85;21459.7009873;5069.1795523;26528.8805396;6.7854305;1000;0.2;800
53.52%;3.08%;13.80%;1.41%;1.33%;0.32%;0.12%;0.36%;0.03%;26.03%;226.5938956;67.7283910;19.2616088;4950.8403759;92.96%;608.9873823;325.6867512;39.2244869;29.1694299;0.1418394;7.2631880;27.5727559;11.4579413;472.4821495;408.1720943;366.7470615;309.6966823;;55.06248474;1.2;80.00%;99.69%;0.05;142.6601868;3;150.4777527;0.03;0.02;61.85007858;0.769055688;98.00%;2.297481775;0.1;0.1;2.5;80.00%;0.9;0.85;19612.2434478;2067.9566915;21680.2001393;17.3766234;1000;0.2;800
50.93%;5.98%;12.04%;1.87%;1.42%;0.59%;0.04%;0.46%;0.04%;26.61%;215.6283091;50.2473771;36.1436758;4433.6440400;82.56%;514.6700340;288.1492552;40.7541733;56.6341528;0.2242903;14.1019040;53.5341169;31.5444444;608.3844671;567.7821291;355.5335994;428.9027655;;65.91640472;1.2;80.00%;95.11%;0.05;140.6938324;3;143.425766;0.03;0.02;57.0562973;0.792610545;98.00%;2.284004688;0.1;0.1;2.5;80.00%;0.9;0.85;20377.0866383;4015.0587712;24392.1454095;8.5167224;1000;0.2;800
52.51%;4.80%;24.39%;2.74%;0.72%;0.53%;0.19%;0.08%;0.13%;13.92%;222.3177403;51.7081662;29.2822697;6116.7090452;89.47%;575.0381082;314.7092140;40.1370061;45.4588517;0.1938251;11.3192541;42.9705287;28.6783500;563.5202745;682.4106315;537.3187208;515.1051074;;64.64790344;1.2;80.00%;99.83%;0.05;148.0888214;3;151.3189545;0.03;0.02;54.08718109;0.806630655;98.00%;2.997804642;0.1;0.1;2.5;80.00%;0.9;0.85;20068.5030706;3222.7896491;23291.2927197;10.9395833;1000;0.2;800
51.51%;7.28%;14.44%;1.47%;1.38%;0.77%;0.18%;0.21%;0.07%;22.70%;218.0839231;55.9618616;43.8472531;4768.2186077;84.21%;530.9390053;301.5410229;42.1077043;68.9459251;0.2330278;17.1675354;65.1719685;41.1914975;696.7679506;628.0993358;333.3406853;474.3001078;;53.8362999;1.2;80.00%;100.00%;0.05;146.9843903;3;149.9158173;0.03;0.02;59.88594055;0.778961737;98.00%;2.264587879;0.1;0.1;2.5;80.00%;0.9;0.85;21053.8521303;4887.8976345;25941.7497648;7.0755495;1000;0.2;800
60.81%;7.18%;14.21%;0.42%;0.54%;0.66%;0.15%;0.51%;0.02%;15.50%;257.4584229;75.2141412;43.4877565;6620.0758325;86.06%;640.5488082;357.6940859;27.5978314;67.9988657;0.0000000;16.9317176;64.2767491;47.1940319;741.1480804;611.3492813;312.4688557;462.2011041;;50.70475388;1.2;80.00%;99.25%;0.05;140.0720825;3;142.910675;0.03;0.02;63.83840179;0.758753389;98.00%;2.606166601;0.1;0.1;2.5;80.00%;0.9;0.85;13798.9157229;4820.7561835;18619.6719064;8.4693593;1000;0.2;800
61.47%;7.30%;18.59%;0.91%;0.25%;0.77%;0.15%;0.47%;0.07%;10.02%;260.2527423;53.4861745;44.0961013;6164.8121848;84.05%;632.4221427;353.8415301;43.4849442;69.1353370;0.0622278;17.2146989;65.3510123;50.3749907;744.8276756;716.5400271;411.3307635;540.8581153;;72.11785126;1.2;80.00%;96.98%;0.05;143.5987701;3;153.9160309;0.03;0.02;51.8257637;0.816651451;98.00%;2.632549286;0.1;0.1;2.5;80.00%;0.9;0.85;21742.4721243;4901.3259247;26643.7980490;8.4205479;1000;0.2;800
49.18%;3.42%;23.20%;2.62%;1.46%;0.78%;0.18%;0.19%;0.04%;18.93%;208.2191291;56.6058632;21.1362495;5080.2928166;91.17%;548.8358265;295.9607690;40.8470839;32.3894319;0.3409793;8.0649685;30.6165017;12.8573244;465.8931063;603.1589259;546.6930014;455.7495863;;72.41118622;1.2;80.00%;99.14%;0.05;146.9711304;3;158.8356628;0.03;0.02;59.10544586;0.782888531;98.00%;2.609811306;0.1;0.1;2.5;80.00%;0.9;0.85;20423.5419379;2296.2376250;22719.7795629;14.3801170;1000;0.2;800
59.48%;4.50%;13.55%;0.78%;0.90%;0.80%;0.08%;0.30%;0.03%;19.57%;251.8274461;67.7127954;27.6370763;5170.5557699;84.70%;616.6234796;335.0606214;39.6996007;42.6176735;0.0565890;10.6118007;40.2848706;25.0859532;563.8926698;531.0616083;401.2444519;401.8240533;;73.89673615;1.2;80.00%;92.77%;0.05;141.1491699;3;145.5032806;0.03;0.02;61.39506149;0.771422623;98.00%;2.297496796;0.1;0.1;2.5;80.00%;0.9;0.85;19849.8003462;3021.3652961;22871.1656422;13.2177778;1000;0.2;800
55.54%;3.69%;15.64%;2.26%;1.15%;0.37%;0.08%;0.44%;0.09%;20.74%;235.1462064;82.1532645;22.9197125;5547.5446710;90.30%;613.8754345;330.6270556;40.7514178;34.9464923;0.1411253;8.7016766;33.0335939;17.2744816;512.4398451;499.2307469;419.9196206;378.1923699;;61.13774872;1.2;80.00%;97.86%;0.05;140.5163422;3;152.4618225;0.03;0.02;68.53455353;0.732805185;98.00%;2.399302721;0.1;0.1;2.5;80.00%;0.9;0.85;20375.7089237;2477.5195428;22853.2284664;15.0514905;1000;0.2;800
56.26%;4.67%;22.27%;2.15%;0.55%;0.78%;0.23%;0.26%;0.09%;12.74%;238.1945547;49.5391748;28.5605696;4678.2686179;89.03%;613.0567340;333.7681125;37.7763566;44.2276745;0.0450081;11.0126909;41.8067435;29.1056447;573.1257900;651.3152148;510.2592451;491.7674883;;66.33695221;1.2;80.00%;98.33%;0.05;145.4137878;3;143.7583923;0.03;0.02;50.10139847;0.823860374;98.00%;2.220794201;0.1;0.1;2.5;80.00%;0.9;0.85;18888.1782759;3135.5057628;22023.6840387;12.0471092;1000;0.2;800
59.63%;1.65%;15.67%;1.06%;0.34%;0.75%;0.13%;0.18%;0.08%;20.52%;252.4625186;91.0071338;11.0617275;5838.7921664;96.30%;702.9012676;368.6860123;10.0347745;15.6264803;0.0000000;3.8909936;14.7711192;9.1181828;427.3036072;366.2160751;404.7548273;278.7546823;;54.43174362;1.2;80.00%;99.84%;0.05;145.0259552;3;141.6297607;0.03;0.02;67.35399628;0.739516587;98.00%;2.377900124;0.1;0.1;2.5;80.00%;0.9;0.85;5017.3872468;1107.8339419;6125.2211887;36.1393939;1000;0.2;800
62.00%;7.82%;24.29%;0.66%;1.31%;0.76%;0.07%;0.49%;0.13%;2.47%;262.4966654;50.8016947;47.1261073;6124.7177309;81.21%;616.2798263;347.5095826;40.4959499;74.0600459;0.0000000;18.4409514;70.0061529;45.6258119;769.3993274;851.0127408;514.9869699;641.5544646;;72.74020386;1.2;80.00%;94.56%;0.05;142.8055725;3;143.9535828;0.03;0.02;50.87812424;0.820732885;98.00%;2.649940014;0.1;0.1;2.5;80.00%;0.9;0.85;20247.9749510;5250.4614700;25498.4364211;7.9283887;1000;0.2;800
57.19%;7.72%;24.96%;1.21%;0.33%;0.27%;0.14%;0.14%;0.05%;7.98%;242.1320047;79.0063394;46.6194792;5794.2455274;84.87%;594.0930428;335.8734699;45.1527981;73.1129865;0.1765720;18.2051336;69.1109336;52.7483463;753.1152666;804.3805044;476.9288667;607.0064129;;61.25160599;1.2;80.00%;100.00%;0.05;149.1248322;3;158.3401947;0.03;0.02;68.31157684;0.734091777;98.00%;2.320933104;0.1;0.1;2.5;80.00%;0.9;0.85;22576.3990588;5183.3200190;27759.7190778;7.4080311;1000;0.2;800
57.25%;3.25%;24.52%;0.57%;1.05%;0.30%;0.29%;0.15%;0.09%;12.54%;242.3860337;54.8882000;20.2743960;5642.1421014;93.37%;654.2812706;349.5770658;37.4100683;30.7794309;0.0391955;7.6640783;29.0946288;14.9176328;504.3379064;569.3386321;512.4923221;430.5050435;;50.90524673;1.2;80.00%;100.00%;0.05;148.3410034;3;149.739975;0.03;0.02;51.52186584;0.817948668;98.00%;2.602938652;0.1;0.1;2.5;80.00%;0.9;0.85;18705.0341364;2182.0971583;20887.1312947;17.6153846;1000;0.2;800
53.59%;5.89%;21.77%;0.52%;0.90%;0.45%;0.16%;0.12%;0.11%;16.49%;226.8902628;56.8779680;35.7235040;6395.5636798;87.61%;574.6856452;318.7368433;39.5233684;55.7817993;0.1020910;13.8896680;52.7284195;35.0587253;630.8179680;656.1487761;443.1355259;495.3888965;;58.45127869;1.2;80.00%;100.00%;0.05;149.9632568;3;143.4414978;0.03;0.02;57.6121254;0.790219477;98.00%;2.985176563;0.1;0.1;2.5;80.00%;0.9;0.85;19761.6841869;3954.6314653;23716.3156522;9.0984720;1000;0.2;800
51.36%;5.17%;21.40%;2.01%;0.74%;0.62%;0.02%;0.16%;0.09%;18.42%;217.4488505;63.4671200;31.4758083;5461.8136013;87.66%;551.0819836;303.8660816;42.0261411;48.9629715;0.2277528;12.1917799;46.2828402;31.1729728;574.9790499;649.5350741;484.2581199;490.5282420;;67.73730469;1.2;80.00%;98.95%;0.05;146.1088409;3;150.3351135;0.03;0.02;63.13004303;0.762461380;98.00%;2.602679253;0.1;0.1;2.5;80.00%;0.9;0.85;21013.0705672;3471.2130179;24484.2835851;9.9342360;1000;0.2;800
60.98%;3.20%;15.13%;2.04%;0.95%;0.82%;0.19%;0.20%;0.08%;16.42%;258.1781718;65.8668026;20.0849175;6964.9142759;93.54%;698.1716876;372.0434029;18.9024534;30.3059011;0.0000000;7.5461694;28.6470191;15.3589000;521.2872173;451.9075664;394.5513158;342.7112691;;68.5145874;1.2;80.00%;99.70%;0.05;149.9356232;3;146.3172455;0.03;0.02;55.8550148;0.798531070;98.00%;2.968225718;0.1;0.1;2.5;80.00%;0.9;0.85;9451.2267097;2148.5264328;11599.7531424;19.0562500;1000;0.2;800
60.35%;5.49%;17.24%;2.67%;0.99%;0.89%;0.17%;0.14%;0.13%;11.93%;255.5108670;58.1895551;33.4865711;6192.9367403;88.92%;656.8339076;359.4972606;23.6979571;51.9935617;0.0000000;12.9463969;49.1475421;31.4688628;644.0161657;613.4240733;417.7376988;463.6021980;;55.10741043;1.2;80.00%;99.16%;0.05;142.2388306;3;142.7104034;0.03;0.02;53.53834534;0.809100389;98.00%;2.661306858;0.1;0.1;2.5;80.00%;0.9;0.85;11848.9785568;3686.0656612;15535.0442179;10.9927140;1000;0.2;800
56.98%;2.78%;24.32%;2.28%;0.77%;0.69%;0.24%;0.51%;0.10%;11.33%;241.2429031;76.3848051;17.5834989;6460.4016734;92.93%;648.1211339;344.7324427;37.5737628;26.3282516;0.0569770;6.5557347;24.8870978;13.7855444;472.2567304;594.2321731;567.4745508;449.4248221;;68.53961182;1.2;80.00%;98.66%;0.05;145.8992462;3;149.5736237;0.03;0.02;63.97163391;0.758042744;98.00%;2.817871094;0.1;0.1;2.5;80.00%;0.9;0.85;18786.8814203;1866.5323385;20653.4137588;20.4964029;1000;0.2;800
60.35%;6.17%;18.82%;2.88%;1.26%;0.76%;0.17%;0.42%;0.09%;9.09%;255.5108670;76.9829345;37.5188720;6138.4306346;84.15%;621.6236936;344.0912644;43.5719687;58.4335657;0.1479105;14.5499578;55.2350337;34.1876291;669.8762525;711.2564884;477.6804246;537.2115637;;71.96178436;1.2;80.00%;95.18%;0.05;140.3705139;3;158.7787018;0.03;0.02;65.75824738;0.748382910;98.00%;2.514601231;0.1;0.1;2.5;80.00%;0.9;0.85;21785.9843423;4142.6275281;25928.6118705;9.7811994;1000;0.2;800
58.82%;4.61%;22.66%;2.20%;0.86%;0.42%;0.12%;0.45%;0.10%;9.76%;249.0331267;58.8229330;28.2994610;5429.0320870;90.66%;652.6887391;353.9940047;42.6046795;43.6594388;0.1078029;10.8712003;41.2696119;26.1951653;587.4646928;642.7024608;502.5638507;485.6506910;;55.47307587;1.2;80.00%;99.59%;0.05;140.8930511;3;158.7269745;0.03;0.02;54.16291809;0.806255601;98.00%;2.391473532;0.1;0.1;2.5;80.00%;0.9;0.85;21302.3397549;3095.2208922;24397.5606471;12.7592191;1000;0.2;800
56.46%;7.82%;15.27%;0.42%;0.73%;0.32%;0.02%;0.23%;0.13%;18.60%;239.0413182;64.0035565;47.1320861;4932.4079272;84.28%;582.4167681;330.1571149;46.2058174;74.0600459;0.1921564;18.4409514;70.0061529;50.2658119;753.6365624;647.2552415;314.8994573;488.9466612;;72.68123627;1.2;80.00%;99.72%;0.05;149.621933;3;157.5817566;0.03;0.02;61.41450119;0.771285821;98.00%;2.106348038;0.1;0.1;2.5;80.00%;0.9;0.85;23102.9087194;5250.4614700;28353.3701895;7.2199488;1000;0.2;800
60.98%;7.86%;14.44%;2.34%;1.02%;0.75%;0.28%;0.40%;0.01%;11.91%;258.1781718;79.1045700;47.5047148;6446.6911607;85.39%;637.3789346;358.6921849;43.5146068;74.4388697;0.0713881;18.5352786;70.3642407;48.2327982;782.1148160;673.5972014;332.9190890;508.9989631;;67.59470367;1.2;80.00%;99.83%;0.05;148.3563843;3;156.8913422;0.03;0.02;65.83682251;0.747957023;98.00%;2.465339184;0.1;0.1;2.5;80.00%;0.9;0.85;21757.3034176;5277.3180504;27034.6214680;7.7582697;1000;0.2;800
57.21%;6.28%;24.17%;2.53%;0.71%;0.28%;0.10%;0.60%;0.03%;8.10%;242.2166811;83.3172872;38.1780870;5753.8536687;87.31%;611.3936193;339.2846882;40.4282255;59.4753310;0.0106474;14.8093574;56.2197750;39.3768413;671.8016069;752.0656297;511.5916900;567.7163112;;56.69049454;1.2;80.00%;99.68%;0.05;145.0583801;3;142.4777222;0.03;0.02;69.18265533;0.729086040;98.00%;2.322717667;0.1;0.1;2.5;80.00%;0.9;0.85;20214.1127484;4216.4831243;24430.5958727;9.1098726;1000;0.2;800
60.36%;1.79%;24.18%;1.41%;1.07%;0.46%;0.28%;0.17%;0.03%;10.24%;255.5532052;89.9133901;11.8923531;6411.0960300;96.14%;710.3213024;373.0356349;11.5128465;16.9523635;0.0000000;4.2211385;16.0244263;4.2826347;439.7545504;508.7622610;537.6401452;385.6836183;;62.25159073;1.2;80.00%;99.89%;0.05;148.847702;3;144.4658813;0.03;0.02;66.5458374;0.744043527;98.00%;2.594094515;0.1;0.1;2.5;80.00%;0.9;0.85;5756.4232560;1201.8319733;6958.2552293;33.7206704;1000;0.2;800
52.43%;3.95%;23.90%;2.81%;1.09%;0.26%;0.15%;0.09%;0.15%;15.16%;221.9790349;54.0357344;24.2313682;5724.9050624;83.65%;536.8295623;291.7968734;37.8124507;37.4088467;0.2087678;9.3148028;35.3611642;19.6198922;493.1116663;693.7979037;605.4232878;523.5195960;;74.31763458;1.2;80.00%;91.58%;0.05;140.6611786;3;143.3286743;0.03;0.02;58.22651291;0.787238002;98.00%;2.97663641;0.1;0.1;2.5;80.00%;0.9;0.85;18906.2253407;2652.0873154;21558.3126561;13.2734177;1000;0.2;800
56.96%;3.89%;24.10%;1.05%;0.56%;0.72%;0.04%;0.39%;0.02%;12.27%;241.1582268;63.1667644;24.0474007;4921.2469505;90.71%;632.4344096;340.8339505;39.1426124;36.8406111;0.0173593;9.1733122;34.8240326;23.4294128;533.3128925;623.8870750;529.8722139;471.4094076;;74.84261322;1.2;80.00%;98.48%;0.05;149.263382;3;143.822403;0.03;0.02;57.92448044;0.788612637;98.00%;2.220061302;0.1;0.1;2.5;80.00%;0.9;0.85;19571.3062243;2611.8024448;22183.1086691;14.6426735;1000;0.2;800
50.66%;3.13%;19.29%;2.86%;0.88%;0.65%;0.07%;0.13%;0.12%;22.20%;214.4851785;54.8431398;19.4463207;4005.0560770;91.47%;567.1777597;304.2801562;38.0200712;29.6429596;0.1622846;7.3810969;28.0203656;15.4166741;456.1453856;533.1412019;492.3971641;403.1107559;;63.90340805;1.2;80.00%;98.55%;0.05;144.7964325;3;143.6880493;0.03;0.02;56.63568497;0.794285830;98.00%;2.042165279;0.1;0.1;2.5;80.00%;0.9;0.85;19010.0355986;2101.5274170;21111.5630156;16.1853035;1000;0.2;800
57.97%;2.10%;20.87%;0.30%;1.36%;0.31%;0.22%;0.10%;0.07%;16.70%;245.4343821;85.7125815;13.6528714;4844.9082649;95.16%;675.2234163;356.1322659;37.1003029;19.8882476;0.0058030;4.9521737;18.7996063;4.1867781;442.6038453;452.8540468;465.6680573;343.5618106;;59.05276489;1.2;80.00%;99.60%;0.05;144.5564117;3;148.9929199;0.03;0.02;66.6268158;0.743479728;98.00%;2.032631636;0.1;0.1;2.5;80.00%;0.9;0.85;18550.1514733;1409.9704715;19960.1219448;27.6047619;1000;0.2;800
50.08%;7.58%;19.41%;1.56%;0.29%;0.58%;0.26%;0.49%;0.08%;19.66%;212.0295645;46.6510403;45.5436024;4229.9430056;82.68%;506.8270739;290.2239376;42.2334334;71.7871033;0.3077913;17.8749887;67.8576265;52.0638944;704.3994032;729.0541136;417.9607190;549.8784261;;70.16064453;1.2;80.00%;99.45%;0.05;148.1837463;3;152.9882355;0.03;0.02;54.86304474;0.802718546;98.00%;2.138871193;0.1;0.1;2.5;80.00%;0.9;0.85;21116.7166876;5089.3219876;26206.0386752;6.6068602;1000;0.2;800
57.52%;2.59%;15.58%;1.72%;0.50%;0.46%;0.11%;0.14%;0.03%;21.36%;243.5291644;69.5473546;16.4442187;5778.2408693;92.82%;653.4694871;346.7164886;27.6031270;24.5288387;0.0000000;6.1076808;23.1861811;14.5823597;462.6542340;430.4273772;414.9891267;326.4515940;;58.33755112;1.2;80.00%;98.10%;0.05;141.9552002;3;140.3570557;0.03;0.02;60.2639122;0.777194531;98.00%;2.577642918;0.1;0.1;2.5;80.00%;0.9;0.85;13801.5635198;1738.9635815;15540.5271013;22.2084942;1000;0.2;800
54.89%;6.19%;18.73%;1.54%;0.61%;0.75%;0.24%;0.48%;0.01%;16.56%;232.3942252;51.3601171;37.4614135;4759.8984423;84.77%;569.5259606;317.1980301;39.0029926;58.6229775;0.1109968;14.5971214;55.4140776;39.5311222;647.2063306;669.9325054;438.8264098;505.6493381;;68.78363037;1.2;80.00%;97.09%;0.05;144.364975;3;143.7280121;0.03;0.02;54.16226196;0.806151237;98.00%;2.266205788;0.1;0.1;2.5;80.00%;0.9;0.85;19501.4962789;4156.0558184;23657.5520973;8.8675283;1000;0.2;800
61.74%;7.76%;19.00%;1.75%;0.90%;0.29%;0.22%;0.45%;0.14%;7.76%;261.3958729;86.3186619;46.9600925;5709.6045535;85.82%;648.5256839;364.0896027;25.1236393;73.4918103;0.0000000;18.2994608;69.4690213;48.4753325;780.9301883;726.8956386;391.2470530;549.0355232;;58.65736008;1.2;80.00%;99.93%;0.05;147.6822662;3;144.3296051;0.03;0.02;68.34139252;0.733918045;98.00%;2.116752863;0.1;0.1;2.5;80.00%;0.9;0.85;12561.8196738;5210.1765994;17771.9962732;7.9561856;1000;0.2;800
53.21%;3.69%;20.48%;2.65%;0.75%;0.39%;0.25%;0.23%;0.08%;18.28%;225.2814123;60.9432415;22.7824425;5740.3988525;88.50%;576.3782027;311.1990505;39.1455209;34.9464923;0.2303404;8.7016766;33.0335939;20.4744816;495.5096061;591.9651154;515.9281043;447.4153110;;72.30744934;1.2;80.00%;96.21%;0.05;142.6730042;3;153.6600647;0.03;0.02;60.02527618;0.778387154;98.00%;2.787876606;0.1;0.1;2.5;80.00%;0.9;0.85;19572.7604669;2477.5195428;22050.2800097;14.4200542;1000;0.2;800
61.48%;2.34%;18.01%;0.98%;1.05%;0.67%;0.02%;0.36%;0.13%;14.98%;260.2950804;93.9221892;15.1459815;6922.5471203;94.16%;708.5893219;374.2762681;41.6682957;22.1611902;0.0201558;5.5181364;20.9481327;8.3886956;472.4244852;448.6896709;444.4829809;340.6961439;;72.46183777;1.2;80.00%;98.77%;0.05;146.1730499;3;158.0480042;0.03;0.02;68.19690704;0.734764342;98.00%;2.736814499;0.1;0.1;2.5;80.00%;0.9;0.85;20834.1478363;1571.1099539;22405.2577903;26.2735043;1000;0.2;800
54.54%;7.60%;24.24%;1.56%;1.41%;0.47%;0.01%;0.48%;0.12%;9.57%;230.9123892;59.4657132;45.7774788;5900.4525630;82.89%;553.3276336;314.3131088;44.9366173;71.9765152;0.2113410;17.9221523;68.0366704;43.2473875;726.5426571;815.8234824;499.7756426;615.2118045;;67.2173996;1.2;80.00%;98.18%;0.05;143.7005005;3;152.9784851;0.03;0.02;60.61981201;0.775409269;98.00%;2.66622591;0.1;0.1;2.5;80.00%;0.9;0.85;22468.3086476;5102.7502778;27571.0589254;7.1763158;1000;0.2;800
50.45%;6.04%;23.40%;1.32%;1.37%;0.69%;0.07%;0.10%;0.03%;16.52%;213.5960769;50.4914243;36.5247547;5405.6916132;86.45%;533.8554923;298.2564452;44.3426322;57.2023884;0.3339492;14.2433947;54.0712486;32.3749238;621.0361757;705.4565222;488.0658511;532.3527369;;53.924263;1.2;80.00%;99.88%;0.05;141.7946014;3;159.0598907;0.03;0.02;55.9376297;0.798101450;98.00%;2.709251165;0.1;0.1;2.5;80.00%;0.9;0.85;22171.3161123;4055.3436418;26226.6597542;8.3526490;1000;0.2;800
60.59%;3.74%;16.79%;0.28%;1.03%;0.33%;0.26%;0.29%;0.15%;16.56%;256.5269831;55.7614591;23.2119287;6713.0890524;92.84%;688.5025010;369.0759994;39.8485390;35.4200220;0.0261564;8.8195855;33.4812036;18.5932144;550.4377623;468.7099336;378.6141437;355.1802059;;57.30833817;1.2;80.00%;100.00%;0.05;147.268631;3;156.5062866;0.03;0.02;50.22687149;0.823507886;98.00%;2.946601868;0.1;0.1;2.5;80.00%;0.9;0.85;19924.2694787;2511.0902683;22435.3597470;16.2005348;1000;0.2;800
60.88%;4.48%;16.81%;1.20%;0.84%;0.49%;0.17%;0.24%;0.03%;14.86%;257.7547901;73.0486520;27.5833903;4961.3786643;86.87%;647.3622002;350.8385148;24.1594429;42.4282616;0.0000000;10.5646371;40.1058267;25.4224600;577.0657785;565.3656801;433.5187067;427.6901661;;70.42591858;1.2;80.00%;94.92%;0.05;143.0643921;3;140.0105133;0.03;0.02;62.37776947;0.766330272;98.00%;2.099431515;0.1;0.1;2.5;80.00%;0.9;0.85;12079.7214496;3007.9370059;15087.6584554;13.5892857;1000;0.2;800
53.74%;4.86%;18.26%;1.69%;0.59%;0.47%;0.14%;0.44%;0.13%;19.69%;227.5253354;56.9661389;29.6558639;5194.0089963;87.31%;574.3401281;314.6112240;38.1797635;46.0270874;0.0940304;11.4607448;43.5076603;30.1488294;566.7987420;594.7445329;445.7835627;449.3175164;;63.29406738;1.2;80.00%;97.32%;0.05;142.895813;3;140.882843;0.03;0.02;57.67824936;0.789841205;98.00%;2.491737366;0.1;0.1;2.5;80.00%;0.9;0.85;19089.8817283;3263.0745197;22352.9562480;11.0576132;1000;0.2;800
62.64%;5.05%;18.00%;2.35%;1.38%;0.78%;0.27%;0.17%;0.08%;9.29%;265.2063084;62.4015818;30.9660501;6369.0709903;90.79%;696.0745874;378.0348772;19.1666983;47.8265002;0.0000000;11.9087986;45.2085770;25.1920141;635.1200148;589.5434129;417.5158630;445.9045428;;55.29048538;1.2;80.00%;100.00%;0.05;149.3690033;3;148.3302765;0.03;0.02;53.97606659;0.807137081;98.00%;2.626044512;0.1;0.1;2.5;80.00%;0.9;0.85;9583.3491718;3390.6432767;12973.9924485;12.4039604;1000;0.2;800
58.93%;3.46%;14.44%;2.95%;1.41%;0.27%;0.03%;0.26%;0.13%;18.12%;249.4988466;70.3697379;21.5952556;6919.8501622;92.87%;669.8438740;358.4850834;34.0056770;32.7682556;0.0000000;8.1592956;30.9745894;13.5443106;523.9343202;460.9206366;390.2471084;349.4089200;;53.66672134;1.2;80.00%;99.71%;0.05;142.7664948;3;146.7514801;0.03;0.02;59.79401016;0.779562410;98.00%;2.966121197;0.1;0.1;2.5;80.00%;0.9;0.85;17002.8385030;2323.0942054;19325.9327084;17.0317919;1000;0.2;800
61.96%;3.56%;12.28%;0.84%;1.38%;0.57%;0.17%;0.55%;0.04%;18.66%;262.3273127;69.0975771;22.1882732;6492.2723002;89.18%;676.3569298;362.2134437;39.3105022;33.7153150;0.0000002;8.3951134;31.8698088;14.5017763;533.4647564;443.7147743;366.3444238;336.5174363;;66.76837921;1.2;80.00%;95.61%;0.05;140.1829376;3;150.922287;0.03;0.02;58.77328873;0.784595025;98.00%;2.770474434;0.1;0.1;2.5;80.00%;0.9;0.85;19655.2510894;2390.2356564;22045.4867458;17.4044944;1000;0.2;800
55.08%;4.12%;22.44%;0.58%;0.64%;0.43%;0.01%;0.23%;0.06%;16.41%;233.1986505;64.8382566;25.3862318;4565.3993130;91.38%;616.0476868;333.2904699;40.1741393;39.0188477;0.0679285;9.7156931;36.8830371;24.4395838;539.9211274;581.9224556;475.2762517;439.9399255;;56.8061142;1.2;80.00%;99.98%;0.05;147.1999054;3;145.9469147;0.03;0.02;59.82000351;0.779225764;98.00%;2.070376873;0.1;0.1;2.5;80.00%;0.9;0.85;20087.0696345;2766.2277822;22853.2974167;13.3689320;1000;0.2;800
49.54%;4.44%;24.30%;0.80%;0.77%;0.44%;0.24%;0.46%;0.10%;18.91%;209.7433033;53.6052311;27.1268327;4194.6716693;89.80%;544.5365474;297.6398036;37.4544845;42.0494378;0.1903985;10.4703100;39.7477390;25.6954738;527.2396905;635.1870624;514.8411937;479.5750107;;53.27116394;1.2;80.00%;100.00%;0.05;146.7873077;3;143.849762;0.03;0.02;57.32974625;0.791162711;98.00%;2.136175871;0.1;0.1;2.5;80.00%;0.9;0.85;18727.2422613;2981.0804254;21708.3226867;11.1576577;1000;0.2;800
57.95%;5.59%;16.50%;1.83%;0.81%;0.30%;0.18%;0.23%;0.01%;16.59%;245.3497058;52.0608708;34.0149137;4499.4007154;88.94%;630.8299698;346.4585467;41.5753591;52.9406211;0.0895204;13.1822146;50.0427615;33.6263285;638.2197149;577.2081708;377.9036878;436.3462104;;54.33914185;1.2;80.00%;99.84%;0.05;142.6187592;3;153.6827698;0.03;0.02;50.86535645;0.820551387;98.00%;2.025633812;0.1;0.1;2.5;80.00%;0.9;0.85;20787.6795481;3753.2071122;24540.8866603;10.3667263;1000;0.2;800
50.21%;3.55%;13.00%;1.31%;1.35%;0.64%;0.19%;0.06%;0.07%;29.62%;212.5799608;56.1162953;21.9006080;4013.0957215;89.36%;549.2115048;296.6495634;37.9665526;33.6206091;0.2248281;8.3715317;31.7802868;14.6700297;474.1440238;435.2648857;370.1833517;329.7097482;;74.85590363;1.2;80.00%;97.30%;0.05;146.4886475;3;147.0235748;0.03;0.02;58.66276932;0.784569283;98.00%;2.058048725;0.1;0.1;2.5;80.00%;0.9;0.85;18983.2762766;2383.5215113;21366.7977880;14.1436620;1000;0.2;800
52.62%;3.90%;13.14%;0.84%;1.08%;0.75%;0.13%;0.13%;0.07%;27.33%;222.7834602;69.5920681;24.0651444;4978.2264848;90.71%;584.2259453;316.0951606;38.6863293;36.9353170;0.1347146;9.1968939;34.9135545;19.3411594;511.8669861;436.3360294;346.1885958;330.7385095;;55.74914551;1.2;80.00%;99.18%;0.05;142.0180664;3;145.73909;0.03;0.02;64.33998871;0.755984427;98.00%;2.307906151;0.1;0.1;2.5;80.00%;0.9;0.85;19343.1646666;2618.5165899;21961.6812566;13.4923077;1000;0.2;800
50.11%;5.20%;16.88%;0.45%;1.28%;0.56%;0.16%;0.25%;0.14%;24.96%;212.1565791;59.1126179;31.6215553;5024.2056377;88.26%;541.3718811;298.9568714;38.9986980;49.2470894;0.1855146;12.2625253;46.5514060;27.0682125;572.6767450;547.2938113;380.3195865;413.7112281;;55.95955658;1.2;80.00%;100.00%;0.05;149.3376007;3;143.889801;0.03;0.02;61.18422318;0.772476663;98.00%;2.461813211;0.1;0.1;2.5;80.00%;0.9;0.85;19499.3489831;3491.3554532;22990.7044363;9.6365385;1000;0.2;800
55.32%;3.64%;16.49%;2.40%;1.12%;0.40%;0.01%;0.57%;0.01%;20.03%;234.2147666;72.5364207;22.6025183;5949.5038598;92.36%;625.3696813;336.2948241;38.4956736;34.4729626;0.0050586;8.5837677;32.5859842;17.1557488;514.4902413;496.3099402;418.3071203;375.7963957;;54.23527527;1.2;80.00%;100.00%;0.05;147.9338379;3;140.6497803;0.03;0.02;63.39208984;0.761105342;98.00%;2.632463932;0.1;0.1;2.5;80.00%;0.9;0.85;19247.8368000;2443.9488173;21691.7856172;15.1978022;1000;0.2;800
53.32%;1.65%;16.42%;2.86%;1.03%;0.60%;0.23%;0.15%;0.09%;23.64%;225.7471322;63.1179691;10.8346953;6158.8590019;95.01%;620.0967637;325.8962709;35.7232486;15.6264803;0.0991393;3.8909936;14.7711192;3.5981828;389.2762711;412.4344007;458.2189428;312.8278017;;69.3833313;1.2;80.00%;98.83%;0.05;147.3477325;3;146.1171265;0.03;0.02;58.63800049;0.785250692;98.00%;2.973384857;0.1;0.1;2.5;80.00%;0.9;0.85;17861.6242869;1107.8339419;18969.4582288;32.3151515;1000;0.2;800
52.89%;4.86%;18.92%;2.24%;0.40%;0.89%;0.17%;0.51%;0.06%;19.05%;223.9265908;63.4346078;29.6871428;4697.1198490;89.31%;578.1561981;316.6140556;39.3783840;46.0270874;0.1436897;11.4607448;43.5076603;31.6688294;568.6317394;602.1180387;452.8872657;454.9923357;;63.82189178;1.2;80.00%;99.73%;0.05;147.9118347;3;146.8901978;0.03;0.02;61.34563446;0.771580792;98.00%;2.188211918;0.1;0.1;2.5;80.00%;0.9;0.85;19689.1919908;3263.0745197;22952.2665105;10.8827160;1000;0.2;800
58.03%;6.39%;20.89%;0.44%;0.95%;0.63%;0.24%;0.26%;0.02%;12.15%;245.6884111;51.5384805;38.7135366;5112.0325653;87.61%;622.2552124;345.1082014;38.0175336;60.5170964;0.0000000;15.0687570;57.2045163;38.2460535;683.9608346;668.9718975;420.1789506;505.0444981;;51.52705765;1.2;80.00%;100.00%;0.05;146.2142181;3;143.2843933;0.03;0.02;51.03753662;0.819981550;98.00%;2.278249502;0.1;0.1;2.5;80.00%;0.9;0.85;19008.7667829;4290.3387204;23299.1055033;9.0813772;1000;0.2;800
57.66%;4.60%;17.89%;1.11%;0.33%;0.76%;0.29%;0.50%;0.09%;16.78%;244.1218988;77.0899321;28.2866389;5030.2757404;89.70%;633.0539215;343.9573607;40.0256664;43.5647329;0.1127906;10.8476185;41.1800900;30.3634188;578.1682608;561.6382534;423.5838530;424.9974452;;62.71791077;1.2;80.00%;98.74%;0.05;142.4763489;3;155.0645905;0.03;0.02;65.13787842;0.751690633;98.00%;2.122060776;0.1;0.1;2.5;80.00%;0.9;0.85;20012.8332169;3088.5067471;23101.3399640;12.5347826;1000;0.2;800
50.20%;4.46%;15.28%;0.47%;0.41%;0.81%;0.25%;0.23%;0.10%;27.80%;212.5376226;59.1002700;27.2744755;5523.5869774;89.53%;550.1216358;300.6241110;40.7614249;42.2388497;0.3101578;10.5174736;39.9267829;28.7189669;531.0826355;491.6061815;370.2449543;372.0999181;;73.87359619;1.2;80.00%;99.61%;0.05;149.5326538;3;157.5681458;0.03;0.02;60.60328674;0.775474244;98.00%;2.730838299;0.1;0.1;2.5;80.00%;0.9;0.85;20380.7124333;2994.5087156;23375.2211489;11.2556054;1000;0.2;800
53.88%;6.53%;23.04%;0.26%;0.35%;0.36%;0.06%;0.48%;0.11%;14.93%;228.1180698;66.1393302;39.5163913;5075.7452051;85.57%;564.3103815;315.9045980;44.0231739;61.8429795;0.2252803;15.3989019;58.4578234;44.0505053;665.4423071;714.9866437;464.2337463;539.7157618;;67.9262085;1.2;80.00%;99.07%;0.05;145.5989532;3;155.0936127;0.03;0.02;63.75685501;0.759109891;98.00%;2.273305893;0.1;0.1;2.5;80.00%;0.9;0.85;22011.5869695;4384.3367518;26395.9237214;8.2511485;1000;0.2;800
56.69%;1.89%;14.56%;2.22%;0.94%;0.45%;0.29%;0.12%;0.06%;22.76%;240.0150961;56.1204408;12.2581818;4629.0428647;93.29%;647.3072646;340.7812477;34.6463327;17.8994229;0.0138034;4.4569563;16.9196457;6.0401003;416.8575354;394.9793576;423.0856074;299.6829172;;70.72317505;1.2;80.00%;97.28%;0.05;145.517746;3;143.4300385;0.03;0.02;52.70024109;0.812640325;98.00%;2.213902712;0.1;0.1;2.5;80.00%;0.9;0.85;17323.1663482;1268.9734243;18592.1397725;29.9947090;1000;0.2;800
59.59%;6.24%;14.61%;0.41%;0.69%;0.79%;0.20%;0.59%;0.01%;16.88%;252.2931659;71.0643958;37.9359825;5277.9883612;88.04%;642.1574829;354.8941587;43.2180729;59.0965072;0.1010809;14.7150303;55.8616873;39.2498550;683.7705035;569.4910980;329.0781962;430.8558014;;66.10296631;1.2;80.00%;99.86%;0.05;147.6672211;3;158.401825;0.03;0.02;61.67889023;0.769981645;98.00%;2.157998562;0.1;0.1;2.5;80.00%;0.9;0.85;21609.0364464;4189.6265439;25798.6629902;9.5496795;1000;0.2;800
61.97%;5.31%;17.17%;1.71%;1.03%;0.44%;0.04%;0.12%;0.13%;12.08%;262.3696508;74.5082894;32.5122493;5579.5960643;88.54%;671.5791828;366.4945579;41.7198839;50.2888547;0.0000000;12.5219248;47.5361473;29.8574247;639.3750735;590.0513144;404.7564501;446.3322693;;73.17778778;1.2;80.00%;98.14%;0.05;146.2221069;3;152.3043823;0.03;0.02;61.77541733;0.769509979;98.00%;2.247889519;0.1;0.1;2.5;80.00%;0.9;0.85;20859.9419701;3565.2110493;24425.1530194;11.6704331;1000;0.2;800
52.06%;4.09%;21.96%;1.29%;0.37%;0.39%;0.08%;0.37%;0.02%;19.37%;220.4125226;56.7646319;25.1236809;4515.8147930;90.64%;577.6047008;313.3388343;39.1437279;38.7347299;0.1396547;9.6449477;36.6144713;26.3843441;520.4626774;587.8698608;486.5501462;444.2111636;;50.66707611;1.2;80.00%;99.61%;0.05;140.953476;3;145.1052094;0.03;0.02;57.30607986;0.791458421;98.00%;2.203324795;0.1;0.1;2.5;80.00%;0.9;0.85;19571.8639554;2746.0853469;22317.9493023;12.7286064;1000;0.2;800
54.21%;3.15%;13.71%;2.64%;1.17%;0.48%;0.18%;0.36%;0.10%;24.00%;229.5152295;68.5106260;19.6765545;5085.7001233;91.72%;608.5906053;325.7554964;36.6663141;29.8323714;0.0629206;7.4282605;28.1994094;13.2401672;476.7751828;443.8548922;397.6590632;336.3883947;;74.37554932;1.2;80.00%;98.42%;0.05;149.2550201;3;142.2856903;0.03;0.02;62.29537582;0.766778010;98.00%;2.350315809;0.1;0.1;2.5;80.00%;0.9;0.85;18333.1570689;2114.9557072;20448.1127762;17.2095238;1000;0.2;800
50.68%;6.82%;23.53%;1.98%;0.56%;0.78%;0.06%;0.31%;0.13%;15.15%;214.5698548;66.3627907;41.1724347;4812.3010488;84.80%;526.0255255;297.3104024;44.5234670;64.5894518;0.3102650;16.0827735;61.0539595;44.4511557;665.7195245;762.8814035;497.8102404;575.5657093;;65.15948486;1.2;80.00%;99.86%;0.05;147.5835724;3;156.1986084;0.03;0.02;66.40380096;0.744709327;98.00%;2.231976509;0.1;0.1;2.5;80.00%;0.9;0.85;22261.7334835;4579.0469598;26840.7804433;7.4310850;1000;0.2;800
60.99%;6.97%;12.00%;0.58%;0.44%;0.46%;0.23%;0.40%;0.10%;17.83%;258.2205100;78.1246975;42.2754513;6806.6746436;87.06%;649.9587675;361.7502094;42.2399525;66.0100409;0.0200336;16.4365002;62.3967885;46.4873541;732.6716071;558.7134176;271.9294439;422.8174787;;50.97509003;1.2;80.00%;99.94%;0.05;142.0010834;3;152.8160858;0.03;0.02;64.68369293;0.754231017;98.00%;2.645143986;0.1;0.1;2.5;80.00%;0.9;0.85;21119.9762375;4679.7591363;25799.7353738;8.7503587;1000;0.2;800
49.37%;4.60%;18.86%;1.92%;0.71%;0.26%;0.14%;0.33%;0.02%;23.80%;209.0235543;43.9846222;28.0200509;4117.3744829;88.84%;536.8546300;294.2415849;40.2601245;43.5647329;0.2701695;10.8476185;41.1800900;27.3234188;533.3703681;572.3954553;443.4537494;432.4127843;;52.85259628;1.2;80.00%;99.33%;0.05;140.0056458;3;150.7433167;0.03;0.02;50.53822327;0.821697077;98.00%;2.196530342;0.1;0.1;2.5;80.00%;0.9;0.85;20130.0622589;3088.5067471;23218.5690059;10.7326087;1000;0.2;800
62.42%;3.43%;13.24%;0.80%;0.98%;0.77%;0.25%;0.42%;0.05%;17.64%;264.2748686;67.8538331;21.4661043;6544.4662531;93.11%;711.3631934;379.7272326;6.9442523;32.4841378;0.0000000;8.0885503;30.7060236;16.7690710;541.7714427;417.0388271;344.2057348;316.6418120;;65.88993073;1.2;80.00%;99.52%;0.05;148.3391266;3;144.3728638;0.03;0.02;56.25849533;0.796642248;98.00%;2.722156763;0.1;0.1;2.5;80.00%;0.9;0.85;3472.1261536;2302.9517701;5775.0779237;18.1982507;1000;0.2;800
50.48%;1.88%;12.99%;2.54%;1.28%;0.91%;0.08%;0.45%;0.05%;29.33%;213.7230914;47.7470686;12.0763428;4076.5590227;94.36%;583.0209699;307.6016165;37.8396291;17.8047169;0.1909169;4.4333745;16.8301237;3.2483538;386.0459849;372.2813762;407.7175375;282.4629636;;62.6096344;1.2;80.00%;98.82%;0.05;143.9588318;3;148.0545197;0.03;0.02;50.51378632;0.821762877;98.00%;2.163818836;0.1;0.1;2.5;80.00%;0.9;0.85;18919.8145614;1262.2592792;20182.0738406;26.8510638;1000;0.2;800
61.82%;5.39%;17.52%;0.97%;1.48%;0.63%;0.09%;0.44%;0.14%;11.52%;261.7345783;87.7483084;33.0501660;7187.1767732;90.04%;681.2835212;371.8753552;14.5660741;51.0465022;0.0000000;12.7105791;48.2523228;26.8313972;648.9316253;579.3243159;388.0417754;438.4902832;;52.27283859;1.2;80.00%;100.00%;0.05;147.8607788;3;143.1559601;0.03;0.02;67.16991425;0.740568226;98.00%;2.746332169;0.1;0.1;2.5;80.00%;0.9;0.85;7283.0370510;3618.9242102;10901.9612611;11.4693878;1000;0.2;800
60.21%;4.24%;17.09%;1.40%;0.53%;0.31%;0.25%;0.09%;0.11%;15.77%;254.9181326;81.2510891;26.2389566;6305.3257993;91.40%;673.5758003;363.4608365;40.1282693;40.1553190;0.0330892;9.9986744;37.9573003;26.1805425;574.4948162;516.2070857;396.6430796;391.0627525;;60.99400711;1.2;80.00%;99.50%;0.05;143.9420166;3;154.8888092;0.03;0.02;64.81071472;0.753540636;98.00%;2.549309254;0.1;0.1;2.5;80.00%;0.9;0.85;20064.1346467;2846.7975234;22910.9321701;14.2004717;1000;0.2;800
61.87%;7.08%;19.60%;2.22%;0.96%;0.71%;0.30%;0.10%;0.15%;7.02%;261.9462691;72.3021089;42.9135835;7198.2352617;87.11%;659.6979694;367.1504784;36.3436080;67.0518063;0.0000000;16.6958998;63.3815298;43.1165663;744.1494188;711.4188046;416.6853346;537.2975868;;53.75021744;1.2;80.00%;100.00%;0.05;147.5894012;3;150.7755127;0.03;0.02;61.33763885;0.771784067;98.00%;2.817218542;0.1;0.1;2.5;80.00%;0.9;0.85;18171.8040002;4753.6147325;22925.4187327;8.7387006;1000;0.2;800
59.50%;6.95%;13.27%;0.74%;0.32%;0.26%;0.17%;0.14%;0.07%;18.58%;251.9121224;55.2510025;42.0414361;6073.8873967;86.84%;632.4392726;352.5192016;43.8835746;65.8206291;0.1031875;16.3893366;62.2177446;47.3038610;723.1980588;572.6211195;289.0288924;432.9781855;;50.62870789;1.2;80.00%;99.96%;0.05;141.1826172;3;157.6316986;0.03;0.02;53.02251053;0.811395930;98.00%;2.601474762;0.1;0.1;2.5;80.00%;0.9;0.85;21941.7872993;4666.3308461;26608.1181455;8.5611511;1000;0.2;800
58.25%;5.97%;20.80%;1.45%;0.45%;0.52%;0.05%;0.35%;0.10%;12.05%;246.6198509;53.6496561;36.2513004;5779.9071009;87.62%;624.7151881;344.7770624;44.5484961;56.5394468;0.1467087;14.0783223;53.4445950;39.2326978;658.6346864;671.6277430;449.9865635;507.2152551;;70.90647888;1.2;80.00%;99.09%;0.05;146.1986542;3;158.93927;0.03;0.02;52.38837433;0.814183105;98.00%;2.578309536;0.1;0.1;2.5;80.00%;0.9;0.85;22274.2480400;4008.3446261;26282.5926661;9.7571189;1000;0.2;800
62.45%;4.59%;13.74%;2.96%;1.04%;0.25%;0.05%;0.31%;0.15%;14.46%;264.4018831;81.9096666;28.3243952;5413.1628721;90.10%;688.7053013;372.5943388;43.6480255;43.4700270;0.0406792;10.8240367;41.0905680;24.6116722;602.7042892;517.8103323;375.8922599;392.3479815;;69.80566406;1.2;80.00%;98.44%;0.05;144.1053314;3;159.4850616;0.03;0.02;64.29347229;0.756286264;98.00%;2.136173248;0.1;0.1;2.5;80.00%;0.9;0.85;21824.0127288;3081.7926020;24905.8053308;13.6056645;1000;0.2;800
50.83%;6.74%;18.34%;0.96%;1.11%;0.65%;0.30%;0.30%;0.05%;20.72%;215.2049274;61.5340751;40.6628119;4308.4203608;82.35%;512.3716596;289.9466502;40.2091375;63.8318043;0.2719587;15.8941193;60.3377840;39.4771832;655.0126028;677.8642180;418.3257749;511.6472128;;64.01841736;1.2;80.00%;96.73%;0.05;140.7314148;3;149.1401367;0.03;0.02;64.5933609;0.754397572;98.00%;2.076419115;0.1;0.1;2.5;80.00%;0.9;0.85;20104.5687689;4525.3337990;24629.9025679;7.5415430;1000;0.2;800
52.21%;2.33%;19.11%;1.30%;0.60%;0.45%;0.09%;0.40%;0.06%;23.44%;221.0475951;46.0648823;14.6884868;4635.4073189;87.63%;560.0168934;297.4752050;36.7902330;22.0664843;0.1795845;5.4945546;20.8586108;11.9169491;403.3196737;514.4905241;524.3985613;388.9951407;;73.34512329;1.2;80.00%;92.55%;0.05;141.3008575;3;142.6547241;0.03;0.02;50.75615311;0.821071412;98.00%;2.521018505;0.1;0.1;2.5;80.00%;0.9;0.85;18395.1165046;1564.3958088;19959.5123135;22.4077253;1000;0.2;800
58.29%;7.33%;23.73%;2.20%;0.27%;0.50%;0.05%;0.16%;0.03%;7.45%;246.7892036;62.5656199;44.2807578;6807.2814332;85.76%;611.8837104;343.4383905;45.4149036;69.4194548;0.1367461;17.2854442;65.6195781;50.4302304;736.9639083;786.3862923;481.5037156;593.3417178;;62.03958511;1.2;80.00%;99.84%;0.05;145.8184204;3;157.3437195;0.03;0.02;58.80586624;0.784438465;98.00%;2.871056557;0.1;0.1;2.5;80.00%;0.9;0.85;22707.4517962;4921.4683600;27628.9201562;7.9522510;1000;0.2;800
60.42%;2.84%;19.08%;1.46%;1.15%;0.86%;0.13%;0.10%;0.03%;13.92%;255.8072342;86.3379318;18.0394422;7186.4913164;93.72%;693.1296924;368.1899022;40.3134774;26.8964873;0.0204043;6.6972253;25.4242295;11.1760238;496.5144080;490.0282197;455.8031451;371.5472530;;69.70503998;1.2;80.00%;99.30%;0.05;146.9946442;3;155.5379028;0.03;0.02;65.96891022;0.747236380;98.00%;2.909759045;0.1;0.1;2.5;80.00%;0.9;0.85;20156.7387097;1906.8172091;22063.5559188;21.2746479;1000;0.2;800
52.30%;6.16%;19.59%;2.97%;1.44%;0.89%;0.28%;0.06%;0.14%;16.18%;221.4286387;64.4181160;37.3171431;5203.4279751;86.72%;555.1369224;309.7539848;38.6083027;58.3388597;0.1402711;14.5263761;55.1455118;32.6758825;638.7922606;680.4700905;452.3579197;513.6801159;;52.83466721;1.2;80.00%;99.97%;0.05;145.3970337;3;143.6757355;0.03;0.02;63.39870071;0.761022329;98.00%;2.393801451;0.1;0.1;2.5;80.00%;0.9;0.85;19304.1513660;4135.9133830;23440.0647491;8.4902597;1000;0.2;800
54.08%;7.82%;22.21%;2.62%;1.21%;0.64%;0.22%;0.58%;0.01%;10.62%;228.9648333;73.7316458;47.1314312;6422.1980064;83.67%;553.8211728;315.4954026;41.0677317;74.0600459;0.1291613;18.4409514;70.0061529;46.4258119;740.8891132;801.5972918;470.8938898;604.6382143;;64.34042358;1.2;80.00%;99.80%;0.05;149.0156708;3;144.9107208;0.03;0.02;68.3533783;0.733867866;98.00%;2.726649284;0.1;0.1;2.5;80.00%;0.9;0.85;20533.8658686;5250.4614700;25784.3273386;6.9156010;1000;0.2;800
49.16%;4.50%;23.55%;0.84%;1.01%;0.75%;0.02%;0.58%;0.14%;19.46%;208.1344527;43.6821010;27.4330513;4789.8856866;89.61%;539.2261426;295.0771943;40.5200171;42.6176735;0.2319430;10.6118007;40.2848706;24.2059532;527.9915763;634.2848498;511.3571310;478.7969743;;54.66385651;1.2;80.00%;100.00%;0.05;146.9300385;3;147.1095581;0.03;0.02;50.20169449;0.823470479;98.00%;2.557678699;0.1;0.1;2.5;80.00%;0.9;0.85;20260.0085503;3021.3652961;23281.3738464;10.9244444;1000;0.2;800
49.95%;1.59%;24.09%;1.23%;0.55%;0.28%;0.15%;0.09%;0.06%;22.01%;211.4791683;81.0231970;10.5071250;5111.7878212;96.00%;586.9603292;308.7158338;38.2769727;15.0582446;0.2350476;3.7495029;14.2339876;7.0077034;370.0622004;489.9142231;543.1571679;371.1516281;;59.31274033;1.2;80.00%;100.00%;0.05;149.2651978;3;153.1157227;0.03;0.02;69.63196564;0.726428074;98.00%;2.400828362;0.1;0.1;2.5;80.00%;0.9;0.85;19138.4863414;1067.5490713;20206.0354127;31.4150943;1000;0.2;800
50.97%;3.88%;12.55%;2.71%;1.35%;0.73%;0.16%;0.12%;0.07%;27.46%;215.7976618;52.6689618;23.8518184;5167.6515120;90.47%;564.3965406;305.7105455;38.1086079;36.7459051;0.1706339;9.1497304;34.7345107;17.0376663;501.5354731;455.5850118;368.3912685;344.9207992;;68.9172287;1.2;80.00%;99.12%;0.05;148.1243286;3;145.1537628;0.03;0.02;55.4392128;0.800390546;98.00%;2.616533518;0.1;0.1;2.5;80.00%;0.9;0.85;19054.3039612;2605.0882997;21659.3922609;13.1365979;1000;0.2;800
50.51%;7.97%;17.69%;0.90%;0.42%;0.56%;0.18%;0.27%;0.03%;21.46%;213.8501059;67.4569768;47.9258981;5147.0528463;82.13%;507.7840804;292.3353915;40.4026435;75.4806350;0.1770518;18.7946781;71.3489820;53.8220104;728.8177435;703.9770793;368.2049987;531.2015073;;59.14927292;1.2;80.00%;99.67%;0.05;146.6854706;3;140.2493134;0.03;0.02;68.2653656;0.734307501;98.00%;2.350691319;0.1;0.1;2.5;80.00%;0.9;0.85;20201.3217735;5351.1736466;25552.4954201;6.3375157;1000;0.2;800
60.29%;5.22%;19.29%;2.10%;0.62%;0.91%;0.27%;0.09%;0.15%;11.05%;255.2568380;81.9715854;32.0008701;5728.8952860;89.91%;663.5303027;362.0508165;41.6901285;49.4365012;0.0737763;12.3096888;46.7304499;32.4917057;630.6151392;618.2951496;439.0217547;467.6451630;;64.09911346;1.2;80.00%;99.79%;0.05;146.1497192;3;158.5395355;0.03;0.02;65.66764832;0.748866162;98.00%;2.274406433;0.1;0.1;2.5;80.00%;0.9;0.85;20845.0642357;3504.7837434;24349.8479792;11.5498084;1000;0.2;800
53.31%;5.56%;19.96%;1.02%;0.35%;0.40%;0.11%;0.43%;0.03%;18.84%;225.7047940;75.1915716;33.8492683;5032.9713382;87.65%;571.9332862;316.1640916;41.7749985;52.6565032;0.1882974;13.1114693;49.7741957;37.0910888;608.9849801;626.4860153;434.8895832;473.4367444;;57.9525032;1.2;80.00%;99.39%;0.05;142.7285309;3;151.34935;0.03;0.02;67.8900528;0.736425142;98.00%;2.218267918;0.1;0.1;2.5;80.00%;0.9;0.85;20887.4992663;3733.0646769;24620.5639432;9.5881295;1000;0.2;800
56.28%;3.02%;24.00%;1.08%;0.28%;0.74%;0.20%;0.42%;0.08%;13.91%;238.2792311;86.4353292;19.0296849;4847.5989226;93.25%;642.3857438;342.7599600;32.0166318;28.6011942;0.0000000;7.1216974;27.0356243;19.4274619;484.3827125;572.7175397;531.3299668;433.3325685;;66.06248474;1.2;80.00%;99.57%;0.05;149.3576355;3;140.9082184;0.03;0.02;68.7129364;0.731697297;98.00%;2.044908285;0.1;0.1;2.5;80.00%;0.9;0.85;16008.3158797;2027.6718209;18035.9877007;18.6357616;1000;0.2;800
49.91%;7.35%;23.67%;2.54%;1.42%;0.82%;0.19%;0.16%;0.08%;13.87%;211.3098156;55.1036349;44.2277917;4822.6710584;83.57%;510.5163933;291.2916782;41.7194762;69.6088667;0.2612261;17.3326078;65.7986220;41.3737235;691.6917257;796.4895217;499.2490652;600.5249438;;57.75947189;1.2;80.00%;100.00%;0.05;149.3249207;3;148.5825806;0.03;0.02;60.75577927;0.774610017;98.00%;2.353593826;0.1;0.1;2.5;80.00%;0.9;0.85;20859.7380849;4934.8966502;25794.6347352;6.7904762;1000;0.2;800
58.36%;7.19%;18.36%;2.68%;0.48%;0.43%;0.23%;0.05%;0.04%;12.19%;247.0855708;84.5322915;43.5458261;7306.2594584;85.82%;613.0062849;343.6103364;42.6082498;68.0935716;0.0991477;16.9552993;64.3662710;47.7457785;729.2276394;700.3117463;403.5202707;529.0196483;;54.49331284;1.2;80.00%;99.63%;0.05;141.4999237;3;153.4988556;0.03;0.02;69.60803223;0.726639346;98.00%;2.860595226;0.1;0.1;2.5;80.00%;0.9;0.85;21304.1248982;4827.4703286;26131.5952268;8.1168289;1000;0.2;800
56.25%;5.34%;17.56%;0.76%;1.23%;0.47%;0.27%;0.58%;0.02%;17.52%;238.1522166;58.2828895;32.5417758;5644.0171793;88.96%;612.5249777;336.1147429;39.1548461;50.5729725;0.0804898;12.5926702;47.8047131;28.4726644;614.4825948;574.3508585;391.8690929;434.1904903;;68.15117645;1.2;80.00%;99.70%;0.05;149.3524323;3;148.4321594;0.03;0.02;56.16308975;0.797064514;98.00%;2.549089432;0.1;0.1;2.5;80.00%;0.9;0.85;19577.4230593;3585.3534847;23162.7765439;10.5337079;1000;0.2;800
53.37%;1.52%;20.80%;1.22%;0.78%;0.49%;0.24%;0.40%;0.13%;21.06%;225.9588231;52.6376769;10.0368811;5873.7010385;96.03%;627.3516759;329.0700333;35.1396423;14.3953030;0.0741416;3.5844305;13.6073341;4.6654775;384.5975960;446.4803214;499.4232217;338.2387572;;65.6449585;1.2;80.00%;99.59%;0.05;148.4475403;3;144.8356018;0.03;0.02;51.53042603;0.817922510;98.00%;2.932343721;0.1;0.1;2.5;80.00%;0.9;0.85;17569.8211725;1020.5500556;18590.3712281;35.1118421;1000;0.2;800
62.61%;7.79%;22.69%;0.73%;0.33%;0.58%;0.04%;0.06%;0.10%;5.07%;265.0792938;58.9969818;47.0417873;5035.5843149;86.01%;659.1053262;369.4878499;20.9571260;73.7759281;0.0000000;18.3702061;69.7375871;53.2505722;787.2584944;768.7740970;430.6392827;580.1559364;;62.11193466;1.2;80.00%;99.94%;0.05;149.6048889;3;143.8851624;0.03;0.02;53.9007988;0.807391293;98.00%;2.023931026;0.1;0.1;2.5;80.00%;0.9;0.85;10478.5630247;5230.3190347;15708.8820594;8.0372272;1000;0.2;800
52.23%;7.78%;16.95%;0.85%;1.07%;0.88%;0.30%;0.10%;0.04%;19.81%;221.1322715;59.0751167;46.8080994;6200.9713508;83.38%;533.0611727;304.5685885;42.6820547;73.6812222;0.2737122;18.3466243;69.6480652;47.2588257;729.0048244;682.3606638;356.4079496;515.0884666;;51.32252502;1.2;80.00%;100.00%;0.05;147.4093628;3;155.4152679;0.03;0.02;61.73963547;0.769716391;98.00%;2.858725548;0.1;0.1;2.5;80.00%;0.9;0.85;21341.0273739;5223.6048896;26564.6322635;6.7133676;1000;0.2;800
56.98%;6.67%;15.00%;0.32%;0.28%;0.81%;0.07%;0.11%;0.15%;19.62%;241.2429031;68.6390541;40.4055460;6272.5236887;86.53%;603.4746989;336.6160224;43.2408031;63.1688627;0.1090882;15.7290468;59.7111304;45.6149572;692.2351093;591.8161676;328.3835767;447.4188308;;63.13875198;1.2;80.00%;99.66%;0.05;146.2608948;3;151.6200256;0.03;0.02;62.68350601;0.764830960;98.00%;2.658429623;0.1;0.1;2.5;80.00%;0.9;0.85;21620.4015642;4478.3347833;26098.7363475;8.5427286;1000;0.2;800
52.11%;1.89%;20.38%;1.70%;0.45%;0.83%;0.19%;0.38%;0.03%;22.04%;220.6242134;68.5824646;12.2505527;6247.2586967;94.98%;605.7872212;319.4829329;36.6816752;17.8994229;0.1370590;4.4569563;16.9196457;9.9601003;397.4405550;470.5623379;502.9722878;356.4702294;;69.11727142;1.2;80.00%;99.40%;0.05;148.6508789;3;147.3948669;0.03;0.02;62.51472092;0.765709894;98.00%;2.985382795;0.1;0.1;2.5;80.00%;0.9;0.85;18340.8375813;1268.9734243;19609.8110056;27.5714286;1000;0.2;800
51.95%;5.12%;20.25%;1.60%;0.68%;0.55%;0.11%;0.32%;0.04%;19.37%;219.9468027;64.3223116;31.1851567;5213.8256920;86.72%;551.4083281;303.8474940;39.5537212;48.4894418;0.1688737;12.0738710;45.8352306;31.2942400;572.2414484;632.6324134;469.9946262;477.8037059;;63.60070419;1.2;80.00%;97.63%;0.05;142.8525543;3;144.1941376;0.03;0.02;63.58908844;0.760017207;98.00%;2.478402138;0.1;0.1;2.5;80.00%;0.9;0.85;19776.8606080;3437.6422924;23214.5029004;10.1464844;1000;0.2;800
58.02%;7.32%;19.60%;0.60%;1.31%;0.31%;0.26%;0.06%;0.06%;12.46%;245.6460730;78.3662093;44.2820151;5039.1705905;85.83%;609.5146438;342.2746328;43.7943070;69.3247489;0.1599801;17.2618625;65.5300562;42.0384838;735.7381752;688.7794420;384.4309900;520.3425118;;53.89094925;1.2;80.00%;100.00%;0.05;149.7129974;3;159.2790222;0.03;0.02;67.09175873;0.740922572;98.00%;2.014402866;0.1;0.1;2.5;80.00%;0.9;0.85;21897.1534942;4914.7542149;26811.9077091;7.9262295;1000;0.2;800
59.18%;7.67%;17.06%;0.77%;0.40%;0.44%;0.05%;0.08%;0.09%;14.26%;250.5573009;58.0830047;46.2112347;5387.4868516;79.07%;572.7306206;324.5609214;43.1881461;72.6394568;0.1151766;18.0872247;68.6633239;51.8296135;739.9376786;731.9533492;409.7719010;552.2787218;;74.34832001;1.2;80.00%;92.49%;0.05;140.7342224;3;147.2312775;0.03;0.02;58.49621582;0.785905688;98.00%;2.389550209;0.1;0.1;2.5;80.00%;0.9;0.85;21594.0730339;5149.7492935;26743.8223274;7.7157757;1000;0.2;800
52.07%;7.97%;19.27%;0.61%;1.27%;0.92%;0.13%;0.15%;0.15%;17.46%;220.4548607;53.9787476;47.8644615;5881.6151246;78.85%;502.5238855;289.5474681;42.1541213;75.4806350;0.2396424;18.7946781;71.3489820;47.0220104;726.2709681;762.4452730;427.8262250;574.9285879;;70.51019287;1.2;80.00%;95.06%;0.05;142.1307373;3;145.6075287;0.03;0.02;60.60137558;0.775501597;98.00%;2.863693476;0.1;0.1;2.5;80.00%;0.9;0.85;21077.0606445;5351.1736466;26428.2342910;6.5332497;1000;0.2;800
53.23%;5.44%;12.31%;0.85%;1.47%;0.66%;0.05%;0.43%;0.06%;25.49%;225.3660887;66.3909912;33.1042454;4720.9721858;87.47%;569.9289540;314.6199774;39.8536598;51.5200320;0.1009677;12.8284880;48.6999325;27.2701300;600.4847897;503.6948212;319.3470846;381.1390431;;55.57294846;1.2;80.00%;98.92%;0.05;142.0512848;3;141.6091309;0.03;0.02;63.5218277;0.760281870;98.00%;2.161831379;0.1;0.1;2.5;80.00%;0.9;0.85;19926.8299237;3652.4949357;23579.3248594;9.7849265;1000;0.2;800
50.04%;5.83%;19.69%;2.03%;0.45%;0.25%;0.02%;0.19%;0.12%;21.37%;211.8602118;60.9436039;35.2668754;5436.1281607;79.78%;488.6551273;274.2467252;40.4253773;55.2135637;0.2627842;13.7481773;52.1912879;38.2282460;587.0245636;699.2583830;499.0448322;527.5677442;;72.83090973;1.2;80.00%;91.84%;0.05;140.6520386;3;141.6428223;0.03;0.02;66.0062027;0.746990977;98.00%;2.776357651;0.1;0.1;2.5;80.00%;0.9;0.85;20212.6886405;3914.3465947;24127.0352352;8.5831904;1000;0.2;800
51.02%;2.09%;15.74%;0.31%;0.91%;0.79%;0.24%;0.55%;0.01%;28.34%;216.0093527;77.0526567;13.4454781;5698.9107667;95.02%;593.3698874;313.9081721;37.1760276;19.7935417;0.1905765;4.9285919;18.7100844;7.7150316;404.2102913;380.8961656;402.1438665;289.3269539;;53.91612244;1.2;80.00%;99.99%;0.05;145.2089081;3;150.6467896;0.03;0.02;67.45864868;0.738922084;98.00%;2.66383791;0.1;0.1;2.5;80.00%;0.9;0.85;18588.0137915;1403.2563264;19991.2701178;24.4114833;1000;0.2;800
49.57%;2.15%;12.56%;2.42%;0.25%;0.54%;0.19%;0.38%;0.05%;31.89%;209.8703178;52.2816754;13.6618924;5073.4284296;93.34%;566.3379762;300.0760048;38.1814892;20.3617773;0.2690484;5.0700826;19.2472160;13.4255109;395.3211321;372.2472395;392.5929534;282.5029686;;68.93261719;1.2;80.00%;98.45%;0.05;144.9564514;3;153.0575409;0.03;0.02;55.03842926;0.802223876;98.00%;2.680068731;0.1;0.1;2.5;80.00%;0.9;0.85;19090.7445771;1443.5411970;20534.2857741;23.0558140;1000;0.2;800
54.70%;2.33%;17.79%;1.60%;0.31%;0.41%;0.10%;0.41%;0.09%;22.26%;231.5897999;56.9385713;14.8066848;4797.3492352;91.66%;613.6675556;325.1566810;39.1485820;22.0664843;0.1613790;5.4945546;20.8586108;14.2369491;428.1322901;467.4327972;472.4319195;354.0427466;;70.8289566;1.2;80.00%;96.59%;0.05;142.8407593;3;152.2922668;0.03;0.02;55.21268082;0.801366684;98.00%;2.347167969;0.1;0.1;2.5;80.00%;0.9;0.85;19574.2910058;1564.3958088;21138.6868146;23.4763948;1000;0.2;800
51.82%;6.28%;18.91%;2.68%;1.23%;0.68%;0.03%;0.40%;0.08%;17.88%;219.3964064;63.5301453;37.9946627;5945.8403128;84.59%;536.5578163;300.6450745;42.9771548;59.4753310;0.2433903;14.8093574;56.2197750;35.2168413;637.0608143;686.5826343;453.8994711;518.2795322;;67.60285187;1.2;80.00%;97.94%;0.05;143.8739471;3;150.621933;0.03;0.02;64.13726044;0.757149006;98.00%;2.79644537;0.1;0.1;2.5;80.00%;0.9;0.85;21488.5773874;4216.4831243;25705.0605116;8.2515924;1000;0.2;800
54.10%;2.07%;22.74%;1.15%;0.70%;0.65%;0.03%;0.32%;0.06%;18.18%;229.0495096;59.5145066;13.3000798;6182.0667681;94.27%;624.2174729;329.6059430;40.6439818;19.6041298;0.1821516;4.8814283;18.5310405;9.2515384;416.7359277;509.6445208;529.9614961;385.7958054;;62.18151093;1.2;80.00%;98.86%;0.05;142.2777557;3;156.3099365;0.03;0.02;56.24071884;0.796719983;98.00%;2.980804443;0.1;0.1;2.5;80.00%;0.9;0.85;20321.9909154;1389.8280362;21711.8189516;26.1352657;1000;0.2;800
58.62%;7.15%;13.41%;2.92%;1.29%;0.47%;0.08%;0.14%;0.09%;15.82%;248.1863633;57.3513633;43.2046883;5810.4138703;85.80%;615.6368180;344.6492767;43.0946369;67.7147479;0.0603604;16.8609722;64.0081833;40.9787922;727.6160167;627.6867834;333.1539847;474.1912137;;56.07154465;1.2;80.00%;99.41%;0.05;142.1036072;3;149.8914032;0.03;0.02;55.38643646;0.800684568;98.00%;2.500426531;0.1;0.1;2.5;80.00%;0.9;0.85;21547.3184308;4800.6137482;26347.9321790;8.1986014;1000;0.2;800
60.60%;6.16%;20.04%;2.04%;0.30%;0.48%;0.06%;0.54%;0.13%;9.65%;256.5693213;65.1861307;37.4546560;6363.4345723;87.89%;651.9075054;359.5713411;34.4198554;58.3388597;0.0000000;14.5263761;55.1455118;41.7958825;682.9935320;679.5338951;443.0363552;513.2554867;;69.12215424;1.2;80.00%;99.30%;0.05;148.5168457;3;146.4681244;0.03;0.02;57.9878273;0.788410742;98.00%;2.635486126;0.1;0.1;2.5;80.00%;0.9;0.85;17209.9276982;4135.9133830;21345.8410813;9.8376623;1000;0.2;800
59.12%;4.83%;20.78%;1.70%;0.43%;0.39%;0.29%;0.49%;0.02%;11.95%;250.3032719;74.1353361;29.6614451;5864.2933585;90.65%;655.9386625;356.6013802;40.4380820;45.7429695;0.0701774;11.3899994;43.2390945;31.2135897;602.9917033;610.7628286;456.1655360;461.8609755;;58.99536133;1.2;80.00%;100.00%;0.05;149.4324341;3;155.8940582;0.03;0.02;62.45172501;0.766027552;98.00%;2.429646492;0.1;0.1;2.5;80.00%;0.9;0.85;20219.0409966;3242.9320844;23461.9730810;12.2401656;1000;0.2;800
60.53%;2.36%;23.95%;2.61%;1.30%;0.55%;0.06%;0.52%;0.14%;7.98%;256.2729541;83.9871006;15.2199036;7151.0311282;95.25%;705.7143015;372.8138734;22.2845302;22.3506021;0.0000000;5.5652999;21.1271766;6.5321888;472.4282034;559.9662682;554.3883213;424.0002685;;55.18696594;1.2;80.00%;100.00%;0.05;149.6897583;3;147.7265472;0.03;0.02;64.32485199;0.756160623;98.00%;2.918086529;0.1;0.1;2.5;80.00%;0.9;0.85;11142.2650923;1584.5382442;12726.8033365;25.6483051;1000;0.2;800
61.95%;4.77%;20.57%;1.51%;0.80%;0.78%;0.17%;0.46%;0.12%;8.85%;262.2849745;76.0100835;29.3629690;7116.1509785;91.01%;690.0907444;373.9623715;34.4436128;45.1747339;0.0000000;11.2485087;42.7019629;27.8231103;614.7753414;610.2545331;456.4027164;461.5760209;;53.69211578;1.2;80.00%;99.84%;0.05;142.4540405;3;152.8181152;0.03;0.02;61.51843643;0.770859618;98.00%;2.843809843;0.1;0.1;2.5;80.00%;0.9;0.85;17221.8063939;3202.6472138;20424.4536077;12.9874214;1000;0.2;800
56.12%;1.79%;12.38%;2.27%;0.67%;0.48%;0.05%;0.49%;0.06%;25.70%;237.6018203;66.3084058;11.7069675;5296.4328673;93.91%;645.1110988;339.3280849;40.7573634;16.9523635;0.1635564;4.2211385;16.0244263;7.4826347;409.0891326;357.7442915;393.6262453;272.0204633;;74.65908051;1.2;80.00%;97.79%;0.05;145.0317078;3;158.4238281;0.03;0.02;58.9859314;0.783502784;98.00%;2.455985069;0.1;0.1;2.5;80.00%;0.9;0.85;20378.6816957;1201.8319733;21580.5136690;31.3519553;1000;0.2;800
60.91%;7.10%;24.15%;1.17%;0.82%;0.63%;0.16%;0.46%;0.02%;4.60%;257.8818046;83.5084080;43.0591008;5856.7342175;86.81%;647.2415537;360.8818951;44.5459818;67.2412182;0.0799871;16.7430633;63.5605736;44.3800594;739.3073769;771.2694402;477.1841259;582.3499019;;66.62512207;1.2;80.00%;99.94%;0.05;148.7874603;3;158.6994476;0.03;0.02;67.22889709;0.740219719;98.00%;2.234066486;0.1;0.1;2.5;80.00%;0.9;0.85;22272.9909154;4767.0430227;27040.0339381;8.5788732;1000;0.2;800
53.87%;3.13%;24.99%;2.50%;1.32%;0.38%;0.29%;0.43%;0.03%;13.06%;228.0757317;53.6782105;19.4846155;5325.9259163;90.71%;598.1127375;320.1970423;36.6927900;29.6429596;0.1348759;7.3810969;28.0203656;11.8966741;470.9506323;628.3989138;584.4767525;474.6429774;;72.17809296;1.2;80.00%;97.31%;0.05;145.3502045;3;147.4650116;0.03;0.02;54.00597382;0.806955259;98.00%;2.631445885;0.1;0.1;2.5;80.00%;0.9;0.85;18346.3949783;2101.5274170;20447.9223953;17.2108626;1000;0.2;800
60.04%;4.12%;24.88%;2.65%;0.85%;0.48%;0.12%;0.22%;0.09%;6.55%;254.1983837;60.0851928;25.4509722;5032.6980054;92.04%;676.3934031;364.3252133;24.4329343;39.0188477;0.0000000;9.7156931;36.8830371;22.7595838;568.0597933;655.4351128;543.0301643;495.2031828;;51.1375885;1.2;80.00%;99.95%;0.05;143.7958374;3;145.1091309;0.03;0.02;53.61998367;0.808652312;98.00%;2.182386637;0.1;0.1;2.5;80.00%;0.9;0.85;12216.4671559;2766.2277822;14982.6949380;14.5728155;1000;0.2;800
56.44%;3.85%;17.58%;2.98%;1.10%;0.53%;0.30%;0.22%;0.13%;16.86%;238.9566418;73.1327250;23.8547867;5897.3520950;91.86%;634.5894519;341.8492536;39.5833943;36.4617873;0.1350894;9.0789850;34.4659449;18.8224266;532.4351925;533.8823783;442.1574859;404.1539315;;63.59940338;1.2;80.00%;99.74%;0.05;145.9937592;3;156.5090027;0.03;0.02;63.15817261;0.762335795;98.00%;2.565989017;0.1;0.1;2.5;80.00%;0.9;0.85;19791.6971698;2584.9458644;22376.6430342;14.6597403;1000;0.2;800
60.38%;5.38%;16.70%;2.06%;0.47%;0.80%;0.29%;0.18%;0.08%;13.66%;255.6378815;69.6455904;32.8863175;5971.2980827;89.04%;658.0758035;359.7830600;20.0791753;50.9517963;0.0000000;12.6869973;48.1628009;34.8396507;638.0541076;588.6212735;399.4348088;445.1440787;;71.43697357;1.2;80.00%;99.10%;0.05;149.8052368;3;141.8408508;0.03;0.02;60.06057739;0.778219395;98.00%;2.470935822;0.1;0.1;2.5;80.00%;0.9;0.85;10039.5876578;3612.2100651;13651.7977229;11.2230483;1000;0.2;800
58.13%;6.64%;18.66%;1.26%;0.78%;0.46%;0.21%;0.58%;0.10%;13.17%;246.1117929;62.6297323;40.1808614;5331.5201981;82.40%;586.3223665;327.6360667;40.6296231;62.8847449;0.1021549;15.6583015;59.4425646;41.3997175;682.7768469;706.5897673;446.4847391;533.3460994;;73.10362244;1.2;80.00%;94.57%;0.05;142.3206329;3;147.1561584;0.03;0.02;60.39150238;0.776524898;98.00%;2.35476923;0.1;0.1;2.5;80.00%;0.9;0.85;20314.8115699;4458.1923480;24773.0039179;8.7545181;1000;0.2;800
50.05%;5.88%;15.74%;0.67%;1.02%;0.59%;0.22%;0.24%;0.13%;25.46%;211.9025500;59.2419609;35.6088986;4994.1568085;86.15%;527.7565191;294.5557532;39.6418062;55.6870934;0.2291221;13.8660862;52.6388976;34.0269788;608.6543156;571.1477777;363.3489217;431.5958654;;67.82936096;1.2;80.00%;99.27%;0.05;147.8233337;3;146.5984497;0.03;0.02;62.18911743;0.767313829;98.00%;2.441449881;0.1;0.1;2.5;80.00%;0.9;0.85;19820.9031181;3947.9173202;23768.8204383;8.5119048;1000;0.2;800
57.70%;7.95%;16.36%;1.28%;1.18%;0.34%;0.21%;0.19%;0.08%;14.72%;244.2912515;69.0511457;47.9389474;6207.3997778;84.58%;597.3806985;338.3881920;43.3119114;75.2912232;0.1165502;18.7475146;71.1699381;47.5985172;769.0466645;681.5711153;339.0428378;514.7339346;;51.55591583;1.2;80.00%;100.00%;0.05;147.6676178;3;153.1357269;0.03;0.02;63.26821518;0.761764736;98.00%;2.550947189;0.1;0.1;2.5;80.00%;0.9;0.85;21655.9557132;5337.7453564;26993.7010695;7.2578616;1000;0.2;800
53.95%;7.92%;20.43%;2.77%;0.94%;0.76%;0.14%;0.29%;0.09%;12.71%;228.4144370;72.4127293;47.7121228;6106.3127889;83.53%;551.5963033;314.7256260;45.5907839;75.0071053;0.2740588;18.6767692;70.9013723;49.3032775;745.8704793;778.1000473;442.3592389;587.1356427;;53.20384979;1.2;80.00%;99.92%;0.05;141.7582245;3;159.6834717;0.03;0.02;67.85105896;0.736719358;98.00%;2.604609966;0.1;0.1;2.5;80.00%;0.9;0.85;22795.3919540;5317.6029211;28112.9948751;6.8118687;1000;0.2;800
60.82%;7.58%;17.48%;0.59%;0.52%;0.44%;0.08%;0.21%;0.02%;12.27%;257.5007611;70.2990976;45.8239893;7322.9222266;86.01%;640.3009951;359.0705823;45.4308274;71.7871033;0.0756539;17.8749887;67.8576265;50.2238944;765.6525356;671.2801326;348.1283040;507.1676680;;51.11540985;1.2;80.00%;100.00%;0.05;143.8187866;3;157.4933624;0.03;0.02;61.40135574;0.771459052;98.00%;2.900068283;0.1;0.1;2.5;80.00%;0.9;0.85;22715.4137011;5089.3219876;27804.7356887;8.0237467;1000;0.2;800
60.89%;5.55%;13.64%;0.47%;0.28%;0.40%;0.06%;0.33%;0.04%;18.35%;257.7971283;65.7634257;33.8703583;5978.6707818;88.12%;656.7781817;359.7436577;27.0397215;52.5617973;0.0000000;13.0878875;49.6846738;37.5793422;647.4518330;524.8799129;325.8541739;397.2868234;;65.76692963;1.2;80.00%;98.31%;0.05;145.1371155;3;143.6825714;0.03;0.02;58.03639221;0.788167815;98.00%;2.499417543;0.1;0.1;2.5;80.00%;0.9;0.85;13519.8607643;3726.3505318;17246.2112961;10.9711712;1000;0.2;800
57.99%;6.99%;18.90%;0.33%;0.95%;0.81%;0.19%;0.57%;0.10%;13.18%;245.5190585;85.1967229;42.3701326;5916.4942289;86.34%;612.8595562;342.7721047;43.1585036;66.1994528;0.1147864;16.4836638;62.5758324;42.5508472;716.6759211;674.6487241;390.4209472;509.7936141;;56.09453583;1.2;80.00%;99.91%;0.05;143.9742126;3;154.7786255;0.03;0.02;69.8922348;0.724965280;98.00%;2.324433804;0.1;0.1;2.5;80.00%;0.9;0.85;21579.2517770;4693.1874265;26272.4392035;8.2961373;1000;0.2;800
52.25%;3.17%;20.19%;0.54%;0.35%;0.51%;0.14%;0.21%;0.13%;22.51%;221.2169478;51.2599285;19.6992008;5572.0425036;92.25%;589.9535217;316.1360116;38.4264460;30.0217833;0.1577445;7.4754240;28.3784533;19.9436603;469.3099466;506.4891113;461.0819605;383.1699305;;53.0268364;1.2;80.00%;99.25%;0.05;140.325119;3;148.1550598;0.03;0.02;52.81713486;0.812283980;98.00%;2.802569389;0.1;0.1;2.5;80.00%;0.9;0.85;19213.2230240;2128.3839974;21341.6070215;16.4826498;1000;0.2;800
61.91%;2.72%;21.15%;2.04%;0.28%;0.39%;0.27%;0.33%;0.06%;10.85%;262.1156218;93.7099711;17.3931003;5536.4524734;94.41%;715.4069513;379.2410388;39.4779640;25.7600160;0.0020678;6.4142440;24.3499662;17.2750650;499.6987403;519.7637030;490.6685319;394.0133631;;70.06843567;1.2;80.00%;99.69%;0.05;148.2187195;3;158.2324982;0.03;0.02;67.76795959;0.737167591;98.00%;2.157479763;0.1;0.1;2.5;80.00%;0.9;0.85;19738.9820184;1826.2474678;21565.2294862;22.7610294;1000;0.2;800
62.15%;3.21%;24.63%;2.31%;1.38%;0.54%;0.17%;0.58%;0.10%;4.94%;263.1317379;78.8899007;20.2004402;6593.3214298;92.19%;701.2766261;373.7575289;41.1252945;30.4006071;0.0344462;7.5697512;28.7365410;11.9906466;523.2948842;624.9111771;567.1240053;472.6705238;;62.02794266;1.2;80.00%;98.18%;0.05;140.2440186;3;159.3204498;0.03;0.02;62.28484726;0.766908323;98.00%;2.687832594;0.1;0.1;2.5;80.00%;0.9;0.85;20562.6472645;2155.2405779;22717.8878424;19.3613707;1000;0.2;800
50.40%;7.37%;19.32%;2.48%;0.34%;0.40%;0.05%;0.38%;0.04%;19.21%;213.3843860;56.0186495;44.3483746;5404.0733492;82.65%;509.8629808;291.0374458;44.0174562;69.7982786;0.2948085;17.3797714;65.9776659;50.1572166;692.3032765;731.4057431;433.5808759;551.7542886;;59.23430634;1.2;80.00%;98.77%;0.05;141.4906616;3;151.974823;0.03;0.02;61.41890717;0.771324820;98.00%;2.628148079;0.1;0.1;2.5;80.00%;0.9;0.85;22008.7280798;4948.3249404;26957.0530202;6.8385346;1000;0.2;800
59.12%;2.01%;22.14%;1.09%;0.29%;0.51%;0.12%;0.10%;0.02%;14.60%;250.3032719;77.7299270;13.1070432;5708.8922943;94.94%;687.0305665;361.8174980;39.4272811;19.0358942;0.0382903;4.7399376;17.9939089;12.1010591;442.2508645;488.3926724;506.1977080;370.1998462;;60.83512878;1.2;80.00%;99.11%;0.05;142.5909119;3;154.7458649;0.03;0.02;62.48810959;0.765831948;98.00%;2.435419559;0.1;0.1;2.5;80.00%;0.9;0.85;19713.6405517;1349.5431656;21063.1837172;29.4129353;1000;0.2;800
52.82%;7.26%;23.10%;2.90%;0.62%;0.43%;0.19%;0.15%;0.06%;12.47%;223.6302236;47.8245373;43.7192188;5384.7234414;84.62%;547.1083024;309.7390854;41.5343341;68.7565132;0.1836858;17.1203718;64.9929246;47.1280044;703.0231656;782.2092280;486.9836521;589.8019501;;52.02080154;1.2;80.00%;99.97%;0.05;144.0506744;3;148.1918945;0.03;0.02;53.03623962;0.811299419;98.00%;2.595265388;0.1;0.1;2.5;80.00%;0.9;0.85;20767.1670253;4874.4693443;25641.6363696;7.2754821;1000;0.2;800
55.19%;6.75%;20.85%;0.50%;1.46%;0.56%;0.08%;0.58%;0.13%;13.90%;233.6643703;55.1223693;40.7841187;4996.5083110;85.24%;575.8270313;322.6105523;41.0123482;63.9265102;0.0826803;15.9177010;60.4273059;36.7489297;684.4400824;701.8771216;435.6476266;529.6572859;;66.26815796;1.2;80.00%;98.80%;0.05;146.5571289;3;143.0335999;0.03;0.02;56.37003708;0.796025922;98.00%;2.291363001;0.1;0.1;2.5;80.00%;0.9;0.85;20506.1741022;4532.0479441;25038.2220462;8.1762963;1000;0.2;800
57.96%;6.23%;15.21%;2.40%;0.99%;0.81%;0.09%;0.59%;0.08%;15.64%;245.3920439;54.6376449;37.7638935;5634.2666972;85.73%;608.1724113;337.2641829;42.0065939;59.0018013;0.0844527;14.6914485;55.7721653;36.7781085;667.1922631;630.8271333;394.1711360;476.4972408;;69.94739532;1.2;80.00%;97.55%;0.05;144.4503937;3;149.3238983;0.03;0.02;54.04940033;0.806782849;98.00%;2.531914234;0.1;0.1;2.5;80.00%;0.9;0.85;21003.2969288;4182.9123988;25186.2093276;9.3033708;1000;0.2;800
50.63%;2.04%;21.27%;0.72%;1.42%;0.70%;0.03%;0.58%;0.04%;22.58%;214.3581640;61.6290529;13.0813188;5172.5695207;94.86%;587.8430150;310.7797315;38.6886479;19.3200120;0.1825635;4.8106830;18.2624747;3.2762988;398.0704299;475.1225026;500.3156783;359.7767029;;52.88605118;1.2;80.00%;99.72%;0.05;142.0467987;3;148.5085907;0.03;0.02;59.7057724;0.779933627;98.00%;2.576890945;0.1;0.1;2.5;80.00%;0.9;0.85;19344.3239303;1369.6856009;20714.0095312;24.8186275;1000;0.2;800
51.46%;6.01%;16.95%;0.35%;1.01%;0.39%;0.20%;0.08%;0.07%;23.48%;217.8722322;63.3326770;36.4129056;5868.8063852;86.28%;543.4320972;303.1474559;42.1181522;56.9182706;0.2778335;14.1726494;53.8026828;35.0396841;623.9047940;584.7041870;367.8600484;441.9291861;;64.73374939;1.2;80.00%;99.34%;0.05;145.0012054;3;155.2524261;0.03;0.02;63.56361389;0.760196244;98.00%;2.759811878;0.1;0.1;2.5;80.00%;0.9;0.85;21059.0761053;4035.2012065;25094.2773119;8.5623960;1000;0.2;800
52.04%;2.63%;12.03%;1.24%;1.43%;0.69%;0.25%;0.26%;0.12%;29.31%;220.3278462;48.3298696;16.4723190;3855.4340322;88.77%;565.4149962;301.4173552;34.9960568;24.9076625;0.1470279;6.2020080;23.5442688;7.4293460;424.7723484;402.4597840;392.6350425;304.9927890;;68.22145844;1.2;80.00%;94.39%;0.05;141.3957825;3;140.9059753;0.03;0.02;52.04000092;0.814941423;98.00%;2.047801733;0.1;0.1;2.5;80.00%;0.9;0.85;17498.0283872;1765.8201619;19263.8485491;19.7870722;1000;0.2;800
56.70%;7.75%;14.10%;2.17%;0.70%;0.59%;0.27%;0.44%;0.02%;17.27%;240.0574343;49.6943585;46.6701050;6531.0873186;84.73%;588.0611877;332.7090794;42.9778011;73.3971043;0.1618484;18.2758790;69.3794994;50.0035860;752.4892416;656.8905841;327.5451465;495.9914255;;61.65909576;1.2;80.00%;100.00%;0.05;149.7430267;3;155.4879913;0.03;0.02;51.79738235;0.816780686;98.00%;2.933681488;0.1;0.1;2.5;80.00%;0.9;0.85;21488.9005724;5203.4624543;26692.3630268;7.3161290;1000;0.2;800
52.07%;3.77%;20.89%;1.46%;0.36%;0.82%;0.06%;0.24%;0.09%;20.25%;220.4548607;50.4604268;23.2215842;5000.0731945;91.56%;583.5611250;315.1407319;40.2469306;35.7041398;0.1799987;8.8903308;33.7497694;24.1684541;503.3429156;561.7073406;479.9236732;424.5748050;;54.2650528;1.2;80.00%;99.87%;0.05;143.5902405;3;150.0585022;0.03;0.02;52.6244278;0.813069756;98.00%;2.503839016;0.1;0.1;2.5;80.00%;0.9;0.85;20123.4652861;2531.2327036;22654.6979897;13.8116711;1000;0.2;800
53.21%;2.16%;16.01%;1.07%;0.49%;0.82%;0.01%;0.35%;0.09%;25.77%;225.2814123;82.4431279;13.9114226;6201.1950010;94.64%;616.3628759;326.0442610;38.6109085;20.4564833;0.1008546;5.0936643;19.3367379;11.5772575;418.6360814;402.9316126;418.0028421;305.9272934;;59.17161942;1.2;80.00%;99.55%;0.05;144.9130554;3;146.3574677;0.03;0.02;68.52000427;0.732911828;98.00%;2.775630951;0.1;0.1;2.5;80.00%;0.9;0.85;19305.4542554;1450.2553421;20755.7095975;24.6342593;1000;0.2;800
54.49%;4.64%;12.96%;2.03%;0.35%;0.77%;0.14%;0.12%;0.04%;24.47%;230.7006983;65.8241323;28.4314409;5840.9605979;90.00%;600.2384915;327.1518453;39.2019676;43.9435567;0.0889997;10.9419456;41.5381777;30.4904050;565.1351397;484.5422660;346.8588674;366.8760863;;50.19986725;1.2;80.00%;99.69%;0.05;140.9855499;3;145.5840759;0.03;0.02;61.35529327;0.771674807;98.00%;2.648066759;0.1;0.1;2.5;80.00%;0.9;0.85;19600.9838212;3115.3633275;22716.3471487;11.7435345;1000;0.2;800
52.59%;6.83%;13.97%;1.71%;1.45%;0.87%;0.15%;0.54%;0.02%;21.87%;222.6564457;52.3465570;41.2003792;4287.4918305;84.55%;544.2573182;306.6501409;42.8073336;64.6841578;0.2440396;16.1063553;61.1434814;37.4029022;674.9724241;616.1224673;348.3042102;465.3363039;;59.74782562;1.2;80.00%;98.94%;0.05;141.9144897;3;153.1916809;0.03;0.02;56.48903275;0.795211146;98.00%;2.059524059;0.1;0.1;2.5;80.00%;0.9;0.85;21403.6667967;4585.7611049;25989.4279016;7.6998536;1000;0.2;800
60.94%;7.45%;13.16%;1.41%;0.32%;0.73%;0.23%;0.33%;0.11%;15.33%;258.0088191;77.4044182;45.0910309;5677.7247955;86.26%;643.4028206;360.2112188;21.5581333;70.5559261;0.0000000;17.5684256;66.6938413;50.8911891;759.3805490;616.9097873;300.8223815;466.4128107;;51.38570786;1.2;80.00%;100.00%;0.05;148.5249481;3;141.5733032;0.03;0.02;64.71086884;0.754060681;98.00%;2.19624424;0.1;0.1;2.5;80.00%;0.9;0.85;10779.0666495;5002.0381012;15781.1047508;8.1798658;1000;0.2;800
51.91%;7.55%;20.82%;0.59%;0.77%;0.66%;0.30%;0.24%;0.08%;17.09%;219.7774500;73.7726621;45.5090680;6484.9483141;83.54%;530.7749532;302.5975866;43.0659171;71.5029855;0.3017330;17.8042434;67.5890607;48.0086547;713.6989552;729.8637636;418.6062263;550.9113173;;57.00190353;1.2;80.00%;99.76%;0.05;142.7852783;3;157.5128479;0.03;0.02;69.88782501;0.725002076;98.00%;2.845359325;0.1;0.1;2.5;80.00%;0.9;0.85;21532.9585562;5069.1795523;26602.1381085;6.8754967;1000;0.2;800
61.02%;5.14%;24.01%;1.25%;1.03%;0.60%;0.14%;0.42%;0.03%;6.35%;258.3475245;82.8231254;31.5164847;5573.8790372;87.24%;651.6222117;355.6195168;35.8629051;48.6788537;0.0000000;12.1210346;46.0142744;28.6377332;619.8542677;703.3805483;530.2573696;531.3448105;;74.59350586;1.2;80.00%;96.56%;0.05;145.4582977;3;146.2769012;0.03;0.02;66.68895721;0.743222899;98.00%;2.236201048;0.1;0.1;2.5;80.00%;0.9;0.85;17931.4525344;3451.0705826;21382.5231170;11.8715953;1000;0.2;800
60.59%;5.40%;22.78%;2.84%;1.37%;0.31%;0.16%;0.39%;0.11%;6.04%;256.5269831;66.2256409;33.0019690;7140.1769863;89.86%;666.4049285;364.1267961;35.2420298;51.1412082;0.0000000;12.7341608;48.3418447;27.7831438;642.8393106;687.4943425;496.5691453;519.2924941;;54.04512405;1.2;80.00%;100.00%;0.05;148.1669006;3;149.2220917;0.03;0.02;57.76301575;0.789500442;98.00%;2.963641167;0.1;0.1;2.5;80.00%;0.9;0.85;17621.0149157;3625.6383553;21246.6532710;11.2203704;1000;0.2;800
53.97%;3.23%;24.56%;1.63%;0.46%;0.77%;0.24%;0.09%;0.08%;14.98%;228.4991134;73.9694025;20.1777252;6309.3199157;93.00%;614.3384723;329.0533758;39.7040362;30.5900190;0.1890016;7.6169147;28.9155849;19.4941397;484.5269011;592.3585789;541.1782025;447.9838625;;54.48971558;1.2;80.00%;100.00%;0.05;149.5608826;3;156.7932434;0.03;0.02;64.74438477;0.753898629;98.00%;2.837212086;0.1;0.1;2.5;80.00%;0.9;0.85;19852.0181190;2168.6688681;22020.6869870;16.7089783;1000;0.2;800
60.85%;6.88%;12.61%;1.20%;0.59%;0.90%;0.20%;0.47%;0.09%;16.22%;257.6277756;55.7404902;41.6524415;6522.9470309;86.98%;647.8407513;360.1817164;26.5836618;65.1576875;0.0000000;16.2242642;61.5910911;44.6416350;726.0472991;584.4264119;303.2576213;441.7992784;;63.0952034;1.2;80.00%;99.65%;0.05;147.7731171;3;143.7869568;0.03;0.02;52.46201324;0.813878053;98.00%;2.74975872;0.1;0.1;2.5;80.00%;0.9;0.85;13291.8308989;4619.3318304;17911.1627293;8.8444767;1000;0.2;800
59.83%;4.29%;24.64%;2.32%;0.71%;0.32%;0.26%;0.40%;0.05%;7.19%;253.3092821;54.0037942;26.4022130;6475.3296912;89.83%;657.8422326;355.3914328;40.8579426;40.6288487;0.1024910;10.1165833;38.4049100;25.0992753;570.3460816;672.4511914;551.4708780;507.9168458;;71.37065125;1.2;80.00%;97.90%;0.05;143.8520966;3;158.7559052;0.03;0.02;50.7265358;0.821385880;98.00%;2.909372568;0.1;0.1;2.5;80.00%;0.9;0.85;20428.9713020;2880.3682489;23309.3395509;13.9463869;1000;0.2;800
55.61%;2.65%;12.91%;2.45%;0.33%;0.81%;0.02%;0.28%;0.02%;24.92%;235.4425736;72.7835272;16.7813847;4508.5585884;92.91%;632.3931375;336.1166711;38.4366416;25.0970744;0.0420503;6.2491715;23.7233127;16.3728391;456.4238133;406.0171309;389.0636483;308.1370619;;61.33566666;1.2;80.00%;98.50%;0.05;143.3586731;3;144.4288483;0.03;0.02;63.07051086;0.762587056;98.00%;2.028357029;0.1;0.1;2.5;80.00%;0.9;0.85;19218.3208019;1779.2484521;20997.5692540;20.9849057;1000;0.2;800
50.09%;6.98%;18.38%;2.06%;0.28%;0.77%;0.21%;0.28%;0.15%;20.81%;212.0719027;50.0891055;42.0365694;4625.6887115;84.27%;516.6415720;292.9964549;41.7563058;66.1047469;0.2778165;16.4600820;62.4863104;47.8391007;671.6452521;689.6245725;414.8200464;520.3539845;;60.14689636;1.2;80.00%;99.80%;0.05;145.8142548;3;151.0210724;0.03;0.02;56.81678772;0.793825659;98.00%;2.312973022;0.1;0.1;2.5;80.00%;0.9;0.85;20878.1528830;4686.4732814;25564.6261645;7.1762178;1000;0.2;800
49.83%;6.49%;24.80%;2.30%;1.40%;0.90%;0.09%;0.27%;0.10%;13.81%;210.9711102;46.5879048;39.1418316;4585.4836850;85.39%;520.8244569;293.2504469;42.1215918;61.4641558;0.2603802;15.3045748;58.0997356;35.3635191;642.9411801;772.2104730;527.5625476;582.2462668;;53.02524948;1.2;80.00%;99.96%;0.05;144.1881104;3;149.3106232;0.03;0.02;53.84998322;0.807503314;98.00%;2.347715855;0.1;0.1;2.5;80.00%;0.9;0.85;21060.7959113;4357.4801714;25418.2760828;7.6779661;1000;0.2;800
49.86%;6.84%;18.88%;1.29%;0.36%;0.67%;0.22%;0.14%;0.11%;21.63%;211.0981248;65.2876731;41.2727573;4711.0171678;84.64%;516.5409029;292.4984465;42.6696214;64.7788637;0.3214151;16.1299371;61.2330033;46.1946488;662.9483770;672.6181671;406.7835625;507.8264738;;50.57767487;1.2;80.00%;100.00%;0.05;149.1112823;3;155.3550873;0.03;0.02;66.46607971;0.744338582;98.00%;2.217874289;0.1;0.1;2.5;80.00%;0.9;0.85;21334.8107054;4592.4752500;25927.2859554;7.2894737;1000;0.2;800
49.53%;4.77%;18.71%;2.14%;0.55%;0.48%;0.29%;0.45%;0.04%;23.04%;209.7009651;69.7358034;29.1204777;5141.1798499;88.03%;533.6685050;293.4064698;37.2808200;45.1747339;0.2061248;11.2485087;42.7019629;29.8231103;542.7793545;591.0028735;451.2720079;446.6066697;;62.85724258;1.2;80.00%;98.85%;0.05;145.0044708;3;143.7240295;0.03;0.02;67.67518616;0.737656127;98.00%;2.464120865;0.1;0.1;2.5;80.00%;0.9;0.85;18640.4100085;3202.6472138;21843.0572223;10.3836478;1000;0.2;800
61.48%;5.02%;18.26%;2.80%;1.47%;0.32%;0.19%;0.25%;0.07%;10.14%;260.2950804;55.3401802;30.7404917;6328.8928108;90.54%;681.3348499;370.2905452;33.5703009;47.5423824;0.0000000;11.8380532;44.9400112;24.2567744;626.2647945;594.6066199;425.8456405;449.5532956;;63.75520706;1.2;80.00%;99.84%;0.05;147.8075256;3;151.121994;0.03;0.02;50.33236694;0.823057309;98.00%;2.712882519;0.1;0.1;2.5;80.00%;0.9;0.85;16785.1504480;3370.5008414;20155.6512894;12.2470120;1000;0.2;800
50.09%;5.13%;19.54%;1.81%;0.42%;0.77%;0.29%;0.33%;0.06%;21.56%;212.0719027;49.3968758;31.1709770;4066.2107502;88.39%;541.9449416;298.9256904;40.8196530;48.5841478;0.3141586;12.0974528;45.9247525;33.4459866;568.9070869;611.8352385;449.5064208;462.1291514;;60.56889725;1.2;80.00%;99.96%;0.05;146.4980469;3;157.2772217;0.03;0.02;54.47165298;0.804367669;98.00%;2.076242447;0.1;0.1;2.5;80.00%;0.9;0.85;20409.8265245;3444.3564375;23854.1829620;9.7641326;1000;0.2;800
61.74%;5.85%;15.84%;2.03%;0.37%;0.70%;0.26%;0.31%;0.04%;12.85%;261.3958729;85.7183862;35.7286357;6912.7710833;87.95%;664.6245960;365.0513815;41.5058047;55.4029755;0.0275156;13.7953409;52.3703318;39.0117391;670.1287895;602.0074551;383.5063903;455.4394330;;64.8391037;1.2;80.00%;98.58%;0.05;143.086441;3;154.9709473;0.03;0.02;67.21813965;0.740296687;98.00%;2.665124178;0.1;0.1;2.5;80.00%;0.9;0.85;20752.9023501;3927.7748849;24680.6772350;10.5538462;1000;0.2;800
56.23%;2.21%;12.99%;1.27%;0.98%;0.64%;0.27%;0.32%;0.12%;24.97%;238.0675402;78.3076052;14.2388846;6417.6181769;94.73%;652.0186292;344.5651540;35.9115849;20.9300130;0.0241292;5.2115732;19.7843476;8.0159903;438.8133263;358.1001030;366.0139592;272.3274338;;66.80077362;1.2;80.00%;99.49%;0.05;148.2751617;3;146.0822754;0.03;0.02;64.65320587;0.754391590;98.00%;2.809506893;0.1;0.1;2.5;80.00%;0.9;0.85;17955.7924570;1483.8260676;19439.6185246;25.4434389;1000;0.2;800
58.51%;2.85%;23.65%;2.84%;1.07%;0.51%;0.08%;0.30%;0.11%;10.08%;247.7206434;51.5190554;17.8844788;5906.3078593;89.34%;639.8332933;340.5865792;38.1571326;26.9911932;0.0346818;6.7208071;25.5137514;11.8877703;472.3919872;624.3406950;594.4043362;471.6462028;;72.04071808;1.2;80.00%;94.80%;0.05;142.4694061;3;145.5237579;0.03;0.02;50.0079155;0.824415527;98.00%;2.829421043;0.1;0.1;2.5;80.00%;0.9;0.85;19078.5663149;1913.5313542;20992.0976691;20.5298246;1000;0.2;800
49.35%;3.63%;24.17%;2.99%;1.32%;0.32%;0.02%;0.34%;0.13%;17.72%;208.9388780;71.5166546;22.4334936;5086.0442328;90.89%;549.0484870;296.9639859;43.0380498;34.3782566;0.3475933;8.5601859;32.4964623;15.4840022;478.6296505;629.9353061;560.9175327;476.0233060;;65.20612335;1.2;80.00%;99.33%;0.05;144.3269196;3;159.942627;0.03;0.02;67.55944824;0.738301964;98.00%;2.450475216;0.1;0.1;2.5;80.00%;0.9;0.85;21519.0249203;2437.2346722;23956.2595924;13.5950413;1000;0.2;800
52.86%;5.47%;23.19%;1.01%;1.14%;0.78%;0.05%;0.27%;0.14%;15.10%;223.7995763;52.5239095;33.1901297;4433.3401987;84.18%;544.6268048;301.6281158;42.5893743;51.8041498;0.2628870;12.8992333;48.9684983;30.1253697;590.6525321;709.4213890;526.4421357;535.3201859;;71.8575592;1.2;80.00%;95.32%;0.05;141.5344086;3;153.062439;0.03;0.02;56.60575485;0.794743031;98.00%;2.207665205;0.1;0.1;2.5;80.00%;0.9;0.85;21294.6871499;3672.6373710;24967.3245209;9.6636197;1000;0.2;800
56.51%;5.43%;17.49%;1.18%;0.46%;0.84%;0.11%;0.37%;0.11%;17.50%;239.2530090;54.0970728;33.0215776;5169.0374199;85.06%;588.3670531;323.9994989;42.3403984;51.4253260;0.1875924;12.8049062;48.6104105;35.2783835;608.5241475;622.7264319;437.9959582;470.4270941;;70.81028748;1.2;80.00%;95.46%;0.05;140.9979248;3;154.5406647;0.03;0.02;54.89325714;0.802903443;98.00%;2.431214333;0.1;0.1;2.5;80.00%;0.9;0.85;21170.1992091;3645.7807906;24815.9799997;10.4069982;1000;0.2;800
60.77%;2.42%;16.36%;1.35%;0.82%;0.89%;0.04%;0.38%;0.07%;16.88%;257.2890702;87.8036026;15.5901464;6605.1597490;95.02%;706.7711253;373.6105905;37.4267955;22.9188377;0.0000000;5.7067906;21.6643082;10.8026681;476.5872576;424.7389911;415.4354898;322.6314063;;65.55763245;1.2;80.00%;99.85%;0.05;148.1348572;3;154.2166138;0.03;0.02;65.87273407;0.747761576;98.00%;2.658194065;0.1;0.1;2.5;80.00%;0.9;0.85;18713.3977321;1624.8231148;20338.2208469;25.1115702;1000;0.2;800
54.78%;1.76%;20.72%;2.12%;1.05%;0.75%;0.20%;0.41%;0.03%;18.17%;231.9285053;87.6322702;11.6136666;5923.8949943;95.97%;643.5164653;338.5191799;36.8959150;16.6682456;0.0727249;4.1503932;15.7558605;4.2273950;406.8425840;470.7246746;507.6759946;356.9180882;;54.62004089;1.2;80.00%;100.00%;0.05;147.4550323;3;148.6251678;0.03;0.02;69.15829468;0.729233017;98.00%;2.56367588;0.1;0.1;2.5;80.00%;0.9;0.85;18447.9575092;1181.6895380;19629.6470472;31.1250000;1000;0.2;800
54.27%;4.65%;14.72%;2.53%;1.22%;0.89%;0.03%;0.49%;0.09%;21.12%;229.7692585;60.5409283;28.4631811;5932.8241348;89.72%;595.9552749;324.9539378;41.7999369;44.0382626;0.1560346;10.9655274;41.6276996;23.6021516;563.5197680;531.8401436;394.5162917;402.3340837;;71.91381836;1.2;80.00%;99.43%;0.05;149.1182709;3;151.6510773;0.03;0.02;58.56447983;0.785603284;98.00%;2.755165339;0.1;0.1;2.5;80.00%;0.9;0.85;20899.9684429;3122.0774726;24022.0459155;11.6709677;1000;0.2;800
61.18%;2.64%;18.42%;1.00%;0.79%;0.51%;0.12%;0.23%;0.07%;15.04%;259.0249353;68.3145763;16.7976223;4727.5385990;93.40%;699.4077586;370.5476004;20.1958890;25.0023684;0.0000000;6.2255897;23.6337908;12.6210925;487.0010518;467.0967352;444.6194411;354.1329255;;74.48297119;1.2;80.00%;98.49%;0.05;148.6561279;3;146.198822;0.03;0.02;57.09650421;0.792530823;98.00%;2.024067402;0.1;0.1;2.5;80.00%;0.9;0.85;10097.9445079;1772.5343070;11870.4788149;23.1742424;1000;0.2;800
60.09%;5.39%;18.99%;1.85%;0.30%;0.48%;0.05%;0.37%;0.14%;12.35%;254.4100745;76.3241935;32.9751716;7175.9229417;89.78%;660.3249696;361.0189095;44.1332425;51.0465022;0.0799557;12.7105791;48.2523228;36.2713972;639.1546632;613.4043159;424.3658197;463.9023925;;61.18826294;1.2;80.00%;100.00%;0.05;149.5450897;3;158.7532654;0.03;0.02;63.26862335;0.761771413;98.00%;2.897932053;0.1;0.1;2.5;80.00%;0.9;0.85;22066.6212652;3618.9242102;25685.5454753;11.1484230;1000;0.2;800
58.05%;7.88%;17.45%;0.84%;0.50%;0.30%;0.06%;0.18%;0.10%;14.64%;245.7730875;77.0011312;47.5372584;6363.0307614;81.92%;582.0753836;330.2887542;42.5190467;74.6282816;0.0584199;18.5824421;70.5432845;52.5362913;757.2891274;714.8436718;378.2864166;539.6619649;;62.19687653;1.2;80.00%;96.62%;0.05;140.8188782;3;143.705719;0.03;0.02;68.12561035;0.735165256;98.00%;2.587231159;0.1;0.1;2.5;80.00%;0.9;0.85;21259.5233457;5290.7463406;26550.2696864;7.3667513;1000;0.2;800
51.80%;6.91%;14.76%;0.74%;0.43%;0.32%;0.11%;0.14%;0.04%;24.74%;219.3117301;67.9837163;41.7080317;5804.2560205;82.84%;525.2452155;297.2633817;42.4123679;65.4418053;0.2444263;16.2950095;61.8596569;46.1368747;671.0511754;612.9673833;342.0890936;463.0816922;;70.36675262;1.2;80.00%;97.41%;0.05;144.4073639;3;149.320816;0.03;0.02;67.34235382;0.739580730;98.00%;2.670417547;0.1;0.1;2.5;80.00%;0.9;0.85;21206.1839621;4639.4742657;25845.6582278;7.4963821;1000;0.2;800
62.00%;2.07%;24.94%;1.77%;1.16%;0.64%;0.02%;0.07%;0.11%;7.22%;262.4966654;72.0547562;13.4896443;5034.7360800;95.46%;724.4243756;381.2622254;1.5839215;19.6041298;0.0000000;4.8814283;18.5310405;5.5715384;463.0133964;546.0997307;556.9751263;413.5309917;;66.86911011;1.2;80.00%;99.56%;0.05;149.3894501;3;142.2188721;0.03;0.02;57.77661514;0.789345569;98.00%;2.11101532;0.1;0.1;2.5;80.00%;0.9;0.85;791.9607721;1389.8280362;2181.7888082;29.9516908;1000;0.2;800
55.50%;3.33%;23.49%;2.59%;1.27%;0.75%;0.05%;0.29%;0.07%;12.65%;234.9768537;52.4352023;20.6641491;4985.1838295;88.72%;602.6965057;323.3158018;40.5180328;31.5370784;0.1683270;7.8527325;29.8108043;13.7316053;484.9012352;636.5674169;580.7687665;480.8088790;;74.64306641;1.2;80.00%;95.38%;0.05;142.8475647;3;152.2489777;0.03;0.02;52.8498764;0.812072087;98.00%;2.450490475;0.1;0.1;2.5;80.00%;0.9;0.85;20259.0163934;2235.8103191;22494.8267125;16.6666667;1000;0.2;800
56.27%;3.26%;16.30%;2.03%;1.36%;0.61%;0.21%;0.26%;0.09%;19.61%;238.2368929;61.0730342;20.3412628;4968.8278170;93.23%;642.1300484;343.3973573;37.0164618;30.8741368;0.0148361;7.6876601;29.1841507;12.5093794;499.1568900;468.3886586;412.0362807;354.7924792;;54.52598572;1.2;80.00%;100.00%;0.05;149.511261;3;144.627655;0.03;0.02;56.13131332;0.797140039;98.00%;2.270652771;0.1;0.1;2.5;80.00%;0.9;0.85;18508.2308799;2188.8113034;20697.0421833;17.2607362;1000;0.2;800
62.96%;4.10%;13.74%;0.37%;0.47%;0.68%;0.10%;0.08%;0.13%;17.38%;266.5611299;69.5884186;25.4112701;5545.3336169;91.50%;705.1507600;379.1080041;26.0826565;38.8294358;0.0000000;9.6685295;36.7039932;25.6560906;580.0615601;450.5163355;337.1089360;341.7512338;;65.15338135;1.2;80.00%;98.97%;0.05;144.8772736;3;151.2181549;0.03;0.02;57.49993134;0.790728607;98.00%;2.2693398;0.1;0.1;2.5;80.00%;0.9;0.85;13041.3282491;2752.7994920;15794.1277410;15.3560976;1000;0.2;800
52.70%;2.70%;23.66%;2.38%;1.23%;0.77%;0.29%;0.28%;0.11%;15.89%;223.1221656;66.2819155;17.0130303;5384.1627015;93.93%;605.9142703;322.6396022;38.9171040;25.5706041;0.2245654;6.3670804;24.1709224;9.5315719;447.9149363;567.5688223;549.9750364;429.2927362;;63.97212601;1.2;80.00%;99.99%;0.05;148.9937592;3;157.8253937;0.03;0.02;61.25976944;0.772135355;98.00%;2.543132305;0.1;0.1;2.5;80.00%;0.9;0.85;19458.5520093;1812.8191776;21271.3711869;19.5185185;1000;0.2;800
60.26%;7.05%;23.64%;0.63%;0.86%;0.68%;0.09%;0.08%;0.13%;6.58%;255.1298235;67.6703888;42.6775056;7132.1281386;85.46%;630.3613313;351.9068358;42.8441564;66.7676885;0.0264346;16.6251544;63.1129640;43.7013266;728.2473133;761.3625348;471.7111360;574.6012066;;57.96062469;1.2;80.00%;98.42%;0.05;140.595993;3;149.3814545;0.03;0.02;60.58328629;0.775610317;98.00%;2.9208498;0.1;0.1;2.5;80.00%;0.9;0.85;21422.0781917;4733.4722972;26155.5504888;8.5475177;1000;0.2;800
59.04%;3.78%;19.42%;2.97%;0.49%;0.36%;0.20%;0.23%;0.10%;13.41%;249.9645665;65.3080187;23.4448351;5586.0502928;91.18%;658.9413087;354.0694958;41.3605015;35.7988457;0.1187313;8.9139126;33.8392913;23.2002006;539.1175980;567.6671184;478.4282374;429.4827687;;68.89984894;1.2;80.00%;98.50%;0.05;143.7811737;3;159.8968048;0.03;0.02;57.6578331;0.789974051;98.00%;2.441577435;0.1;0.1;2.5;80.00%;0.9;0.85;20680.2507342;2537.9468487;23218.1975829;15.6190476;1000;0.2;800
59.98%;5.64%;13.65%;1.50%;0.57%;0.87%;0.12%;0.36%;0.09%;17.22%;253.9443546;58.3427630;34.3638191;5397.3228399;88.78%;651.8049545;357.4845060;43.6048736;53.4141508;0.0969621;13.3001235;50.4903712;35.9050613;650.8694002;545.2460247;341.3249217;412.5476890;;59.28884888;1.2;80.00%;99.38%;0.05;141.9098358;3;159.0520935;0.03;0.02;53.91025162;0.807393448;98.00%;2.320975065;0.1;0.1;2.5;80.00%;0.9;0.85;21802.4367950;3786.7778377;25589.2146328;10.6347518;1000;0.2;800
49.97%;4.01%;24.15%;0.88%;0.52%;0.64%;0.21%;0.14%;0.15%;19.32%;211.5638446;57.2405607;24.6110615;5925.8305731;89.34%;546.4578097;297.0021010;39.4694612;37.9770824;0.2741245;9.4562935;35.8982958;24.6103716;501.4172307;623.6505234;530.4523041;471.0547252;;71.24855042;1.2;80.00%;98.38%;0.05;145.9212189;3;152.3055115;0.03;0.02;59.68463135;0.780091021;98.00%;2.999617577;0.1;0.1;2.5;80.00%;0.9;0.85;19734.7305911;2692.3721860;22427.1027771;12.4613466;1000;0.2;800
52.84%;4.27%;21.53%;1.53%;0.87%;0.34%;0.20%;0.43%;0.15%;17.84%;223.7149000;58.3504456;26.2027506;4431.1660451;90.68%;586.5012662;318.6177850;40.8449388;40.4394368;0.2268819;10.0694198;38.2258661;23.6757822;536.0042534;593.5426386;480.5063128;448.6115759;;62.00762558;1.2;80.00%;99.92%;0.05;146.7503357;3;156.3909454;0.03;0.02;57.7481575;0.789302691;98.00%;2.117115498;0.1;0.1;2.5;80.00%;0.9;0.85;20422.4694046;2866.9399587;23289.4093633;12.3747073;1000;0.2;800
53.42%;4.72%;22.68%;2.14%;0.54%;0.31%;0.08%;0.08%;0.06%;15.97%;226.1705139;62.1413820;28.8709743;5391.3870486;89.93%;588.0441778;321.1595474;42.6779810;44.7012042;0.2233448;11.1305998;42.2543532;29.5443775;564.3175411;635.6125364;494.8405022;480.2174908;;50.81407166;1.2;80.00%;100.00%;0.05;144.033905;3;157.0815582;0.03;0.02;60.00008392;0.778490802;98.00%;2.505766869;0.1;0.1;2.5;80.00%;0.9;0.85;21338.9904930;3169.0764883;24508.0669813;11.3177966;1000;0.2;800
60.83%;2.76%;21.57%;1.04%;0.62%;0.74%;0.21%;0.55%;0.04%;11.65%;257.5430993;75.2541283;17.5035842;5985.9190259;91.15%;678.6736657;360.3760023;16.2771746;26.1388397;0.0000000;6.5085711;24.7080540;14.8420513;485.0647010;551.7587475;523.6237762;417.6277366;;73.36640167;1.2;80.00%;96.38%;0.05;145.7931366;3;141.0940857;0.03;0.02;61.75886917;0.769612391;98.00%;2.547491312;0.1;0.1;2.5;80.00%;0.9;0.85;8138.5872931;1853.1040482;9991.6913413;22.0398551;1000;0.2;800
58.50%;2.76%;13.44%;1.38%;0.31%;0.56%;0.13%;0.30%;0.08%;22.55%;247.6783052;76.8379014;17.4973445;5826.3622574;93.51%;669.6032084;355.7164002;41.0212475;26.1388397;0.1036194;6.5085711;24.7080540;17.3220513;480.6876117;395.4790435;368.6240427;300.5026207;;71.10806274;1.2;80.00%;99.09%;0.05;146.2802429;3;159.0088501;0.03;0.02;63.00238037;0.763151274;98.00%;2.487795353;0.1;0.1;2.5;80.00%;0.9;0.85;20510.6237374;1853.1040482;22363.7277856;21.1956522;1000;0.2;800
53.93%;1.92%;21.09%;1.40%;0.97%;0.64%;0.24%;0.27%;0.02%;19.52%;228.3297607;48.1845693;12.3139025;4818.5599800;88.34%;583.1440586;307.8209125;34.5189025;18.1835407;0.1230863;4.5277016;17.1882115;6.0153400;388.9531811;532.2582928;565.0050763;402.3840570;;73.97889709;1.2;80.00%;92.35%;0.05;141.6768036;3;141.0802002;0.03;0.02;50.9362793;0.820357321;98.00%;2.550518036;0.1;0.1;2.5;80.00%;0.9;0.85;17259.4512567;1289.1158597;18548.5671163;28.0885417;1000;0.2;800
52.93%;3.48%;22.11%;0.69%;0.62%;0.90%;0.27%;0.48%;0.12%;18.40%;224.0959435;68.6197734;21.6002686;6332.4483850;91.64%;593.7000588;319.3562034;38.5985634;32.9576675;0.1895775;8.2064592;31.1536333;20.0078038;490.5492801;565.5131137;500.5554547;427.7003297;;66.46738434;1.2;80.00%;99.21%;0.05;145.8309937;3;152.8127441;0.03;0.02;63.2654953;0.761781217;98.00%;2.947107792;0.1;0.1;2.5;80.00%;0.9;0.85;19299.2817076;2336.5224956;21635.8042033;15.2097701;1000;0.2;800
52.19%;4.27%;17.15%;2.25%;0.50%;0.81%;0.15%;0.53%;0.14%;22.01%;220.9629188;54.4861227;26.1582404;4274.4724985;88.54%;565.6317514;307.8521719;37.8439635;40.4394368;0.1335014;10.0694198;38.2258661;26.6357822;526.2451717;560.9910485;449.4698656;423.9692730;;58.0574379;1.2;80.00%;97.68%;0.05;140.7215118;3;142.1781311;0.03;0.02;56.54382324;0.794944810;98.00%;2.124181509;0.1;0.1;2.5;80.00%;0.9;0.85;18921.9817742;2866.9399587;21788.9217329;12.2224824;1000;0.2;800
49.91%;2.69%;14.48%;1.68%;0.47%;0.40%;0.07%;0.24%;0.07%;29.99%;211.3098156;77.4895019;16.9519522;6043.4507523;93.62%;571.9505265;305.1851024;40.6046128;25.4758982;0.2705955;6.3434986;24.0814004;15.5398253;431.0907002;401.7374575;388.4628659;304.9585545;;60.41345215;1.2;80.00%;100.00%;0.05;148.8354492;3;155.3474884;0.03;0.02;68.97668457;0.730284835;98.00%;2.843114853;0.1;0.1;2.5;80.00%;0.9;0.85;20302.3064043;1806.1050325;22108.4114368;18.5539033;1000;0.2;800
49.45%;3.38%;21.58%;2.10%;0.51%;0.26%;0.02%;0.34%;0.09%;22.27%;209.3622597;47.4448154;20.8758320;5555.4589107;92.10%;557.4781305;300.2015422;38.4990851;32.0106081;0.1702123;7.9706414;30.2584139;20.1703381;467.0359710;555.6504500;500.2488284;419.8717795;;54.89738464;1.2;80.00%;99.99%;0.05;147.1478577;3;142.8144226;0.03;0.02;52.05195618;0.815642272;98.00%;2.935412884;0.1;0.1;2.5;80.00%;0.9;0.85;19249.5425744;2269.3810446;21518.9236190;14.6301775;1000;0.2;800
62.57%;2.86%;20.50%;0.97%;0.61%;0.64%;0.24%;0.25%;0.10%;11.25%;264.9099412;57.8342346;18.0679586;6489.3719388;92.87%;711.2510481;377.4248872;4.7361518;27.0858992;0.0000000;6.7443889;25.6032733;15.6395169;506.3823425;516.5903774;479.1748116;391.1773489;;65.26164246;1.2;80.00%;98.20%;0.05;144.8901825;3;142.7837372;0.03;0.02;50.37398148;0.822883501;98.00%;2.827611923;0.1;0.1;2.5;80.00%;0.9;0.85;2368.0759064;1920.2454993;4288.3214057;21.8776224;1000;0.2;800
52.44%;7.30%;24.14%;2.46%;0.75%;0.54%;0.18%;0.22%;0.11%;11.85%;222.0213731;48.7962482;43.9517884;4517.3593213;84.46%;542.0948459;307.3175179;43.0230749;69.1353370;0.2462569;17.2146989;65.3510123;46.3749907;703.1616096;797.2393889;500.3315863;601.1282179;;56.61146545;1.2;80.00%;100.00%;0.05;149.7955475;3;153.7007294;0.03;0.02;54.07566833;0.806458674;98.00%;2.179463625;0.1;0.1;2.5;80.00%;0.9;0.85;21511.5374476;4901.3259247;26412.8633723;7.1835616;1000;0.2;800
53.82%;4.83%;14.71%;2.88%;1.37%;0.57%;0.22%;0.27%;0.12%;21.22%;227.8640408;50.4365911;29.4524959;4523.1647853;87.14%;574.0369561;314.3012991;40.2081874;45.7429695;0.2096369;11.3899994;43.2390945;23.6935897;564.9861010;556.5326979;409.8950408;420.6930126;;62.9806366;1.2;80.00%;97.03%;0.05;140.0077667;3;152.796051;0.03;0.02;53.18371201;0.810458348;98.00%;2.229150295;0.1;0.1;2.5;80.00%;0.9;0.85;20104.0937151;3242.9320844;23347.0257995;11.1428571;1000;0.2;800
53.51%;5.21%;24.08%;1.57%;0.42%;0.71%;0.05%;0.23%;0.06%;14.15%;226.5515575;76.9737835;31.8042302;6128.6573400;88.38%;578.8304127;318.3833539;39.9345678;49.3417953;0.0946717;12.2861070;46.6409280;34.0199591;590.3482016;686.4973354;515.6361891;518.3991489;;52.11417007;1.2;80.00%;99.37%;0.05;141.3421936;3;142.5213623;0.03;0.02;68.3119812;0.734099279;98.00%;2.68928051;0.1;0.1;2.5;80.00%;0.9;0.85;19967.2838773;3498.0695983;23465.3534756;10.2706334;1000;0.2;800
57.80%;7.78%;20.80%;2.50%;0.58%;0.43%;0.13%;0.55%;0.05%;9.39%;244.7146332;56.8649089;46.8687446;5210.7156058;82.42%;583.1074261;330.3168066;43.5692677;73.6812222;0.1355367;18.3466243;69.6480652;51.1788257;751.7333549;793.9920438;463.6616189;598.8580770;;67.30182648;1.2;80.00%;97.03%;0.05;142.0855255;3;151.750412;0.03;0.02;57.05797195;0.792806827;98.00%;2.287415981;0.1;0.1;2.5;80.00%;0.9;0.85;21784.6338630;5223.6048896;27008.2387527;7.4293059;1000;0.2;800
62.71%;7.05%;12.84%;2.63%;0.69%;0.70%;0.03%;0.41%;0.11%;12.82%;265.5026756;67.4146159;42.6755588;5593.5784620;82.04%;629.6993034;351.5645335;35.8781151;66.7676885;0.0000000;16.6251544;63.1129640;45.0613266;727.8018677;665.9152815;376.7128289;502.9834171;;67.35612488;1.2;80.00%;93.94%;0.05;140.0220795;3;143.6208344;0.03;0.02;60.4774437;0.776112578;98.00%;2.294880629;0.1;0.1;2.5;80.00%;0.9;0.85;17939.0575551;4733.4722972;22672.5298522;8.8950355;1000;0.2;800
52.79%;4.19%;24.50%;2.52%;0.74%;0.35%;0.20%;0.13%;0.06%;14.51%;223.5032091;60.1939856;25.7371811;5540.4184998;90.58%;585.2702821;317.6884450;38.4565959;39.6817893;0.1394062;9.8807655;37.5096906;24.1418097;530.4791213;649.0800350;540.6532592;490.1936885;;67.07865906;1.2;80.00%;99.64%;0.05;148.8743134;3;146.8916626;0.03;0.02;59.01213837;0.783394256;98.00%;2.637600899;0.1;0.1;2.5;80.00%;0.9;0.85;19228.2979739;2813.2267979;22041.5247718;12.5990453;1000;0.2;800
59.48%;6.93%;12.02%;0.70%;1.35%;0.62%;0.24%;0.22%;0.04%;18.40%;251.8274461;53.7252946;41.9113080;5618.8135539;86.26%;627.9869421;350.1416108;41.9217619;65.6312172;0.0652697;16.3421731;62.0387007;38.9203679;720.0645790;563.4550931;281.1569360;426.0281516;;61.80844879;1.2;80.00%;99.25%;0.05;143.8448029;3;152.6912689;0.03;0.02;52.24564743;0.814800133;98.00%;2.432726383;0.1;0.1;2.5;80.00%;0.9;0.85;20960.8809591;4652.9025559;25613.7835150;8.5829726;1000;0.2;800
61.57%;2.54%;19.68%;0.49%;1.38%;0.55%;0.01%;0.16%;0.10%;13.50%;260.6761240;79.6588605;16.2772352;5011.3163842;95.02%;716.0601321;378.8036310;7.4996574;24.0553090;0.0000000;5.9897720;22.7385714;7.1836269;488.2440092;460.1467463;442.6343719;349.1281850;;50.89603806;1.2;80.00%;100.00%;0.05;148.4472656;3;143.5310974;0.03;0.02;61.86238098;0.769003065;98.00%;2.044781685;0.1;0.1;2.5;80.00%;0.9;0.85;3749.8286849;1705.3928560;5455.2215409;24.2401575;1000;0.2;800
59.83%;6.54%;23.64%;0.51%;0.26%;0.37%;0.18%;0.29%;0.13%;8.25%;253.3092821;72.0510444;39.7068561;4959.0647972;87.66%;641.9228071;355.9292192;36.8014178;61.9376855;0.0000000;15.4224837;58.5473453;44.8422519;702.2018816;719.5923825;460.0962000;543.3445732;;56.19716644;1.2;80.00%;99.99%;0.05;147.3141937;3;146.4599609;0.03;0.02;62.18470383;0.767330427;98.00%;2.005100489;0.1;0.1;2.5;80.00%;0.9;0.85;18400.7089106;4391.0508969;22791.7598076;9.1483180;1000;0.2;800
59.38%;6.04%;18.69%;1.45%;0.55%;0.28%;0.07%;0.32%;0.14%;13.07%;251.4040643;82.0912439;36.7832770;5950.9164613;86.49%;628.6010129;347.2149289;41.6945789;57.2023884;0.0245857;14.2433947;54.0712486;38.9349238;664.8134650;648.9501407;422.1930692;490.4490236;;62.9296875;1.2;80.00%;97.76%;0.05;142.1685181;3;147.233902;0.03;0.02;67.66313934;0.737778351;98.00%;2.388290882;0.1;0.1;2.5;80.00%;0.9;0.85;20847.2894518;4055.3436418;24902.6330936;9.8311258;1000;0.2;800
60.93%;7.75%;22.62%;1.99%;0.54%;0.74%;0.30%;0.51%;0.10%;4.51%;257.9664810;51.4975835;46.7092338;5726.2114113;81.93%;611.0155555;344.5356043;40.7110373;73.3971043;0.0366753;18.2758790;69.3794994;51.2835860;763.1651140;832.6572339;500.9947984;627.8101200;;66.4875412;1.2;80.00%;95.53%;0.05;140.6468811;3;147.3768463;0.03;0.02;51.69475555;0.817204987;98.00%;2.489480972;0.1;0.1;2.5;80.00%;0.9;0.85;20355.5186543;5203.4624543;25558.9811086;7.8619355;1000;0.2;800
53.28%;6.08%;14.01%;1.08%;0.32%;0.34%;0.03%;0.18%;0.07%;24.61%;225.5777795;52.0092684;36.7846096;5916.0212383;83.86%;546.9049123;305.1360181;42.8388773;57.5812122;0.2291199;14.3377218;54.4293363;41.0619100;629.4508177;577.0921476;355.9166875;436.0486002;;65.0555191;1.2;80.00%;96.21%;0.05;140.1619568;3;151.0066681;0.03;0.02;56.14463806;0.797162833;98.00%;2.896095753;0.1;0.1;2.5;80.00%;0.9;0.85;21419.4386309;4082.2002222;25501.6388532;8.7631579;1000;0.2;800
59.34%;6.85%;17.51%;2.98%;0.69%;0.60%;0.29%;0.45%;0.07%;11.22%;251.2347117;57.5477546;41.4280234;5258.7462559;83.75%;608.2823189;339.7147207;41.4875627;64.8735696;0.1128409;16.1535188;61.3225253;43.6263954;706.1199739;712.6477985;437.3895241;537.9329712;;69.1184845;1.2;80.00%;96.24%;0.05;141.4912262;3;153.302063;0.03;0.02;55.94548798;0.798050431;98.00%;2.297916174;0.1;0.1;2.5;80.00%;0.9;0.85;20743.7813601;4599.1893951;25342.9707552;8.6627737;1000;0.2;800
53.09%;3.18%;21.06%;2.46%;1.39%;0.40%;0.16%;0.26%;0.04%;17.94%;224.7733543;79.9876650;19.8932752;5901.5490457;92.98%;604.2026233;323.6800944;38.2301955;30.1164893;0.1211347;7.4990058;28.4679752;11.6954069;476.5598248;543.3484461;495.9677271;411.1885763;;55.20901489;1.2;80.00%;100.00%;0.05;149.2799988;3;147.4849091;0.03;0.02;68.150383;0.735014186;98.00%;2.629169464;0.1;0.1;2.5;80.00%;0.9;0.85;19115.0977463;2135.0981425;21250.1958888;16.6949686;1000;0.2;800
58.62%;3.33%;23.47%;2.64%;1.16%;0.33%;0.21%;0.40%;0.15%;9.69%;248.1863633;69.9927111;20.8222804;5521.8660053;92.79%;665.7706749;355.8878268;38.9984859;31.5370784;0.0375049;7.8527325;29.8108043;14.6116053;514.4168817;600.2405634;537.7784079;453.9133477;;72.48690796;1.2;80.00%;99.41%;0.05;149.1458893;3;152.1933594;0.03;0.02;59.81360626;0.779430323;98.00%;2.386399746;0.1;0.1;2.5;80.00%;0.9;0.85;19499.2429417;2235.8103191;21735.0532608;17.6036036;1000;0.2;800
59.79%;3.72%;20.36%;0.60%;0.49%;0.51%;0.26%;0.45%;0.15%;13.68%;253.1399294;59.4669517;23.0710458;4972.6291322;90.35%;661.1845739;354.9594523;33.4507774;35.2306101;0.0000000;8.7724219;33.3021597;22.7697213;536.5763905;558.7539894;472.3173349;422.6168201;;66.99461365;1.2;80.00%;97.38%;0.05;143.5723419;3;146.1204987;0.03;0.02;54.07465744;0.806595989;98.00%;2.215869904;0.1;0.1;2.5;80.00%;0.9;0.85;16725.3887159;2497.6619781;19223.0506940;16.0725806;1000;0.2;800
52.52%;3.89%;12.50%;2.73%;1.34%;0.73%;0.18%;0.44%;0.06%;25.61%;222.3600785;56.5970744;23.9092786;4180.1466392;85.87%;551.9981142;299.3901548;37.0993394;36.8406111;0.1636583;9.1733122;34.8240326;17.1894128;496.4728268;501.3937268;414.9741294;379.2660563;;69.68209839;1.2;80.00%;93.86%;0.05;141.2787476;3;141.7936401;0.03;0.02;58.82035065;0.783947876;98.00%;2.114245653;0.1;0.1;2.5;80.00%;0.9;0.85;18549.6697243;2611.8024448;21161.4721691;13.5012853;1000;0.2;800
57.41%;5.15%;19.85%;0.62%;0.58%;0.69%;0.11%;0.15%;0.10%;15.34%;243.0634445;81.5381506;31.5412649;6905.9735458;89.76%;630.7697708;344.9163793;42.4736907;48.7735597;0.1118794;12.1446164;46.1037964;32.3094797;610.7691376;594.9236785;423.3194479;450.0104465;;50.5450592;1.2;80.00%;100.00%;0.05;147.2546844;3;155.3692627;0.03;0.02;67.30003357;0.739837001;98.00%;2.836310863;0.1;0.1;2.5;80.00%;0.9;0.85;21236.8453280;3457.7847277;24694.6300557;11.1475728;1000;0.2;800
53.58%;2.01%;22.96%;1.44%;0.49%;0.75%;0.08%;0.16%;0.04%;18.49%;226.8479247;73.4730818;12.9753007;5018.3147972;92.17%;604.5001902;319.3095389;39.6448713;19.0358942;0.2042196;4.7399376;17.9939089;10.5010591;404.0245618;531.9725550;557.9408853;402.6504303;;72.47010803;1.2;80.00%;96.61%;0.05;143.1455383;3;154.318512;0.03;0.02;65.06899261;0.752062342;98.00%;2.353463173;0.1;0.1;2.5;80.00%;0.9;0.85;19822.4356300;1349.5431656;21171.9787956;26.6567164;1000;0.2;800
50.44%;2.43%;16.52%;0.80%;1.40%;0.83%;0.28%;0.35%;0.01%;26.94%;213.5537387;64.6822326;15.3650315;4932.6033190;92.19%;569.1571815;302.6743318;36.7939061;23.0135437;0.2281355;5.7303724;21.7538301;6.2344147;414.1803215;432.0947404;434.5396694;327.5135371;;59.63080215;1.2;80.00%;97.80%;0.05;140.177475;3;149.878418;0.03;0.02;62.63486862;0.764987569;98.00%;2.456740856;0.1;0.1;2.5;80.00%;0.9;0.85;18396.9530598;1631.5372599;20028.4903197;20.7572016;1000;0.2;800
55.35%;4.64%;12.24%;1.57%;0.36%;0.74%;0.03%;0.13%;0.14%;24.80%;234.3417811;61.5863693;28.4316473;6267.4367267;90.43%;612.6385958;333.5095893;40.4620879;43.9435567;0.0689411;10.9419456;41.5381777;30.4104050;570.6087735;464.4923239;325.8573751;351.8191982;;51.52813339;1.2;80.00%;100.00%;0.05;149.3086243;3;146.143692;0.03;0.02;58.18233109;0.787468525;98.00%;2.848131895;0.1;0.1;2.5;80.00%;0.9;0.85;20231.0439322;3115.3633275;23346.4072597;11.9288793;1000;0.2;800
62.78%;2.50%;13.25%;1.21%;0.29%;0.63%;0.12%;0.16%;0.12%;18.93%;265.7990428;74.8678969;16.0186429;5569.3679306;92.84%;713.3823053;377.2433656;5.6446905;23.6764853;0.0000000;5.8954448;22.3804837;15.6166406;484.7843891;392.0688154;377.2152509;297.9995993;;70.0193634;1.2;80.00%;97.54%;0.05;145.794693;3;142.6740875;0.03;0.02;59.7507782;0.779745953;98.00%;2.313914299;0.1;0.1;2.5;80.00%;0.9;0.85;2822.3452666;1678.5362756;4500.8815422;25.1120000;1000;0.2;800
54.02%;2.09%;24.81%;2.91%;0.50%;0.51%;0.25%;0.27%;0.05%;14.59%;228.7108042;68.8773606;13.4636637;6096.3169862;95.29%;630.0961066;332.7643770;37.5111843;19.7935417;0.1328710;4.9285919;18.7100844;10.9950316;421.2029470;559.2196802;576.9734236;423.0671353;;57.9288559;1.2;80.00%;100.00%;0.05;147.8557892;3;152.4925537;0.03;0.02;61.24020767;0.772269535;98.00%;2.823776722;0.1;0.1;2.5;80.00%;0.9;0.85;18755.5921349;1403.2563264;20158.8484612;25.8468900;1000;0.2;800
56.06%;1.52%;12.95%;1.90%;0.87%;0.46%;0.17%;0.22%;0.06%;25.80%;237.3477913;55.2482235;10.0882638;5528.6290433;95.72%;656.7931887;344.2406303;32.9537950;14.3953030;0.0000000;3.5844305;13.6073341;3.9454775;398.0382710;331.6407997;381.9050968;252.1910840;;54.08469772;1.2;80.00%;99.11%;0.05;141.6325989;3;142.3488159;0.03;0.02;51.62018585;0.817516290;98.00%;2.649470329;0.1;0.1;2.5;80.00%;0.9;0.85;16476.8974956;1020.5500556;17497.4475512;36.8815789;1000;0.2;800
59.56%;4.41%;12.41%;0.86%;0.26%;0.25%;0.19%;0.51%;0.03%;21.51%;252.1661514;73.8546840;27.2013661;6861.4292914;91.47%;666.8663422;360.6147653;32.2030685;41.7653200;0.0000000;10.3995647;39.4791732;29.5602341;581.7874006;441.0617130;311.4046814;334.5536794;;50.87485504;1.2;80.00%;100.00%;0.05;147.118927;3;147.1236725;0.03;0.02;61.7169838;0.769840351;98.00%;2.846742868;0.1;0.1;2.5;80.00%;0.9;0.85;16101.5342267;2960.9379901;19062.4722168;13.5056689;1000;0.2;800
61.63%;2.54%;15.90%;1.82%;0.71%;0.30%;0.26%;0.15%;0.12%;16.56%;260.9301530;70.8045286;16.2315282;6383.4749246;93.95%;708.7552877;374.9907460;36.4124345;24.0553090;0.0000000;5.9897720;22.7385714;12.5436269;485.4502744;427.7882204;410.3701815;324.7204245;;61.66659164;1.2;80.00%;98.87%;0.05;142.2584381;3;155.2490082;0.03;0.02;57.95378113;0.788575374;98.00%;2.694303989;0.1;0.1;2.5;80.00%;0.9;0.85;18206.2172664;1705.3928560;19911.6101224;24.2637795;1000;0.2;800
54.39%;1.56%;21.57%;2.16%;0.99%;0.26%;0.03%;0.54%;0.10%;18.40%;230.2773166;63.0543810;10.3325334;6191.6453684;96.20%;640.4435213;336.0244164;37.9441944;14.7741268;0.0672774;3.6787576;13.9654218;3.2724638;392.6364357;472.1652078;522.0134855;357.6782898;;56.68296051;1.2;80.00%;99.81%;0.05;144.8928528;3;147.0182343;0.03;0.02;57.41905212;0.791140799;98.00%;2.933570862;0.1;0.1;2.5;80.00%;0.9;0.85;18972.0972103;1047.4066360;20019.5038463;34.8653846;1000;0.2;800
49.91%;2.48%;20.35%;1.23%;0.65%;0.27%;0.09%;0.51%;0.14%;24.36%;211.3098156;67.0568752;15.6761289;5921.2807270;93.99%;574.2114647;305.4818306;39.4985932;23.4870734;0.2436329;5.8482813;22.2014398;12.5931475;419.1714578;482.3666886;481.6667921;365.2837749;;57.18002701;1.2;80.00%;99.89%;0.05;144.7492523;3;152.6625214;0.03;0.02;63.63803864;0.759803925;98.00%;2.902945042;0.1;0.1;2.5;80.00%;0.9;0.85;19749.2965797;1665.1079854;21414.4045651;20.1250000;1000;0.2;800
53.55%;3.06%;20.31%;2.85%;1.11%;0.85%;0.20%;0.17%;0.05%;17.84%;226.7209102;76.9129890;19.1583983;6369.6168190;90.46%;592.9482529;317.4085951;36.3577569;28.9800180;0.0942144;7.2160245;27.3937120;13.0744481;464.0182335;561.8903698;522.8801000;424.9819478;;59.01864624;1.2;80.00%;96.98%;0.05;140.1539917;3;142.0675812;0.03;0.02;67.42234802;0.739144579;98.00%;2.910371542;0.1;0.1;2.5;80.00%;0.9;0.85;18178.8784501;2054.5284013;20233.4068515;17.5000000;1000;0.2;800
55.34%;6.59%;13.41%;1.96%;0.62%;0.62%;0.04%;0.54%;0.14%;20.74%;234.2994429;65.3794828;39.8925874;5548.6416303;86.05%;582.8830799;325.6903932;41.3356724;62.4112152;0.0700970;15.5403926;58.9949550;42.3209847;677.6945937;594.6004769;337.7246876;449.3406359;;62.97454453;1.2;80.00%;99.36%;0.05;146.6605835;3;143.0061035;0.03;0.02;62.17271042;0.767459158;98.00%;2.437929153;0.1;0.1;2.5;80.00%;0.9;0.85;20667.8362247;4424.6216224;25092.4578471;8.3975721;1000;0.2;800
56.35%;7.86%;14.14%;2.73%;1.49%;0.43%;0.14%;0.44%;0.11%;16.31%;238.5755983;75.9545282;47.4064541;4920.4510185;83.47%;575.7511991;326.9504761;43.1467107;74.4388697;0.1299014;18.5352786;70.3642407;44.4727982;753.3140142;679.0070497;344.2411480;512.8163292;;70.38038635;1.2;80.00%;98.92%;0.05;147.2791901;3;149.7607574;0.03;0.02;68.00982666;0.735726425;98.00%;2.022201061;0.1;0.1;2.5;80.00%;0.9;0.85;21573.3553409;5277.3180504;26850.6733913;7.1692112;1000;0.2;800
52.74%;5.65%;17.10%;2.90%;0.79%;0.53%;0.15%;0.40%;0.12%;19.61%;223.2915182;67.0584906;34.3396973;6372.7798097;87.81%;566.8372227;313.8374690;40.8231613;53.5088567;0.1751740;13.3237053;50.5798931;34.2168078;612.2992724;614.3841534;417.3937832;464.2273334;;58.94364548;1.2;80.00%;99.90%;0.05;146.495224;3;149.0129089;0.03;0.02;64.10834503;0.757312542;98.00%;2.904176712;0.1;0.1;2.5;80.00%;0.9;0.85;20411.5806557;3793.4919828;24205.0726385;9.3345133;1000;0.2;800
57.49%;1.78%;22.30%;1.08%;1.10%;0.42%;0.04%;0.46%;0.06%;15.27%;243.4021499;59.6542175;11.6587766;6046.4858508;95.51%;672.0633452;353.1238461;39.9687472;16.8576575;0.0742750;4.1975567;15.9349044;3.9708881;420.8996492;482.3160920;515.8999077;365.3924976;;59.83402634;1.2;80.00%;99.33%;0.05;142.7644043;3;154.8719177;0.03;0.02;53.60897827;0.808780560;98.00%;2.792435884;0.1;0.1;2.5;80.00%;0.9;0.85;19984.3736237;1195.1178282;21179.4914519;32.2977528;1000;0.2;800
61.27%;6.72%;20.81%;1.70%;0.54%;0.44%;0.26%;0.30%;0.06%;7.90%;259.4059788;53.4357024;40.7107002;5507.1790841;87.35%;655.0691945;363.2755211;37.7554761;63.6423924;0.0000000;15.8469557;60.1587401;43.8936900;719.6140567;705.2741647;433.2549144;532.4359632;;63.3841362;1.2;80.00%;99.65%;0.05;146.6719971;3;149.9200134;0.03;0.02;50.48374557;0.822384507;98.00%;2.33336401;0.1;0.1;2.5;80.00%;0.9;0.85;18877.7380287;4511.9055088;23389.6435375;9.1175595;1000;0.2;800
61.77%;2.11%;18.23%;1.54%;0.57%;0.28%;0.27%;0.41%;0.09%;14.72%;261.5228874;82.0583449;13.7597852;5230.4460412;95.27%;720.3457725;379.3756386;29.4128403;19.9829536;0.0000000;4.9757554;18.8891282;10.5785247;464.1885277;437.2058849;445.4300381;331.9658314;;61.99719238;1.2;80.00%;99.47%;0.05;144.443512;3;154.1478729;0.03;0.02;62.72932053;0.764539077;98.00%;2.132147789;0.1;0.1;2.5;80.00%;0.9;0.85;14706.4201535;1416.6846166;16123.1047701;29.2748815;1000;0.2;800
55.77%;7.02%;20.80%;2.62%;0.25%;0.54%;0.23%;0.28%;0.06%;12.44%;236.1199843;48.5902573;42.3585566;5221.9449814;85.43%;583.1393347;327.3706751;41.0534688;66.4835706;0.1176135;16.5544091;62.8443982;48.3660869;704.8953239;737.0788167;453.2619723;556.0472072;;70.10552979;1.2;80.00%;99.44%;0.05;148.9945068;3;148.6558533;0.03;0.02;51.2635231;0.819026383;98.00%;2.418302059;0.1;0.1;2.5;80.00%;0.9;0.85;20526.7343810;4713.3298618;25240.0642428;7.9444444;1000;0.2;800
60.22%;6.33%;16.31%;0.98%;0.94%;0.82%;0.06%;0.32%;0.12%;13.89%;254.9604708;85.1843925;38.5061585;6858.1866855;85.49%;630.1342872;349.1342504;41.7726089;59.9488607;0.0050211;14.9272663;56.6673847;37.8955741;683.4654414;632.2228699;387.3650750;477.9309646;;67.27362823;1.2;80.00%;97.04%;0.05;143.2070007;3;145.995636;0.03;0.02;68.8999176;0.730737760;98.00%;2.699478865;0.1;0.1;2.5;80.00%;0.9;0.85;20886.3044575;4250.0538498;25136.3583073;9.5134281;1000;0.2;800
49.74%;2.01%;24.12%;0.31%;0.87%;0.79%;0.27%;0.08%;0.01%;21.81%;210.5900667;75.2475135;12.9185938;6125.2407929;91.74%;558.5488414;295.6665844;35.1359159;19.0358942;0.2000007;4.7399376;17.9939089;7.4610591;383.2346054;530.1735165;559.5613945;401.1246469;;66.78940582;1.2;80.00%;96.49%;0.05;142.6198578;3;144.0278168;0.03;0.02;68.77555084;0.731444510;98.00%;2.997307777;0.1;0.1;2.5;80.00%;0.9;0.85;17567.9579558;1349.5431656;18917.5011214;24.7462687;1000;0.2;800
51.76%;7.41%;18.86%;1.21%;0.31%;0.86%;0.05%;0.56%;0.04%;18.94%;219.1423774;50.7054894;44.5855806;5155.1902021;83.08%;526.3568325;299.6493819;42.3726565;70.1771023;0.1950328;17.4740985;66.3357536;50.6842029;702.4024590;715.4244705;413.1412919;539.6737205;;68.33759308;1.2;80.00%;98.88%;0.05;147.2207794;3;145.1698303;0.03;0.02;56.60683823;0.794935802;98.00%;2.509016514;0.1;0.1;2.5;80.00%;0.9;0.85;21186.3282692;4975.1815208;26161.5097901;6.9851552;1000;0.2;800
55.69%;7.96%;16.72%;2.83%;1.31%;0.34%;0.13%;0.37%;0.11%;14.53%;235.7812789;71.3248663;47.9685935;6647.4478482;83.58%;569.7427058;324.2133665;42.8568036;75.3859291;0.1230795;18.7710963;71.2594600;46.6302638;756.7099659;719.8857912;379.3492922;543.3876629;;59.59879303;1.2;80.00%;99.48%;0.05;144.5274048;3;147.9096832;0.03;0.02;66.14849854;0.746244362;98.00%;2.788582802;0.1;0.1;2.5;80.00%;0.9;0.85;21428.4018247;5344.4595015;26772.8613262;6.9962312;1000;0.2;800
54.34%;4.30%;18.35%;2.01%;0.75%;0.87%;0.19%;0.38%;0.09%;18.72%;230.0656257;67.7798473;26.4408113;6167.4837812;90.72%;603.3950481;327.4850100;37.6291662;40.7235547;0.0576784;10.1401651;38.4944319;24.8510219;545.6454207;559.6964615;442.5255370;423.2443763;;62.86821365;1.2;80.00%;99.78%;0.05;148.6448669;3;142.4602509;0.03;0.02;62.23070908;0.767182628;98.00%;2.791168451;0.1;0.1;2.5;80.00%;0.9;0.85;18814.5830980;2887.0823940;21701.6654920;12.6372093;1000;0.2;800
49.06%;1.81%;12.79%;0.34%;1.21%;0.60%;0.16%;0.18%;0.11%;33.74%;207.7110710;61.6760245;11.7037335;4653.6880557;95.15%;571.3637604;301.4156364;36.8627360;17.1417753;0.2096572;4.2683021;16.2034702;3.3061278;376.5090192;315.7153092;356.4042992;240.1772461;;54.03753281;1.2;80.00%;99.64%;0.05;142.4875336;3;147.4291382;0.03;0.02;60.74930573;0.774595965;98.00%;2.374584675;0.1;0.1;2.5;80.00%;0.9;0.85;18431.3680205;1215.2602635;19646.6282840;27.1049724;1000;0.2;800
49.63%;7.51%;15.91%;0.44%;0.58%;0.67%;0.12%;0.33%;0.03%;24.78%;210.1243468;52.6219629;45.1418695;4205.2995581;81.85%;497.2117056;285.0416266;42.7564493;71.1241618;0.2938751;17.7099163;67.2309730;49.2416685;695.2941724;656.3290542;350.7329362;495.3523253;;62.5338974;1.2;80.00%;98.46%;0.05;142.8522034;3;149.3793335;0.03;0.02;59.98416901;0.778216038;98.00%;2.101537704;0.1;0.1;2.5;80.00%;0.9;0.85;21378.2246390;5042.3229719;26420.5476109;6.6085220;1000;0.2;800
61.64%;5.47%;16.37%;0.39%;1.42%;0.34%;0.05%;0.48%;0.10%;13.74%;260.9724912;73.9155084;33.4237588;5943.9513885;86.28%;650.9648248;356.4930878;42.5692287;51.8041498;0.0347183;12.8992333;48.9684983;27.8853697;639.7861506;586.6556039;393.5467460;443.7274848;;67.05966187;1.2;80.00%;95.99%;0.05;140.5304108;3;152.1552734;0.03;0.02;62.62069702;0.765150771;98.00%;2.436405659;0.1;0.1;2.5;80.00%;0.9;0.85;21284.6143364;3672.6373710;24957.2517074;11.2687386;1000;0.2;800
57.15%;7.33%;17.02%;1.78%;0.64%;0.70%;0.12%;0.49%;0.02%;14.75%;241.9626520;51.0241594;44.1995427;5918.1937264;83.88%;586.7863872;330.4508082;42.2857737;69.4194548;0.0975540;17.2854442;65.6195781;47.4702304;725.5304718;695.4999180;392.4459846;524.8909992;;58.22666931;1.2;80.00%;97.95%;0.05;140.1473389;3;147.8497162;0.03;0.02;52.84940338;0.812157921;98.00%;2.680297613;0.1;0.1;2.5;80.00%;0.9;0.85;21142.8868304;4921.4683600;26064.3551905;7.7967258;1000;0.2;800
54.47%;2.96%;12.23%;0.79%;1.08%;0.37%;0.03%;0.35%;0.07%;27.66%;230.6160220;61.3841830;18.5369218;4726.6482827;92.17%;614.5206987;328.0372735;38.9904762;28.0329586;0.0921975;6.9802067;26.4984927;12.5969825;467.3949620;378.6509894;344.1939836;287.4510195;;70.42879486;1.2;80.00%;98.46%;0.05;146.9147034;3;146.2861023;0.03;0.02;57.91867447;0.788593586;98.00%;2.238143921;0.1;0.1;2.5;80.00%;0.9;0.85;19495.2381184;1987.3869503;21482.6250687;18.4020270;1000;0.2;800
57.93%;2.14%;17.57%;0.92%;0.97%;0.72%;0.20%;0.44%;0.14%;18.99%;245.2650294;90.3764176;13.9076004;4991.4891501;95.26%;675.4877053;356.4494028;28.5427202;20.2670714;0.0000000;5.0465008;19.1576940;7.5937644;445.1576192;423.3015046;433.6376716;321.4500011;;66.54656219;1.2;80.00%;99.80%;0.05;149.9852448;3;144.8916473;0.03;0.02;68.51561737;0.732855500;98.00%;2.06156683;0.1;0.1;2.5;80.00%;0.9;0.85;14271.3601230;1436.8270519;15708.1871749;27.0700935;1000;0.2;800
60.25%;1.94%;24.95%;1.60%;1.32%;0.35%;0.09%;0.23%;0.09%;9.19%;255.0874853;68.4450685;12.6703688;5410.3707787;94.43%;696.3668323;366.2997533;22.8196793;18.3729526;0.0000000;4.5748652;17.3672553;3.3588331;442.1581107;545.9064735;567.1376936;413.2223578;;65.32749176;1.2;80.00%;98.35%;0.05;144.5963287;3;145.8359985;0.03;0.02;57.35003281;0.791435446;98.00%;2.361282349;0.1;0.1;2.5;80.00%;0.9;0.85;11409.8396573;1302.5441499;12712.3838071;31.0567010;1000;0.2;800
61.67%;2.39%;19.00%;2.94%;1.40%;0.74%;0.02%;0.52%;0.06%;11.25%;261.0995057;76.6547320;15.3860473;7116.5046638;95.29%;719.2962151;379.8765329;27.3556584;22.6347199;0.0000000;5.6360453;21.3957424;5.9474285;480.4693404;489.2810785;480.7483769;370.9545165;;57.53600693;1.2;80.00%;100.00%;0.05;147.6900024;3;152.3105316;0.03;0.02;60.31655121;0.776951957;98.00%;2.932784319;0.1;0.1;2.5;80.00%;0.9;0.85;13677.8292200;1604.6806795;15282.5098995;25.8033473;1000;0.2;800
49.22%;6.07%;12.30%;1.23%;0.44%;0.46%;0.12%;0.58%;0.09%;29.49%;208.3884818;70.2126128;36.7462540;5653.4259977;84.50%;509.0733964;285.7322207;39.4740636;57.4865062;0.2089747;14.3141401;54.3398144;40.0301635;611.5605050;544.8707847;327.1404255;411.9247796;;63.21662521;1.2;80.00%;98.11%;0.05;144.1972351;3;140.823288;0.03;0.02;69.60983276;0.726602615;98.00%;2.689059734;0.1;0.1;2.5;80.00%;0.9;0.85;19737.0318229;4075.4860771;23812.5179000;8.1087315;1000;0.2;800
51.40%;3.70%;20.86%;0.40%;1.41%;0.78%;0.14%;0.42%;0.09%;20.80%;217.6182032;50.0759490;22.7887947;4395.0352393;90.59%;569.9627420;307.8703274;39.6696183;35.0411982;0.2218097;8.7252584;33.1231158;15.2662281;492.9090282;551.4261628;475.2555483;416.8429868;;63.66416931;1.2;80.00%;98.77%;0.05;143.6736145;3;151.3844757;0.03;0.02;53.16797256;0.810467099;98.00%;2.244084358;0.1;0.1;2.5;80.00%;0.9;0.85;19834.8091556;2484.2336879;22319.0428435;13.8918919;1000;0.2;800
50.61%;1.87%;21.85%;1.66%;0.69%;0.55%;0.16%;0.46%;0.07%;22.08%;214.2734876;61.4489813;12.0742991;5255.3705561;94.33%;584.3429475;308.3253359;35.7090203;17.7100110;0.1342925;4.4097927;16.7406018;7.8966072;386.2233349;494.5021436;530.0260900;374.2445835;;72.94476318;1.2;80.00%;98.79%;0.05;149.4741516;3;142.4576874;0.03;0.02;59.81893539;0.779380652;98.00%;2.64084959;0.1;0.1;2.5;80.00%;0.9;0.85;17854.5101543;1255.5451341;19110.0552885;27.0641711;1000;0.2;800
57.63%;7.04%;16.52%;0.77%;1.32%;0.73%;0.09%;0.15%;0.14%;15.62%;243.9948843;53.7614868;42.5081632;5711.9678263;83.79%;591.0742622;331.5626377;41.0565552;66.6729825;0.0422457;16.6015726;63.0234420;39.9495800;709.4751283;661.1388529;375.5391083;499.1136420;;70.06136322;1.2;80.00%;97.10%;0.05;145.1546936;3;142.5516968;0.03;0.02;54.5051918;0.804720923;98.00%;2.567671537;0.1;0.1;2.5;80.00%;0.9;0.85;20528.2775864;4726.7581521;25255.0357384;8.1860795;1000;0.2;800
53.50%;5.75%;12.82%;0.40%;0.38%;0.79%;0.10%;0.29%;0.14%;25.82%;226.5092193;49.5832892;34.8607701;5466.7954235;86.80%;568.4031628;314.9228440;42.8827934;54.4559161;0.2314557;13.5595231;51.4751125;38.2142735;619.1019643;522.1569452;319.2555799;394.9075410;;69.10755157;1.2;80.00%;98.76%;0.05;145.2872925;3;155.3278198;0.03;0.02;52.9614563;0.811637861;98.00%;2.656531334;0.1;0.1;2.5;80.00%;0.9;0.85;21441.3967106;3860.6334338;25302.0301445;9.3043478;1000;0.2;800
54.01%;1.56%;18.14%;2.36%;0.27%;0.45%;0.03%;0.54%;0.03%;22.59%;228.6684661;49.6257767;10.2399588;5277.4055992;92.67%;612.6247237;321.6247181;36.1554438;14.7741268;0.0584426;3.6787576;13.9654218;9.0324638;379.7827246;453.0392174;505.4239002;343.0437045;;61.00340652;1.2;80.00%;96.14%;0.05;140.3772736;3;140.0980682;0.03;0.02;50.22053909;0.823477596;98.00%;2.707195759;0.1;0.1;2.5;80.00%;0.9;0.85;18077.7219225;1047.4066360;19125.1285585;34.6217949;1000;0.2;800
51.28%;2.16%;19.19%;2.53%;1.26%;0.51%;0.08%;0.20%;0.03%;22.76%;217.1101452;66.9555175;13.8189181;6063.1374821;94.72%;594.5471523;314.7223963;39.8025323;20.4564833;0.2251622;5.0936643;19.3367379;5.4172575;408.7189121;466.8382622;484.1724581;353.7005433;;66.6570816;1.2;80.00%;99.79%;0.05;148.0691681;3;154.5887299;0.03;0.02;62.32231903;0.766705443;98.00%;2.930869102;0.1;0.1;2.5;80.00%;0.9;0.85;19901.2661263;1450.2553421;21351.5214684;23.7407407;1000;0.2;800
52.50%;7.62%;19.93%;1.11%;0.58%;0.69%;0.14%;0.16%;0.12%;17.17%;222.2754021;64.8685330;45.8790934;5605.0587432;81.86%;526.0452212;300.3782780;43.3413759;72.1659271;0.2561957;17.9693159;68.2157142;50.0308807;715.4782406;741.7802690;426.8032857;559.6752165;;72.64599609;1.2;80.00%;97.71%;0.05;145.3294983;3;151.8446655;0.03;0.02;65.60087585;0.749225209;98.00%;2.557127237;0.1;0.1;2.5;80.00%;0.9;0.85;21670.6879688;5116.1785680;26786.8665368;6.8897638;1000;0.2;800
61.49%;6.88%;17.06%;0.35%;1.24%;0.51%;0.07%;0.25%;0.11%;12.05%;260.3374186;75.3043548;41.7446772;6141.4404347;87.38%;657.6783989;365.3621152;33.8560548;65.1576875;0.0000000;16.2242642;61.5910911;39.4416350;730.2904283;629.6182734;347.9980256;475.9734027;;51.76125336;1.2;80.00%;100.00%;0.05;148.7932892;3;148.1493225;0.03;0.02;62.92471313;0.763567533;98.00%;2.397882938;0.1;0.1;2.5;80.00%;0.9;0.85;16928.0273855;4619.3318304;21547.3592159;8.9375000;1000;0.2;800
61.97%;4.28%;16.59%;0.88%;1.28%;0.79%;0.08%;0.42%;0.06%;13.65%;262.3696508;58.0579545;26.4135858;5188.3209753;91.85%;696.7142895;375.3866753;12.0045977;40.5341428;0.0000000;10.0930016;38.3153881;20.4675288;587.2687570;511.4565628;387.5166306;387.2818140;;52.00909805;1.2;80.00%;99.79%;0.05;142.9624329;3;143.8351746;0.03;0.02;51.2651062;0.819015344;98.00%;2.2121315;0.1;0.1;2.5;80.00%;0.9;0.85;6002.2988622;2873.6541038;8875.9529660;14.4789720;1000;0.2;800
51.28%;1.86%;16.27%;0.51%;1.17%;0.87%;0.07%;0.22%;0.12%;27.62%;217.1101452;82.8041535;12.1151488;6442.6142860;94.70%;594.4166436;313.5995711;37.0948755;17.6153050;0.1266573;4.3862110;16.6510799;3.9848606;390.0490228;385.7607458;421.3106810;292.9838864;;68.91317749;1.2;80.00%;99.14%;0.05;148.4429169;3;143.8599548;0.03;0.02;69.96761322;0.724534758;98.00%;2.965227604;0.1;0.1;2.5;80.00%;0.9;0.85;18547.4377367;1248.8309890;19796.2687258;27.5698925;1000;0.2;800
50.44%;1.57%;12.11%;2.42%;0.65%;0.62%;0.02%;0.57%;0.07%;31.52%;213.5537387;52.0568575;10.2601315;4397.3069362;93.57%;577.7122107;303.7062605;38.6816187;14.8688328;0.2254000;3.7023394;14.0549437;6.0642103;364.2476384;350.3387977;405.9000046;266.0677574;;72.21130371;1.2;80.00%;97.34%;0.05;144.9087524;3;150.0234375;0.03;0.02;54.10165405;0.806284054;98.00%;2.326444387;0.1;0.1;2.5;80.00%;0.9;0.85;19340.8093593;1054.1207811;20394.9301403;32.1273885;1000;0.2;800
62.31%;1.83%;12.24%;2.30%;0.70%;0.30%;0.15%;0.09%;0.08%;20.00%;263.8091487;81.5915412;12.1159807;7330.1003971;95.16%;725.7386869;381.0755484;-0.9992851;17.3311872;0.0000000;4.3154656;16.3825140;7.5296209;449.0539813;341.2794386;366.7355768;260.0354098;;64.29051971;1.2;80.00%;98.81%;0.05;145.9798431;3;141.6998749;0.03;0.02;62.26327133;0.767024093;98.00%;2.998563766;0.1;0.1;2.5;80.00%;0.9;0.85;-499.6425662;1228.6885537;729.0459875;34.0491803;1000;0.2;800
50.68%;3.84%;18.71%;1.24%;0.35%;0.66%;0.20%;0.39%;0.10%;23.84%;214.5698548;49.7357387;23.6071059;5322.2710107;91.30%;566.3395685;306.5399296;38.0881272;36.3670814;0.1846659;9.0554033;34.3764229;24.7506800;500.0481109;525.8943413;440.9181672;397.6388602;;53.95420074;1.2;80.00%;99.98%;0.05;145.7015533;3;146.9609985;0.03;0.02;53.20597839;0.810539308;98.00%;2.723247051;0.1;0.1;2.5;80.00%;0.9;0.85;19044.0636146;2578.2317193;21622.2953339;13.1979167;1000;0.2;800
59.12%;5.38%;19.10%;1.41%;0.64%;0.28%;0.24%;0.07%;0.08%;13.67%;250.3032719;53.2546113;32.8077019;4649.9186515;89.67%;648.8698775;354.9467278;40.1234558;50.9517963;0.0294746;12.6869973;48.1628009;33.4796507;633.6842021;598.7121671;410.4146230;452.5028753;;60.36490631;1.2;80.00%;100.00%;0.05;148.8131409;3;150.9647369;0.03;0.02;50.67473221;0.821423212;98.00%;2.055936813;0.1;0.1;2.5;80.00%;0.9;0.85;20061.7278900;3612.2100651;23673.9379551;10.9888476;1000;0.2;800
59.37%;7.15%;20.07%;2.70%;1.11%;0.85%;0.07%;0.34%;0.14%;8.19%;251.3617262;67.8064855;43.2630839;5505.7480563;86.34%;627.4477895;350.7912255;44.1430784;67.7147479;0.0702864;16.8609722;64.0081833;42.4187922;733.0500321;737.1470411;441.7144001;556.4737492;;68.25678253;1.2;80.00%;99.86%;0.05;149.493042;3;153.4845123;0.03;0.02;60.81806946;0.774388053;98.00%;2.254040956;0.1;0.1;2.5;80.00%;0.9;0.85;22071.5392125;4800.6137482;26872.1529607;8.3034965;1000;0.2;800
61.08%;6.25%;15.04%;2.56%;0.70%;0.74%;0.01%;0.27%;0.05%;13.31%;258.6015536;55.3524963;37.9556989;6767.6043468;88.20%;659.3683943;363.6983034;43.6626602;59.1912132;0.0087662;14.7386121;55.9512092;39.2416016;691.9004483;607.2977317;364.6684260;458.9994859;;61.76126862;1.2;80.00%;99.72%;0.05;145.7678833;3;152.4541016;0.03;0.02;51.55331039;0.817840349;98.00%;2.872148037;0.1;0.1;2.5;80.00%;0.9;0.85;21831.3300854;4196.3406890;26027.6707743;9.7728000;1000;0.2;800
51.77%;4.94%;15.84%;2.06%;1.23%;0.39%;0.08%;0.17%;0.04%;23.49%;219.1847156;74.8182086;30.1837002;6423.1299714;88.92%;563.4542978;309.4206588;42.5119901;46.7847349;0.2541889;11.6493990;44.2238357;25.6028019;566.5857297;539.9306758;387.8672438;408.5399186;;70.43978882;1.2;80.00%;99.75%;0.05;149.2733307;3;155.4032898;0.03;0.02;68.25994873;0.734400944;98.00%;2.908022881;0.1;0.1;2.5;80.00%;0.9;0.85;21255.9950303;3316.7876806;24572.7827108;10.4797571;1000;0.2;800
53.76%;6.25%;20.90%;2.67%;1.27%;0.50%;0.24%;0.47%;0.12%;13.81%;227.6100118;67.2467984;37.8540533;5690.5347242;83.86%;551.8103259;308.4034491;39.5998370;59.1912132;0.1647121;14.7386121;55.9512092;34.6816016;642.7380645;727.1595609;494.2576023;548.7429865;;67.36724854;1.2;80.00%;96.50%;0.05;142.553894;3;145.6589508;0.03;0.02;65.17610168;0.751544212;98.00%;2.59313345;0.1;0.1;2.5;80.00%;0.9;0.85;19799.9184980;4196.3406890;23996.2591870;8.6016000;1000;0.2;800
55.89%;1.68%;17.35%;0.86%;0.35%;0.29%;0.06%;0.41%;0.13%;22.97%;236.6280424;63.8727840;11.0669419;4691.9963924;96.17%;657.8836368;345.4666052;39.7605474;15.9105981;0.1079273;3.9617389;15.0396850;9.2534225;408.1989722;387.6191754;428.7070997;294.3941432;;65.36008453;1.2;80.00%;99.92%;0.05;148.5892029;3;155.1868439;0.03;0.02;56.87316513;0.793580327;98.00%;2.171459913;0.1;0.1;2.5;80.00%;0.9;0.85;19880.2737011;1127.9763772;21008.2500783;33.2678571;1000;0.2;800
57.87%;3.77%;13.08%;2.10%;0.52%;0.63%;0.22%;0.08%;0.06%;21.66%;245.0110004;67.5590681;23.3876721;5183.3071513;92.29%;653.6895701;351.3412233;24.7835215;35.7041398;0.0000000;8.8903308;33.7497694;22.8884541;536.1179994;441.4092137;352.4276917;334.6758155;;63.69254303;1.2;80.00%;99.83%;0.05;149.7345276;3;140.9491272;0.03;0.02;59.18349457;0.782518524;98.00%;2.260334969;0.1;0.1;2.5;80.00%;0.9;0.85;12391.7607586;2531.2327036;14922.9934621;15.3501326;1000;0.2;800
62.10%;2.23%;20.63%;2.17%;1.13%;0.78%;0.28%;0.19%;0.04%;10.45%;262.9200471;65.1115299;14.4074184;6191.7257354;95.60%;726.6790563;382.9948211;8.0924674;21.1194249;0.0000000;5.2587368;19.9633914;6.9594835;474.5726201;490.3864072;490.4750171;371.6723122;;53.89505005;1.2;80.00%;99.98%;0.05;145.7627563;3;146.652298;0.03;0.02;53.95631027;0.807222971;98.00%;2.637064457;0.1;0.1;2.5;80.00%;0.9;0.85;4046.2337168;1497.2543578;5543.4880747;27.8475336;1000;0.2;800
61.63%;3.42%;21.59%;2.95%;0.52%;0.62%;0.19%;0.36%;0.15%;8.57%;260.9301530;66.2067854;21.3568098;5906.9066806;90.12%;679.8532740;363.4593230;40.3951826;32.3894319;0.0510676;8.0649685;30.6165017;20.3773244;526.4531450;611.7020875;542.8551406;462.5371469;;74.47830963;1.2;80.00%;96.40%;0.05;143.1954193;3;156.7609253;0.03;0.02;57.01664734;0.793051019;98.00%;2.545079231;0.1;0.1;2.5;80.00%;0.9;0.85;20197.5912939;2296.2376250;22493.8289189;18.0204678;1000;0.2;800
62.33%;2.80%;21.61%;0.83%;1.13%;0.86%;0.27%;0.09%;0.06%;10.02%;263.8938250;63.1339188;17.7333721;6665.6175512;93.00%;709.5068716;376.3286198;33.8676770;26.5176635;0.0000000;6.6028982;25.0661417;11.0490375;501.9289552;528.9013990;495.3041911;400.4673498;;60.67695618;1.2;80.00%;98.26%;0.05;140.610321;3;154.651947;0.03;0.02;53.70249557;0.808371362;98.00%;2.863369226;0.1;0.1;2.5;80.00%;0.9;0.85;16933.8384994;1879.9606287;18813.7991281;22.2607143;1000;0.2;800
54.72%;7.81%;23.45%;2.45%;1.21%;0.66%;0.03%;0.21%;0.09%;9.38%;231.6744763;46.4973015;46.9672791;5794.8124374;83.13%;556.7946661;316.8255628;42.1117716;73.9653400;0.0938292;18.4173697;69.9166310;46.3540654;741.2015521;820.8318550;490.6623987;618.7089593;;66.55651093;1.2;80.00%;98.87%;0.05;147.113205;3;141.7845306;0.03;0.02;51.35500336;0.818676215;98.00%;2.73294878;0.1;0.1;2.5;80.00%;0.9;0.85;21055.8858083;5243.7473249;26299.6331332;7.0064020;1000;0.2;800
50.72%;3.03%;21.59%;2.02%;1.35%;0.76%;0.02%;0.23%;0.04%;20.24%;214.7392075;65.5975593;18.9034527;5079.8978566;91.71%;569.3521990;305.0801400;42.4404086;28.6959001;0.3133824;7.1452791;27.1251462;10.9392085;450.8383497;553.3614289;519.6354071;418.5664742;;68.07731628;1.2;80.00%;98.60%;0.05;143.661026;3;159.7607269;0.03;0.02;63.13686371;0.762385024;98.00%;2.484102249;0.1;0.1;2.5;80.00%;0.9;0.85;21220.2042818;2034.3859660;23254.5902478;16.7392739;1000;0.2;800
51.64%;4.44%;21.28%;0.82%;0.97%;0.82%;0.04%;0.40%;0.13%;19.45%;218.6343193;64.5446213;27.2054544;6246.1364395;90.10%;569.5075662;310.5587866;39.1824670;42.0494378;0.1224196;10.4703100;39.7477390;24.0954738;538.3123995;593.4483400;471.1473225;448.4418565;;61.95931625;1.2;80.00%;99.91%;0.05;149.4242706;3;142.151535;0.03;0.02;62.55378723;0.765506551;98.00%;2.958160877;0.1;0.1;2.5;80.00%;0.9;0.85;19591.2335078;2981.0804254;22572.3139333;11.6306306;1000;0.2;800
55.75%;6.72%;23.05%;1.94%;1.24%;0.44%;0.13%;0.12%;0.14%;10.48%;236.0353080;51.6013182;40.6130656;5608.9067446;86.47%;590.0885475;329.8157282;41.6691031;63.6423924;0.1011893;15.8469557;60.1587401;38.2936900;689.2872970;740.3445041;474.6420293;558.5432759;;56.44129562;1.2;80.00%;100.00%;0.05;147.8757324;3;147.9637756;0.03;0.02;53.05410004;0.811236801;98.00%;2.567561865;0.1;0.1;2.5;80.00%;0.9;0.85;20834.5515662;4511.9055088;25346.4570750;8.2961310;1000;0.2;800
62.65%;6.26%;21.18%;1.59%;1.16%;0.38%;0.14%;0.17%;0.15%;6.32%;265.2486465;76.0704490;38.1264986;6929.2997588;88.68%;680.0193690;374.4900793;37.5383817;59.2859191;0.0000000;14.7621939;56.0407311;35.6333482;702.3641704;682.2766267;437.0199395;515.5649328;;56.27846527;1.2;80.00%;100.00%;0.05;149.7935333;3;153.6224518;0.03;0.02;62.08150101;0.767963075;98.00%;2.68793869;0.1;0.1;2.5;80.00%;0.9;0.85;18769.1908498;4203.0548341;22972.2456839;10.0079872;1000;0.2;800
49.92%;4.63%;15.54%;2.24%;0.37%;0.40%;0.23%;0.27%;0.15%;26.25%;211.3521538;49.0395029;28.2301052;4319.0129440;89.40%;546.2343717;299.2149078;38.0708889;43.8488507;0.1984412;10.9183638;41.4486558;30.2586585;539.7722547;525.1173163;392.9051704;396.9840001;;50.57204437;1.2;80.00%;99.91%;0.05;142.8656006;3;145.3438416;0.03;0.02;53.95590973;0.806897048;98.00%;2.225991726;0.1;0.1;2.5;80.00%;0.9;0.85;19035.4444620;3108.6491824;22144.0936444;10.7818575;1000;0.2;800
54.16%;2.77%;13.80%;1.57%;1.04%;0.64%;0.21%;0.58%;0.02%;25.20%;229.3035386;65.0045595;17.4108037;5147.5934121;90.37%;599.1100680;319.3978568;40.0255844;26.2335457;0.2466405;6.5321529;24.7975759;11.5537978;448.9217830;432.6521708;411.9088865;328.0836831;;68.27463531;1.2;80.00%;96.19%;0.05;140.0831909;3;158.7741547;0.03;0.02;60.95743942;0.773647188;98.00%;2.456890106;0.1;0.1;2.5;80.00%;0.9;0.85;20012.7921893;1859.8181933;21872.6103826;19.5523466;1000;0.2;800
58.91%;4.48%;16.98%;0.30%;0.35%;0.54%;0.13%;0.18%;0.11%;18.02%;249.4141703;61.4305873;27.5143131;5527.7247158;87.54%;631.2240309;342.4622127;42.1465444;42.4282616;0.1447319;10.5646371;40.1058267;29.3424600;569.5160803;544.6422131;414.8864368;412.0824292;;72.46511078;1.2;80.00%;95.91%;0.05;141.6110077;3;157.7688293;0.03;0.02;56.98853302;0.793165798;98.00%;2.474955797;0.1;0.1;2.5;80.00%;0.9;0.85;21073.2721789;3007.9370059;24081.2091847;13.1495536;1000;0.2;800
52.65%;3.81%;23.75%;0.79%;0.50%;0.59%;0.25%;0.32%;0.04%;17.31%;222.9104747;67.3301291;23.5252360;6082.9273765;90.58%;583.7557504;315.4946666;38.1984855;36.0829636;0.1702210;8.9846579;34.1078571;23.3354403;506.3529428;603.5809775;518.9805718;456.1772911;;70.73682404;1.2;80.00%;98.84%;0.05;147.3214417;3;149.1874695;0.03;0.02;63.18916702;0.762178115;98.00%;2.851378918;0.1;0.1;2.5;80.00%;0.9;0.85;19099.2427685;2558.0892840;21657.3320525;13.8188976;1000;0.2;800
50.21%;4.01%;14.11%;2.31%;0.79%;0.59%;0.19%;0.19%;0.10%;27.51%;212.5799608;58.8455215;24.6340248;4724.5698236;90.85%;558.3483666;303.1323346;40.4957348;37.9770824;0.2810324;9.4562935;35.8982958;22.4503716;506.8647596;473.3006506;379.0723338;358.3689952;;50.29279709;1.2;80.00%;100.00%;0.05;149.680191;3;155.5793457;0.03;0.02;59.88023758;0.778978223;98.00%;2.342713356;0.1;0.1;2.5;80.00%;0.9;0.85;20247.8673824;2692.3721860;22940.2395684;12.5211970;1000;0.2;800
56.04%;6.98%;19.17%;2.10%;0.55%;0.70%;0.06%;0.43%;0.10%;13.86%;237.2631149;69.9918264;42.2183698;6469.7044706;86.01%;589.9742652;330.8630289;43.8665865;66.1047469;0.1418402;16.4600820;62.4863104;45.6791007;705.1798302;702.0385390;420.7261691;530.0808249;;52.59173203;1.2;80.00%;100.00%;0.05;149.1712341;3;152.634613;0.03;0.02;64.2100296;0.756770506;98.00%;2.743903637;0.1;0.1;2.5;80.00%;0.9;0.85;21933.2932571;4686.4732814;26619.7665385;8.0286533;1000;0.2;800
49.31%;4.69%;23.26%;1.17%;0.66%;0.65%;0.22%;0.27%;0.05%;19.72%;208.7695253;53.6862045;28.5902263;4370.5363332;89.07%;537.6047484;295.0304555;37.7394918;44.4170864;0.1953288;11.0598545;41.9857874;28.3691378;539.4789328;637.3102153;502.1469356;481.1464058;;58.63853836;1.2;80.00%;99.85%;0.05;146.9480133;3;143.2761078;0.03;0.02;57.87883377;0.788642553;98.00%;2.229593992;0.1;0.1;2.5;80.00%;0.9;0.85;18869.7459214;3148.9340530;22018.6799744;10.5138593;1000;0.2;800
60.65%;5.62%;19.62%;0.51%;0.47%;0.28%;0.08%;0.41%;0.03%;12.34%;256.7810122;58.6331054;34.2419137;6436.5500743;87.29%;648.0216239;355.4620941;34.4974903;53.2247389;0.0000000;13.2529600;50.3113273;36.5615682;647.7891824;630.3744208;427.7320916;476.2844098;;62.26312637;1.2;80.00%;97.55%;0.05;141.8990479;3;145.2667084;0.03;0.02;54.31666565;0.805597578;98.00%;2.777468681;0.1;0.1;2.5;80.00%;0.9;0.85;17248.7451272;3773.3495475;21022.0946747;10.7918149;1000;0.2;800
49.32%;7.57%;24.29%;1.93%;1.13%;0.65%;0.04%;0.58%;0.06%;14.43%;208.8118635;51.2952428;45.4791521;4963.6298619;81.07%;489.4107343;281.2481663;44.8045507;71.6923974;0.3553992;17.8514070;67.7681046;45.2721479;695.2209163;825.6050653;517.5124132;622.3223142;;64.98127747;1.2;80.00%;97.80%;0.05;141.8147583;3;154.207489;0.03;0.02;59.68915176;0.779983971;98.00%;2.517372608;0.1;0.1;2.5;80.00%;0.9;0.85;22402.2753489;5082.6078425;27484.8831913;6.5151915;1000;0.2;800
49.57%;5.03%;12.13%;0.59%;1.39%;0.31%;0.05%;0.42%;0.09%;30.41%;209.8703178;68.1918279;30.6402704;4363.0392763;87.29%;529.6285285;292.3143513;41.2229718;47.6370884;0.2592351;11.8616350;45.0295332;24.9685210;556.4626108;472.7116515;318.0716868;357.9079364;;57.2812233;1.2;80.00%;98.64%;0.05;140.8436432;3;148.8013;0.03;0.02;67.10648346;0.740637578;98.00%;2.099963188;0.1;0.1;2.5;80.00%;0.9;0.85;20611.4859050;3377.2149865;23988.7008915;9.8548708;1000;0.2;800
50.15%;4.26%;14.86%;1.09%;1.27%;0.54%;0.26%;0.44%;0.14%;27.00%;212.3259317;73.9110019;26.1613636;5200.1453504;90.27%;554.1279717;302.0078828;38.7715110;40.3447309;0.2344363;10.0458380;38.1363442;20.4040356;520.5661416;481.8778563;372.1810419;364.9236806;;57.42984009;1.2;80.00%;100.00%;0.05;147.9248199;3;150.2570648;0.03;0.02;68.41055298;0.733485126;98.00%;2.428644419;0.1;0.1;2.5;80.00%;0.9;0.85;19385.7555062;2860.2258136;22245.9813198;11.7723005;1000;0.2;800
54.58%;7.64%;13.66%;1.76%;0.32%;0.36%;0.05%;0.45%;0.03%;21.15%;231.0817419;48.8053565;45.9795755;5023.3087598;83.83%;560.0063627;317.8408676;44.4423038;72.3553390;0.1946505;18.0164794;68.3947581;52.2543738;732.1997861;639.3650183;319.9435540;482.7497597;;60.14204788;1.2;80.00%;99.35%;0.05;143.3847656;3;152.7097931;0.03;0.02;52.91517639;0.811790001;98.00%;2.3485322;0.1;0.1;2.5;80.00%;0.9;0.85;22221.1519053;5129.6068582;27350.7587635;7.1439791;1000;0.2;800
59.18%;1.95%;15.89%;2.39%;0.27%;0.73%;0.04%;0.31%;0.14%;19.11%;250.5573009;90.0737391;12.8117631;5223.6973078;95.70%;693.2169361;364.8454208;26.4318818;18.4676585;0.0000000;4.5984470;17.4567773;11.8305797;441.2059458;408.7485044;429.7273273;310.6045842;;53.70730591;1.2;80.00%;99.80%;0.05;143.3855133;3;146.5310211;0.03;0.02;67.47444153;0.738798112;98.00%;2.136199951;0.1;0.1;2.5;80.00%;0.9;0.85;13215.9409109;1309.2582950;14525.1992059;30.3487179;1000;0.2;800
53.54%;6.51%;19.61%;0.57%;0.62%;0.51%;0.12%;0.59%;0.03%;17.90%;226.6785720;53.4068433;39.3204516;5981.0775318;83.15%;544.8815593;305.7511284;39.9508100;61.6535676;0.1344839;15.3517383;58.2787795;41.7470122;655.3656610;687.5662886;439.1907755;518.8221553;;70.41683197;1.2;80.00%;96.29%;0.05;144.4119568;3;141.4050446;0.03;0.02;57.25421906;0.791922707;98.00%;2.883955479;0.1;0.1;2.5;80.00%;0.9;0.85;19975.4050164;4370.9084616;24346.3134780;8.2242704;1000;0.2;800
53.37%;4.69%;15.30%;0.26%;1.29%;0.63%;0.12%;0.49%;0.03%;23.82%;225.9588231;47.5746998;28.6034231;4193.6106555;86.46%;564.7732341;308.9790896;38.2155282;44.4170864;0.1181224;11.0598545;41.9857874;23.3291378;551.7995753;527.6662560;390.2717260;398.8763241;;66.38539886;1.2;80.00%;96.05%;0.05;142.4857635;3;141.0457001;0.03;0.02;51.58174133;0.817290737;98.00%;2.122400045;0.1;0.1;2.5;80.00%;0.9;0.85;19107.7640815;3148.9340530;22256.6981345;11.3795309;1000;0.2;800
53.32%;6.30%;20.74%;2.01%;0.39%;0.60%;0.02%;0.43%;0.12%;16.07%;225.7471322;66.9137703;38.1630833;5056.4137378;86.30%;563.2043510;314.4582206;42.1118828;59.6647429;0.1478836;14.8565210;56.3988189;42.0803344;650.5887093;694.5921412;457.8171500;524.3450914;;58.11137772;1.2;80.00%;99.53%;0.05;144.2932587;3;146.4288025;0.03;0.02;64.24836731;0.756487711;98.00%;2.275018692;0.1;0.1;2.5;80.00%;0.9;0.85;21055.9413788;4229.9114145;25285.8527933;8.4634921;1000;0.2;800
56.95%;2.69%;19.02%;2.45%;0.53%;0.77%;0.10%;0.07%;0.02%;17.39%;241.1158886;74.1688937;17.0510295;6360.6873738;93.66%;652.8729745;346.8202723;38.8915731;25.4758982;0.0471043;6.3434986;24.0814004;15.0598253;468.5507983;495.5828707;474.2069523;375.4201377;;74.36884308;1.2;80.00%;99.25%;0.05;149.914917;3;149.4151459;0.03;0.02;62.64041138;0.765057117;98.00%;2.788550854;0.1;0.1;2.5;80.00%;0.9;0.85;19445.7865620;1806.1050325;21251.8915946;21.1710037;1000;0.2;800
50.20%;6.91%;23.25%;1.30%;1.09%;0.40%;0.15%;0.24%;0.09%;16.37%;212.5376226;63.1787641;41.6802212;4302.2432450;84.48%;519.1166861;294.0801109;40.5778481;65.4418053;0.2026161;16.2950095;61.8596569;40.8568747;668.3125170;743.9635694;473.0784567;561.2025286;;63.27542496;1.2;80.00%;99.87%;0.05;149.3439636;3;143.6392212;0.03;0.02;65.07315826;0.751803659;98.00%;2.032892227;0.1;0.1;2.5;80.00%;0.9;0.85;20288.9240416;4639.4742657;24928.3983073;7.2648336;1000;0.2;800
54.60%;2.30%;14.19%;1.14%;0.47%;0.32%;0.17%;0.29%;0.04%;26.48%;231.1664182;52.1113258;14.6396303;4751.2504756;94.95%;634.5838272;335.7796257;36.4923431;21.7823665;0.0444512;5.4238092;20.5900450;12.7417094;436.1008611;368.3861088;372.3553164;279.6698952;;50.62973404;1.2;80.00%;100.00%;0.05;147.4814301;3;144.5385132;0.03;0.02;50.70294189;0.821334869;98.00%;2.314278841;0.1;0.1;2.5;80.00%;0.9;0.85;18246.1715415;1544.2533735;19790.4249150;23.7391304;1000;0.2;800
49.74%;1.80%;20.15%;2.01%;0.27%;0.65%;0.29%;0.58%;0.06%;24.46%;210.5900667;48.6808640;11.6074032;4893.7442446;95.59%;581.9940341;306.7718953;37.4018926;17.0470694;0.2647368;4.2447203;16.1139482;10.7543813;381.1035750;463.4047808;503.7171868;350.8856390;;51.86203384;1.2;80.00%;100.00%;0.05;144.7953949;3;155.3983765;0.03;0.02;51.39240646;0.818416877;98.00%;2.595502377;0.1;0.1;2.5;80.00%;0.9;0.85;18700.9462752;1208.5461184;19909.4923936;27.6333333;1000;0.2;800
62.03%;5.57%;13.66%;2.44%;0.82%;0.86%;0.28%;0.46%;0.14%;13.75%;262.6236799;68.3176612;33.9867219;6625.6294054;85.39%;648.3483886;355.4962808;22.8594835;52.7512092;0.0000000;13.1350511;49.8637176;33.4028353;645.3076254;597.6572047;397.8969304;451.8655695;;71.19194794;1.2;80.00%;95.12%;0.05;143.3316803;3;141.2876129;0.03;0.02;59.90385056;0.779013244;98.00%;2.766905785;0.1;0.1;2.5;80.00%;0.9;0.85;11429.7417568;3739.7788220;15169.5205788;11.1364452;1000;0.2;800
62.26%;3.84%;17.88%;1.95%;0.83%;0.80%;0.09%;0.46%;0.07%;11.82%;263.5974578;62.9312283;23.8532801;6089.4598490;92.56%;705.4035576;378.2018487;42.0522864;36.3670814;0.0016858;9.0554033;34.3764229;20.9106800;564.0469551;529.4224315;432.0285101;400.8498683;;52.83697128;1.2;80.00%;99.71%;0.05;140.2636566;3;157.7597046;0.03;0.02;53.79571915;0.807943553;98.00%;2.561910152;0.1;0.1;2.5;80.00%;0.9;0.85;21026.1431852;2578.2317193;23604.3749045;16.2135417;1000;0.2;800
60.21%;4.47%;12.72%;1.60%;1.10%;0.28%;0.24%;0.54%;0.12%;18.71%;254.9181326;69.8337937;27.5457207;5890.5460356;91.18%;671.9452289;363.4351913;26.9605534;42.3335557;0.0000000;10.5410554;40.0163048;23.2707135;587.9676680;465.9547120;332.0398947;353.1963712;;55.36547852;1.2;80.00%;99.69%;0.05;143.6686554;3;146.194458;0.03;0.02;59.39719772;0.781514037;98.00%;2.460823774;0.1;0.1;2.5;80.00%;0.9;0.85;13480.2766764;3001.2228607;16481.4995371;13.4697987;1000;0.2;800
59.66%;7.85%;14.14%;1.72%;0.65%;0.39%;0.29%;0.56%;0.03%;14.71%;252.5895332;75.9927926;47.4126671;5551.4253292;85.25%;622.5189361;350.9861249;42.3366198;74.3441638;0.0615492;18.5116968;70.2747187;51.1210516;774.6524495;654.1108497;315.2004397;494.2735811;;51.53805923;1.2;80.00%;100.00%;0.05;147.7183533;3;152.6555939;0.03;0.02;65.23596954;0.751211332;98.00%;2.176682472;0.1;0.1;2.5;80.00%;0.9;0.85;21168.3098956;5270.6039053;26438.9138009;7.6000000;1000;0.2;800
58.99%;2.77%;14.09%;2.92%;1.01%;0.88%;0.28%;0.60%;0.13%;18.34%;249.7528756;70.5382366;17.5462983;5953.4390052;94.27%;680.6501241;361.4036477;37.7753218;26.2335457;0.0149167;6.5321529;24.7975759;11.7937978;486.7602842;434.9926349;405.6431005;330.0189640;;62.23083115;1.2;80.00%;99.85%;0.05;146.9707642;3;152.1386719;0.03;0.02;59.29406357;0.782025482;98.00%;2.566870213;0.1;0.1;2.5;80.00%;0.9;0.85;18887.6608926;1859.8181933;20747.4790859;21.2960289;1000;0.2;800
61.90%;6.78%;18.04%;2.92%;1.19%;0.55%;0.13%;0.52%;0.05%;7.92%;262.0732836;88.4151492;41.1886798;5431.6018816;84.94%;643.5890702;357.8043297;32.6375295;64.2106281;0.0000000;15.9884464;60.6958717;39.1241694;717.7245478;712.1077817;438.0733189;537.9400948;;64.28457642;1.2;80.00%;96.95%;0.05;141.9513397;3;145.0848236;0.03;0.02;69.46682739;0.727420686;98.00%;2.064270973;0.1;0.1;2.5;80.00%;0.9;0.85;16318.7647439;4552.1903794;20870.9551233;9.1297935;1000;0.2;800
52.28%;6.92%;17.16%;1.80%;1.10%;0.86%;0.05%;0.37%;0.02%;19.44%;221.3439623;44.2483373;41.6731788;5855.1400641;82.26%;526.3696456;297.7392281;45.0480311;65.5365112;0.3261796;16.3185913;61.9491788;40.8486213;672.0507094;687.2081578;416.1390253;518.5592592;;68.37339783;1.2;80.00%;96.54%;0.05;140.7105255;3;158.0350494;0.03;0.02;51.60006332;0.817620684;98.00%;2.971702814;0.1;0.1;2.5;80.00%;0.9;0.85;22524.0155655;4646.1884108;27170.2039764;7.5549133;1000;0.2;800
58.87%;2.92%;21.43%;1.62%;1.48%;0.27%;0.17%;0.27%;0.04%;12.92%;249.2448176;59.5931767;18.3506429;4842.1109697;90.93%;655.2258951;348.8263339;37.1965862;27.6541348;0.0000000;6.8858796;26.1404049;9.1099963;484.0503006;551.5103814;515.4212677;417.1529293;;69.23661804;1.2;80.00%;96.60%;0.05;143.5455017;3;145.3000793;0.03;0.02;54.48023224;0.804730081;98.00%;2.213383198;0.1;0.1;2.5;80.00%;0.9;0.85;18598.2930827;1960.5303699;20558.8234526;20.1609589;1000;0.2;800
60.67%;5.70%;23.43%;0.54%;1.29%;0.84%;0.23%;0.08%;0.09%;7.13%;256.8656885;62.9334689;34.7493062;5705.6405824;89.09%;661.5973818;362.7824950;41.2017261;53.9823864;0.0226719;13.4416142;51.0275028;30.5755407;659.3671198;681.4221363;472.2856763;514.7033929;;51.86781311;1.2;80.00%;99.72%;0.05;140.5733795;3;153.5210266;0.03;0.02;56.15283966;0.797115737;98.00%;2.387174606;0.1;0.1;2.5;80.00%;0.9;0.85;20600.8630341;3827.0627083;24427.9257425;10.6438596;1000;0.2;800
61.78%;7.86%;12.49%;1.71%;1.17%;0.26%;0.21%;0.35%;0.15%;14.02%;261.5652256;52.7700593;47.4009666;5281.9463500;84.48%;638.8279535;359.2813092;43.8783491;74.4388697;0.0604311;18.5352786;70.3642407;47.0327982;782.6215232;637.2151480;296.4845153;481.3862607;;68.50447845;1.2;80.00%;98.51%;0.05;144.3435059;3;155.9954529;0.03;0.02;50.94390869;0.820404104;98.00%;2.211361408;0.1;0.1;2.5;80.00%;0.9;0.85;21939.1745695;5277.3180504;27216.4926199;7.8600509;1000;0.2;800
51.62%;3.40%;19.34%;2.78%;0.91%;0.34%;0.23%;0.31%;0.11%;20.97%;218.5496430;48.5974682;21.0276206;5290.7122313;91.58%;578.6016801;311.1584443;37.7998241;32.2000200;0.1823509;8.0178050;30.4374578;17.1138313;478.5236641;539.4223436;480.6462464;407.8162432;;57.51236725;1.2;80.00%;99.12%;0.05;142.1763763;3;148.6442413;0.03;0.02;51.55957794;0.817757636;98.00%;2.709708929;0.1;0.1;2.5;80.00%;0.9;0.85;18899.9120600;2282.8093348;21182.7213948;15.1823529;1000;0.2;800
60.13%;4.98%;18.66%;1.41%;1.32%;0.26%;0.12%;0.16%;0.11%;12.86%;254.5794272;62.3903181;30.5107658;6410.9326292;90.38%;665.2039874;361.8757979;25.9306108;47.1635587;0.0000000;11.7437261;44.5819235;25.1697882;616.1705178;575.2051327;410.4899690;435.0197438;;56.50801468;1.2;80.00%;99.82%;0.05;145.4165192;3;144.4939575;0.03;0.02;55.6388588;0.799531002;98.00%;2.728553772;0.1;0.1;2.5;80.00%;0.9;0.85;12965.3054153;3343.6442610;16308.9496763;12.0742972;1000;0.2;800
59.10%;2.69%;14.13%;0.41%;0.32%;0.57%;0.21%;0.31%;0.14%;22.12%;250.2185955;55.8439276;17.0049934;5748.3288446;92.99%;672.7111359;356.9229099;37.1006499;25.4758982;0.0000000;6.3434986;24.0814004;16.7398253;477.9728965;395.9048080;372.3204440;300.4746205;;68.31333923;1.2;80.00%;98.32%;0.05;145.2869873;3;148.549942;0.03;0.02;51.13448334;0.819622278;98.00%;2.629674435;0.1;0.1;2.5;80.00%;0.9;0.85;18550.3249385;1806.1050325;20356.4299710;21.9702602;1000;0.2;800
52.03%;4.60%;22.67%;2.59%;0.58%;0.55%;0.25%;0.26%;0.05%;16.42%;220.2855080;60.1797044;28.1321477;4704.1242294;89.62%;570.7288879;311.7748072;41.4891435;43.5647329;0.2882765;10.8476185;41.1800900;28.3634188;549.2778627;645.9320957;514.0373141;487.9239414;;69.58602905;1.2;80.00%;99.65%;0.05;147.532959;3;159.934967;0.03;0.02;59.89687729;0.778889396;98.00%;2.252693176;0.1;0.1;2.5;80.00%;0.9;0.85;20744.5717730;3088.5067471;23833.0785201;11.3108696;1000;0.2;800
54.74%;2.03%;16.18%;2.38%;0.36%;0.64%;0.15%;0.38%;0.03%;23.11%;231.7591526;74.1115486;13.1326049;5472.1678179;94.19%;631.0807677;333.0723924;38.6839679;19.2253060;0.1381283;4.7871012;18.1729527;11.6845522;417.7080541;424.4302898;446.2204099;322.0478024;;58.21940994;1.2;80.00%;98.67%;0.05;140.5417938;3;153.1685333;0.03;0.02;63.83629608;0.758729625;98.00%;2.490760088;0.1;0.1;2.5;80.00%;0.9;0.85;19341.9839464;1362.9714558;20704.9554022;26.9655172;1000;0.2;800
50.18%;3.26%;24.96%;1.34%;0.44%;0.90%;0.15%;0.34%;0.06%;18.38%;212.4529463;64.4948491;20.2414512;4203.7526160;91.24%;560.3864586;301.3401060;40.2390291;30.8741368;0.2870729;7.6876601;29.1841507;19.8693794;461.2476048;611.1393999;563.4599746;461.8245268;;66.85565186;1.2;80.00%;98.69%;0.05;144.1272736;3;155.4618073;0.03;0.02;63.03802872;0.762590805;98.00%;2.073268414;0.1;0.1;2.5;80.00%;0.9;0.85;20119.5145452;2188.8113034;22308.3258485;15.3926380;1000;0.2;800
60.53%;7.80%;12.45%;0.99%;0.83%;0.68%;0.15%;0.41%;0.04%;16.13%;256.2729541;67.3529654;47.0992215;5996.5627732;85.56%;633.8870792;356.5947972;26.6754907;73.8706340;0.0000000;18.3937879;69.8271091;49.3223188;776.4817655;615.3407169;278.5047263;465.0765188;;51.10599518;1.2;80.00%;100.00%;0.05;148.6652985;3;141.9031219;0.03;0.02;60.20578384;0.777493560;98.00%;2.399350166;0.1;0.1;2.5;80.00%;0.9;0.85;13337.7453279;5237.0331798;18574.7785077;7.7602564;1000;0.2;800
49.23%;3.13%;18.24%;1.44%;0.67%;0.44%;0.21%;0.12%;0.07%;26.45%;208.4308199;45.7515903;19.3935703;4687.3706220;92.19%;555.4884633;298.2089568;39.3859154;29.6429596;0.2990924;7.3810969;28.0203656;17.0966741;451.0699588;481.9005592;442.4505936;364.6568167;;67.32170868;1.2;80.00%;99.51%;0.05;146.768692;3;155.4091949;0.03;0.02;50.80816269;0.820867090;98.00%;2.515902996;0.1;0.1;2.5;80.00%;0.9;0.85;19692.9577144;2101.5274170;21794.4851314;15.7284345;1000;0.2;800
54.89%;2.47%;16.20%;2.07%;0.55%;0.34%;0.07%;0.37%;0.13%;22.89%;232.3942252;71.9642112;15.7032019;5642.3445576;92.57%;621.9189812;330.0302161;37.4738119;23.3923674;0.0557216;5.8246995;22.1119179;13.3214010;440.5487144;444.8031962;439.8957300;337.1843747;;61.00965881;1.2;80.00%;97.84%;0.05;142.1886139;3;143.316925;0.03;0.02;63.30325699;0.761561245;98.00%;2.58389926;0.1;0.1;2.5;80.00%;0.9;0.85;18736.9059629;1658.3938403;20395.2998031;22.2226721;1000;0.2;800
52.71%;7.00%;17.38%;0.84%;1.50%;0.27%;0.28%;0.38%;0.04%;19.60%;223.1645037;54.4692884;42.1937219;5046.5910984;82.50%;532.2955061;301.1570775;40.2236971;66.2941588;0.2112829;16.5072455;62.6653543;38.2225938;680.2800748;667.8859648;390.2220388;504.1031964;;68.23608398;1.2;80.00%;96.91%;0.05;143.1299286;3;147.4907532;0.03;0.02;58.81640625;0.784301596;98.00%;2.426726341;0.1;0.1;2.5;80.00%;0.9;0.85;20111.8485483;4699.9015716;24811.7501200;7.5300000;1000;0.2;800
50.43%;5.49%;14.00%;0.93%;0.26%;0.27%;0.22%;0.23%;0.10%;28.06%;213.5114005;65.1111123;33.3537576;4221.9918807;87.68%;541.2154180;300.0236929;40.1232736;51.9935617;0.2381851;12.9463969;49.1475421;37.3088628;590.7107900;517.7001064;332.9585632;391.6438968;;63.61246872;1.2;80.00%;99.97%;0.05;149.6682739;3;149.820816;0.03;0.02;64.64604187;0.754059711;98.00%;2.00430727;0.1;0.1;2.5;80.00%;0.9;0.85;20061.6368222;3686.0656612;23747.7024834;9.1857923;1000;0.2;800
61.44%;1.98%;14.54%;0.90%;0.96%;0.34%;0.29%;0.22%;0.07%;19.27%;260.1257277;78.0414075;12.9763105;7015.9428441;95.64%;719.2374430;378.2828853;38.9565099;18.7517763;0.0227391;4.6691923;17.7253431;6.5258194;455.6688651;357.6498735;374.0636307;272.2666404;;69.7071228;1.2;80.00%;99.63%;0.05;147.4559937;3;159.9865265;0.03;0.02;60.97267914;0.773640551;98.00%;2.906752586;0.1;0.1;2.5;80.00%;0.9;0.85;19478.2549564;1329.4007303;20807.6556866;31.0303030;1000;0.2;800
49.02%;5.70%;19.96%;2.87%;0.75%;0.31%;0.19%;0.13%;0.06%;21.00%;207.5417183;61.0391997;34.5181053;4384.3509835;83.44%;500.6400008;279.9181959;42.4119624;53.9823864;0.3909916;13.4416142;51.0275028;34.8955407;584.9035191;679.8960532;486.7378065;513.2247213;;73.97637177;1.2;80.00%;96.02%;0.05;142.4049225;3;157.3608704;0.03;0.02;65.14601135;0.751453359;98.00%;2.211294413;0.1;0.1;2.5;80.00%;0.9;0.85;21205.9812126;3827.0627083;25033.0439210;8.6000000;1000;0.2;800
51.40%;3.20%;15.46%;2.63%;1.39%;0.36%;0.13%;0.07%;0.11%;25.25%;217.6182032;66.5480725;19.9246300;4794.0711366;92.32%;580.8164908;311.6387166;37.5965943;30.3059011;0.1351772;7.5461694;28.6470191;11.8389000;466.9235435;458.3976143;411.8640476;347.2270004;;55.55897522;1.2;80.00%;99.54%;0.05;143.5328979;3;143.9304199;0.03;0.02;62.9251709;0.763440695;98.00%;2.296251774;0.1;0.1;2.5;80.00%;0.9;0.85;18798.2971690;2148.5264328;20946.8236017;16.0625000;1000;0.2;800
56.51%;5.95%;16.21%;0.50%;1.40%;0.57%;0.11%;0.08%;0.04%;18.63%;239.2530090;66.1342608;36.1606382;5659.7038301;87.93%;608.1687325;336.2574033;41.8018251;56.3500349;0.0959858;14.0311587;53.2655511;31.4892047;649.8898416;571.5617636;352.1488363;432.1973554;;55.52758408;1.2;80.00%;99.80%;0.05;143.6621246;3;150.1057739;0.03;0.02;61.04705811;0.773236385;98.00%;2.455776215;0.1;0.1;2.5;80.00%;0.9;0.85;20900.9125501;3994.9163359;24895.8288860;9.4974790;1000;0.2;800
53.19%;1.80%;14.13%;0.72%;1.18%;0.37%;0.19%;0.36%;0.11%;27.96%;225.1967360;65.4423472;11.7146304;4999.7959219;93.81%;610.7253556;321.6611559;34.8508634;17.0470694;0.0602142;4.2447203;16.1139482;3.4743813;394.1463278;356.4825649;393.7333450;270.8152295;;55.44100189;1.2;80.00%;97.90%;0.05;140.1564026;3;140.2977905;0.03;0.02;60.49785614;0.775946937;98.00%;2.409128666;0.1;0.1;2.5;80.00%;0.9;0.85;17425.4317025;1208.5461184;18633.9778209;29.5500000;1000;0.2;800
58.82%;4.28%;13.62%;1.18%;1.47%;0.71%;0.13%;0.36%;0.04%;19.39%;249.0331267;59.2987062;26.3466644;4581.9780822;89.58%;644.9527072;348.7497186;40.0981415;40.5341428;0.0462911;10.0930016;38.3153881;18.9475288;563.4685471;483.6911441;364.4504235;366.3007217;;60.29094315;1.2;80.00%;97.76%;0.05;140.3850555;3;150.1343689;0.03;0.02;54.86260986;0.802906577;98.00%;2.048238516;0.1;0.1;2.5;80.00%;0.9;0.85;20049.0707609;2873.6541038;22922.7248647;13.7429907;1000;0.2;800
52.88%;5.36%;22.65%;0.40%;0.62%;0.68%;0.17%;0.30%;0.09%;16.83%;223.8842526;66.0463218;32.6355955;4404.9531439;88.50%;572.8066186;315.7925442;41.1345320;50.7623844;0.1978815;12.6398337;47.9837570;33.4961575;597.1371735;648.7531175;469.2924816;490.0368611;;63.18711853;1.2;80.00%;99.98%;0.05;149.1007996;3;152.1928864;0.03;0.02;63.12798691;0.762238526;98.00%;2.01729393;0.1;0.1;2.5;80.00%;0.9;0.85;20567.2660096;3598.7817749;24166.0477845;9.8656716;1000;0.2;800
57.66%;2.80%;24.83%;2.92%;0.47%;0.60%;0.08%;0.43%;0.11%;10.09%;244.1218988;55.4838970;17.6411424;6447.6889477;94.26%;665.2302489;353.4916322;39.7699374;26.5176635;0.0464162;6.6028982;25.0661417;16.3290375;481.0289617;599.4474368;570.0861419;453.1430843;;50.3742981;1.2;80.00%;100.00%;0.05;147.4193115;3;152.1231995;0.03;0.02;51.31312561;0.818873266;98.00%;2.968112469;0.1;0.1;2.5;80.00%;0.9;0.85;19884.9686974;1879.9606287;21764.9293260;20.5928571;1000;0.2;800
50.48%;2.13%;13.29%;1.90%;0.58%;0.72%;0.09%;0.21%;0.10%;30.50%;213.7230914;65.4902447;13.6184481;5240.4851060;94.14%;581.6891616;307.9800078;36.5811471;20.1723655;0.1316290;5.0229190;19.0681721;10.6420178;400.9424873;370.1468768;389.9257744;281.0160416;;61.42520142;1.2;80.00%;99.19%;0.05;145.5876617;3;142.0363617;0.03;0.02;62.30360794;0.766755055;98.00%;2.585042953;0.1;0.1;2.5;80.00%;0.9;0.85;18290.5735350;1430.1129068;19720.6864418;23.6995305;1000;0.2;800
53.66%;5.10%;14.42%;1.19%;1.36%;0.67%;0.29%;0.15%;0.14%;23.00%;227.1866301;59.0208268;31.0937927;5834.3324319;89.19%;585.7768712;321.4305230;37.3935278;48.3000300;0.0874035;12.0267075;45.6561867;25.7107469;587.3010533;515.2940441;349.9176486;389.7986346;;50.70288086;1.2;80.00%;99.97%;0.05;144.229599;3;143.0339203;0.03;0.02;58.26359558;0.787062899;98.00%;2.723149538;0.1;0.1;2.5;80.00%;0.9;0.85;18696.7639231;3424.2140022;22120.9779253;10.5215686;1000;0.2;800
51.76%;4.75%;19.89%;2.13%;1.44%;0.66%;0.14%;0.55%;0.04%;18.65%;219.1423774;68.6918602;29.0435760;4854.9131336;89.36%;566.1392797;310.0379637;41.2875798;44.9853220;0.2358748;11.2013452;42.5229190;22.5596172;556.1945423;606.6505736;465.8540470;458.4963096;;52.43643188;1.2;80.00%;99.79%;0.05;141.2545624;3;153.7527771;0.03;0.02;65.00102997;0.752399827;98.00%;2.253427029;0.1;0.1;2.5;80.00%;0.9;0.85;20643.7898863;3189.2189236;23833.0088099;10.8968421;1000;0.2;800
61.03%;2.36%;21.45%;1.99%;0.29%;0.87%;0.21%;0.59%;0.08%;11.13%;258.3898627;61.3128187;15.1329321;5625.6655819;94.87%;708.6584979;374.1944303;17.1558187;22.3506021;0.0000000;5.5652999;21.1271766;14.6121888;474.1374599;519.8063485;513.5502143;393.6160941;;58.00368118;1.2;80.00%;99.52%;0.05;144.1185303;3;146.8008423;0.03;0.02;52.66103745;0.812976242;98.00%;2.458796501;0.1;0.1;2.5;80.00%;0.9;0.85;8577.9093668;1584.5382442;10162.4476110;25.8601695;1000;0.2;800
49.77%;4.65%;21.47%;2.55%;1.12%;0.60%;0.01%;0.10%;0.15%;19.60%;210.7170812;46.5715128;28.3351087;3974.2817776;89.32%;544.1462793;298.2020342;43.9226230;44.0382626;0.3427898;10.9655274;41.6276996;24.4021516;539.5348369;626.4477976;494.4683686;473.0874731;;70.26470184;1.2;80.00%;99.91%;0.05;149.6238251;3;159.9581146;0.03;0.02;52.12236404;0.814734468;98.00%;2.074632168;0.1;0.1;2.5;80.00%;0.9;0.85;21961.3115166;3122.0774726;25083.3889892;10.7032258;1000;0.2;800
55.68%;6.59%;12.17%;2.50%;0.38%;0.64%;0.25%;0.58%;0.03%;21.18%;235.7389408;49.5295056;39.8401410;5009.6026558;86.71%;590.9514364;329.7492410;41.7855219;62.4112152;0.1595804;15.5403926;58.9949550;44.2409847;681.9110296;577.6918867;320.0026625;436.5893353;;56.03982162;1.2;80.00%;99.99%;0.05;145.9453888;3;154.0184784;0.03;0.02;51.47201157;0.818096521;98.00%;2.317570448;0.1;0.1;2.5;80.00%;0.9;0.85;20892.7609657;4424.6216224;25317.3825881;8.4491654;1000;0.2;800
51.62%;6.12%;24.05%;1.22%;0.94%;0.57%;0.10%;0.26%;0.03%;15.09%;218.5496430;59.0745870;37.0252079;5149.6874989;83.89%;530.0541601;296.6574602;42.9448193;57.9600359;0.2931834;14.4320490;54.7874240;36.3888963;624.3058969;741.0054378;518.9543599;559.0630996;;74.07595825;1.2;80.00%;96.80%;0.05;144.0713043;3;154.1472168;0.03;0.02;61.93297577;0.768659972;98.00%;2.496350288;0.1;0.1;2.5;80.00%;0.9;0.85;21472.4096269;4109.0568026;25581.4664296;8.4346405;1000;0.2;800
52.95%;7.40%;21.99%;2.75%;0.88%;0.32%;0.25%;0.56%;0.14%;12.75%;224.1806199;71.3583832;44.6378559;4688.2796387;84.35%;546.6857627;310.1983319;43.2313561;70.0823964;0.2628446;17.4505167;66.2462317;46.0524563;711.6411053;774.8344625;471.3966788;584.6367258;;62.09493256;1.2;80.00%;99.99%;0.05;148.3447723;3;156.628952;0.03;0.02;67.6200943;0.737878220;98.00%;2.048433781;0.1;0.1;2.5;80.00%;0.9;0.85;21615.6780622;4968.4673757;26584.1454379;7.1554054;1000;0.2;800
52.99%;3.41%;15.83%;2.03%;0.52%;0.64%;0.15%;0.18%;0.05%;24.19%;224.3499725;60.2192015;21.1530320;4353.8017801;91.41%;592.8765613;318.6139711;38.5217921;32.2947259;0.1452053;8.0413868;30.5269797;20.3055778;485.5528627;476.3474639;415.8179450;360.6750820;;72.76760864;1.2;80.00%;98.79%;0.05;148.2951355;3;147.8813782;0.03;0.02;58.4990387;0.785629850;98.00%;2.096158028;0.1;0.1;2.5;80.00%;0.9;0.85;19260.8960349;2289.5234799;21550.4195148;15.5395894;1000;0.2;800
62.70%;2.03%;14.75%;1.47%;0.34%;0.70%;0.05%;0.54%;0.06%;17.38%;265.4603374;60.8044095;13.2259659;6666.9418264;96.00%;736.7595040;387.3914480;8.6219673;19.2253060;0.0000000;4.7871012;18.1729527;11.8445522;466.3044585;379.8563936;391.9935907;288.7628988;;54.70752716;1.2;80.00%;99.99%;0.05;146.4455109;3;147.6095581;0.03;0.02;50.92341232;0.820547668;98.00%;2.866169214;0.1;0.1;2.5;80.00%;0.9;0.85;4310.9836494;1362.9714558;5673.9551051;30.8866995;1000;0.2;800
57.99%;5.03%;16.47%;2.65%;0.47%;0.61%;0.25%;0.24%;0.07%;16.23%;245.5190585;77.8130038;30.8314988;6203.3623364;90.09%;639.4723736;348.9138863;40.3221169;47.6370884;0.0729120;11.8616350;45.0295332;32.3285210;607.6812826;567.1233598;401.6563176;429.1113802;;55.8278656;1.2;80.00%;100.00%;0.05;149.2844543;3;152.9757843;0.03;0.02;65.12499237;0.751837784;98.00%;2.565887928;0.1;0.1;2.5;80.00%;0.9;0.85;20161.0584704;3377.2149865;23538.2734569;11.5288270;1000;0.2;800
62.00%;7.38%;18.18%;0.81%;1.34%;0.74%;0.08%;0.29%;0.15%;9.04%;262.4966654;58.0737615;44.6057653;6201.8663337;85.23%;646.8026983;361.5779114;31.5246524;69.8929845;0.0000000;17.4033531;66.0671878;42.2289632;756.2657702;698.3671435;386.7113119;527.2836507;;57.65537643;1.2;80.00%;98.38%;0.05;141.0892334;3;145.6602325;0.03;0.02;54.03209686;0.806881313;98.00%;2.560754776;0.1;0.1;2.5;80.00%;0.9;0.85;15762.3262062;4955.0390855;20717.3652918;8.4010840;1000;0.2;800
60.56%;7.61%;12.76%;2.34%;0.45%;0.50%;0.22%;0.18%;0.10%;15.27%;256.3999686;72.3402517;46.0003805;7453.7076289;85.55%;634.1606140;356.0369620;41.8625337;72.0712212;0.0032476;17.9457341;68.1261923;50.9991341;764.9996251;630.3367957;305.1651019;476.3870329;;55.44514847;1.2;80.00%;99.60%;0.05;142.788147;3;148.687027;0.03;0.02;62.7910614;0.764277740;98.00%;2.946007252;0.1;0.1;2.5;80.00%;0.9;0.85;20931.2668437;5109.4644229;26040.7312666;7.9579501;1000;0.2;800
55.27%;2.25%;15.64%;0.87%;0.58%;0.88%;0.07%;0.36%;0.04%;24.04%;234.0030757;73.5313762;14.4309079;6317.7217812;93.78%;634.4346960;335.6387017;37.6805207;21.3088367;0.0483999;5.3059003;20.1424353;11.5029766;432.7016423;406.3553616;413.9220483;308.4110375;;55.18988419;1.2;80.00%;98.64%;0.05;140.5493011;3;144.8911133;0.03;0.02;63.3658371;0.761252098;98.00%;2.856738806;0.1;0.1;2.5;80.00%;0.9;0.85;18840.2603309;1510.6826480;20350.9429789;24.5644444;1000;0.2;800
57.40%;3.98%;14.43%;2.33%;1.24%;0.51%;0.20%;0.16%;0.05%;19.70%;243.0211063;55.9647613;24.5452971;4556.9762917;89.67%;630.0220965;339.8943343;39.9982712;37.6929646;0.1178686;9.3855482;35.6297300;18.6351319;538.1463246;496.2488496;397.0925754;375.6840439;;64.8674469;1.2;80.00%;97.46%;0.05;141.2836304;3;153.9006195;0.03;0.02;53.59074783;0.808655820;98.00%;2.109989166;0.1;0.1;2.5;80.00%;0.9;0.85;19999.1355964;2672.2297507;22671.3653471;14.4221106;1000;0.2;800
53.96%;7.69%;23.09%;0.26%;0.49%;0.36%;0.09%;0.42%;0.08%;13.56%;228.4567752;50.8950238;46.2690345;4318.9604056;83.32%;550.3077615;313.0526035;43.2940807;72.8288687;0.1830851;18.1343883;68.8423678;51.2531066;730.9092928;770.9234079;449.0982614;581.3920244;;63.52046204;1.2;80.00%;99.08%;0.05;144.7493744;3;149.5099487;0.03;0.02;55.0513382;0.801914010;98.00%;2.022614956;0.1;0.1;2.5;80.00%;0.9;0.85;21647.0403350;5163.1775837;26810.2179187;7.0169051;1000;0.2;800
50.35%;5.80%;22.32%;1.21%;0.89%;0.56%;0.15%;0.22%;0.14%;18.36%;213.1726952;72.0503872;35.1906217;5376.5947745;85.82%;528.8700855;294.8985437;39.8039170;54.9294458;0.2058628;13.6774320;51.9227221;34.4930063;604.0496722;685.0417025;482.2554362;517.1532739;;63.01168442;1.2;80.00%;98.63%;0.05;144.4456024;3;144.3184357;0.03;0.02;69.16835022;0.729146248;98.00%;2.498691559;0.1;0.1;2.5;80.00%;0.9;0.85;19901.9585039;3894.2041594;23796.1626632;8.6810345;1000;0.2;800
59.67%;6.42%;13.37%;2.99%;1.12%;0.87%;0.28%;0.43%;0.05%;14.79%;252.6318713;60.0672036;38.9444338;6421.9252199;87.16%;636.5960860;352.6559521;41.2926930;60.8012142;0.0630688;15.1395023;57.4730821;37.1012932;692.5387230;604.7299013;353.2352027;457.0909424;;58.54890442;1.2;80.00%;99.20%;0.05;141.9823303;3;153.5096436;0.03;0.02;55.85984039;0.798503841;98.00%;2.730197191;0.1;0.1;2.5;80.00%;0.9;0.85;20646.3465200;4310.4811557;24956.8276757;9.2943925;1000;0.2;800
52.32%;2.80%;12.67%;2.21%;1.20%;0.56%;0.01%;0.50%;0.12%;27.62%;221.5133150;68.7039123;17.5746390;4376.8132584;90.43%;579.1372077;309.2538204;41.1099867;26.5176635;0.2475892;6.6028982;25.0661417;10.4890375;441.0867478;421.5178169;401.0579848;319.6949933;;70.32312012;1.2;80.00%;96.53%;0.05;142.1147614;3;154.6463013;0.03;0.02;64.15641785;0.756776851;98.00%;2.104728222;0.1;0.1;2.5;80.00%;0.9;0.85;20554.9933493;1879.9606287;22434.9539780;18.6857143;1000;0.2;800
50.84%;6.94%;12.63%;1.25%;1.21%;0.89%;0.26%;0.41%;0.14%;25.42%;215.2472656;71.7462292;41.9019812;4787.8651343;84.65%;526.7680028;298.1846341;39.9415099;65.7259231;0.2026772;16.3657549;62.1282227;40.1121144;673.9623008;585.6205551;312.0168799;442.5824413;;59.85376358;1.2;80.00%;99.94%;0.05;148.1289063;3;145.3558044;0.03;0.02;69.14461517;0.729197302;98.00%;2.163994789;0.1;0.1;2.5;80.00%;0.9;0.85;19970.7549310;4659.6167010;24630.3716320;7.3256484;1000;0.2;800
54.68%;1.70%;15.79%;1.74%;0.73%;0.27%;0.24%;0.50%;0.07%;24.28%;231.5051236;58.6904026;11.1437727;5662.7281109;96.13%;643.3623868;338.0375897;35.5781812;16.1000100;0.0473514;4.0089025;15.2187289;6.3569156;403.1471626;377.3084923;417.5981951;286.4762250;;60.88469315;1.2;80.00%;99.99%;0.05;149.7665558;3;145.7814331;0.03;0.02;54.61332321;0.804225832;98.00%;2.706847668;0.1;0.1;2.5;80.00%;0.9;0.85;17789.0905922;1141.4046674;18930.4952596;32.1647059;1000;0.2;800
56.88%;5.26%;18.09%;2.80%;0.69%;0.32%;0.15%;0.31%;0.05%;15.46%;240.8195214;76.9027366;32.1564770;5666.5190512;89.14%;620.5773480;340.0638852;42.6904894;49.8153250;0.1534163;12.4040159;47.0885377;32.2186919;612.9677392;605.9298938;428.5139858;458.2081107;;70.92472076;1.2;80.00%;99.63%;0.05;148.3764648;3;157.6741486;0.03;0.02;65.77846527;0.748256151;98.00%;2.380587339;0.1;0.1;2.5;80.00%;0.9;0.85;21345.2447044;3531.6403238;24876.8850282;10.8136882;1000;0.2;800
54.20%;1.76%;15.87%;0.71%;0.65%;0.59%;0.05%;0.05%;0.12%;25.98%;229.4728913;70.0418217;11.5334824;5095.9076923;95.97%;636.6490258;334.8794466;40.3948769;16.6682456;0.1676818;4.1503932;15.7558605;7.4273950;403.3205881;363.6846746;401.9928544;276.4894312;;55.77642441;1.2;80.00%;100.00%;0.05;146.4799652;3;156.9999542;0.03;0.02;61.4606781;0.771077182;98.00%;2.354304314;0.1;0.1;2.5;80.00%;0.9;0.85;20197.4384363;1181.6895380;21379.1279743;30.7954545;1000;0.2;800
53.86%;6.68%;23.02%;1.43%;1.10%;0.50%;0.20%;0.47%;0.12%;12.63%;228.0333935;59.8532785;40.3758639;6391.5854336;85.72%;565.1016169;316.8494623;39.4590240;63.2635686;0.0952074;15.7526286;59.8006524;39.1267038;675.4266903;739.1077391;477.8777546;557.6045711;;50.64698029;1.2;80.00%;99.58%;0.05;141.4377899;3;141.9380493;0.03;0.02;60.09122086;0.778075078;98.00%;2.917999744;0.1;0.1;2.5;80.00%;0.9;0.85;19729.5120023;4485.0489284;24214.5609307;8.0628743;1000;0.2;800
55.38%;4.39%;23.15%;2.78%;0.90%;0.44%;0.15%;0.54%;0.06%;12.21%;234.4687956;61.1512269;26.9332515;4502.0962030;87.84%;595.3973247;323.6737097;38.2482904;41.5759081;0.0794915;10.3524011;39.3001293;24.2967410;547.4329244;674.0999894;552.4632246;508.9550544;;72.68477631;1.2;80.00%;96.61%;0.05;145.40625;3;143.1444092;0.03;0.02;58.92090607;0.783641527;98.00%;2.101237297;0.1;0.1;2.5;80.00%;0.9;0.85;19124.1451813;2947.5096999;22071.6548812;12.6150342;1000;0.2;800
59.61%;3.82%;18.98%;0.26%;1.22%;0.50%;0.16%;0.19%;0.11%;15.14%;252.3778423;55.0901960;23.6541861;5932.8013156;91.77%;669.5627570;359.6294088;35.2480934;36.1776695;0.0000000;9.0082397;34.1973791;17.6471869;546.4103925;515.6273981;422.3396533;390.2547806;;66.03560638;1.2;80.00%;99.12%;0.05;146.2697754;3;148.1560822;0.03;0.02;50.80725479;0.821029933;98.00%;2.655077219;0.1;0.1;2.5;80.00%;0.9;0.85;17624.0466783;2564.8034291;20188.8501074;15.6047120;1000;0.2;800
62.46%;4.94%;19.19%;2.27%;0.40%;0.33%;0.25%;0.07%;0.03%;10.05%;264.4442213;91.4978547;30.4334226;7920.3234091;90.91%;694.9997501;377.2331412;40.5033268;46.7847349;0.0000000;11.6493990;44.2238357;32.2428019;627.7618795;592.3134340;427.3988103;448.3314991;;56.76203537;1.2;80.00%;100.00%;0.05;146.7376556;3;156.811203;0.03;0.02;67.95469666;0.736143699;98.00%;2.99104166;0.1;0.1;2.5;80.00%;0.9;0.85;20251.6633952;3316.7876806;23568.4510757;12.6437247;1000;0.2;800
50.46%;1.65%;14.31%;2.77%;0.61%;0.83%;0.23%;0.14%;0.14%;28.87%;213.6384151;75.7435981;10.8451514;6139.5468531;95.71%;591.1227058;311.0569924;36.6095521;15.6264803;0.1915426;3.8909936;14.7711192;6.9581828;375.8887705;373.6291801;422.3648083;283.8480572;;51.21993256;1.2;80.00%;99.78%;0.05;141.2922363;3;149.559433;0.03;0.02;66.98295593;0.741604585;98.00%;2.920860291;0.1;0.1;2.5;80.00%;0.9;0.85;18304.7760585;1107.8339419;19412.6100004;30.5818182;1000;0.2;800
60.72%;5.59%;22.58%;0.29%;1.29%;0.28%;0.18%;0.50%;0.04%;8.51%;257.0773794;59.6659857;34.0754976;5348.4045006;87.79%;652.4556907;357.6356854;42.0880306;52.9406211;0.0626239;13.1822146;50.0427615;29.7863285;648.2119070;670.1505196;469.0686430;506.2101402;;67.735672;1.2;80.00%;98.03%;0.05;143.1762238;3;155.5381927;0.03;0.02;54.69852448;0.803814203;98.00%;2.290747166;0.1;0.1;2.5;80.00%;0.9;0.85;21044.0152880;3753.2071122;24797.2224002;10.8622540;1000;0.2;800
49.30%;5.23%;16.84%;1.75%;0.88%;0.68%;0.28%;0.58%;0.06%;24.41%;208.7271871;53.5356936;31.7482794;5557.5970295;86.42%;521.5018460;288.8105460;39.7968643;49.5312072;0.3067365;12.3332706;46.8199718;30.4834522;565.6335121;587.5252935;420.8591268;443.8544379;;72.67793274;1.2;80.00%;98.18%;0.05;146.1065979;3;152.289444;0.03;0.02;58.94425964;0.783728563;98.00%;2.853959799;0.1;0.1;2.5;80.00%;0.9;0.85;19898.4321674;3511.4978885;23409.9300559;9.4263862;1000;0.2;800
57.49%;3.90%;14.72%;2.29%;1.10%;0.39%;0.23%;0.13%;0.10%;19.66%;243.4021499;57.4567393;24.0969589;6531.7702183;91.26%;642.2117135;345.8711736;39.6572277;36.9353170;0.0948397;9.1968939;34.9135545;19.1811594;538.8919758;481.5379928;385.9865031;364.6967650;;73.26774597;1.2;80.00%;99.02%;0.05;147.9024963;3;153.9921265;0.03;0.02;53.90214157;0.807472389;98.00%;2.975389481;0.1;0.1;2.5;80.00%;0.9;0.85;19828.6138709;2618.5165899;22447.1304608;14.7410256;1000;0.2;800
49.30%;2.53%;19.89%;1.96%;1.10%;0.66%;0.06%;0.25%;0.06%;24.18%;208.7271871;51.4146611;15.8977387;3833.3598390;93.95%;566.9339289;301.8342614;39.1325954;23.9606031;0.2334805;5.9661902;22.6490495;9.3518803;418.8368071;489.0967197;485.8336806;370.1000460;;50.72057724;1.2;80.00%;100.00%;0.05;145.7147064;3;150.0851593;0.03;0.02;54.22412109;0.805212270;98.00%;2.011931896;0.1;0.1;2.5;80.00%;0.9;0.85;19566.2977145;1698.6787109;21264.9764254;19.4861660;1000;0.2;800
56.46%;2.41%;24.98%;2.51%;1.31%;0.39%;0.29%;0.40%;0.09%;11.18%;239.0413182;61.7344140;15.3167635;5210.6241553;90.84%;627.7445630;332.7380502;34.5700191;22.8241318;0.0241469;5.6832088;21.5747863;6.8109216;440.0348669;608.6951383;606.4565064;459.9709561;;73.56423187;1.2;80.00%;95.74%;0.05;145.0442657;3;141.1561584;0.03;0.02;57.36609268;0.791338537;98.00%;2.462388992;0.1;0.1;2.5;80.00%;0.9;0.85;17285.0095324;1618.1089697;18903.1185020;23.4273859;1000;0.2;800
53.07%;7.42%;17.51%;2.19%;0.98%;0.40%;0.07%;0.35%;0.12%;17.89%;224.6886779;55.4172370;44.6908415;4791.4304932;84.07%;546.1029770;309.8801159;41.9230705;70.2718083;0.1425986;17.4976803;66.4252755;45.3959494;712.1922529;695.3538186;390.4189983;524.7092205;;62.22622299;1.2;80.00%;99.63%;0.05;147.2375183;3;143.9707336;0.03;0.02;58.50003052;0.785794216;98.00%;2.230653048;0.1;0.1;2.5;80.00%;0.9;0.85;20961.5352338;4981.8956659;25943.4308998;7.1522911;1000;0.2;800
49.64%;6.96%;24.01%;2.21%;1.40%;0.60%;0.08%;0.59%;0.12%;14.39%;210.1666850;65.6432949;41.9672682;5473.3366625;83.38%;506.5980117;287.8424419;41.0735638;65.9153350;0.2167969;16.4129184;62.3072665;38.7356075;665.4631551;788.9774161;516.3737351;594.9548043;;57.23446274;1.2;80.00%;98.90%;0.05;142.6453552;3;142.5173645;0.03;0.02;67.37918854;0.739356192;98.00%;2.595921993;0.1;0.1;2.5;80.00%;0.9;0.85;20536.7819247;4673.0449912;25209.8269159;7.1321839;1000;0.2;800
59.27%;6.71%;22.96%;2.79%;0.57%;0.91%;0.10%;0.42%;0.10%;6.16%;250.9383444;68.8665216;40.6719923;6605.8888655;86.15%;624.9995060;347.8506307;41.8409853;63.5476865;0.0192501;15.8233739;60.0692182;43.5819435;704.7286285;774.1080317;505.8891857;584.1418899;;74.62498474;1.2;80.00%;98.75%;0.05;149.1339111;3;146.9429779;0.03;0.02;61.53150558;0.770789534;98.00%;2.73369503;0.1;0.1;2.5;80.00%;0.9;0.85;20920.4926715;4505.1913637;25425.6840352;8.8330849;1000;0.2;800
54.79%;7.07%;15.42%;1.00%;0.56%;0.41%;0.21%;0.35%;0.03%;20.15%;231.9708435;53.0078948;42.6562403;6263.7055808;85.39%;572.6311691;322.1795442;40.9766153;66.9571003;0.1249220;16.6723180;63.2920078;46.2448197;703.0912158;623.2643705;337.3215692;470.7037070;;63.40044022;1.2;80.00%;99.81%;0.05;148.1343689;3;147.2541809;0.03;0.02;55.15604019;0.801759752;98.00%;2.881299496;0.1;0.1;2.5;80.00%;0.9;0.85;20488.3076429;4746.9005874;25235.2082302;7.7496464;1000;0.2;800
52.81%;6.40%;12.44%;2.88%;0.37%;0.52%;0.30%;0.38%;0.13%;23.79%;223.5878854;73.1339098;38.7632677;5625.0179752;85.58%;553.2161109;309.7371162;41.1060017;60.6118023;0.2361770;15.0923388;57.2940382;42.9578000;652.8203283;581.8093502;339.5853279;439.8809786;;61.13311005;1.2;80.00%;99.10%;0.05;142.9193726;3;153.658905;0.03;0.02;68.09761047;0.735302868;98.00%;2.491699934;0.1;0.1;2.5;80.00%;0.9;0.85;20553.0008416;4297.0528655;24850.0537071;8.2515625;1000;0.2;800
58.25%;3.46%;13.56%;2.66%;1.07%;0.33%;0.17%;0.15%;0.02%;20.32%;246.6198509;78.8432527;21.6203552;7080.2102075;93.05%;663.4150053;355.2262546;20.3408774;32.7682556;0.0000000;8.1592956;30.9745894;16.2643106;521.2894808;437.0694684;366.6350977;331.5968007;;50.05624008;1.2;80.00%;100.00%;0.05;146.2934113;3;140.423996;0.03;0.02;64.27451324;0.756429928;98.00%;2.969338417;0.1;0.1;2.5;80.00%;0.9;0.85;10170.4386766;2323.0942054;12493.5328820;16.8352601;1000;0.2;800
54.47%;1.51%;15.07%;0.99%;0.43%;0.28%;0.14%;0.49%;0.04%;26.59%;230.6160220;57.0779837;10.0097052;5825.6918287;95.60%;637.3573967;334.2085898;38.7133707;14.3005971;0.1523478;3.5608487;13.5178121;7.3937309;388.3686167;351.8448549;405.2955462;267.4366760;;72.23735809;1.2;80.00%;99.06%;0.05;147.3848114;3;155.1231384;0.03;0.02;53.93441391;0.807310785;98.00%;2.831755161;0.1;0.1;2.5;80.00%;0.9;0.85;19356.6853538;1013.8359105;20370.5212643;36.0728477;1000;0.2;800
59.42%;4.70%;24.70%;2.37%;0.68%;0.71%;0.19%;0.30%;0.13%;6.80%;251.5734170;67.7534573;28.8714478;5634.3536044;90.33%;656.9720137;356.5969823;19.2950012;44.5117923;0.0000000;11.0834363;42.0753093;28.2808844;595.1824977;687.4719058;540.7092885;519.2478675;;68.67739105;1.2;80.00%;99.33%;0.05;149.7268372;3;140.150589;0.03;0.02;59.11328125;0.782902763;98.00%;2.390740395;0.1;0.1;2.5;80.00%;0.9;0.85;9647.5006191;3155.6481981;12803.1488172;12.6425532;1000;0.2;800
62.08%;6.01%;24.14%;1.90%;1.03%;0.87%;0.19%;0.45%;0.01%;3.32%;262.8353707;85.6453518;36.6841657;6031.9851747;88.73%;674.1965643;370.5914565;43.2128772;56.9182706;0.0380387;14.1726494;53.8026828;34.8796841;684.3014245;735.1464401;506.0445548;555.3452173;;63.42935562;1.2;80.00%;99.69%;0.05;145.3152466;3;158.375473;0.03;0.02;66.67253876;0.743332550;98.00%;2.296768427;0.1;0.1;2.5;80.00%;0.9;0.85;21606.4385841;4035.2012065;25641.6397906;10.3294509;1000;0.2;800
62.60%;5.99%;18.34%;2.10%;0.35%;0.85%;0.16%;0.52%;0.13%;8.95%;265.0369557;66.8530849;36.4754440;6208.5422600;86.54%;663.0854749;364.6834791;43.7466076;56.7288587;0.0754579;14.1254858;53.6236389;40.1761910;677.8586655;670.8216193;444.3066147;506.8626434;;70.08023834;1.2;80.00%;97.07%;0.05;141.8300323;3;159.8116455;0.03;0.02;58.28928375;0.786948873;98.00%;2.540462971;0.1;0.1;2.5;80.00%;0.9;0.85;21873.3037803;4021.7729163;25895.0766966;10.4507513;1000;0.2;800
51.20%;6.45%;15.57%;2.15%;1.19%;0.31%;0.08%;0.17%;0.03%;22.85%;216.7714398;45.3756495;38.9240245;5460.9569769;85.71%;537.1603898;301.4988420;42.6531380;61.0853320;0.2453167;15.2102477;57.7416479;36.7565328;647.9877826;609.2040143;365.5979322;460.0301345;;54.19001007;1.2;80.00%;99.79%;0.05;142.7086182;3;151.1783447;0.03;0.02;51.77463531;0.816841864;98.00%;2.754842758;0.1;0.1;2.5;80.00%;0.9;0.85;21326.5689884;4330.6235910;25657.1925794;7.9379845;1000;0.2;800
58.48%;2.05%;18.82%;2.05%;1.00%;0.71%;0.26%;0.32%;0.11%;16.19%;247.5936289;58.6309644;13.2420738;6310.7316597;93.58%;669.8269270;353.0015442;38.0192325;19.4147179;0.0781659;4.8342648;18.3519966;6.7080453;437.1057055;472.6861998;489.3766022;358.1546024;;66.53132629;1.2;80.00%;97.77%;0.05;142.2581635;3;155.2262573;0.03;0.02;53.09524536;0.811078129;98.00%;2.912098408;0.1;0.1;2.5;80.00%;0.9;0.85;19009.6162648;1376.3997460;20386.0160108;28.5268293;1000;0.2;800
49.20%;1.64%;21.70%;1.00%;1.21%;0.57%;0.14%;0.15%;0.04%;24.34%;208.3038054;64.0911057;10.6840174;5308.7756824;91.53%;551.2212673;290.4099785;37.9596167;15.5317743;0.2947222;3.8674118;14.6815973;2.0864363;356.6233834;490.0175688;543.7877894;370.9318527;;68.22384644;1.2;80.00%;95.48%;0.05;140.4944763;3;151.7043915;0.03;0.02;63.4728775;0.760641866;98.00%;2.758651495;0.1;0.1;2.5;80.00%;0.9;0.85;18979.8083662;1101.1197968;20080.9281630;30.0000000;1000;0.2;800
50.96%;1.65%;18.24%;0.89%;0.62%;0.31%;0.29%;0.60%;0.09%;26.36%;215.7553237;49.4728968;10.7503724;4964.1428315;96.01%;598.8438922;314.8751030;37.6389616;15.6264803;0.2461870;3.8909936;14.7711192;6.8781828;379.5959093;402.9343824;451.0167672;305.5936481;;50.10676193;1.2;80.00%;100.00%;0.05;144.8948975;3;156.8424377;0.03;0.02;50.93716812;0.820385878;98.00%;2.582244873;0.1;0.1;2.5;80.00%;0.9;0.85;18819.4808111;1107.8339419;19927.3147530;30.8848485;1000;0.2;800
59.01%;5.00%;13.18%;1.08%;0.57%;0.30%;0.08%;0.45%;0.08%;20.25%;249.8375520;70.3002157;30.6425497;5138.5165196;90.32%;652.3913757;355.4042399;29.1564427;47.3529705;0.0000000;11.7908897;44.7609673;31.3132813;611.3964863;486.4532801;321.7036693;368.4984812;;54.94340134;1.2;80.00%;100.00%;0.05;148.7527924;3;143.2238617;0.03;0.02;60.7064743;0.774916203;98.00%;2.15481329;0.1;0.1;2.5;80.00%;0.9;0.85;14578.2213622;3357.0725512;17935.2939134;11.8020000;1000;0.2;800
59.61%;4.75%;22.48%;2.26%;0.40%;0.52%;0.11%;0.32%;0.12%;9.41%;252.3778423;77.3031876;29.2079392;7190.9477158;90.40%;659.5632043;358.1793118;35.0554989;44.9853220;0.0000000;11.2013452;42.5229190;30.8796172;599.2914091;648.3875917;498.5330993;490.0625626;;67.3015976;1.2;80.00%;99.49%;0.05;148.3211517;3;146.9245605;0.03;0.02;63.77184677;0.759110231;98.00%;2.944885254;0.1;0.1;2.5;80.00%;0.9;0.85;17527.7494300;3189.2189236;20716.9683536;12.5494737;1000;0.2;800
56.19%;3.02%;18.30%;1.45%;1.07%;0.39%;0.18%;0.19%;0.02%;19.20%;237.8981875;83.4423763;19.0031740;6841.0868921;91.88%;631.9541612;337.3724732;39.4655488;28.6011942;0.1269148;7.1216974;27.0356243;13.1074619;479.5162681;489.4936777;449.8419469;370.9610421;;67.20359039;1.2;80.00%;98.12%;0.05;143.4326477;3;153.79216;0.03;0.02;68.05916595;0.735547595;98.00%;2.943267107;0.1;0.1;2.5;80.00%;0.9;0.85;19732.7744172;2027.6718209;21760.4462381;18.6059603;1000;0.2;800
55.56%;7.29%;22.64%;2.71%;1.22%;0.74%;0.07%;0.11%;0.03%;9.63%;235.2308827;62.6745396;43.9854069;6094.2953554;83.61%;568.5788852;320.9944917;41.3179161;69.0406311;0.0767352;17.1911171;65.2614904;42.5432441;714.5231994;792.0340546;493.0536737;597.3357120;;74.88921356;1.2;80.00%;98.02%;0.05;148.7838745;3;141.7409515;0.03;0.02;61.54434586;0.770715797;98.00%;2.695758343;0.1;0.1;2.5;80.00%;0.9;0.85;20658.9580365;4894.6117796;25553.5698161;7.6213992;1000;0.2;800
59.65%;6.33%;24.40%;2.40%;0.37%;0.39%;0.14%;0.05%;0.11%;6.17%;252.5471950;69.0663246;38.4327667;5705.9445434;85.45%;623.8998457;345.8291183;32.8109128;59.9488607;0.0000000;14.9272663;56.6673847;42.4555741;680.7708827;772.3297583;527.6896370;582.7831328;;70.28610229;1.2;80.00%;97.09%;0.05;145.5710449;3;140.9373932;0.03;0.02;61.69672012;0.769921069;98.00%;2.386647224;0.1;0.1;2.5;80.00%;0.9;0.85;16405.4564223;4250.0538498;20655.5102721;9.4233807;1000;0.2;800
54.90%;7.57%;21.58%;2.31%;0.42%;0.69%;0.08%;0.31%;0.08%;12.07%;232.4365634;46.6285608;45.5703264;4418.0090100;84.61%;568.5356011;321.9500162;45.5441709;71.6923974;0.2362127;17.8514070;67.7681046;50.9521479;731.8736990;770.4701060;454.7634400;581.1289119;;52.03068542;1.2;80.00%;100.00%;0.05;145.6647949;3;158.7513275;0.03;0.02;50.62551498;0.821533911;98.00%;2.066737652;0.1;0.1;2.5;80.00%;0.9;0.85;22772.0854621;5082.6078425;27854.6933045;7.2523118;1000;0.2;800
51.77%;4.93%;12.68%;2.65%;0.77%;0.39%;0.08%;0.49%;0.06%;26.16%;219.1847156;59.6230247;30.0580353;4914.2987171;88.27%;559.3279064;307.1678090;38.9776069;46.6900290;0.1282674;11.6258172;44.1343138;29.2110553;564.0595810;509.5806155;357.7650265;385.4485377;;57.13373566;1.2;80.00%;98.97%;0.05;143.0115967;3;141.3477783;0.03;0.02;60.30444717;0.776902941;98.00%;2.369658232;0.1;0.1;2.5;80.00%;0.9;0.85;19488.8034692;3310.0735355;22798.8770046;10.5010142;1000;0.2;800
61.60%;7.77%;24.84%;2.18%;1.37%;0.41%;0.19%;0.40%;0.12%;1.11%;260.8031385;63.2513721;46.9219798;5752.3751333;85.59%;645.3720073;362.3672650;37.5783607;73.5865162;0.0000000;18.3230425;69.5585433;44.7870791;780.0227949;830.5809857;494.5428746;626.5048624;;68.63414764;1.2;80.00%;99.69%;0.05;149.4491272;3;148.7943115;0.03;0.02;57.2494812;0.791936787;98.00%;2.310202599;0.1;0.1;2.5;80.00%;0.9;0.85;18789.1803667;5216.8907445;24006.0711112;7.9279279;1000;0.2;800
56.09%;3.04%;22.10%;2.73%;0.84%;0.49%;0.19%;0.06%;0.07%;14.39%;237.4748058;67.9965567;19.0490570;4399.6092265;91.01%;624.8264500;333.6881968;37.2763883;28.7906061;0.0626154;7.1688609;27.2146681;15.0909550;477.4852477;579.7152675;539.0403264;438.3445798;;69.83480835;1.2;80.00%;97.21%;0.05;144.6233368;3;145.5591888;0.03;0.02;61.02467728;0.773097912;98.00%;2.008450031;0.1;0.1;2.5;80.00%;0.9;0.85;18638.1941563;2041.1001111;20679.2942674;18.4506579;1000;0.2;800
55.90%;4.15%;21.72%;2.77%;0.91%;0.44%;0.13%;0.14%;0.03%;13.80%;236.6703805;58.6343833;25.5430823;5271.1835968;90.57%;619.6772552;335.2368642;40.7259786;39.3029656;0.1304920;9.7864384;37.1516029;22.4948235;543.7359164;613.0818871;504.3813737;463.3119687;;59.96419525;1.2;80.00%;99.01%;0.05;142.1943817;3;153.2749481;0.03;0.02;55.95116425;0.798025324;98.00%;2.43341732;0.1;0.1;2.5;80.00%;0.9;0.85;20362.9892943;2786.3702175;23149.3595118;13.4698795;1000;0.2;800
50.42%;3.50%;21.67%;0.82%;1.12%;0.28%;0.08%;0.48%;0.13%;21.49%;213.4690624;60.6483666;21.6498687;5086.3482472;91.98%;567.6394922;305.9707074;41.6962347;33.1470794;0.2894871;8.2536228;31.3326771;16.1512969;479.3051273;545.5892961;482.4843608;412.6503143;;52.35752869;1.2;80.00%;100.00%;0.05;147.0194092;3;157.6427002;0.03;0.02;60.39427567;0.776481689;98.00%;2.509992838;0.1;0.1;2.5;80.00%;0.9;0.85;20848.1173395;2349.9507858;23198.0681253;14.4057143;1000;0.2;800
56.25%;4.73%;21.62%;2.74%;0.77%;0.79%;0.03%;0.32%;0.06%;12.70%;238.1522166;70.1437898;28.9938890;4956.5369531;88.74%;610.9853239;333.0545009;40.6382274;44.7959101;0.0727626;11.1541816;42.3438751;27.7761241;575.4207757;655.1387285;511.2847775;494.9061113;;57.50122833;1.2;80.00%;98.18%;0.05;140.4990692;3;146.3521423;0.03;0.02;63.00375366;0.763063506;98.00%;2.182901859;0.1;0.1;2.5;80.00%;0.9;0.85;20319.1137197;3175.7906334;23494.9043531;11.8921776;1000;0.2;800
51.53%;6.93%;19.94%;0.26%;1.33%;0.66%;0.03%;0.35%;0.12%;18.84%;218.1685995;56.9685960;41.7947126;4797.8995515;84.77%;534.6772764;302.1296441;45.7928868;65.6312172;0.3264446;16.3421731;62.0387007;39.0803679;676.4622869;682.3481995;409.8423160;515.1049187;;59.53435135;1.2;80.00%;99.79%;0.05;143.7758789;3;159.8919983;0.03;0.02;60.28213501;0.776988785;98.00%;2.281452179;0.1;0.1;2.5;80.00%;0.9;0.85;22896.4433763;4652.9025559;27549.3459323;7.4357864;1000;0.2;800
58.65%;3.28%;15.70%;1.34%;0.64%;0.74%;0.04%;0.33%;0.08%;19.19%;248.3133778;61.2621293;20.4943004;5118.5454103;92.90%;666.9383662;356.2452629;24.6007175;31.0635487;0.0000000;7.7348236;29.3631946;18.4128725;511.4632886;456.9391788;397.6156846;346.2977327;;51.05085754;1.2;80.00%;99.41%;0.05;140.9714508;3;142.1262512;0.03;0.02;54.85622406;0.803066079;98.00%;2.278810978;0.1;0.1;2.5;80.00%;0.9;0.85;12300.3587600;2202.2395936;14502.5983536;17.8810976;1000;0.2;800
49.31%;5.90%;21.69%;1.29%;0.46%;0.38%;0.19%;0.46%;0.06%;20.28%;208.7695253;52.3311679;35.6753675;4453.7402284;84.63%;510.7729352;285.8489593;38.9178908;55.8765052;0.2247090;13.9132498;52.8179415;38.6504719;601.9763400;686.4949659;479.0028570;517.9460320;;72.29637146;1.2;80.00%;97.77%;0.05;147.1504211;3;142.5109253;0.03;0.02;58.82669067;0.784081506;98.00%;2.289563894;0.1;0.1;2.5;80.00%;0.9;0.85;19458.9453825;3961.3456104;23420.2909929;8.3576271;1000;0.2;800
49.64%;6.78%;19.70%;1.48%;1.49%;0.90%;0.13%;0.32%;0.12%;19.45%;210.1666850;43.2533246;40.8285332;5580.2722638;84.74%;514.8958097;291.2904725;41.3379701;64.2106281;0.2443727;15.9884464;60.6958717;36.7241694;658.2616617;692.5740002;430.2584698;522.4399426;;57.1032486;1.2;80.00%;100.00%;0.05;148.1983185;3;146.8265228;0.03;0.02;51.57082748;0.817733286;98.00%;2.899305344;0.1;0.1;2.5;80.00%;0.9;0.85;20668.9850679;4552.1903794;25221.1754473;7.3215339;1000;0.2;800
56.38%;6.77%;13.94%;1.64%;0.87%;0.77%;0.26%;0.47%;0.13%;18.77%;238.7026128;73.2768482;40.9829626;6280.3836559;84.29%;581.6713062;325.8036335;43.0114120;64.1159221;0.2164753;15.9648646;60.6063498;41.6124229;688.7981897;622.8839433;355.4485521;470.7925642;;69.1576767;1.2;80.00%;97.46%;0.05;142.3011322;3;158.3010254;0.03;0.02;66.37339783;0.744997340;98.00%;2.670009136;0.1;0.1;2.5;80.00%;0.9;0.85;21505.7060235;4545.4762343;26051.1822578;8.3279173;1000;0.2;800
50.64%;6.12%;16.06%;2.44%;0.46%;0.60%;0.08%;0.12%;0.01%;23.48%;214.4005022;64.7192651;37.0473686;5095.6828679;85.46%;529.6879629;296.5025605;43.6343792;57.9600359;0.3115764;14.4320490;54.7874240;40.2288963;624.0901768;615.3203759;393.3266066;464.8850243;;68.44252777;1.2;80.00%;98.90%;0.05;145.2137451;3;155.9986115;0.03;0.02;65.26061249;0.751033681;98.00%;2.414930344;0.1;0.1;2.5;80.00%;0.9;0.85;21817.1895865;4109.0568026;25926.2463891;8.2745098;1000;0.2;800
49.32%;7.64%;20.20%;0.69%;0.25%;0.67%;0.29%;0.20%;0.10%;20.64%;208.8118635;62.8296101;45.9499297;5438.9565841;82.51%;498.1207917;286.0686701;39.4523682;72.3553390;0.2222753;18.0164794;68.3947581;52.8143738;704.1636974;725.8126016;411.2655231;547.5230027;;53.94976044;1.2;80.00%;99.75%;0.05;144.0052185;3;142.3489532;0.03;0.02;66.4122467;0.744749712;98.00%;2.58678937;0.1;0.1;2.5;80.00%;0.9;0.85;19726.1841072;5129.6068582;24855.7909654;6.4554974;1000;0.2;800
53.88%;6.82%;16.26%;1.57%;1.09%;0.31%;0.03%;0.56%;0.10%;19.37%;228.1180698;50.1343141;41.1625056;5022.6948214;85.79%;565.7948657;317.6851201;44.8999733;64.5894518;0.2335035;16.0827735;61.0539595;40.2111557;684.0252218;635.2532610;366.3674588;479.7376742;;60.0061264;1.2;80.00%;99.97%;0.05;146.467804;3;156.6920776;0.03;0.02;53.52688217;0.809067490;98.00%;2.37298727;0.1;0.1;2.5;80.00%;0.9;0.85;22449.9866483;4579.0469598;27029.0336081;7.9002933;1000;0.2;800
53.27%;3.98%;14.93%;1.38%;1.35%;0.82%;0.17%;0.38%;0.04%;23.70%;225.5354413;65.4190666;24.5328228;5035.5154771;91.06%;593.7096257;321.2587204;41.0173222;37.6929646;0.2194197;9.3855482;35.6297300;17.7551319;521.2983235;478.8029079;383.2147738;362.6632398;;64.80586243;1.2;80.00%;99.62%;0.05;145.8777924;3;156.7140198;0.03;0.02;61.51525497;0.770788771;98.00%;2.341601372;0.1;0.1;2.5;80.00%;0.9;0.85;20508.6611157;2672.2297507;23180.8908664;13.3844221;1000;0.2;800
59.83%;2.98%;22.48%;2.14%;1.35%;0.74%;0.03%;0.52%;0.12%;9.81%;253.3092821;68.7365267;18.7879038;6380.6504302;94.10%;689.1267283;366.5612568;41.1561324;28.2223704;0.0183748;7.0273702;26.6775365;10.5804756;503.1058622;562.0568212;519.5574708;425.3363424;;50.9941864;1.2;80.00%;100.00%;0.05;143.2953186;3;154.6479034;0.03;0.02;57.89674759;0.788850415;98.00%;2.731912136;0.1;0.1;2.5;80.00%;0.9;0.85;20578.0662046;2000.8152405;22578.8814451;20.0771812;1000;0.2;800
62.09%;2.28%;23.28%;2.04%;0.76%;0.42%;0.03%;0.36%;0.09%;8.65%;262.8777089;83.0450652;14.7352112;6624.4397878;91.95%;698.7705814;368.9273135;7.7359048;21.5929546;0.0000000;5.3766457;20.4110011;10.2782163;464.1937170;566.2435029;566.6285646;428.6666369;;64.3953476;1.2;80.00%;96.28%;0.05;142.0906372;3;140.1157379;0.03;0.02;64.27398682;0.756429939;98.00%;2.733212233;0.1;0.1;2.5;80.00%;0.9;0.85;3867.9524057;1530.8250833;5398.7774890;27.2324561;1000;0.2;800
62.05%;4.74%;18.42%;2.62%;0.73%;0.83%;0.14%;0.10%;0.11%;10.24%;262.7083562;84.0649098;29.1642538;5805.9917205;85.71%;650.9730511;353.7594363;37.6822371;44.8906161;0.0000000;11.1777634;42.4333970;28.1678707;594.7725509;640.3626610;492.3256416;484.0900186;;73.22890472;1.2;80.00%;93.98%;0.05;141.8846436;3;146.4859314;0.03;0.02;67.26058197;0.740040056;98.00%;2.345646858;0.1;0.1;2.5;80.00%;0.9;0.85;18841.1185584;3182.5047785;22023.6233369;13.0907173;1000;0.2;800
60.04%;2.95%;16.08%;2.44%;0.59%;0.59%;0.16%;0.25%;0.08%;16.82%;254.1983837;59.1634345;18.5507199;5936.8702827;91.62%;673.2795578;358.2319211;22.4638481;27.9382526;0.0000000;6.9566249;26.4089707;16.4452360;494.2273923;480.4515759;440.9428518;363.9300608;;61.40809631;1.2;80.00%;97.27%;0.05;141.5908508;3;142.6212311;0.03;0.02;53.23701096;0.810438662;98.00%;2.666834354;0.1;0.1;2.5;80.00%;0.9;0.85;11231.9240380;1980.6728052;13212.5968432;20.3525424;1000;0.2;800
49.66%;2.52%;15.41%;0.48%;1.38%;0.61%;0.17%;0.19%;0.10%;29.49%;210.2513613;70.2498444;15.9028291;5478.8628796;91.89%;558.5510976;297.5929743;39.7482644;23.8658972;0.3157957;5.9426084;22.5595275;7.0401338;414.5998152;408.7764536;407.3109089;310.1365052;;70.7639389;1.2;80.00%;97.78%;0.05;143.7464142;3;156.8924561;0.03;0.02;66.30955505;0.745320854;98.00%;2.698018074;0.1;0.1;2.5;80.00%;0.9;0.85;19874.1321969;1691.9645658;21566.0967627;19.7063492;1000;0.2;800
60.94%;4.23%;16.07%;2.42%;0.36%;0.54%;0.10%;0.53%;0.12%;14.69%;258.0088191;60.6477437;26.1036953;4672.8691044;90.92%;678.1764624;365.6680560;24.0734646;40.0606131;0.0000000;9.9750927;37.8677784;27.4687960;575.6521270;532.7254658;413.5057413;403.1863787;;63.28887939;1.2;80.00%;98.83%;0.05;144.8197632;3;145.3327942;0.03;0.02;53.84745407;0.807545287;98.00%;2.013500452;0.1;0.1;2.5;80.00%;0.9;0.85;12036.7323165;2840.0833783;14876.8156948;14.4066194;1000;0.2;800
55.20%;4.20%;23.77%;2.04%;0.83%;0.81%;0.15%;0.42%;0.07%;12.53%;233.7067085;83.4943273;25.9328597;6810.2830968;91.23%;616.3649654;333.8715057;37.6425303;39.7764953;0.0162675;9.9043473;37.5992126;23.4935563;545.3497083;639.5931085;527.4541382;483.3709833;;55.74375153;1.2;80.00%;100.00%;0.05;148.6822662;3;140.807663;0.03;0.02;68.97310638;0.730315776;98.00%;2.887108326;0.1;0.1;2.5;80.00%;0.9;0.85;18821.2651671;2819.9409430;21641.2061100;13.1428571;1000;0.2;800
52.77%;7.78%;12.37%;1.12%;0.52%;0.70%;0.17%;0.13%;0.13%;24.29%;223.4185328;63.4246167;46.8242015;5996.1056176;82.38%;532.0780475;304.0884146;41.5153194;73.6812222;0.1763698;18.3466243;69.6480652;51.6588257;728.2482016;622.3049333;296.3230462;469.9982475;;60.22171402;1.2;80.00%;98.61%;0.05;142.9315033;3;145.0753632;0.03;0.02;64.38045502;0.755849025;98.00%;2.719438553;0.1;0.1;2.5;80.00%;0.9;0.85;20757.6597189;5223.6048896;25981.2646086;6.7827763;1000;0.2;800
52.04%;2.57%;14.44%;2.89%;1.27%;0.71%;0.28%;0.08%;0.13%;25.59%;220.3278462;54.7901927;16.1442665;5515.7460703;88.70%;565.0189433;301.0219450;37.0430597;24.3394269;0.2417984;6.0605173;23.0071372;8.2788666;420.9418632;463.5438738;457.9735327;350.9772128;;70.51301575;1.2;80.00%;94.21%;0.05;140.2535858;3;150.6131439;0.03;0.02;56.85646057;0.793791286;98.00%;2.859634876;0.1;0.1;2.5;80.00%;0.9;0.85;18521.5298350;1725.5352913;20247.0651263;20.2490272;1000;0.2;800
57.91%;6.44%;21.27%;2.51%;1.22%;0.58%;0.09%;0.09%;0.07%;9.81%;245.1803531;79.0366487;39.1132491;5346.0921631;87.25%;618.4677292;343.5139409;41.0511568;60.9906261;0.0091514;15.1866659;57.6521259;36.4447863;684.9596579;709.6667361;458.6651543;535.8947862;;65.36425018;1.2;80.00%;99.78%;0.05;149.5119324;3;144.0840759;0.03;0.02;66.88069916;0.742138223;98.00%;2.165446997;0.1;0.1;2.5;80.00%;0.9;0.85;20525.5783802;4323.9094459;24849.4878261;8.9922360;1000;0.2;800
51.32%;2.85%;13.83%;1.91%;0.39%;0.81%;0.05%;0.23%;0.03%;28.58%;217.2794978;66.5884330;17.8695435;6023.8870354;93.21%;585.5158821;312.7163232;39.1870258;26.9911932;0.1730011;6.7208071;25.5137514;17.3277703;447.2247804;410.7597425;385.8941658;311.5534318;;55.97595978;1.2;80.00%;99.72%;0.05;143.7502899;3;148.3194122;0.03;0.02;62.67811966;0.764853668;98.00%;2.895320892;0.1;0.1;2.5;80.00%;0.9;0.85;19593.5128899;1913.5313542;21507.0442441;18.0070175;1000;0.2;800
56.74%;6.00%;20.14%;2.20%;0.25%;0.88%;0.11%;0.28%;0.09%;13.32%;240.2267870;69.7310518;36.4667277;6476.0851712;87.27%;606.0847666;335.3977541;40.5388148;56.8235647;0.0474491;14.1490676;53.7131608;41.0479375;652.0246639;678.5436097;456.0160584;512.4207678;;61.33216095;1.2;80.00%;99.12%;0.05;144.7972107;3;144.6916809;0.03;0.02;63.09989166;0.762654168;98.00%;2.776269436;0.1;0.1;2.5;80.00%;0.9;0.85;20269.4074154;4028.4870614;24297.8944768;9.4566667;1000;0.2;800
62.33%;6.32%;19.92%;2.28%;1.29%;0.26%;0.08%;0.44%;0.09%;6.97%;263.8938250;68.8813998;38.4446671;5879.9410232;88.53%;675.4070074;372.3030637;14.0474490;59.8541548;0.0000000;14.9036845;56.5778627;35.0238275;703.8107338;677.5367862;429.0528432;511.9034371;;51.20576859;1.2;80.00%;100.00%;0.05;146.6595764;3;142.7533417;0.03;0.02;58.70737839;0.784904015;98.00%;2.341274261;0.1;0.1;2.5;80.00%;0.9;0.85;7023.7245195;4243.3397047;11267.0642241;9.8623418;1000;0.2;800
54.80%;3.20%;14.70%;2.56%;1.15%;0.38%;0.06%;0.08%;0.03%;23.06%;232.0131816;58.1744757;19.9505663;6107.2983017;92.98%;623.6955063;333.6609011;39.5547521;30.3059011;0.0959108;7.5461694;28.6470191;13.7589000;486.5730338;442.5690289;392.2911438;335.3950941;;52.93347931;1.2;80.00%;99.79%;0.05;142.3927155;3;149.0160828;0.03;0.02;55.43427277;0.800472980;98.00%;2.879969835;0.1;0.1;2.5;80.00%;0.9;0.85;19777.3760519;2148.5264328;21925.9024847;17.1250000;1000;0.2;800
56.42%;2.11%;12.61%;2.15%;1.44%;0.61%;0.25%;0.14%;0.04%;24.24%;238.8719655;50.3438204;13.4954748;5196.5781121;90.03%;621.7651978;328.4423729;37.2403765;19.9829536;0.1429898;4.9757554;18.8891282;3.6185247;418.5927285;401.4672443;419.1328182;304.5018191;;74.30394745;1.2;80.00%;94.31%;0.05;141.6346436;3;151.7457581;0.03;0.02;50.2018013;0.823547040;98.00%;2.596358776;0.1;0.1;2.5;80.00%;0.9;0.85;18620.1882700;1416.6846166;20036.8728866;26.7393365;1000;0.2;800
55.45%;4.32%;18.51%;1.02%;0.50%;0.33%;0.29%;0.29%;0.04%;19.24%;234.7651628;53.7719324;26.5229152;6011.4065366;91.08%;618.1845222;335.0911929;36.8428083;40.9129666;0.0386550;10.1873287;38.6734758;26.9945150;553.9505959;534.7314740;414.6378438;404.3933025;;51.15301132;1.2;80.00%;100.00%;0.05;148.491684;3;143.6478882;0.03;0.02;52.86211014;0.812104688;98.00%;2.817307472;0.1;0.1;2.5;80.00%;0.9;0.85;18421.4041255;2900.5106842;21321.9148097;12.8356481;1000;0.2;800
60.38%;6.10%;19.36%;2.46%;0.67%;0.87%;0.23%;0.54%;0.06%;9.33%;255.6378815;57.7318029;37.0632771;5478.0325432;87.43%;646.1526384;356.3346454;40.4913104;57.7706241;0.0081226;14.3848854;54.6083802;38.4054032;677.0126276;682.7422330;450.1089005;515.5540522;;59.50968552;1.2;80.00%;98.70%;0.05;141.9634399;3;149.3188782;0.03;0.02;53.84473801;0.807694960;98.00%;2.345572948;0.1;0.1;2.5;80.00%;0.9;0.85;20245.6551915;4095.6285124;24341.2837039;9.8983607;1000;0.2;800
50.07%;6.37%;22.72%;0.96%;0.46%;0.41%;0.09%;0.23%;0.13%;18.56%;211.9872264;57.6943957;38.4758173;4683.0786696;84.55%;518.1437865;291.4766865;42.0777711;60.3276845;0.2677363;15.0215934;57.0254724;42.0225603;634.2680415;712.8847935;476.0927507;537.8824291;;63.38669205;1.2;80.00%;98.62%;0.05;143.5939789;3;149.3378143;0.03;0.02;61.88121414;0.768831208;98.00%;2.301111937;0.1;0.1;2.5;80.00%;0.9;0.85;21038.8855511;4276.9104302;25315.7959813;7.8602826;1000;0.2;800
57.42%;3.92%;15.03%;1.83%;0.84%;0.90%;0.04%;0.19%;0.12%;19.71%;243.1057827;70.7010664;24.2750343;4725.7940350;92.10%;647.3008427;348.6463142;42.6618287;37.1247289;0.1210035;9.2440575;35.0925984;21.4046525;542.0405798;481.2104116;384.5653277;364.6605116;;50.55925369;1.2;80.00%;100.00%;0.05;149.5374451;3;157.8738251;0.03;0.02;61.18281555;0.772418920;98.00%;2.044421196;0.1;0.1;2.5;80.00%;0.9;0.85;21330.9143680;2631.9448801;23962.8592481;14.6479592;1000;0.2;800
53.64%;5.92%;20.98%;1.41%;0.42%;0.74%;0.13%;0.50%;0.07%;16.19%;227.1019537;64.8608011;35.9303343;4471.7456482;87.32%;573.2797840;318.1756921;42.8985141;56.0659171;0.2218659;13.9604134;52.9969853;39.1139650;631.9572436;671.3015396;457.3435631;506.9649974;;64.92596436;1.2;80.00%;99.73%;0.05;146.724884;3;155.6842346;0.03;0.02;62.44641495;0.765830435;98.00%;2.025658131;0.1;0.1;2.5;80.00%;0.9;0.85;21449.2570606;3974.7739006;25424.0309612;9.0608108;1000;0.2;800
59.50%;6.12%;19.99%;2.95%;0.65%;0.86%;0.17%;0.55%;0.10%;9.11%;251.9121224;82.6234831;37.2772277;6731.0477022;88.34%;643.3942662;355.1396069;34.6983517;57.9600359;0.0000000;14.4320490;54.7874240;38.7088963;676.8376521;691.0971688;457.5782307;522.1043953;;50.29536819;1.2;80.00%;100.00%;0.05;145.3204193;3;145.3781433;0.03;0.02;67.06345367;0.741162155;98.00%;2.653292656;0.1;0.1;2.5;80.00%;0.9;0.85;17349.1758285;4109.0568026;21458.2326312;9.7222222;1000;0.2;800
59.94%;3.11%;24.78%;1.11%;1.38%;0.81%;0.19%;0.31%;0.08%;8.28%;253.7750020;92.6823586;19.6447615;6360.4102940;93.43%;685.4459979;365.3074648;11.8118073;29.4535477;0.0000000;7.3339334;27.8413217;11.2731810;509.8313975;589.8356720;539.2917677;446.4299778;;51.69215393;1.2;80.00%;99.56%;0.05;142.1537933;3;140.8207245;0.03;0.02;68.90707397;0.730691937;98.00%;2.526041269;0.1;0.1;2.5;80.00%;0.9;0.85;5905.9036709;2088.0991268;7994.0027977;19.2733119;1000;0.2;800
57.27%;7.45%;19.49%;0.60%;0.95%;0.89%;0.27%;0.12%;0.14%;12.83%;242.4707101;68.7287833;44.9928666;6286.8766810;85.28%;597.8191526;336.6953229;40.8760613;70.5559261;0.0697298;17.5684256;66.6938413;45.8511891;738.4115933;706.1467953;394.1712357;533.1120560;;51.52655411;1.2;80.00%;99.84%;0.05;142.3171082;3;147.5532379;0.03;0.02;63.07234192;0.762796162;98.00%;2.621832371;0.1;0.1;2.5;80.00%;0.9;0.85;20438.0306530;5002.0381012;25440.0687542;7.6872483;1000;0.2;800
56.23%;7.17%;16.85%;0.54%;0.75%;0.57%;0.02%;0.58%;0.09%;17.20%;238.0675402;55.4080845;43.2729943;5108.3016340;85.09%;585.6144393;329.2603160;45.2175761;67.9041598;0.1815520;16.9081358;64.1872272;45.4422854;714.8436720;655.1110742;362.6847327;494.7303934;;74.22084045;1.2;80.00%;99.27%;0.05;148.6130219;3;156.1034698;0.03;0.02;55.94459534;0.798035367;98.00%;2.28755188;0.1;0.1;2.5;80.00%;0.9;0.85;22608.7880615;4814.0420384;27422.8300999;7.8423989;1000;0.2;800
57.46%;6.22%;16.26%;0.42%;1.42%;0.25%;0.27%;0.25%;0.04%;17.40%;243.2751353;55.2270880;37.6722095;4602.6968161;82.88%;582.8739606;324.2069481;41.5264185;58.9070954;0.1917671;14.6678667;55.6826434;33.2663619;655.3022013;625.7843374;392.3182608;472.7227842;;74.13654327;1.2;80.00%;94.40%;0.05;141.0420532;3;155.0619659;0.03;0.02;55.9709549;0.797792097;98.00%;2.123320103;0.1;0.1;2.5;80.00%;0.9;0.85;20763.2092418;4176.1982537;24939.4074955;9.2379421;1000;0.2;800
55.34%;4.68%;24.92%;1.84%;1.14%;0.32%;0.09%;0.41%;0.15%;11.11%;234.2994429;83.9677449;28.7539652;5005.2803680;90.10%;610.3358856;332.6108263;42.3598839;44.3223804;0.1652253;11.0362727;41.8962654;24.4573913;572.1625352;673.3998857;533.0151977;508.8599007;;52.89624786;1.2;80.00%;99.77%;0.05;141.0164948;3;155.7988129;0.03;0.02;69.50990295;0.727122746;98.00%;2.105050802;0.1;0.1;2.5;80.00%;0.9;0.85;21179.9419272;3142.2199079;24322.1618351;11.8247863;1000;0.2;800
53.83%;5.89%;21.35%;2.79%;1.50%;0.69%;0.08%;0.18%;0.10%;13.60%;227.9063790;47.9433359;35.6914108;5266.4266350;87.63%;577.4131170;320.0876283;40.8556419;55.7817993;0.1183318;13.8896680;52.7284195;30.2587253;631.8921270;690.7847642;477.7712193;521.2846236;;58.44363785;1.2;80.00%;99.95%;0.05;147.4882965;3;145.6960754;0.03;0.02;51.13404465;0.819587843;98.00%;2.539041519;0.1;0.1;2.5;80.00%;0.9;0.85;20427.8209305;3954.6314653;24382.4523958;9.1392190;1000;0.2;800
61.40%;7.37%;16.74%;1.27%;0.71%;0.77%;0.02%;0.42%;0.12%;11.18%;259.9563750;71.7366089;44.5775266;6719.1802307;83.75%;629.3806920;352.6529080;44.4596657;69.7982786;0.0463880;17.3797714;65.9776659;47.1972166;747.4568109;697.5086556;388.5492226;526.7792564;;74.43560028;1.2;80.00%;96.81%;0.05;144.6785583;3;151.7707977;0.03;0.02;62.76095581;0.764431910;98.00%;2.692344189;0.1;0.1;2.5;80.00%;0.9;0.85;22229.8328468;4948.3249404;27178.1577873;8.3310719;1000;0.2;800
57.52%;5.14%;22.28%;1.01%;1.46%;0.50%;0.27%;0.33%;0.12%;11.36%;243.5291644;66.9116506;31.4032522;5001.8284637;87.51%;616.1104931;337.2450976;37.3431322;48.6788537;0.0100313;12.1210346;46.0142744;25.1977332;603.7484011;661.1086549;490.5627649;499.3069015;;64.81007385;1.2;80.00%;97.43%;0.05;143.5961304;3;141.5637207;0.03;0.02;60.98715591;0.773474476;98.00%;2.192667007;0.1;0.1;2.5;80.00%;0.9;0.85;18671.5661153;3451.0705826;22122.6366979;11.1906615;1000;0.2;800
52.92%;4.13%;19.25%;1.49%;1.37%;0.66%;0.02%;0.10%;0.03%;20.03%;224.0536053;55.4089608;25.3419709;5134.4848408;87.85%;569.0403222;309.0755709;41.7586199;39.1135537;0.2341161;9.7392749;36.9725590;18.6713303;518.8441177;574.1556784;471.9789218;433.9676801;;69.62349701;1.2;80.00%;96.48%;0.05;142.0326691;3;153.1685791;0.03;0.02;57.00024414;0.793071215;98.00%;2.541558504;0.1;0.1;2.5;80.00%;0.9;0.85;20879.3099332;2772.9419273;23652.2518604;12.8135593;1000;0.2;800
60.98%;2.70%;19.39%;2.28%;1.44%;0.29%;0.20%;0.33%;0.10%;12.27%;258.1781718;70.9696014;17.1637164;5515.2546094;93.90%;700.8359345;371.5285576;30.7458842;25.5706041;0.0000000;6.3670804;24.1709224;7.8515719;491.5642809;498.4397127;471.8913594;377.6791497;;54.50142288;1.2;80.00%;99.15%;0.05;140.2218781;3;151.2769775;0.03;0.02;58.44410324;0.786169251;98.00%;2.33462286;0.1;0.1;2.5;80.00%;0.9;0.85;15372.9421124;1812.8191776;17185.7612900;22.5851852;1000;0.2;800
53.51%;5.54%;20.12%;2.59%;1.06%;0.42%;0.04%;0.32%;0.12%;16.27%;226.5515575;71.7976596;33.6872554;4442.4061962;83.96%;549.9291658;304.7405732;42.3858056;52.4670914;0.2317318;13.0643057;49.5951518;31.2675957;597.4160456;685.6638243;497.8762155;517.7290676;;72.2963028;1.2;80.00%;95.12%;0.05;141.8502045;3;151.1139679;0.03;0.02;67.61228943;0.737833393;98.00%;2.032515526;0.1;0.1;2.5;80.00%;0.9;0.85;21192.9027934;3719.6363867;24912.5391801;9.6588448;1000;0.2;800
61.38%;3.73%;13.41%;2.51%;0.68%;0.74%;0.28%;0.48%;0.09%;16.70%;259.8716987;64.9577652;23.2032137;5632.7298845;92.91%;698.0478550;374.0058925;39.8450800;35.3253160;0.0125135;8.7960037;33.3916816;21.3214678;554.2751794;458.6064835;368.2532628;347.7413756;;51.7959404;1.2;80.00%;99.98%;0.05;142.6066437;3;157.1392822;0.03;0.02;55.34448624;0.800869649;98.00%;2.376470089;0.1;0.1;2.5;80.00%;0.9;0.85;19922.5399972;2504.3761232;22426.9161204;16.4557641;1000;0.2;800
52.03%;5.61%;15.45%;2.06%;1.24%;0.85%;0.23%;0.38%;0.01%;22.14%;220.2855080;50.5940783;34.0128705;5613.2992503;86.17%;548.7880147;304.2952770;39.7058013;53.1300330;0.2073531;13.2293782;50.2218054;30.3298216;601.6675085;588.8972412;395.9451109;444.8668825;;59.57652283;1.2;80.00%;98.10%;0.05;140.9591522;3;148.3889771;0.03;0.02;55.00114059;0.802448997;98.00%;2.792107344;0.1;0.1;2.5;80.00%;0.9;0.85;19852.9006517;3766.6354024;23619.5360541;9.2745098;1000;0.2;800
59.53%;1.84%;22.38%;0.40%;0.86%;0.59%;0.21%;0.52%;0.13%;13.55%;252.0391369;86.9664320;12.1601783;5771.6577927;96.01%;699.6102891;367.6962490;23.9316634;17.4258932;0.0000000;4.3390474;16.4720360;6.3213675;437.7404206;475.4858112;502.3180017;360.6455916;;62.34395218;1.2;80.00%;99.89%;0.05;148.3450317;3;147.3330231;0.03;0.02;65.89118195;0.747642387;98.00%;2.375275612;0.1;0.1;2.5;80.00%;0.9;0.85;11965.8317136;1235.4026988;13201.2344124;32.3532609;1000;0.2;800
52.18%;3.62%;21.78%;0.92%;1.06%;0.41%;0.22%;0.24%;0.07%;19.50%;220.9205806;62.5196295;22.3853898;4798.5870118;91.26%;582.8366546;314.2646005;39.5195602;34.2835507;0.2225246;8.5366041;32.4069404;17.4922556;494.0871547;558.2110014;485.7622358;422.1377387;;73.35716248;1.2;80.00%;99.21%;0.05;148.4629211;3;154.12323;0.03;0.02;60.52788925;0.775753922;98.00%;2.30367136;0.1;0.1;2.5;80.00%;0.9;0.85;19759.7800759;2430.5205270;22190.3006029;14.4143646;1000;0.2;800
62.24%;1.74%;23.69%;1.18%;1.04%;0.83%;0.02%;0.26%;0.07%;8.94%;263.5127815;67.2364104;11.5308823;6471.7261445;95.52%;727.6995422;381.6544541;27.0440921;16.4788337;0.0000000;4.1032296;15.5768166;4.1639019;444.0817300;511.2773448;542.3475933;387.3661086;;72.77723694;1.2;80.00%;99.01%;0.05;147.8538971;3;153.1069794;0.03;0.02;55.08786011;0.802076510;98.00%;2.767991066;0.1;0.1;2.5;80.00%;0.9;0.85;13522.0460501;1168.2612478;14690.3072979;35.7701149;1000;0.2;800
55.76%;1.57%;13.29%;2.32%;0.53%;0.89%;0.01%;0.09%;0.08%;25.48%;236.0776461;80.3200674;10.4306478;6063.0279852;90.66%;618.7513382;324.9994461;37.3682713;14.8688328;0.0774248;3.7023394;14.0549437;7.0242103;383.1865607;395.2488950;447.0096653;300.1204136;;73.03610229;1.2;80.00%;94.03%;0.05;142.4590302;3;143.4815216;0.03;0.02;67.44814301;0.738993690;98.00%;2.76636529;0.1;0.1;2.5;80.00%;0.9;0.85;18684.1356252;1054.1207811;19738.2564062;35.5159236;1000;0.2;800
60.27%;4.52%;16.52%;1.77%;0.32%;0.33%;0.13%;0.36%;0.11%;15.67%;255.1721616;57.5797909;27.7942461;5429.5280511;91.40%;674.2478834;364.7392065;38.3528654;42.8070854;0.0000000;10.6589643;40.4639145;29.8694463;591.8734836;526.9399983;389.8935046;398.7960104;;56.56839371;1.2;80.00%;100.00%;0.05;147.3411255;3;150.9638367;0.03;0.02;52.17646027;0.815089297;98.00%;2.355823994;0.1;0.1;2.5;80.00%;0.9;0.85;19176.4326931;3034.7935863;22211.2262793;13.3340708;1000;0.2;800
49.22%;3.26%;18.33%;2.53%;0.27%;0.42%;0.26%;0.59%;0.14%;24.98%;208.3884818;70.5067741;20.2535939;4530.2969382;91.58%;551.7469120;296.9286749;35.9190287;30.8741368;0.1788577;7.6876601;29.1841507;21.2293794;457.5115415;517.5869496;469.7770973;391.5888654;;69.50048828;1.2;80.00%;99.22%;0.05;149.2579193;3;142.3512878;0.03;0.02;66.84955597;0.742147692;98.00%;2.20454216;0.1;0.1;2.5;80.00%;0.9;0.85;17959.5143300;2188.8113034;20148.3256333;15.0981595;1000;0.2;800
51.74%;7.54%;22.36%;1.42%;0.92%;0.35%;0.19%;0.42%;0.13%;14.94%;219.0577011;71.5254801;45.4351282;5704.7462468;83.13%;526.4506640;300.3199435;42.3005083;71.4082796;0.2372580;17.7806616;67.4995388;46.7369082;710.8255172;769.1769173;458.8238558;580.2859434;;61.14020538;1.2;80.00%;99.31%;0.05;144.2743835;3;149.8476868;0.03;0.02;69.07470703;0.729707714;98.00%;2.538616657;0.1;0.1;2.5;80.00%;0.9;0.85;21150.2541680;5062.4654072;26212.7195752;6.8620690;1000;0.2;800
49.91%;2.03%;24.11%;1.94%;0.31%;0.74%;0.14%;0.58%;0.09%;20.15%;211.3098156;77.3431318;13.0705897;5942.6206944;94.47%;577.0954246;305.3026027;39.7053409;19.2253060;0.2862792;4.7871012;18.1729527;12.0845522;392.7407980;543.5531846;570.7034885;411.3497110;;65.36110687;1.2;80.00%;99.38%;0.05;145.1016388;3;157.0301666;0.03;0.02;68.58930206;0.732508751;98.00%;2.827125311;0.1;0.1;2.5;80.00%;0.9;0.85;19852.6704688;1362.9714558;21215.6419245;24.5862069;1000;0.2;800
54.98%;5.96%;23.96%;1.96%;1.49%;0.51%;0.26%;0.57%;0.14%;10.17%;232.7752687;69.2933539;36.2077205;6408.4158184;87.75%;590.5228446;327.2312972;38.6063174;56.4447409;0.0670576;14.0547405;53.3550731;30.8409513;642.7049674;726.3490719;507.3025172;548.2230749;;51.22504044;1.2;80.00%;99.99%;0.05;145.3498383;3;143.331543;0.03;0.02;63.81360245;0.758882833;98.00%;2.799217224;0.1;0.1;2.5;80.00%;0.9;0.85;19303.1587131;4001.6304810;23304.7891941;9.2248322;1000;0.2;800
57.66%;2.56%;14.72%;2.92%;0.47%;0.60%;0.10%;0.31%;0.09%;20.58%;244.1218988;65.1690781;16.2663241;5888.4306627;94.26%;665.2842921;352.6571139;38.6142523;24.2447209;0.0189402;6.0369355;22.9176153;14.6071200;466.2313879;427.6389051;413.0368653;324.3753386;;51.43674088;1.2;80.00%;99.55%;0.05;140.3826599;3;148.9134064;0.03;0.02;57.23159027;0.792027569;98.00%;2.636983395;0.1;0.1;2.5;80.00%;0.9;0.85;19307.1261468;1718.8211462;21025.9472930;22.5234375;1000;0.2;800
55.00%;2.39%;24.37%;0.61%;0.77%;0.28%;0.26%;0.44%;0.02%;15.87%;232.8599451;86.3577542;15.3112443;5663.3400815;94.68%;637.3962920;337.7761986;36.3841342;22.6347199;0.0582211;5.6360453;21.3957424;10.9874285;443.1855947;529.2616658;527.4789462;400.7709133;;58.47419739;1.2;80.00%;99.93%;0.05;146.960907;3;146.8047791;0.03;0.02;68.97494507;0.730281332;98.00%;2.437858582;0.1;0.1;2.5;80.00%;0.9;0.85;18192.0670981;1604.6806795;19796.7477776;23.0125523;1000;0.2;800
52.00%;5.35%;12.33%;2.89%;1.05%;0.66%;0.13%;0.51%;0.04%;25.05%;220.1584935;49.1247657;32.4940671;4620.3575617;88.34%;562.2516168;310.2202822;41.9261394;50.6676785;0.2392604;12.6162519;47.8942351;29.9844110;591.5476406;525.4263547;347.7081380;397.3320575;;59.48855972;1.2;80.00%;99.95%;0.05;146.3625641;3;154.1814117;0.03;0.02;52.98516083;0.811377678;98.00%;2.290305376;0.1;0.1;2.5;80.00%;0.9;0.85;20963.0697059;3592.0676298;24555.1373356;9.7196262;1000;0.2;800
51.38%;5.14%;18.33%;2.58%;0.29%;0.67%;0.19%;0.44%;0.12%;20.85%;217.5335269;67.8583452;31.3256737;5494.2434098;88.65%;557.5273922;307.0950048;42.5559556;48.6788537;0.3043629;12.1210346;46.0142744;34.5577332;576.4939313;606.1404593;442.1518478;458.1393891;;62.31731033;1.2;80.00%;100.00%;0.05;148.167038;3;159.6607208;0.03;0.02;65.12878418;0.751789728;98.00%;2.556529522;0.1;0.1;2.5;80.00%;0.9;0.85;21277.9778165;3451.0705826;24729.0483991;9.9961089;1000;0.2;800
62.76%;5.80%;17.72%;1.90%;1.28%;0.57%;0.08%;0.44%;0.03%;9.42%;265.7143664;66.1182099;35.3591889;5372.6100823;86.88%;667.3660877;366.1542306;32.8427478;54.9294458;0.0000000;13.6774320;51.9227221;31.3730063;667.8791138;641.2855377;425.9478560;484.6424245;;71.20449066;1.2;80.00%;97.07%;0.05;144.3908539;3;148.4872894;0.03;0.02;57.6407814;0.790040006;98.00%;2.205975533;0.1;0.1;2.5;80.00%;0.9;0.85;16421.3739229;3894.2041594;20315.5780823;10.8206897;1000;0.2;800
53.63%;2.18%;18.88%;1.51%;1.18%;0.64%;0.05%;0.48%;0.11%;21.34%;227.0596155;64.6858818;13.9688134;4858.6425909;95.09%;624.2016809;330.0502593;39.6272462;20.6458952;0.1436462;5.1408279;19.5157818;6.2007506;423.5901363;452.7457901;465.9236830;343.1473257;;52.07169342;1.2;80.00%;100.00%;0.05;146.1624603;3;152.4840851;0.03;0.02;59.27099228;0.782032166;98.00%;2.293353558;0.1;0.1;2.5;80.00%;0.9;0.85;19813.6230759;1463.6836323;21277.3067082;24.6009174;1000;0.2;800
62.27%;7.93%;18.96%;2.52%;0.71%;0.88%;0.11%;0.50%;0.08%;6.05%;263.6397960;80.3337270;47.9440236;7807.1693944;85.70%;653.2282689;367.1262976;45.2914997;75.1018113;0.0352797;18.7003510;70.9908942;51.2150241;793.3794263;755.6313453;409.4647939;570.5710148;;58.43359375;1.2;80.00%;100.00%;0.05;147.623642;3;156.6442566;0.03;0.02;65.50876617;0.749758981;98.00%;2.924948454;0.1;0.1;2.5;80.00%;0.9;0.85;22645.7498323;5324.3170662;27970.0668985;7.8524590;1000;0.2;800
52.17%;1.56%;22.19%;1.70%;1.24%;0.54%;0.11%;0.38%;0.10%;20.00%;220.8782424;80.3052426;10.3518952;4984.3002995;94.67%;604.5087167;317.6296168;40.1724659;14.7741268;0.2581711;3.6787576;13.9654218;1.2724638;376.2187861;488.0252769;541.9895426;369.8230602;;70.30174255;1.2;80.00%;98.39%;0.05;144.2448883;3;159.2384949;0.03;0.02;68.26068115;0.734310532;98.00%;2.306960106;0.1;0.1;2.5;80.00%;0.9;0.85;20086.2329532;1047.4066360;21133.6395892;33.4423077;1000;0.2;800
56.99%;7.22%;16.43%;2.27%;0.76%;0.42%;0.24%;0.56%;0.08%;15.03%;241.2852413;62.0930291;43.6118158;6326.0524031;85.75%;598.1651685;335.9522780;40.8855027;68.3776895;0.0703975;17.0260447;64.6348369;45.7210182;724.2521745;670.3590499;372.6322286;506.1902305;;54.67043686;1.2;80.00%;99.95%;0.05;145.2424622;3;147.3131866;0.03;0.02;59.35643387;0.781726021;98.00%;2.719624043;0.1;0.1;2.5;80.00%;0.9;0.85;20442.7513446;4847.6127639;25290.3641085;7.8933518;1000;0.2;800
62.68%;2.18%;14.73%;2.63%;1.09%;0.84%;0.18%;0.53%;0.07%;15.08%;265.3756610;93.5287072;14.2237900;6403.7139323;94.42%;724.3653450;381.7813281;29.0437378;20.6458952;0.0000000;5.1408279;19.5157818;6.9207506;470.1732542;420.5303220;424.4292404;319.6167424;;62.42829895;1.2;80.00%;98.66%;0.05;142.2843323;3;154.4539948;0.03;0.02;67.25777435;0.740069921;98.00%;2.510863304;0.1;0.1;2.5;80.00%;0.9;0.85;14521.8688831;1463.6836323;15985.5525154;28.7522936;1000;0.2;800
56.68%;7.52%;12.06%;0.45%;0.44%;0.59%;0.11%;0.10%;0.06%;21.98%;239.9727579;49.3369415;45.3176847;5435.2696731;85.17%;590.8664438;333.2693044;43.7387158;71.2188677;0.1327483;17.7334981;67.3204949;50.4334150;739.1637494;580.6599732;265.5363272;438.7946674;;57.78946686;1.2;80.00%;100.00%;0.05;149.1729584;3;152.690155;0.03;0.02;51.34566116;0.818694466;98.00%;2.453222513;0.1;0.1;2.5;80.00%;0.9;0.85;21869.3579074;5049.0371170;26918.3950244;7.5372340;1000;0.2;800
62.02%;4.96%;22.56%;0.66%;0.62%;0.46%;0.04%;0.44%;0.10%;8.14%;262.5813417;79.4852414;30.4953689;5228.1762798;90.83%;689.5100274;374.4124582;41.8012929;46.9741468;0.0000000;11.6965625;44.4028796;30.6262950;625.9759932;630.5731738;465.3059532;476.8567521;;57.5880127;1.2;80.00%;100.00%;0.05;149.691803;3;155.4144897;0.03;0.02;63.16046143;0.762280077;98.00%;2.057833195;0.1;0.1;2.5;80.00%;0.9;0.85;20900.6464251;3330.2159708;24230.8623959;12.5040323;1000;0.2;800
61.05%;7.23%;14.78%;2.91%;1.06%;0.39%;0.13%;0.14%;0.01%;12.29%;258.4745390;86.5585566;43.8257591;7091.4684986;85.52%;639.0393880;357.1763037;43.6340687;68.4723954;0.0419557;17.0496265;64.7243588;43.3927647;743.5018540;657.1394904;355.6775057;496.7182388;;64.02940369;1.2;80.00%;98.69%;0.05;143.3036957;3;153.1938477;0.03;0.02;68.97033691;0.730333118;98.00%;2.689159393;0.1;0.1;2.5;80.00%;0.9;0.85;21817.0343705;4854.3269090;26671.3612795;8.4439834;1000;0.2;800
53.67%;6.31%;20.98%;2.35%;0.82%;0.65%;0.22%;0.14%;0.03%;14.84%;227.2289682;49.3661589;38.1535048;5349.8211941;85.95%;564.6339559;315.1279897;40.6775313;59.7594488;0.1732033;14.8801028;56.4883408;38.7120810;652.3339867;702.8984832;464.9989769;530.3921885;;55.74274445;1.2;80.00%;99.03%;0.05;140.8880615;3;149.3453369;0.03;0.02;53.04271698;0.811267432;98.00%;2.57427454;0.1;0.1;2.5;80.00%;0.9;0.85;20338.7656663;4236.6255596;24575.3912259;8.5055468;1000;0.2;800
49.91%;6.43%;23.30%;2.73%;1.36%;0.32%;0.19%;0.30%;0.13%;15.31%;211.3098156;65.0686609;38.8631300;4326.2623497;85.32%;521.2030294;293.3253295;40.6063796;60.8959201;0.2393685;15.1630841;57.5626040;35.2530397;639.6314255;745.3754867;504.1816314;562.3255381;;58.22757339;1.2;80.00%;99.74%;0.05;145.2048492;3;147.1531067;0.03;0.02;65.99389648;0.746790705;98.00%;2.050420523;0.1;0.1;2.5;80.00%;0.9;0.85;20303.1898130;4317.1953008;24620.3851138;7.7620529;1000;0.2;800
52.57%;6.10%;16.40%;2.78%;0.80%;0.26%;0.02%;0.13%;0.01%;20.92%;222.5717693;69.8741613;36.9591583;5734.3820669;83.31%;536.0970125;299.7556467;41.7232850;57.7706241;0.1987449;14.3848854;54.6083802;37.3654032;625.6728432;642.6781647;421.1539466;485.3802917;;71.03890991;1.2;80.00%;95.85%;0.05;143.2723999;3;145.6007843;0.03;0.02;67.59179688;0.738173252;98.00%;2.644598007;0.1;0.1;2.5;80.00%;0.9;0.85;20861.6424839;4095.6285124;24957.2709964;8.6180328;1000;0.2;800
60.85%;2.73%;12.04%;2.92%;0.30%;0.49%;0.15%;0.50%;0.15%;19.89%;257.6277756;69.2292743;17.3112389;6551.4204998;91.95%;684.8462448;363.4024830;24.6857005;25.8547219;0.0000000;6.4378258;24.4394882;17.1868116;485.9185616;417.6802879;390.9165084;317.0211466;;60.30433655;1.2;80.00%;97.16%;0.05;140.3470154;3;145.4944763;0.03;0.02;58.38679504;0.786480373;98.00%;2.828937054;0.1;0.1;2.5;80.00%;0.9;0.85;12342.8502681;1832.9616129;14175.8118811;22.2893773;1000;0.2;800
59.60%;4.35%;14.41%;0.29%;0.26%;0.60%;0.21%;0.34%;0.10%;19.85%;252.3355041;69.7252783;26.8331819;6051.0582728;91.60%;668.1960742;361.0446682;40.0750930;41.1970844;0.0231956;10.2580740;38.9420416;29.1297547;578.7310575;465.0015537;339.0080611;352.4864143;;56.41688538;1.2;80.00%;100.00%;0.05;147.691391;3;152.8514862;0.03;0.02;59.54573441;0.780783766;98.00%;2.545598984;0.1;0.1;2.5;80.00%;0.9;0.85;20037.5465023;2920.6531195;22958.1996218;13.7011494;1000;0.2;800
60.35%;1.77%;24.41%;1.17%;0.28%;0.85%;0.05%;0.47%;0.02%;10.62%;255.5108670;86.8838016;11.7637262;6968.8265258;96.29%;711.2973469;373.4433552;30.2007008;16.7629516;0.0000000;4.1739749;15.8453824;10.4591416;438.4314848;517.4547011;547.9968921;392.1699128;;52.99742126;1.2;80.00%;100.00%;0.05;148.8199005;3;151.4296112;0.03;0.02;65.26402283;0.751090485;98.00%;2.844960451;0.1;0.1;2.5;80.00%;0.9;0.85;15100.3504130;1188.4036831;16288.7540961;34.0960452;1000;0.2;800
53.43%;5.98%;17.15%;0.90%;0.90%;0.37%;0.25%;0.31%;0.08%;20.62%;226.2128521;54.5256018;36.2205489;4652.9180722;85.27%;557.6399693;310.2935526;38.1172921;56.6341528;0.1150370;14.1019040;53.5341169;35.7044444;628.7272222;612.2822001;395.1667582;462.4021197;;59.47035217;1.2;80.00%;97.56%;0.05;141.407608;3;141.2720032;0.03;0.02;57.13085556;0.792344460;98.00%;2.230828762;0.1;0.1;2.5;80.00%;0.9;0.85;19058.6460504;4015.0587712;23073.7048216;8.9347826;1000;0.2;800
56.51%;3.28%;22.27%;2.98%;0.65%;0.90%;0.23%;0.10%;0.05%;13.04%;239.2530090;58.0616669;20.4340499;5483.3236086;91.49%;632.8186479;338.6630419;36.9302818;31.0635487;0.0387189;7.7348236;29.3631946;18.3328725;496.1401522;597.2874672;540.7098490;451.4146161;;65.84632111;1.2;80.00%;98.14%;0.05;144.5511169;3;145.1428223;0.03;0.02;54.8225975;0.803258528;98.00%;2.556437492;0.1;0.1;2.5;80.00%;0.9;0.85;18465.1409132;2202.2395936;20667.3805068;17.2286585;1000;0.2;800
55.95%;7.72%;23.96%;1.44%;0.73%;0.91%;0.29%;0.10%;0.04%;8.86%;236.8820714;65.0919829;46.5373268;5968.5065510;83.99%;575.1810655;326.0556775;41.4061562;73.1129865;0.1331691;18.2051336;69.1109336;49.5483463;744.7258500;806.6923153;480.2269405;608.4472745;;59.55570221;1.2;80.00%;99.32%;0.05;143.5683746;3;149.7283173;0.03;0.02;62.49925613;0.765783823;98.00%;2.564973354;0.1;0.1;2.5;80.00%;0.9;0.85;20703.0781004;5183.3200190;25886.3981194;7.2474093;1000;0.2;800
61.12%;1.76%;24.70%;2.24%;1.50%;0.30%;0.26%;0.30%;0.01%;7.82%;258.7709062;66.7600498;11.6342630;5603.6916699;96.07%;718.6853669;377.0882257;29.5668785;16.6682456;0.0000000;4.1503932;15.7558605;0.6273950;441.7140261;530.1475925;560.1160258;401.4751273;;65.426651;1.2;80.00%;99.67%;0.05;147.0249481;3;153.4786224;0.03;0.02;55.27907944;0.801169745;98.00%;2.418385267;0.1;0.1;2.5;80.00%;0.9;0.85;14783.4392461;1181.6895380;15965.1287841;34.7272727;1000;0.2;800
61.17%;6.13%;22.18%;0.81%;1.15%;0.75%;0.04%;0.16%;0.03%;7.56%;258.9825971;61.1178339;37.2729453;6734.8669833;88.16%;660.0791358;363.6384828;44.6258596;58.0547419;0.0619127;14.4556307;54.8769460;34.7806428;684.8640933;688.2421272;453.2676814;519.8331381;;61.15138245;1.2;80.00%;99.43%;0.05;143.1745453;3;157.965271;0.03;0.02;55.16631317;0.801718289;98.00%;2.808224678;0.1;0.1;2.5;80.00%;0.9;0.85;22312.9297989;4115.7709477;26428.7007466;9.9787928;1000;0.2;800
55.38%;1.88%;15.91%;1.24%;0.27%;0.92%;0.27%;0.33%;0.12%;23.67%;234.4687956;53.4661267;12.1917990;5173.4257169;95.83%;649.6000230;341.9073150;35.1250680;17.8047169;0.0208104;4.4333745;16.8301237;11.3283538;417.2508449;388.4942839;416.8591611;294.8033142;;51.83454132;1.2;80.00%;99.99%;0.05;145.5009918;3;144.6291351;0.03;0.02;50.8070488;0.820975559;98.00%;2.492266178;0.1;0.1;2.5;80.00%;0.9;0.85;17562.5339964;1262.2592792;18824.7932757;29.4574468;1000;0.2;800
51.64%;7.24%;20.31%;1.04%;0.60%;0.53%;0.25%;0.38%;0.15%;17.87%;218.6343193;56.7644412;43.6141529;4957.7021274;83.92%;530.4409695;301.1361042;39.8544896;68.5671013;0.1758795;17.0732082;64.8138807;47.1445113;694.2224692;716.7556898;424.0776599;540.7425371;;68.46730042;1.2;80.00%;99.51%;0.05;149.5492554;3;143.7941589;0.03;0.02;60.44819641;0.776189250;98.00%;2.35065937;0.1;0.1;2.5;80.00%;0.9;0.85;19927.2447846;4861.0410541;24788.2858387;7.1325967;1000;0.2;800
57.04%;2.90%;12.56%;0.92%;1.21%;0.40%;0.13%;0.07%;0.11%;24.63%;241.4969321;73.8900608;18.2874697;5282.6605414;93.56%;653.2285638;347.8066435;38.3789570;27.4647229;0.0278613;6.8387160;25.9613611;11.1265031;481.7953061;370.8822013;336.2615280;281.8754801;;61.42101288;1.2;80.00%;99.56%;0.05;145.733078;3;147.8216553;0.03;0.02;62.47462082;0.765871646;98.00%;2.30536294;0.1;0.1;2.5;80.00%;0.9;0.85;19189.4784824;1947.1020797;21136.5805621;19.6689655;1000;0.2;800
60.33%;5.33%;19.33%;0.62%;1.03%;0.58%;0.03%;0.20%;0.09%;12.46%;255.4261907;74.7895026;32.6063051;6591.2998925;88.52%;653.6621256;357.3500689;33.1814371;50.4782666;0.0000000;12.5690884;47.7151912;30.0009178;632.3123037;607.9544664;422.9299780;459.6876355;;66.3041687;1.2;80.00%;98.44%;0.05;145.3066406;3;145.2801666;0.03;0.02;62.8993454;0.763707075;98.00%;2.696609974;0.1;0.1;2.5;80.00%;0.9;0.85;16590.7185604;3578.6393396;20169.3578999;11.3189493;1000;0.2;800
51.04%;4.26%;17.19%;2.95%;1.38%;0.63%;0.29%;0.31%;0.14%;21.81%;216.0940290;50.9610768;26.0846432;5869.7978606;90.48%;565.2484609;307.5955564;40.2452601;40.3447309;0.2864765;10.0458380;38.1363442;19.5240356;525.7741552;548.2713146;437.7247477;414.5377245;;50.77633286;1.2;80.00%;100.00%;0.05;149.1878357;3;158.0061188;0.03;0.02;54.18193817;0.806194715;98.00%;2.96015358;0.1;0.1;2.5;80.00%;0.9;0.85;20122.6300479;2860.2258136;22982.8558615;11.9812207;1000;0.2;800
54.07%;2.33%;13.33%;2.45%;0.91%;0.79%;0.22%;0.09%;0.07%;25.72%;228.9224951;74.8116375;14.8889410;5928.7790938;93.86%;621.2094341;329.1452649;36.9436231;22.0664843;0.1035458;5.4945546;20.8586108;9.4369491;431.8961341;390.0633545;393.7223379;296.2077401;;57.16290665;1.2;80.00%;99.00%;0.05;141.8205872;3;147.9298859;0.03;0.02;64.74998474;0.753859756;98.00%;2.699043751;0.1;0.1;2.5;80.00%;0.9;0.85;18471.8115613;1564.3958088;20036.2073701;23.2060086;1000;0.2;800
49.68%;6.29%;13.96%;1.37%;0.66%;0.88%;0.21%;0.39%;0.07%;26.49%;210.3360377;60.3027015;38.0131321;5111.6502168;84.98%;516.7781245;290.4825733;39.8509773;59.5700369;0.2352793;14.8329392;56.3092969;39.8485878;628.9597908;581.3873380;349.1923010;439.2521844;;61.96440506;1.2;80.00%;99.06%;0.05;144.7636261;3;145.5426636;0.03;0.02;63.59868622;0.759953506;98.00%;2.493686438;0.1;0.1;2.5;80.00%;0.9;0.85;19925.4886415;4223.1972694;24148.6859109;7.8982512;1000;0.2;800
58.43%;2.86%;19.38%;0.35%;1.11%;0.59%;0.27%;0.37%;0.10%;16.55%;247.3819380;92.2086083;18.1534254;5055.0932388;94.16%;673.3983992;358.1448050;39.2295408;27.0858992;0.0734575;6.7443889;25.6032733;11.6395169;488.9622549;472.7875962;438.9281093;358.6583839;;54.60400391;1.2;80.00%;100.00%;0.05;147.193512;3;156.87883;0.03;0.02;69.3436203;0.728095663;98.00%;2.043933868;0.1;0.1;2.5;80.00%;0.9;0.85;19614.7704055;1920.2454993;21535.0159048;20.4300699;1000;0.2;800
58.26%;6.06%;19.67%;2.56%;0.92%;0.62%;0.27%;0.41%;0.03%;11.20%;246.6621891;61.2702763;36.7927086;5663.4194412;85.65%;610.7729176;337.9906194;40.4166487;57.3918003;0.0965723;14.2905583;54.2502924;36.1184169;658.2802416;693.9368061;467.3203370;523.9319085;;69.00714111;1.2;80.00%;97.06%;0.05;143.0091095;3;150.8890381;0.03;0.02;58.10157013;0.787839940;98.00%;2.486955166;0.1;0.1;2.5;80.00%;0.9;0.85;20208.3243712;4068.7719320;24277.0963032;9.6138614;1000;0.2;800
62.13%;4.32%;19.60%;2.03%;1.00%;0.42%;0.29%;0.17%;0.14%;9.89%;263.0470616;96.3095642;26.8061150;7919.9373945;91.93%;699.0730284;376.9818691;33.2313851;40.9129666;0.0000000;10.1873287;38.6734758;22.9945150;591.3252339;569.5254387;442.6122867;431.3105322;;57.856884;1.2;80.00%;99.99%;0.05;146.7251129;3;154.0788727;0.03;0.02;69.57453918;0.726835239;98.00%;2.984638214;0.1;0.1;2.5;80.00%;0.9;0.85;16615.6925605;2900.5106842;19516.2032447;14.3819444;1000;0.2;800
58.29%;7.83%;20.95%;1.75%;0.44%;0.39%;0.03%;0.24%;0.03%;10.03%;246.7892036;56.6188206;47.1892143;6808.6219208;84.44%;602.4851198;340.4816995;42.8343318;74.1547519;0.0232394;18.4645332;70.0956749;52.6575585;763.5519734;762.4653050;426.8249782;575.1799794;;55.61883545;1.2;80.00%;99.37%;0.05;142.8421631;3;144.288147;0.03;0.02;55.71183014;0.799196174;98.00%;2.924273729;0.1;0.1;2.5;80.00%;0.9;0.85;21417.1659039;5257.1756151;26674.3415190;7.4444444;1000;0.2;800
50.95%;1.76%;23.56%;0.58%;1.21%;0.74%;0.11%;0.34%;0.09%;20.65%;215.7129855;65.2500969;11.4564839;4739.1073969;95.42%;595.0734053;313.4498180;35.6729660;16.6682456;0.0948648;4.1503932;15.7558605;2.9473950;384.2500740;493.8424575;535.1255392;373.8010164;;57.67930603;1.2;80.00%;99.66%;0.05;145.8810883;3;140.4858398;0.03;0.02;61.32530594;0.771696484;98.00%;2.32627058;0.1;0.1;2.5;80.00%;0.9;0.85;17836.4830195;1181.6895380;19018.1725575;28.9488636;1000;0.2;800
50.06%;2.64%;18.76%;1.61%;1.16%;0.92%;0.30%;0.37%;0.05%;24.13%;211.9448882;44.5046620;16.4749785;4110.4504328;87.47%;535.9824422;286.2824722;36.7819193;25.0023684;0.2992438;6.2255897;23.6337908;9.6610925;411.9088389;527.7022584;520.5185352;398.9060628;;74.1905365;1.2;80.00%;93.25%;0.05;140.7685242;3;150.4555969;0.03;0.02;51.03273392;0.819582970;98.00%;2.302651405;0.1;0.1;2.5;80.00%;0.9;0.85;18390.9596317;1772.5343070;20163.4939388;18.9621212;1000;0.2;800
59.14%;7.17%;16.88%;1.52%;0.39%;0.51%;0.03%;0.55%;0.06%;13.74%;250.3879482;67.2786637;43.3466929;6336.6771853;83.49%;604.3493659;338.9748055;42.0459504;67.9041598;0.0192715;16.9081358;64.1872272;48.3222854;723.5234280;691.1426485;396.4960591;521.8157028;;73.46671295;1.2;80.00%;96.66%;0.05;145.7618866;3;143.2469482;0.03;0.02;61.9042778;0.768871750;98.00%;2.660079479;0.1;0.1;2.5;80.00%;0.9;0.85;21022.9751833;4814.0420384;25837.0172217;8.2482566;1000;0.2;800
56.88%;1.51%;24.15%;1.15%;1.21%;0.27%;0.05%;0.60%;0.02%;14.17%;240.8195214;83.6805779;10.1587340;6937.0180362;95.91%;667.7293795;350.0009637;40.5793314;14.3005971;0.1193604;3.5608487;13.5178121;1.1537309;402.1926982;499.2600278;550.2988043;378.4178442;;61.02444077;1.2;80.00%;99.30%;0.05;142.6005554;3;158.2671051;0.03;0.02;66.18709564;0.746033352;98.00%;2.991167784;0.1;0.1;2.5;80.00%;0.9;0.85;20289.6657211;1013.8359105;21303.5016316;37.6688742;1000;0.2;800
56.33%;5.59%;17.08%;1.11%;1.03%;0.52%;0.03%;0.27%;0.03%;18.01%;238.4909219;50.9388703;33.9339992;5918.0222196;83.52%;575.8260223;318.1385136;41.6540785;52.9406211;0.1471738;13.1822146;50.0427615;31.8663285;612.4561837;625.7339865;432.2055351;472.5523930;;71.61161804;1.2;80.00%;94.07%;0.05;141.0714874;3;147.8883209;0.03;0.02;53.483078;0.809340152;98.00%;2.847819328;0.1;0.1;2.5;80.00%;0.9;0.85;20827.0392642;3753.2071122;24580.2463764;10.0769231;1000;0.2;800
62.66%;5.29%;18.19%;1.87%;0.32%;0.70%;0.14%;0.10%;0.07%;10.66%;265.2909847;88.2098909;32.4789980;7499.3584454;90.34%;692.8426174;377.4448337;38.4670079;50.0994428;0.0000000;12.4747613;47.3571035;35.3939316;648.1933732;594.1040606;407.9255464;449.6285615;;57.81822968;1.2;80.00%;100.00%;0.05;147.6760406;3;155.4460449;0.03;0.02;66.75473022;0.742888469;98.00%;2.840347767;0.1;0.1;2.5;80.00%;0.9;0.85;19233.5039362;3551.7827591;22785.2866954;11.8449905;1000;0.2;800
61.93%;3.71%;15.67%;1.12%;0.64%;0.89%;0.10%;0.48%;0.06%;15.40%;262.2002982;57.4700536;23.0370957;6287.1897704;90.36%;684.9239618;367.1291137;41.2338217;35.1359041;0.0243076;8.7488401;33.2126378;21.4979747;546.5535150;499.9517550;412.6549554;378.6151834;;65.1129837;1.2;80.00%;97.13%;0.05;140.5861511;3;155.5025024;0.03;0.02;51.53412628;0.817917513;98.00%;2.756129265;0.1;0.1;2.5;80.00%;0.9;0.85;20616.9108332;2490.9478330;23107.8586662;16.6927224;1000;0.2;800
51.14%;2.12%;19.26%;0.90%;0.48%;0.80%;0.05%;0.26%;0.04%;24.95%;216.5174107;67.2361513;13.5773996;4200.3354167;94.18%;589.4980596;311.9717081;38.5222160;20.0776595;0.1753227;4.9993372;18.9786502;11.3702713;403.8380179;450.7554779;470.8418870;341.5703513;;64.39948273;1.2;80.00%;99.14%;0.05;145.5768738;3;148.2509918;0.03;0.02;62.71002579;0.764304049;98.00%;2.04153657;0.1;0.1;2.5;80.00%;0.9;0.85;19261.1079761;1423.3987617;20684.5067378;24.1226415;1000;0.2;800
53.01%;2.16%;14.56%;2.24%;0.72%;0.68%;0.12%;0.59%;0.06%;25.86%;224.4346489;58.1707719;13.7584292;4393.9361071;88.83%;576.4001584;305.3289149;36.9646812;20.4564833;0.1700690;5.0936643;19.3367379;9.7372575;400.4271068;449.1882338;468.1279884;340.2241526;;69.43560791;1.2;80.00%;93.43%;0.05;140.1231232;3;144.9358978;0.03;0.02;58.26811218;0.786773465;98.00%;2.240904331;0.1;0.1;2.5;80.00%;0.9;0.85;18482.3405969;1450.2553421;19932.5959390;24.5416667;1000;0.2;800
62.49%;5.50%;23.50%;1.19%;0.71%;0.62%;0.28%;0.54%;0.13%;5.04%;264.5712358;60.4908930;33.5696486;5303.6408531;87.28%;667.5795181;365.0806097;25.8652130;52.0882676;0.0000000;12.9699786;49.2370641;33.7806094;649.8565834;712.4025681;515.1439161;537.9095951;;72.7100296;1.2;80.00%;96.99%;0.05;145.3478699;3;146.1631317;0.03;0.02;54.35935974;0.805353785;98.00%;2.236274719;0.1;0.1;2.5;80.00%;0.9;0.85;12932.6064982;3692.7798063;16625.3863044;11.3618182;1000;0.2;800
57.76%;1.90%;13.64%;0.94%;1.01%;0.43%;0.10%;0.39%;0.01%;23.81%;244.5452805;73.7731727;12.4304989;5451.9773478;95.89%;677.9121275;356.6785544;40.7868443;17.9941288;0.1090589;4.4805381;17.0091676;5.5518469;431.1761726;339.9810002;365.7093797;258.8740563;;64.6194458;1.2;80.00%;99.96%;0.05;148.0094452;3;159.9763641;0.03;0.02;61.07151031;0.773098959;98.00%;2.38167429;0.1;0.1;2.5;80.00%;0.9;0.85;20393.4221602;1275.6875694;21669.1097297;30.4000000;1000;0.2;800
57.51%;3.03%;13.56%;0.52%;0.82%;0.89%;0.14%;0.55%;0.14%;22.84%;243.4868262;76.3202635;19.0725767;6707.9242060;93.77%;660.0992893;351.8561523;39.3295084;28.6959001;0.0476839;7.1452791;27.1251462;15.1792085;493.0472685;399.0595580;355.8653217;303.0882012;;57.04034424;1.2;80.00%;100.00%;0.05;147.2154541;3;151.5738068;0.03;0.02;63.27867126;0.761716013;98.00%;2.875673056;0.1;0.1;2.5;80.00%;0.9;0.85;19664.7541856;2034.3859660;21699.1401516;18.9801980;1000;0.2;800
56.36%;5.78%;14.62%;0.76%;0.34%;0.80%;0.16%;0.59%;0.10%;20.49%;238.6179364;56.1864446;35.0997170;6458.6543451;86.12%;594.1056509;328.3075385;38.9716696;54.7400339;0.0455601;13.6302685;51.7436783;38.7495132;632.9760195;573.9128588;365.9637314;433.7279098;;63.63906479;1.2;80.00%;97.41%;0.05;143.0506592;3;141.5406494;0.03;0.02;55.94407272;0.798111724;98.00%;2.965974808;0.1;0.1;2.5;80.00%;0.9;0.85;19485.8348168;3880.7758692;23366.6106859;9.7508651;1000;0.2;800
51.23%;4.22%;22.58%;0.38%;0.58%;0.44%;0.27%;0.58%;0.04%;19.68%;216.8984543;74.6742168;25.9404249;6125.8834919;89.70%;562.4984176;306.1677923;39.6752029;39.9659071;0.2582606;9.9515109;37.7782564;25.6370494;521.9787988;598.0955535;490.3511842;452.1550386;;70.51390076;1.2;80.00%;99.06%;0.05;146.8064728;3;154.4720612;0.03;0.02;68.25091553;0.734447492;98.00%;2.829787731;0.1;0.1;2.5;80.00%;0.9;0.85;19837.6014496;2833.3692332;22670.9706828;12.1398104;1000;0.2;800
53.39%;2.11%;15.17%;2.32%;0.29%;0.73%;0.10%;0.58%;0.05%;25.25%;226.0434994;58.3727805;13.5205389;4559.8421377;94.35%;616.5960866;325.8293597;37.1423709;19.9829536;0.0873569;4.9757554;18.8891282;12.8185247;415.8554473;412.4494805;430.2201639;312.7590127;;62.0129509;1.2;80.00%;99.09%;0.05;144.9995575;3;144.861908;0.03;0.02;55.93634415;0.797937370;98.00%;2.223726273;0.1;0.1;2.5;80.00%;0.9;0.85;18571.1854406;1416.6846166;19987.8700572;25.3033175;1000;0.2;800
54.13%;5.44%;19.42%;1.79%;0.41%;0.43%;0.02%;0.08%;0.03%;18.25%;229.1765241;70.0493926;33.1029324;4911.6152345;84.28%;558.4072113;308.7109224;42.7494368;51.5200320;0.2256240;12.8284880;48.6999325;35.7501300;595.0913764;652.2007688;469.9002615;492.6391709;;72.82154846;1.2;80.00%;95.12%;0.05;141.8668823;3;152.1320496;0.03;0.02;66.20358276;0.745837239;98.00%;2.246995211;0.1;0.1;2.5;80.00%;0.9;0.85;21374.7184093;3652.4949357;25027.2133450;9.9503676;1000;0.2;800
55.74%;2.03%;19.29%;2.24%;0.40%;0.39%;0.09%;0.37%;0.14%;19.31%;235.9929698;77.0778788;13.1610059;6312.1865840;94.24%;642.9499399;339.1997219;36.5159251;19.2253060;0.0033024;4.7871012;18.1729527;11.3645522;423.0526656;469.9278213;490.1295015;356.1224123;;68.66291809;1.2;80.00%;98.65%;0.05;147.5249634;3;141.6772156;0.03;0.02;64.58713531;0.754745707;98.00%;2.811604977;0.1;0.1;2.5;80.00%;0.9;0.85;18257.9625257;1362.9714558;19620.9339814;27.4581281;1000;0.2;800
58.75%;2.06%;18.15%;1.85%;1.05%;0.75%;0.09%;0.13%;0.06%;17.12%;248.7367595;67.5617130;13.3408613;5966.3510033;93.55%;672.7158324;354.5801065;39.4842819;19.5094239;0.0581652;4.8578465;18.4415185;6.3797919;438.6646673;456.2754488;472.4384226;345.9477943;;64.2059021;1.2;80.00%;97.76%;0.05;141.4805603;3;153.8005829;0.03;0.02;58.14619064;0.787636393;98.00%;2.663367271;0.1;0.1;2.5;80.00%;0.9;0.85;19742.1409358;1383.1138911;21125.2548269;28.5194175;1000;0.2;800
54.03%;6.82%;24.87%;0.98%;1.20%;0.42%;0.01%;0.32%;0.09%;11.27%;228.7531424;50.1743934;41.1444179;4265.6391857;83.57%;552.6583226;310.9233058;42.8248083;64.5894518;0.1714909;16.0827735;61.0539595;39.3311557;677.9089470;780.9734356;513.0995522;588.9108392;;68.02346802;1.2;80.00%;97.33%;0.05;143.680481;3;147.4150085;0.03;0.02;54.36105728;0.805030859;98.00%;2.047421932;0.1;0.1;2.5;80.00%;0.9;0.85;21412.4041709;4579.0469598;25991.4511307;7.9222874;1000;0.2;800
57.86%;2.10%;21.77%;1.90%;1.22%;0.61%;0.03%;0.54%;0.05%;13.92%;244.9686622;71.7265855;13.5988204;5390.5578734;95.56%;676.7478687;356.8337261;39.3289308;19.8882476;0.0163580;4.9521737;18.7996063;5.3067781;442.8662973;500.8255776;513.8981993;379.3867974;;50.69571686;1.2;80.00%;100.00%;0.05;147.7879944;3;150.3846741;0.03;0.02;60.10779953;0.777952475;98.00%;2.362046003;0.1;0.1;2.5;80.00%;0.9;0.85;19664.4654102;1409.9704715;21074.4358817;27.5523810;1000;0.2;800
49.48%;2.99%;14.59%;0.42%;1.29%;0.50%;0.12%;0.55%;0.07%;29.99%;209.4892742;45.0781677;18.5692898;4445.2092490;92.09%;557.7450037;298.8298446;39.6916033;28.3170764;0.2771543;7.0509520;26.7670585;11.1322222;443.2296442;411.6413739;380.7935007;311.9404706;;63.40119553;1.2;80.00%;99.05%;0.05;143.8732147;3;153.3826752;0.03;0.02;50.08597565;0.823830747;98.00%;2.394494057;0.1;0.1;2.5;80.00%;0.9;0.85;19845.8016296;2007.5293856;21853.3310152;16.5484950;1000;0.2;800
52.14%;2.61%;21.23%;2.71%;0.41%;0.60%;0.24%;0.39%;0.06%;19.61%;220.7512279;59.2321742;16.4115967;5929.0509771;90.10%;574.9958385;306.3373381;37.1629504;24.7182506;0.2063845;6.1548444;23.3652250;15.4458528;427.9368411;561.0875906;551.9947193;424.1962715;;65.59024811;1.2;80.00%;95.77%;0.05;140.2050934;3;149.1389465;0.03;0.02;59.07448959;0.783106247;98.00%;2.982618809;0.1;0.1;2.5;80.00%;0.9;0.85;18581.4752228;1752.3918717;20333.8670945;19.9770115;1000;0.2;800
56.36%;4.39%;15.01%;2.11%;1.01%;0.89%;0.21%;0.40%;0.01%;19.60%;238.6179364;61.8447830;26.9816846;4886.7060728;91.07%;628.2576046;340.5927104;37.8578483;41.5759081;0.0195875;10.3524011;39.3001293;23.4167410;562.7556136;509.8426723;384.6856158;385.8493109;;51.58411407;1.2;80.00%;100.00%;0.05;146.3325195;3;143.9539948;0.03;0.02;57.39056396;0.791168694;98.00%;2.196022987;0.1;0.1;2.5;80.00%;0.9;0.85;18928.9241470;2947.5096999;21876.4338469;12.8382688;1000;0.2;800
61.29%;6.60%;23.62%;0.30%;0.86%;0.26%;0.11%;0.36%;0.06%;6.54%;259.4906552;56.5246338;39.9831161;5522.8150889;84.14%;631.2454633;350.5706167;43.1474753;62.5059211;0.0699082;15.5639744;59.0844769;40.4727313;700.8228531;753.6589388;492.1773002;568.7304578;;72.19361877;1.2;80.00%;95.77%;0.05;142.1418762;3;153.3531952;0.03;0.02;53.92687607;0.807328410;98.00%;2.380493402;0.1;0.1;2.5;80.00%;0.9;0.85;21573.7376299;4431.3357675;26005.0733975;9.2863636;1000;0.2;800
51.87%;5.00%;15.96%;0.64%;1.39%;0.72%;0.07%;0.35%;0.12%;23.88%;219.6080973;53.5792595;30.4517319;5419.7335190;88.73%;563.3688428;309.4802402;43.3763433;47.3529705;0.2861429;11.7908897;44.7609673;24.7532813;570.2402517;532.5028275;376.8217591;402.7420467;;53.70107651;1.2;80.00%;99.62%;0.05;140.0787811;3;158.7566528;0.03;0.02;56.14176178;0.797148994;98.00%;2.659466267;0.1;0.1;2.5;80.00%;0.9;0.85;21688.1716629;3357.0725512;25045.2442141;10.3740000;1000;0.2;800
54.73%;2.64%;18.70%;1.68%;1.04%;0.50%;0.19%;0.25%;0.12%;20.15%;231.7168144;64.1313543;16.6210720;5604.3744006;87.24%;584.4089079;311.3268897;37.2261104;25.0023684;0.1662751;6.2255897;23.6337908;10.6210925;434.0284992;531.2080745;519.6672349;401.8463140;;72.79924774;1.2;80.00%;92.55%;0.05;140.221283;3;147.039856;0.03;0.02;61.37760162;0.771549768;98.00%;2.736272812;0.1;0.1;2.5;80.00%;0.9;0.85;18613.0551857;1772.5343070;20385.5894927;20.7310606;1000;0.2;800
55.54%;4.82%;23.11%;2.55%;0.92%;0.53%;0.30%;0.07%;0.06%;12.09%;235.1462064;62.7241352;29.4950211;4637.5446089;89.96%;611.5315536;333.6365029;41.1991059;45.6482636;0.2001075;11.3664176;43.1495725;27.2218432;581.8770565;658.6609285;509.0836170;497.5877330;;52.33111572;1.2;80.00%;99.83%;0.05;140.3921661;3;159.8597412;0.03;0.02;58.8822937;0.783882070;98.00%;2.090916157;0.1;0.1;2.5;80.00%;0.9;0.85;20599.5529471;3236.2179393;23835.7708864;11.5228216;1000;0.2;800
53.72%;4.58%;13.57%;2.85%;0.70%;0.83%;0.23%;0.48%;0.12%;22.89%;227.4406591;73.5188505;28.0737808;6427.5814809;87.44%;574.9602615;313.9556497;38.0037390;43.3753210;0.1325444;10.8004549;41.0010461;27.2599257;549.9473675;534.2637171;402.7269131;404.1973522;;73.92414856;1.2;80.00%;96.89%;0.05;145.9978638;3;144.6215668;0.03;0.02;66.90885162;0.742023228;98.00%;2.915130377;0.1;0.1;2.5;80.00%;0.9;0.85;19001.8695229;3075.0784569;22076.9479798;11.7292576;1000;0.2;800
58.17%;4.91%;22.83%;1.88%;1.43%;0.88%;0.02%;0.06%;0.14%;9.67%;246.2811455;58.0201519;30.0485202;5367.8881937;90.16%;641.9239110;349.5980037;36.6046373;46.5006171;0.0000000;11.5786537;43.9552699;23.7875622;600.8445275;655.2909829;497.0948998;494.9318930;;59.86285019;1.2;80.00%;99.76%;0.05;146.7813416;3;143.9612732;0.03;0.02;54.26816177;0.805773712;98.00%;2.379470825;0.1;0.1;2.5;80.00%;0.9;0.85;18302.3186459;3296.6452453;21598.9638912;11.8472505;1000;0.2;800
55.05%;1.87%;18.74%;0.43%;1.28%;0.78%;0.26%;0.44%;0.03%;21.12%;233.0716359;68.1325804;12.1667817;4453.6684032;93.73%;631.5955807;332.6884760;35.5251172;17.7100110;0.0671844;4.4097927;16.7406018;3.1766072;408.2890658;436.7049702;467.7553633;331.1105738;;57.79336166;1.2;80.00%;97.84%;0.05;140.17659;3;145.618576;0.03;0.02;60.70983124;0.774718087;98.00%;2.07618475;0.1;0.1;2.5;80.00%;0.9;0.85;17762.5586099;1255.5451341;19018.1037440;29.4385027;1000;0.2;800
52.20%;4.01%;15.35%;0.38%;0.43%;0.50%;0.11%;0.60%;0.02%;26.41%;221.0052570;53.6332574;24.6345482;5494.3509349;89.81%;573.7939724;311.0519536;42.2847488;37.9770824;0.2877182;9.4562935;35.8982958;25.3303716;513.8153486;477.7484936;382.5244926;361.7131534;;68.10382843;1.2;80.00%;98.48%;0.05;143.4522247;3;159.5756226;0.03;0.02;55.50616074;0.800113271;98.00%;2.731613159;0.1;0.1;2.5;80.00%;0.9;0.85;21142.3743774;2692.3721860;23834.7465634;13.0174564;1000;0.2;800
56.18%;2.53%;24.29%;1.21%;0.28%;0.76%;0.27%;0.24%;0.10%;14.14%;237.8558494;66.1917509;16.0733617;5588.4412608;94.62%;650.6380452;345.0090280;38.1533020;23.9606031;0.1015923;5.9661902;22.6490495;15.9118803;458.0008428;549.5767197;538.0990460;415.8617315;;60.07430649;1.2;80.00%;100.00%;0.05;149.331543;3;154.3362885;0.03;0.02;58.6142807;0.785344877;98.00%;2.531874895;0.1;0.1;2.5;80.00%;0.9;0.85;19076.6510050;1698.6787109;20775.3297158;22.2055336;1000;0.2;800
51.62%;3.33%;12.05%;0.96%;1.39%;0.66%;0.21%;0.24%;0.07%;29.46%;218.5496430;51.9859569;20.6344554;5271.2136288;92.21%;582.6198265;312.9786306;38.1061426;31.5370784;0.1806082;7.8527325;29.8108043;12.7716053;475.9969256;389.4834554;334.7188173;295.4179745;;54.13993454;1.2;80.00%;99.66%;0.05;142.2767639;3;149.2211151;0.03;0.02;53.79135513;0.807916004;98.00%;2.655581951;0.1;0.1;2.5;80.00%;0.9;0.85;19053.0712900;2235.8103191;21288.8816091;15.5015015;1000;0.2;800
55.87%;6.21%;18.40%;2.22%;1.07%;0.55%;0.28%;0.48%;0.08%;14.85%;236.5433660;78.8589757;37.7286601;6864.6500705;87.39%;597.5961298;331.8875433;38.9800230;58.8123894;0.0601568;14.6442850;55.5931214;35.9946153;661.5083133;652.5075938;417.3470102;492.9840008;;53.86116028;1.2;80.00%;99.93%;0.05;145.1247253;3;144.5528107;0.03;0.02;68.0379715;0.735668172;98.00%;2.857335091;0.1;0.1;2.5;80.00%;0.9;0.85;19490.0115043;4169.4841086;23659.4956128;8.9967794;1000;0.2;800
59.41%;6.46%;23.13%;1.80%;0.47%;0.30%;0.11%;0.07%;0.02%;8.23%;251.5310789;61.5840008;39.1865920;5199.2173629;87.59%;636.9092530;352.9795158;43.8502520;61.1800379;0.0915136;15.2338294;57.8311698;42.5882794;694.7661944;723.1609731;469.6695074;545.9628988;;67.44473267;1.2;80.00%;99.82%;0.05;148.2616882;3;156.6074677;0.03;0.02;56.74459457;0.794290935;98.00%;2.195750713;0.1;0.1;2.5;80.00%;0.9;0.85;21925.1260110;4337.3377361;26262.4637471;9.1965944;1000;0.2;800
58.39%;4.97%;22.03%;1.66%;0.39%;0.45%;0.15%;0.40%;0.05%;11.53%;247.2125853;65.7216381;30.4310465;5216.4367617;89.63%;640.5915945;349.1880336;40.3141631;47.0688527;0.0356289;11.7201443;44.4924015;32.5380416;604.2485632;643.1403207;481.3175389;485.9434403;;64.90923309;1.2;80.00%;99.27%;0.05;146.0247498;3;149.2063599;0.03;0.02;58.91620255;0.783836108;98.00%;2.249769926;0.1;0.1;2.5;80.00%;0.9;0.85;20157.0815710;3336.9301159;23494.0116869;11.7484909;1000;0.2;800
52.42%;7.87%;22.44%;2.12%;1.12%;0.67%;0.03%;0.29%;0.14%;12.91%;221.9366967;44.8903992;47.2771908;4929.7760509;82.62%;530.1003673;303.3050696;46.3061074;74.5335756;0.3114834;18.5588603;70.4537626;47.5045447;732.5846829;801.7882731;471.3241029;604.5122261;;73.23886871;1.2;80.00%;99.21%;0.05;147.5172119;3;158.8233032;0.03;0.02;51.8500061;0.816444154;98.00%;2.416998863;0.1;0.1;2.5;80.00%;0.9;0.85;23153.0537011;5284.0321955;28437.0858967;6.6607370;1000;0.2;800
53.14%;5.02%;23.00%;2.29%;1.27%;0.75%;0.07%;0.09%;0.13%;14.25%;224.9850451;58.9037141;30.5893761;4446.1501756;86.44%;562.2494794;309.0124069;42.5224661;47.5423824;0.2527453;11.8380532;44.9400112;25.8567744;570.9621370;690.3636539;533.5967977;521.1647005;;68.11933899;1.2;80.00%;96.83%;0.05;141.52565;3;155.0828094;0.03;0.02;59.64131546;0.780063307;98.00%;2.137829304;0.1;0.1;2.5;80.00%;0.9;0.85;21261.2330485;3370.5008414;24631.7338899;10.5856574;1000;0.2;800
53.75%;2.58%;19.57%;0.48%;0.26%;0.84%;0.15%;0.27%;0.04%;22.06%;227.5676736;57.1143466;16.2895194;4435.0672050;94.31%;620.4566177;329.6107285;36.7166407;24.4341328;0.0593843;6.0840991;23.0966592;16.4306131;446.8740876;465.6268525;453.6002459;352.6194587;;52.0994339;1.2;80.00%;100.00%;0.05;147.7258453;3;143.5236664;0.03;0.02;54.89250946;0.802706012;98.00%;2.139090538;0.1;0.1;2.5;80.00%;0.9;0.85;18358.3203426;1732.2494364;20090.5697790;20.8333333;1000;0.2;800
53.81%;4.77%;17.12%;1.77%;1.20%;0.59%;0.25%;0.10%;0.13%;20.26%;227.8217026;59.1065159;29.1559062;4356.5326065;89.56%;589.9018531;322.2893872;37.3843980;45.1747339;0.0788735;11.2485087;42.7019629;24.6231103;568.6690086;552.0819069;406.8751930;417.3963313;;65.27218628;1.2;80.00%;99.62%;0.05;148.8655701;3;142.5032349;0.03;0.02;58.00017166;0.788049687;98.00%;2.040983438;0.1;0.1;2.5;80.00%;0.9;0.85;18692.1989990;3202.6472138;21894.8462128;11.2809224;1000;0.2;800
54.73%;3.90%;18.26%;1.91%;0.95%;0.70%;0.17%;0.43%;0.11%;18.85%;231.7168144;70.7464033;24.1054694;6501.2003975;91.05%;609.9173168;329.3266992;39.6173516;36.9353170;0.1334208;9.1968939;34.9135545;20.3811594;523.8307537;540.0404037;447.6264297;408.6380108;;55.81932831;1.2;80.00%;99.21%;0.05;141.1110992;3;151.1174622;0.03;0.02;63.39529419;0.761099136;98.00%;2.92104578;0.1;0.1;2.5;80.00%;0.9;0.85;19808.6757914;2618.5165899;22427.1923813;14.0333333;1000;0.2;800
57.06%;6.85%;13.74%;2.95%;0.61%;0.42%;0.12%;0.54%;0.13%;17.58%;241.5816085;74.8621823;41.4612742;6353.6813741;83.35%;582.1618844;326.3722594;42.5079965;64.8735696;0.1346197;16.1535188;61.3225253;44.2663954;693.6555887;648.9062369;376.4437487;490.2496004;;69.01273346;1.2;80.00%;96.38%;0.05;142.245575;3;150.011322;0.03;0.02;67.11166382;0.740888351;98.00%;2.678897858;0.1;0.1;2.5;80.00%;0.9;0.85;21253.9982341;4599.1893951;25853.1876292;8.3299270;1000;0.2;800
52.24%;4.39%;16.97%;1.01%;0.45%;0.76%;0.13%;0.34%;0.10%;23.62%;221.1746097;53.1015755;26.8720264;4657.2340318;89.86%;574.5952070;312.9178755;38.1034394;41.5759081;0.1110970;10.3524011;39.3001293;27.8967410;537.7747611;526.6434665;406.7145528;398.2082550;;69.5166626;1.2;80.00%;99.39%;0.05;149.9062347;3;141.9550476;0.03;0.02;55.0573349;0.802040304;98.00%;2.295519352;0.1;0.1;2.5;80.00%;0.9;0.85;19051.7196752;2947.5096999;21999.2293751;11.8997722;1000;0.2;800
60.64%;5.86%;18.46%;2.77%;0.44%;0.52%;0.15%;0.45%;0.11%;10.59%;256.7386740;61.6258037;35.6622442;5471.6963529;86.77%;644.0781192;354.3699739;32.0896994;55.4976815;0.0000000;13.8189227;52.4598537;38.5234857;660.9989576;666.2951820;448.9790278;503.2471256;;68.08456421;1.2;80.00%;97.45%;0.05;144.5483398;3;144.0609131;0.03;0.02;56.36422729;0.796110051;98.00%;2.330808401;0.1;0.1;2.5;80.00%;0.9;0.85;16044.8497084;3934.4890300;19979.3387383;10.3481229;1000;0.2;800
61.69%;3.31%;12.74%;1.56%;1.05%;0.80%;0.14%;0.30%;0.05%;18.36%;261.1841820;58.7716380;20.7162771;5221.3489676;93.59%;706.7145739;376.8202917;20.4729723;31.3476665;0.0000000;7.8055690;29.6317604;15.3481122;531.9331604;410.5223469;345.6891530;311.6228795;;54.99410248;1.2;80.00%;99.88%;0.05;144.3230438;3;148.5156708;0.03;0.02;51.19088364;0.819338526;98.00%;2.253171921;0.1;0.1;2.5;80.00%;0.9;0.85;10236.4861318;2222.3820289;12458.8681607;18.6374622;1000;0.2;800
57.05%;3.70%;19.12%;1.23%;1.25%;0.44%;0.04%;0.52%;0.03%;16.61%;241.5392703;79.2045037;22.9637821;5584.9930281;87.60%;611.7187863;329.5376981;41.4597576;35.0411982;0.1574033;8.7252584;33.1231158;16.5462281;511.9698709;567.2222240;487.9092016;429.1572690;;73.81427765;1.2;80.00%;94.76%;0.05;141.5569611;3;153.7035522;0.03;0.02;67.35331726;0.739508726;98.00%;2.444896221;0.1;0.1;2.5;80.00%;0.9;0.85;20729.8788138;2484.2336879;23214.1125017;15.4189189;1000;0.2;800
49.37%;3.31%;21.34%;0.94%;1.24%;0.72%;0.18%;0.34%;0.08%;22.48%;209.0235543;67.8702928;20.5451630;6101.3805492;92.21%;557.2307712;299.9274691;39.2878252;31.3476665;0.2652020;7.8055690;29.6317604;13.8281122;462.9570142;536.9711641;486.1916569;406.2048195;;50.34827423;1.2;80.00%;99.99%;0.05;143.0205994;3;152.594986;0.03;0.02;65.15898895;0.751651119;98.00%;2.977048874;0.1;0.1;2.5;80.00%;0.9;0.85;19643.9125756;2222.3820289;21866.2946045;14.9154079;1000;0.2;800
58.75%;7.01%;14.04%;2.66%;1.44%;0.55%;0.15%;0.44%;0.04%;14.93%;248.7367595;56.6130115;42.3791193;5775.6528676;85.82%;617.1535127;344.8889416;42.3378509;66.3888647;0.0630928;16.5308273;62.7548762;38.7743404;719.8060013;634.5595787;348.4456459;479.3446089;;72.84586334;1.2;80.00%;99.10%;0.05;148.673645;3;150.2758942;0.03;0.02;54.81892395;0.803292330;98.00%;2.497662783;0.1;0.1;2.5;80.00%;0.9;0.85;21168.9254394;4706.6157167;25875.5411562;8.3808845;1000;0.2;800
50.41%;2.22%;22.56%;2.86%;0.88%;0.85%;0.23%;0.35%;0.12%;19.53%;213.4267242;55.0934376;14.1108080;5538.7302446;94.73%;584.5276026;309.7242066;36.4990476;21.0247189;0.1770317;5.2351550;19.8738695;8.8877369;408.1555188;536.6258964;550.3939499;405.8066841;;50.82910919;1.2;80.00%;100.00%;0.05;146.0739746;3;147.4925537;0.03;0.02;55.81295395;0.798692380;98.00%;2.826951504;0.1;0.1;2.5;80.00%;0.9;0.85;18249.5237994;1490.5402127;19740.0640121;22.7072072;1000;0.2;800
56.73%;6.77%;17.48%;1.27%;0.70%;0.46%;0.11%;0.29%;0.12%;16.06%;240.1844488;50.7306995;40.8997045;4568.2071989;84.52%;586.9181723;328.3702554;42.9225807;64.1159221;0.1465566;15.9648646;60.6063498;42.9724229;690.8736242;664.6599879;396.6099381;501.8017262;;61.12505722;1.2;80.00%;97.60%;0.05;140.138504;3;152.0872498;0.03;0.02;52.58306503;0.813133875;98.00%;2.103304863;0.1;0.1;2.5;80.00%;0.9;0.85;21461.2903562;4545.4762343;26006.7665905;8.3796160;1000;0.2;800
52.12%;5.89%;12.89%;0.45%;0.51%;0.45%;0.22%;0.47%;0.05%;26.95%;220.6665516;64.5521473;35.6765003;5322.4822490;81.30%;518.6629602;289.9447743;39.3291740;55.7817993;0.2341347;13.8896680;52.7284195;38.1787253;605.0721693;567.4781123;360.3338106;428.8751369;;70.94924927;1.2;80.00%;93.18%;0.05;140.4429932;3;145.1993561;0.03;0.02;65.92988586;0.747401111;98.00%;2.573815823;0.1;0.1;2.5;80.00%;0.9;0.85;19664.5870131;3954.6314653;23619.2184783;8.8488964;1000;0.2;800
52.76%;5.02%;16.41%;0.34%;1.34%;0.27%;0.07%;0.41%;0.09%;23.28%;223.3761946;67.9403345;30.6338128;5145.0430220;87.97%;568.1128321;312.0843672;42.3367544;47.5423824;0.2310910;11.8380532;44.9400112;25.2967744;573.6713066;536.6112690;379.1396851;405.9637640;;59.13373184;1.2;80.00%;98.64%;0.05;140.7483215;3;154.107132;0.03;0.02;64.48730469;0.755219336;98.00%;2.373089552;0.1;0.1;2.5;80.00%;0.9;0.85;21168.3771920;3370.5008414;24538.8780334;10.5099602;1000;0.2;800
62.96%;3.79%;22.34%;1.29%;0.96%;0.33%;0.09%;0.44%;0.06%;7.73%;266.5611299;88.3107617;23.6743823;7474.6360045;92.82%;715.2771741;383.2437166;15.9833668;35.8935517;0.0000000;8.9374944;33.9288133;19.5119472;565.5113508;578.4974442;483.4840855;438.0053085;;62.84339142;1.2;80.00%;99.85%;0.05;147.9410095;3;148.5852356;0.03;0.02;65.65016937;0.748985630;98.00%;2.884083748;0.1;0.1;2.5;80.00%;0.9;0.85;7991.6833838;2544.6609938;10536.3443776;16.6121372;1000;0.2;800
52.96%;4.19%;21.48%;1.89%;1.16%;0.63%;0.03%;0.28%;0.14%;17.24%;224.2229580;61.1143709;25.7239317;5248.0560276;88.40%;573.0716465;311.4146601;39.1687283;39.6817893;0.1238069;9.8807655;37.5096906;20.7818097;524.4473212;617.5559117;510.6624286;466.4947429;;58.37426758;1.2;80.00%;97.22%;0.05;140.0751953;3;142.6526642;0.03;0.02;60.33021164;0.776824165;98.00%;2.524729252;0.1;0.1;2.5;80.00%;0.9;0.85;19584.3641673;2813.2267979;22397.5909652;12.6396181;1000;0.2;800
58.91%;4.57%;17.55%;0.96%;0.69%;0.40%;0.11%;0.20%;0.05%;16.55%;249.4141703;70.4757635;28.1070310;4836.6013775;90.16%;650.0994526;352.5771997;40.2497992;43.2806151;0.0161215;10.7768732;40.9115242;27.2681791;583.7668734;539.3787580;401.5723500;408.1971078;;65.87769318;1.2;80.00%;98.97%;0.05;145.7036591;3;148.5864868;0.03;0.02;60.91496277;0.773807603;98.00%;2.054081917;0.1;0.1;2.5;80.00%;0.9;0.85;20124.8996106;3068.3643118;23193.2639223;12.8905908;1000;0.2;800
51.01%;4.54%;17.23%;2.49%;0.39%;0.28%;0.15%;0.26%;0.03%;23.61%;215.9670145;54.0067852;27.7358354;5493.3944497;89.33%;557.7179598;304.8106723;41.2345036;42.9964973;0.2694883;10.7061278;40.6429584;29.4529394;539.3162899;551.6040519;424.6407480;417.0283209;;74.10392761;1.2;80.00%;99.39%;0.05;149.1854553;3;155.0761414;0.03;0.02;56.80491257;0.794033767;98.00%;2.741756678;0.1;0.1;2.5;80.00%;0.9;0.85;20617.2518168;3048.2218765;23665.4736932;11.2356828;1000;0.2;800
59.39%;1.91%;16.17%;1.15%;1.08%;0.59%;0.17%;0.12%;0.15%;19.27%;251.4464025;89.1427358;12.5780195;7321.2184640;95.92%;697.2676003;366.7716320;22.9920492;18.0888347;0.0000000;4.5041199;17.0986895;5.0635934;440.9017518;385.0613226;407.8557427;292.8445550;;62.50911713;1.2;80.00%;99.94%;0.05;149.1575775;3;146.3932953;0.03;0.02;66.90370941;0.742057538;98.00%;2.994392872;0.1;0.1;2.5;80.00%;0.9;0.85;11496.0246237;1282.4017145;12778.4263382;31.0942408;1000;0.2;800
56.80%;3.30%;19.61%;0.79%;1.43%;0.53%;0.17%;0.28%;0.04%;17.07%;240.4808160;75.2573794;20.6418719;5280.1098114;93.19%;647.8977640;346.6040625;37.5029689;31.2529606;0.0003277;7.7819872;29.5422385;12.2363656;504.2070111;501.7087649;442.4815746;379.9658423;;54.31923294;1.2;80.00%;100.00%;0.05;149.8582306;3;144.4524994;0.03;0.02;63.43654633;0.760830930;98.00%;2.282899857;0.1;0.1;2.5;80.00%;0.9;0.85;18751.4844295;2215.6678838;20967.1523132;17.2121212;1000;0.2;800
52.66%;6.89%;22.43%;1.04%;0.64%;0.74%;0.05%;0.22%;0.06%;15.27%;222.9528129;68.8665809;41.6213317;5495.7900317;84.57%;545.0920812;307.4081715;40.9091569;65.2523934;0.1204849;16.2478460;61.6806130;44.3133816;678.8428019;735.8738268;463.8967126;555.2319295;;65.39483643;1.2;80.00%;99.11%;0.05;147.489151;3;140.6372528;0.03;0.02;66.47163391;0.744424723;98.00%;2.464233875;0.1;0.1;2.5;80.00%;0.9;0.85;20454.5784571;4626.0459755;25080.6244326;7.6429608;1000;0.2;800
58.55%;1.79%;19.70%;2.95%;1.39%;0.44%;0.13%;0.17%;0.06%;14.82%;247.8899961;60.1483659;11.7297047;6209.2662231;94.79%;679.2877255;356.8838797;37.6850948;16.9523635;0.0054265;4.2211385;16.0244263;1.7226347;425.0665597;474.1033801;505.9429364;359.2007295;;69.99033356;1.2;80.00%;98.53%;0.05;146.3043823;3;149.2668762;0.03;0.02;53.51979828;0.809183722;98.00%;2.841457129;0.1;0.1;2.5;80.00%;0.9;0.85;18842.5473754;1201.8319733;20044.3793487;32.7094972;1000;0.2;800
50.71%;4.00%;18.07%;0.38%;0.89%;0.53%;0.29%;0.05%;0.10%;24.97%;214.6968694;49.6619998;24.5398593;4972.7984295;90.14%;559.5174189;303.6411066;40.3853886;37.8823764;0.3173928;9.4327117;35.8087739;21.5786250;507.0179685;508.8694560;415.1470514;384.9747460;;60.75157928;1.2;80.00%;99.09%;0.05;141.6132965;3;159.5788727;0.03;0.02;53.58723831;0.808788300;98.00%;2.555828094;0.1;0.1;2.5;80.00%;0.9;0.85;20192.6942988;2685.6580409;22878.3523398;12.6775000;1000;0.2;800
58.53%;7.87%;21.69%;1.34%;1.24%;0.91%;0.29%;0.26%;0.05%;7.82%;247.8053197;64.4108784;47.4645190;5204.2495818;84.94%;608.5173852;343.7865310;41.1664022;74.5335756;0.0466333;18.5588603;70.4537626;46.5445447;769.4221035;773.7752246;434.6649921;583.8067258;;61.54540253;1.2;80.00%;99.98%;0.05;149.3850708;3;148.1020203;0.03;0.02;60.0563736;0.778190625;98.00%;2.154672146;0.1;0.1;2.5;80.00%;0.9;0.85;20583.2011048;5284.0321955;25867.2333004;7.4371029;1000;0.2;800
49.72%;6.32%;21.36%;0.46%;1.26%;0.35%;0.21%;0.49%;0.02%;19.81%;210.5053903;57.8662807;38.1865833;4960.9702752;85.69%;521.4661039;292.9962124;42.9905032;59.8541548;0.3476474;14.9036845;56.5778627;35.2638275;632.9845105;673.0205012;439.1171857;508.0797665;;57.96503067;1.2;80.00%;99.94%;0.05;144.6422119;3;158.2950287;0.03;0.02;61.76981735;0.769470338;98.00%;2.428783417;0.1;0.1;2.5;80.00%;0.9;0.85;21495.2515779;4243.3397047;25738.5912825;7.8670886;1000;0.2;800
56.15%;7.31%;19.12%;0.57%;0.25%;0.26%;0.20%;0.37%;0.07%;15.70%;237.7288348;55.9293619;44.0912374;6387.9065138;84.31%;579.4516105;326.6277554;44.2715013;69.2300429;0.2230170;17.2382807;65.4405343;50.4467372;721.0884131;694.4992956;393.7773624;524.2947006;;66.60497284;1.2;80.00%;98.70%;0.05;143.3306732;3;159.3258362;0.03;0.02;56.69251251;0.794597507;98.00%;2.863108873;0.1;0.1;2.5;80.00%;0.9;0.85;22135.7506696;4908.0400698;27043.7907394;7.6812585;1000;0.2;800
49.91%;1.74%;19.54%;0.28%;0.52%;0.27%;0.15%;0.55%;0.14%;26.90%;211.3098156;55.8325096;11.2583102;4351.7233589;92.40%;564.4529892;297.5551932;35.2597295;16.4788337;0.1620981;4.1032296;15.5768166;8.3239019;368.9558194;444.4199665;489.9985244;336.5570506;;70.44919586;1.2;80.00%;96.53%;0.05;144.8540955;3;140.8665466;0.03;0.02;57.52693558;0.790322423;98.00%;2.294463634;0.1;0.1;2.5;80.00%;0.9;0.85;17629.8647640;1168.2612478;18798.1260118;28.6839080;1000;0.2;800
62.67%;1.90%;13.37%;0.28%;0.69%;0.63%;0.26%;0.09%;0.06%;20.04%;265.3333229;86.1514494;12.5628352;6567.9592734;96.13%;737.3906663;387.3688939;2.1002189;17.9941288;0.0000000;4.4805381;17.0091676;8.1118469;459.0304536;324.6117625;344.4066929;247.6401303;;53.96635056;1.2;80.00%;99.94%;0.05;144.9594269;3;145.7789307;0.03;0.02;63.6564827;0.759718470;98.00%;2.620026588;0.1;0.1;2.5;80.00%;0.9;0.85;1050.1094748;1275.6875694;2325.7970443;32.9842105;1000;0.2;800
50.95%;4.92%;21.37%;1.66%;1.12%;0.51%;0.22%;0.54%;0.09%;18.62%;215.7129855;56.4934734;29.9771729;5384.5350917;88.61%;552.5712395;303.6328439;39.0232104;46.5953230;0.2020988;11.6022354;44.0447919;26.3393088;560.6437377;631.4594845;480.8592648;476.8647245;;52.75576401;1.2;80.00%;99.50%;0.05;141.1618958;3;147.5656433;0.03;0.02;58.7919426;0.784461896;98.00%;2.65036726;0.1;0.1;2.5;80.00%;0.9;0.85;19511.6052150;3303.3593904;22814.9646054;10.3556911;1000;0.2;800
49.30%;3.68%;22.37%;0.62%;0.44%;0.56%;0.03%;0.30%;0.13%;22.56%;208.7271871;55.6582106;22.6594506;4763.8523719;90.40%;545.5254850;295.2477807;39.1023412;34.8517863;0.2058443;8.6780948;32.9440720;22.8827350;480.1228234;572.0610592;499.3822992;432.2679796;;63.83797073;1.2;80.00%;98.89%;0.05;145.3961945;3;144.4620209;0.03;0.02;58.69609451;0.784830839;98.00%;2.450754881;0.1;0.1;2.5;80.00%;0.9;0.85;19551.1705825;2470.8053977;22021.9759801;13.3967391;1000;0.2;800
50.92%;6.78%;22.02%;1.30%;1.22%;0.81%;0.04%;0.29%;0.11%;16.50%;215.5859710;50.8864006;40.8435346;5422.2266591;80.80%;503.6273217;285.5354405;42.3516933;64.2106281;0.2694753;15.9884464;60.6958717;38.8841694;652.8457104;759.8872451;499.2663405;572.9955555;;68.93350983;1.2;80.00%;94.95%;0.05;141.0820923;3;147.0434418;0.03;0.02;58.36146545;0.786564014;98.00%;2.764498711;0.1;0.1;2.5;80.00%;0.9;0.85;21175.8466488;4552.1903794;25728.0370282;7.5103245;1000;0.2;800
52.92%;4.78%;14.63%;2.82%;0.81%;0.38%;0.23%;0.39%;0.10%;22.93%;224.0536053;50.6696013;29.1667047;4823.5269470;89.49%;579.6609117;317.0059601;37.2330168;45.2694398;0.0877216;11.2720905;42.7914848;27.8148569;564.5101946;529.4867407;384.5670262;400.3127347;;54.32377625;1.2;80.00%;99.72%;0.05;144.2912598;3;141.2234802;0.03;0.02;53.01617813;0.811300926;98.00%;2.362068653;0.1;0.1;2.5;80.00%;0.9;0.85;18616.5083779;3209.3613589;21825.8697368;11.0711297;1000;0.2;800
62.65%;3.66%;23.18%;2.78%;0.87%;0.54%;0.25%;0.31%;0.10%;5.65%;265.2486465;59.2498096;22.7580195;5556.3406040;90.10%;690.9101780;370.0294561;37.7434203;34.6623744;0.0000000;8.6309312;32.7650281;19.2992419;546.5706192;641.0468813;555.9132954;484.4587274;;67.13763428;1.2;80.00%;96.68%;0.05;141.2034454;3;153.5174866;0.03;0.02;52.33292389;0.814414006;98.00%;2.409747124;0.1;0.1;2.5;80.00%;0.9;0.85;18871.7101284;2457.3771075;21329.0872359;17.1174863;1000;0.2;800
61.20%;7.35%;15.41%;2.38%;1.04%;0.47%;0.05%;0.57%;0.14%;11.40%;259.1096116;55.4152856;44.4202370;5284.7906991;86.52%;648.1503272;362.1407815;42.7768485;69.6088667;0.0000000;17.3326078;65.7986220;44.4137235;754.9600336;663.6899975;353.6938578;501.2487573;;54.15759277;1.2;80.00%;100.00%;0.05;146.5390167;3;150.4468842;0.03;0.02;52.21609879;0.814902181;98.00%;2.20156312;0.1;0.1;2.5;80.00%;0.9;0.85;21388.4242367;4934.8966502;26323.3208869;8.3265306;1000;0.2;800
49.68%;2.07%;17.40%;1.71%;0.97%;0.37%;0.10%;0.38%;0.08%;27.24%;210.3360377;49.8739195;13.1759831;5305.2164050;92.55%;562.7556346;297.9109940;38.0197306;19.6041298;0.2383642;4.8814283;18.5310405;7.0915384;388.5002203;440.0551483;465.7657647;333.2829610;;60.48918533;1.2;80.00%;97.42%;0.05;140.1557007;3;148.9591827;0.03;0.02;53.54200745;0.809038018;98.00%;2.848257542;0.1;0.1;2.5;80.00%;0.9;0.85;19009.8652801;1389.8280362;20399.6933163;24.0000000;1000;0.2;800
55.25%;3.15%;21.26%;1.99%;0.47%;0.30%;0.15%;0.56%;0.13%;16.75%;233.9183994;68.2913439;19.6748413;5978.3482145;89.90%;607.9912793;325.4456873;41.2467762;29.8323714;0.2317061;7.4282605;28.1994094;18.8401672;476.4284862;572.4847931;527.5142183;433.0244009;;71.6875;1.2;80.00%;96.35%;0.05;141.4967804;3;159.7384186;0.03;0.02;62.22724915;0.767195851;98.00%;2.767028809;0.1;0.1;2.5;80.00%;0.9;0.85;20623.3880779;2114.9557072;22738.3437852;17.5396825;1000;0.2;800
61.61%;5.63%;14.72%;1.86%;1.31%;0.80%;0.24%;0.38%;0.12%;13.32%;260.8454767;53.7791282;34.3083919;4802.6307352;88.52%;667.5042034;365.5002163;35.8658220;53.3194448;0.0000000;13.2765418;50.4008492;29.9133147;657.7828234;573.0348593;367.6231326;433.3028331;;64.18437958;1.2;80.00%;98.75%;0.05;144.0783997;3;150.2813873;0.03;0.02;50.00019073;0.824322780;98.00%;2.065809727;0.1;0.1;2.5;80.00%;0.9;0.85;17932.9109954;3780.0636926;21712.9746880;10.9431616;1000;0.2;800
55.79%;6.80%;21.75%;0.55%;1.16%;0.39%;0.14%;0.44%;0.04%;12.95%;236.2046607;62.6503528;41.1266508;4938.5255773;86.20%;588.6116084;329.4279061;44.5475541;64.4000399;0.2145869;16.0356099;60.8749156;39.5076625;693.5844887;704.9653936;435.1053379;532.2516797;;60.11022186;1.2;80.00%;99.87%;0.05;144.703476;3;159.6144257;0.03;0.02;60.25056458;0.777177942;98.00%;2.165826559;0.1;0.1;2.5;80.00%;0.9;0.85;22273.7770566;4565.6186696;26839.3957262;8.2044118;1000;0.2;800
51.06%;3.56%;20.53%;1.72%;1.38%;0.74%;0.18%;0.25%;0.11%;20.47%;216.1787054;75.1357929;22.0569639;4820.0798387;90.30%;564.3751014;304.6065939;36.8470694;33.7153150;0.1402218;8.3951134;31.8698088;14.5017763;481.7466682;561.3113536;493.9212561;424.4561517;;63.85402298;1.2;80.00%;98.24%;0.05;144.5895844;3;141.5258484;0.03;0.02;68.33222961;0.733870376;98.00%;2.256189346;0.1;0.1;2.5;80.00%;0.9;0.85;18423.5346914;2390.2356564;20813.7703479;14.3426966;1000;0.2;800
60.81%;6.06%;24.41%;2.03%;0.74%;0.33%;0.24%;0.19%;0.10%;5.10%;257.4584229;53.4101625;36.8171206;5597.5470694;87.47%;651.0701204;358.6868689;42.5045398;57.3918003;0.0838664;14.2905583;54.2502924;37.5584169;676.8298384;742.2888741;512.1006730;560.2574215;;63.95547867;1.2;80.00%;98.57%;0.05;142.0984497;3;158.1889496;0.03;0.02;50.69400024;0.821497004;98.00%;2.424262524;0.1;0.1;2.5;80.00%;0.9;0.85;21252.2698920;4068.7719320;25321.0418241;10.0346535;1000;0.2;800
58.06%;6.32%;16.65%;0.94%;0.29%;0.40%;0.07%;0.60%;0.02%;16.65%;245.8154257;69.9319184;38.3758661;6120.3974762;87.64%;622.8423803;345.2516062;42.8103530;59.8541548;0.0690805;14.9036845;56.5778627;43.0238275;679.4999214;608.1081941;364.4870555;459.6920440;;65.17285156;1.2;80.00%;99.92%;0.05;149.2545471;3;151.0507202;0.03;0.02;62.21365738;0.767269901;98.00%;2.555566788;0.1;0.1;2.5;80.00%;0.9;0.85;21405.1764755;4243.3397047;25648.5161802;9.1867089;1000;0.2;800
56.71%;4.85%;18.01%;0.34%;0.58%;0.38%;0.08%;0.30%;0.14%;18.62%;240.0997725;76.3183648;29.7244534;5458.4814015;87.90%;610.1733714;333.1332971;38.9178409;45.9323814;0.0197338;11.4371630;43.4181383;30.1570828;582.5964390;565.5059521;413.9736608;427.7015491;;71.82038116;1.2;80.00%;97.43%;0.05;146.7401581;3;140.861145;0.03;0.02;66.11004639;0.746420759;98.00%;2.346963167;0.1;0.1;2.5;80.00%;0.9;0.85;19458.9204517;3256.3603746;22715.2808264;11.6927835;1000;0.2;800
61.93%;4.93%;23.71%;2.08%;0.77%;0.91%;0.01%;0.13%;0.11%;5.42%;262.2002982;82.7994589;30.3012971;5097.0227178;88.05%;667.4401889;362.9567095;42.9414202;46.6900290;0.0238667;11.6258172;44.1343138;29.2110553;613.8501859;700.6191478;539.5769899;529.3621085;;74.71894073;1.2;80.00%;96.91%;0.05;144.5546112;3;153.7180786;0.03;0.02;65.8082962;0.748042840;98.00%;2.026868343;0.1;0.1;2.5;80.00%;0.9;0.85;21470.7100777;3310.0735355;24780.7836131;12.5618661;1000;0.2;800
60.97%;2.77%;17.03%;0.56%;0.54%;0.54%;0.24%;0.43%;0.05%;16.87%;258.1358337;61.8547116;17.5465094;6063.5154957;94.59%;705.9063956;374.3526567;36.7571809;26.2335457;0.0000000;6.5321529;24.7975759;15.5537978;498.3369404;433.4973572;401.9610911;328.8832303;;50.35378265;1.2;80.00%;100.00%;0.05;148.0249786;3;155.0028229;0.03;0.02;53.13322067;0.810904115;98.00%;2.626250267;0.1;0.1;2.5;80.00%;0.9;0.85;18378.5904543;1859.8181933;20238.4086476;22.0108303;1000;0.2;800
60.73%;3.33%;23.78%;1.90%;0.86%;0.81%;0.28%;0.41%;0.03%;7.86%;257.1197175;58.6116634;20.8046176;6573.8579408;92.28%;685.9587416;366.2119133;39.6730251;31.5370784;0.0527334;7.8527325;29.8108043;17.0116053;523.9076177;606.7178862;542.4810635;458.7329055;;62.08303452;1.2;80.00%;98.61%;0.05;141.3558807;3;158.0813599;0.03;0.02;52.20575333;0.815001744;98.00%;2.894155025;0.1;0.1;2.5;80.00%;0.9;0.85;19836.5125533;2235.8103191;22072.3228724;18.2372372;1000;0.2;800
56.31%;2.38%;18.39%;2.39%;0.30%;0.46%;0.29%;0.33%;0.10%;19.05%;238.4062456;75.7438276;15.2304206;5008.4062285;94.64%;652.3050662;345.3489959;39.1645367;22.5400140;0.1512056;5.6124635;21.3062205;14.6756819;449.5244460;465.6997681;463.6778377;353.1257959;;59.49069214;1.2;80.00%;99.73%;0.05;143.405899;3;159.6459961;0.03;0.02;63.41758347;0.760895274;98.00%;2.201515913;0.1;0.1;2.5;80.00%;0.9;0.85;19582.2683569;1597.9665344;21180.2348913;23.6596639;1000;0.2;800
56.11%;6.90%;16.19%;2.74%;1.10%;0.75%;0.18%;0.24%;0.12%;15.67%;237.5594821;57.4579182;41.6994266;4561.1024512;86.18%;591.8869699;331.4663230;43.9443088;65.3470994;0.1964350;16.2714277;61.7701349;40.7051282;701.3863530;658.9482741;382.3854935;497.6721033;;53.22797012;1.2;80.00%;99.98%;0.05;142.8779602;3;158.5729523;0.03;0.02;56.85889435;0.793602614;98.00%;2.026993752;0.1;0.1;2.5;80.00%;0.9;0.85;21972.1543819;4632.7601206;26604.9145026;8.1318841;1000;0.2;800
54.34%;4.98%;13.42%;0.86%;0.97%;0.84%;0.18%;0.40%;0.03%;23.99%;230.0656257;76.4443208;30.4139280;6321.2484198;83.42%;554.8631664;305.1613740;37.7881145;47.1635587;0.1249893;11.7437261;44.5819235;27.9697882;565.3269547;546.3663496;392.1313296;413.2214356;;73.93661499;1.2;80.00%;93.16%;0.05;142.6113281;3;140.1702881;0.03;0.02;69.57421112;0.726829300;98.00%;2.868597507;0.1;0.1;2.5;80.00%;0.9;0.85;18894.0572505;3343.6442610;22237.7015115;10.9116466;1000;0.2;800
55.79%;6.15%;24.67%;2.41%;0.60%;0.90%;0.17%;0.18%;0.09%;9.04%;236.2046607;74.5691476;37.3582058;6319.8572884;87.54%;597.7554729;331.7140322;42.0313542;58.2441538;0.1389836;14.5027943;55.0559898;39.3241360;657.6088220;753.5059216;522.7126211;568.7593353;;55.09802246;1.2;80.00%;99.98%;0.05;145.1627045;3;152.6916351;0.03;0.02;66.02139282;0.746940859;98.00%;2.674836159;0.1;0.1;2.5;80.00%;0.9;0.85;21015.6771004;4129.1992379;25144.8763384;9.0715447;1000;0.2;800
50.70%;1.60%;16.13%;1.33%;0.76%;0.30%;0.19%;0.19%;0.12%;28.68%;214.6545312;74.0712861;10.5446023;4466.4141988;95.34%;591.6313571;311.1172022;36.5850391;15.1529506;0.1762399;3.7730847;14.3235096;5.3994500;372.9330356;373.3256148;425.1559489;283.5863490;;60.90192795;1.2;80.00%;99.26%;0.05;144.3637848;3;147.9904938;0.03;0.02;66.1087265;0.746227690;98.00%;2.139152765;0.1;0.1;2.5;80.00%;0.9;0.85;18292.5195672;1074.2632164;19366.7827835;31.6875000;1000;0.2;800
51.40%;7.44%;16.68%;1.45%;1.05%;0.69%;0.27%;0.49%;0.01%;20.52%;217.6182032;41.1046029;44.6976389;4712.4548326;80.68%;507.5628272;290.0329910;39.5769941;70.4612202;0.2144929;17.5448438;66.6043194;44.9794425;696.0889982;700.0648118;397.2406547;527.9772558;;61.47829056;1.2;80.00%;96.20%;0.05;140.0429993;3;143.190094;0.03;0.02;50.18518829;0.823517943;98.00%;2.45138979;0.1;0.1;2.5;80.00%;0.9;0.85;19788.4970331;4995.3239561;24783.8209893;6.9086022;1000;0.2;800
53.74%;4.59%;16.68%;2.34%;0.99%;0.55%;0.16%;0.25%;0.13%;20.59%;227.5253354;54.7403624;28.0749973;4897.3553995;89.35%;587.7193551;320.4499611;38.7978542;43.4700270;0.1125430;10.8240367;41.0905680;25.0116722;556.2994535;552.0395884;418.5897509;417.3340724;;64.08628845;1.2;80.00%;98.99%;0.05;145.5987091;3;145.2440491;0.03;0.02;55.35877228;0.800716442;98.00%;2.350034714;0.1;0.1;2.5;80.00%;0.9;0.85;19398.9270813;3081.7926020;22480.7196833;11.7080610;1000;0.2;800
55.91%;6.91%;21.06%;2.71%;1.01%;0.58%;0.29%;0.39%;0.04%;11.10%;236.7127187;63.8389004;41.7449332;5742.5578173;82.38%;563.7921581;317.0807984;39.5702647;65.4418053;0.1261960;16.2950095;61.8596569;41.4968747;689.2805038;768.6801562;493.5997370;579.8601549;;65.10405731;1.2;80.00%;95.66%;0.05;140.6115112;3;145.2624207;0.03;0.02;62.51800537;0.765677987;98.00%;2.568996906;0.1;0.1;2.5;80.00%;0.9;0.85;19785.1323315;4639.4742657;24424.6065972;8.0911722;1000;0.2;800
60.66%;2.79%;16.09%;0.98%;1.14%;0.86%;0.12%;0.41%;0.13%;16.81%;256.8233503;69.4084211;17.6658356;4695.0957814;92.28%;685.1556962;363.7928373;40.0154782;26.4229576;0.0278231;6.5793164;24.9766198;10.8972910;489.7090323;454.0490886;423.7213059;344.3296304;;68.9129715;1.2;80.00%;97.63%;0.05;143.1831512;3;154.4785919;0.03;0.02;58.43152618;0.786100829;98.00%;2.022666693;0.1;0.1;2.5;80.00%;0.9;0.85;20007.7391071;1873.2464836;21880.9855906;21.7419355;1000;0.2;800
60.55%;5.01%;14.84%;0.66%;0.44%;0.73%;0.15%;0.19%;0.08%;17.36%;256.3576304;75.5220595;30.7482414;5738.2627574;90.53%;670.9729467;365.0385447;42.7592385;47.4476765;0.0636695;11.8144714;44.8504893;32.4250278;620.7644831;509.5033066;342.7799719;385.9919027;;51.02019119;1.2;80.00%;100.00%;0.05;149.1894073;3;158.7316284;0.03;0.02;62.3008461;0.766805701;98.00%;2.323005676;0.1;0.1;2.5;80.00%;0.9;0.85;21379.6192683;3363.7866963;24743.4059645;12.0858283;1000;0.2;800
51.19%;2.94%;12.26%;1.86%;0.49%;0.85%;0.28%;0.28%;0.05%;29.81%;216.7291016;48.0655406;18.3154884;4761.2688032;92.32%;578.4344786;309.3058973;38.0174288;27.8435467;0.2348344;6.9330431;26.3194488;17.1734894;450.0636670;396.9411859;366.8621472;300.9963059;;74.01325989;1.2;80.00%;98.95%;0.05;148.1345825;3;153.3393707;0.03;0.02;51.1411972;0.819464317;98.00%;2.472417355;0.1;0.1;2.5;80.00%;0.9;0.85;19008.7144175;1973.9586601;20982.6730776;17.4115646;1000;0.2;800
51.20%;3.12%;21.40%;1.59%;0.66%;0.49%;0.24%;0.25%;0.12%;20.94%;216.7714398;66.5388762;19.4439618;5845.0521379;91.60%;574.0727636;307.8606562;36.7035386;29.5482536;0.1628334;7.3575152;27.9308436;17.1049275;459.1070916;545.0382148;503.9985561;412.2057755;;71.19049072;1.2;80.00%;98.62%;0.05;147.795105;3;145.2370911;0.03;0.02;63.36550522;0.761242090;98.00%;2.826148987;0.1;0.1;2.5;80.00%;0.9;0.85;18351.7693198;2094.8132719;20446.5825918;16.4102564;1000;0.2;800
54.72%;7.55%;15.18%;1.90%;1.29%;0.72%;0.04%;0.48%;0.04%;18.08%;231.6744763;66.5503580;45.5062381;6037.0637491;82.06%;549.6177366;312.2539423;44.9298123;71.5029855;0.2318494;17.8042434;67.5890607;43.8486547;721.8005504;685.0835580;372.6148356;517.2476820;;68.96083069;1.2;80.00%;97.05%;0.05;142.3395844;3;154.2567902;0.03;0.02;64.94652557;0.752801088;98.00%;2.667975664;0.1;0.1;2.5;80.00%;0.9;0.85;22464.9061564;5069.1795523;27534.0857087;7.2476821;1000;0.2;800
56.30%;1.85%;16.79%;0.60%;0.79%;0.73%;0.13%;0.59%;0.15%;22.08%;238.3639074;85.8497797;12.1593525;6995.4621642;95.75%;659.8382622;347.2552319;38.1430890;17.5205991;0.0550316;4.3626292;16.5615579;6.9531141;419.7971760;393.7770037;423.8408635;299.2376307;;50.35709;1.2;80.00%;99.84%;0.05;141.1130524;3;150.4221344;0.03;0.02;67.53204346;0.738532012;98.00%;2.99291563;0.1;0.1;2.5;80.00%;0.9;0.85;19071.5445209;1242.1168439;20313.6613648;30.4324324;1000;0.2;800
52.96%;7.56%;13.44%;0.62%;0.98%;0.34%;0.16%;0.17%;0.11%;23.67%;224.2229580;47.1659945;45.4759836;4849.5987221;83.53%;541.4734799;307.9846201;42.3355867;71.5976915;0.1997475;17.8278252;67.6785826;46.4004013;718.9361398;609.9827921;296.8466131;460.6192092;;68.25611115;1.2;80.00%;99.35%;0.05;147.7726593;3;149.1339569;0.03;0.02;52.88827896;0.811873772;98.00%;2.340725899;0.1;0.1;2.5;80.00%;0.9;0.85;21167.7933573;5075.8936974;26243.6870547;7.0052910;1000;0.2;800
58.25%;7.42%;21.34%;0.42%;0.78%;0.32%;0.28%;0.19%;0.09%;10.91%;246.6198509;66.6385137;44.7830806;6471.0296884;81.36%;580.0617563;327.4272385;41.5936243;70.2718083;0.1410572;17.4976803;66.4252755;46.9959494;728.3713918;762.1350186;454.2743316;575.0738178;;73.14980316;1.2;80.00%;94.92%;0.05;141.9624786;3;151.1214752;0.03;0.02;63.04632187;0.762935363;98.00%;2.773929119;0.1;0.1;2.5;80.00%;0.9;0.85;20796.8121418;4981.8956659;25778.7078078;7.8504043;1000;0.2;800
54.12%;2.53%;21.91%;2.83%;1.05%;0.45%;0.21%;0.19%;0.09%;16.61%;229.1341860;67.0766779;16.0420147;5058.8228417;94.43%;625.5140762;332.0816996;39.9067614;23.9606031;0.1984004;5.9661902;22.6490495;9.7518803;446.2527260;531.4967197;522.8228470;402.3033021;;51.56065369;1.2;80.00%;100.00%;0.05;148.21492;3;159.0340881;0.03;0.02;60.52676773;0.775811032;98.00%;2.344122648;0.1;0.1;2.5;80.00%;0.9;0.85;19953.3806811;1698.6787109;21652.0593920;21.3913043;1000;0.2;800
62.34%;7.19%;12.58%;0.71%;1.01%;0.79%;0.26%;0.14%;0.07%;14.91%;263.9361632;87.5438668;43.6284741;7134.9325616;86.99%;663.7952664;369.7719582;26.8417077;68.0935716;0.0000000;16.9552993;64.3662710;43.5057785;752.7645308;580.9690968;279.2512075;439.6646127;;52.44552612;1.2;80.00%;100.00%;0.05;149.266098;3;147.5487366;0.03;0.02;68.01745605;0.735785935;98.00%;2.640318871;0.1;0.1;2.5;80.00%;0.9;0.85;13420.8538274;4827.4703286;18248.3241560;8.6703755;1000;0.2;800
58.52%;2.95%;15.81%;2.79%;1.13%;0.79%;0.26%;0.31%;0.08%;17.36%;247.7629816;74.2968777;18.6037096;5271.8374104;93.21%;667.6738369;355.4364529;37.3520045;27.9382526;0.0073875;6.9566249;26.4089707;12.1252360;491.8698530;468.6990060;429.3841585;355.2840130;;60.18153;1.2;80.00%;99.13%;0.05;143.4729004;3;148.8680573;0.03;0.02;61.87932205;0.768950660;98.00%;2.263065815;0.1;0.1;2.5;80.00%;0.9;0.85;18676.0022718;1980.6728052;20656.6750770;19.8372881;1000;0.2;800
57.13%;5.33%;23.24%;1.82%;0.92%;0.47%;0.04%;0.47%;0.08%;10.49%;241.8779757;64.0298361;32.5235216;5308.7126326;89.40%;625.1755780;342.6225327;34.7116656;50.4782666;0.0000000;12.5690884;47.7151912;30.8809178;619.1733169;678.4643438;495.6301295;512.3185327;;53.9776001;1.2;80.00%;100.00%;0.05;148.5189209;3;140.483963;0.03;0.02;58.85536957;0.784144278;98.00%;2.318099022;0.1;0.1;2.5;80.00%;0.9;0.85;17355.8328150;3578.6393396;20934.4721546;10.7185741;1000;0.2;800
55.81%;1.73%;23.86%;2.03%;0.92%;0.26%;0.24%;0.46%;0.05%;14.63%;236.2893370;68.0446573;11.3497523;4887.1649180;93.30%;637.3792475;335.1284421;35.9685301;16.3841278;0.0714729;4.0796478;15.4872947;5.0521553;402.2412783;536.6877950;576.0623635;406.1239920;;74.80568695;1.2;80.00%;97.06%;0.05;146.0972443;3;147.0819397;0.03;0.02;60.35780716;0.776629501;98.00%;2.273275614;0.1;0.1;2.5;80.00%;0.9;0.85;17984.2650611;1161.5471027;19145.8121638;32.2601156;1000;0.2;800
62.36%;1.55%;21.73%;0.97%;0.50%;0.86%;0.13%;0.30%;0.07%;11.54%;264.0208395;86.4289143;10.5040165;6905.9914657;96.78%;738.7178650;386.7120713;22.1578178;14.6794209;0.0000000;3.6551758;13.8758999;7.1207172;437.6572690;458.8360563;500.5004337;348.3140228;;52.19517517;1.2;80.00%;100.00%;0.05;144.756958;3;153.4610596;0.03;0.02;63.70825195;0.759446521;98.00%;2.772539616;0.1;0.1;2.5;80.00%;0.9;0.85;11078.9088769;1040.6924909;12119.6013677;40.2322581;1000;0.2;800
53.56%;5.78%;16.81%;0.38%;1.22%;0.76%;0.29%;0.45%;0.07%;20.68%;226.7632483;49.0119110;34.9889946;4438.3812650;81.63%;535.1420310;297.9132302;39.6978862;54.7400339;0.2516535;13.6302685;51.7436783;31.7095132;606.0341718;632.2073241;430.3679694;477.3184578;;74.48434448;1.2;80.00%;92.93%;0.05;140.6015167;3;150.3444214;0.03;0.02;54.70611572;0.803559911;98.00%;2.250667572;0.1;0.1;2.5;80.00%;0.9;0.85;19848.9431214;3880.7758692;23729.7189906;9.2664360;1000;0.2;800
54.37%;4.02%;16.66%;2.82%;0.79%;0.40%;0.07%;0.37%;0.02%;20.49%;230.1926403;65.8654607;24.7902016;5347.5590497;91.37%;608.0741358;328.8088597;42.8932375;38.0717883;0.2203362;9.4798753;35.9878177;22.5221181;530.1810498;522.3288322;423.2681431;395.3750500;;67.372612;1.2;80.00%;99.87%;0.05;148.0259705;3;159.9553833;0.03;0.02;60.90007782;0.773960115;98.00%;2.442545414;0.1;0.1;2.5;80.00%;0.9;0.85;21446.6187257;2699.0863311;24145.7050568;13.5248756;1000;0.2;800
53.48%;4.21%;20.18%;1.41%;1.43%;0.32%;0.04%;0.36%;0.14%;18.44%;226.4245430;82.8946384;25.9600795;4913.4610143;90.94%;595.2874885;323.0566099;41.8085531;39.8712012;0.1788233;9.9279291;37.6887345;18.7653028;535.9745271;564.8611818;455.0350293;427.3884147;;51.86732864;1.2;80.00%;100.00%;0.05;145.1808929;3;153.2343445;0.03;0.02;69.93768311;0.724612094;98.00%;2.13072753;0.1;0.1;2.5;80.00%;0.9;0.85;20904.2765483;2826.6550881;23730.9316364;12.7030879;1000;0.2;800
62.98%;4.91%;21.73%;0.56%;1.00%;0.48%;0.21%;0.28%;0.10%;7.76%;266.6458062;78.3743171;30.2041424;6925.6257539;90.17%;695.1066130;377.0950305;37.9672604;46.5006171;0.0000000;11.5786537;43.9552699;27.2275622;625.8595864;619.9035347;456.9481484;468.8641145;;58.96882629;1.2;80.00%;99.04%;0.05;141.3502502;3;155.5711823;0.03;0.02;62.36809921;0.766478911;98.00%;2.725027084;0.1;0.1;2.5;80.00%;0.9;0.85;18983.6302081;3296.6452453;22280.2754534;12.8268839;1000;0.2;800
59.00%;3.17%;22.20%;2.10%;1.24%;0.60%;0.22%;0.54%;0.06%;10.88%;249.7952138;59.2634838;19.8476899;5640.6530038;93.29%;673.7073857;359.2960654;21.8239246;30.0217833;0.0000000;7.4754240;28.3784533;12.8236603;508.1945998;567.1666235;513.6424813;428.9714564;;59.6875;1.2;80.00%;99.57%;0.05;145.9309692;3;142.9282532;0.03;0.02;53.27296448;0.810265498;98.00%;2.517886639;0.1;0.1;2.5;80.00%;0.9;0.85;10911.9622946;2128.3839974;13040.3462920;18.6119874;1000;0.2;800
61.95%;3.01%;23.85%;1.64%;0.89%;0.28%;0.29%;0.11%;0.10%;7.87%;262.2849745;79.9204634;19.0441785;6710.8846867;94.17%;714.0597121;379.5771157;32.4111036;28.5064883;0.0000000;7.0981156;26.9461023;14.4757153;517.0895492;563.7131318;516.6069107;426.8021746;;50.23669434;1.2;80.00%;99.94%;0.05;141.2013702;3;155.2291107;0.03;0.02;62.10036087;0.767864206;98.00%;2.709280014;0.1;0.1;2.5;80.00%;0.9;0.85;16205.5518144;2020.9576758;18226.5094902;20.5813953;1000;0.2;800
58.51%;3.83%;15.10%;2.40%;1.24%;0.42%;0.03%;0.08%;0.02%;18.37%;247.7206434;60.7020796;23.7183143;5726.7959376;91.75%;657.0965802;353.2841664;42.8871730;36.2723754;0.1121862;9.0318215;34.2869010;17.5589335;540.9675553;482.2994760;390.3841902;365.3869802;;63.49508667;1.2;80.00%;99.28%;0.05;143.566452;3;158.8878021;0.03;0.02;55.07695007;0.802106898;98.00%;2.544896364;0.1;0.1;2.5;80.00%;0.9;0.85;21443.5864776;2571.5175742;24015.1040518;15.2767624;1000;0.2;800
58.81%;2.04%;19.49%;1.95%;1.01%;0.40%;0.25%;0.12%;0.08%;15.84%;248.9907885;93.6190439;13.3369743;5290.8218958;94.38%;679.3968160;358.0975959;38.3396108;19.3200120;0.0590054;4.8106830;18.2624747;6.5562988;440.8846816;465.0391053;481.5737640;352.8673233;;59.08239746;1.2;80.00%;98.63%;0.05;140.4669037;3;155.3537292;0.03;0.02;69.57317352;0.726790511;98.00%;2.161355495;0.1;0.1;2.5;80.00%;0.9;0.85;19169.8053996;1369.6856009;20539.4910004;28.8284314;1000;0.2;800
53.95%;7.95%;13.55%;1.77%;1.50%;0.83%;0.11%;0.41%;0.11%;19.83%;228.4144370;50.5881496;47.8015693;6419.5695170;83.57%;551.8638691;314.8484406;45.2880168;75.2912232;0.2530603;18.7475146;71.1699381;45.0385172;747.7829640;656.3089461;318.5149338;495.5064388;;50.6420784;1.2;80.00%;100.00%;0.05;142.6399536;3;157.5473022;0.03;0.02;54.79665756;0.803411030;98.00%;2.982203484;0.1;0.1;2.5;80.00%;0.9;0.85;22644.0083985;5337.7453564;27981.7537548;6.7861635;1000;0.2;800
62.35%;3.99%;15.28%;1.92%;0.69%;0.69%;0.11%;0.55%;0.15%;14.29%;263.9785014;92.3675573;24.8434778;7160.9889987;91.33%;697.0250454;374.6392161;5.6316749;37.7876705;0.0000000;9.4091300;35.7192519;23.1068785;569.5153353;505.0360096;399.2579699;382.8835931;;60.17482758;1.2;80.00%;98.70%;0.05;143.9191742;3;141.0610199;0.03;0.02;68.18864441;0.734812395;98.00%;2.758439541;0.1;0.1;2.5;80.00%;0.9;0.85;2815.8374686;2678.9438958;5494.7813645;15.6265664;1000;0.2;800
51.02%;5.56%;24.43%;1.85%;0.29%;0.34%;0.05%;0.14%;0.05%;16.27%;216.0093527;44.3272582;33.6569887;4908.5220676;83.71%;522.7472912;290.6618117;39.9004933;52.6565032;0.2005649;13.1114693;49.7741957;37.5710888;586.1189733;734.3875821;547.2721227;553.7910077;;70.51660156;1.2;80.00%;95.42%;0.05;143.2607574;3;142.0012665;0.03;0.02;51.89864731;0.816228250;98.00%;2.597325087;0.1;0.1;2.5;80.00%;0.9;0.85;19950.2466692;3733.0646769;23683.3113461;9.1762590;1000;0.2;800
53.43%;4.21%;18.89%;1.31%;1.39%;0.91%;0.02%;0.38%;0.07%;19.39%;226.2128521;60.6895700;25.8704125;5475.6695715;90.97%;594.9347139;322.7428398;43.1473230;39.8712012;0.2291486;9.9279291;37.6887345;19.0853028;535.7650089;551.2611818;441.6666880;416.9663157;;53.30493164;1.2;80.00%;100.00%;0.05;146.1840363;3;158.3458252;0.03;0.02;58.71215057;0.784859423;98.00%;2.573224068;0.1;0.1;2.5;80.00%;0.9;0.85;21573.6614751;2826.6550881;24400.3165632;12.6912114;1000;0.2;800
52.78%;3.37%;19.79%;1.66%;0.77%;0.39%;0.01%;0.08%;0.12%;21.03%;223.4608709;66.3986724;20.9493609;5901.2224860;92.57%;598.0188210;321.1444087;42.1252418;31.9159021;0.2196638;7.9470596;30.1688920;18.0185916;485.1250456;517.8397239;460.0291014;391.9654583;;56.02727509;1.2;80.00%;99.99%;0.05;145.3134613;3;156.6918182;0.03;0.02;61.80649948;0.769364863;98.00%;2.764223576;0.1;0.1;2.5;80.00%;0.9;0.85;21062.6208978;2262.6668995;23325.2877973;15.6617211;1000;0.2;800
57.49%;7.51%;20.12%;0.26%;0.40%;0.89%;0.03%;0.21%;0.10%;12.99%;243.4021499;77.1155087;45.3688129;6892.0517540;83.81%;589.7690867;332.8314615;44.3554071;71.1241618;0.1208608;17.7099163;67.2309730;50.6816685;737.8510969;727.4423034;413.4462325;549.2037420;;62.99511337;1.2;80.00%;98.21%;0.05;142.2096252;3;151.2694397;0.03;0.02;67.70985413;0.737527808;98.00%;2.808285713;0.1;0.1;2.5;80.00%;0.9;0.85;22177.7035603;5042.3229719;27220.0265321;7.6551265;1000;0.2;800
56.85%;2.66%;17.07%;1.63%;0.39%;0.83%;0.15%;0.55%;0.01%;19.85%;240.6925069;63.7024935;16.8381511;5131.7142233;94.43%;657.1050490;348.8214368;37.7283694;25.1917803;0.0168383;6.2727533;23.8128346;15.9645856;468.7638965;451.7985956;431.5175181;342.4415367;;51.3376236;1.2;80.00%;100.00%;0.05;145.1768951;3;147.0962524;0.03;0.02;56.83832932;0.793838583;98.00%;2.322681665;0.1;0.1;2.5;80.00%;0.9;0.85;18864.1847204;1785.9625972;20650.1473176;21.3721805;1000;0.2;800
52.38%;6.95%;14.27%;0.87%;0.98%;0.85%;0.29%;0.20%;0.09%;23.12%;221.7673441;55.3608628;41.8717146;5635.0646150;79.54%;509.9448535;289.4656925;39.2434334;65.8206291;0.2259489;16.3893366;62.2177446;42.0238610;666.8784648;648.2647051;375.9006209;489.3179924;;69.3585968;1.2;80.00%;93.42%;0.05;140.2350769;3;144.147049;0.03;0.02;60.98619843;0.773544050;98.00%;2.78045702;0.1;0.1;2.5;80.00%;0.9;0.85;19621.7166791;4666.3308461;24288.0475252;7.5366906;1000;0.2;800
56.05%;4.90%;19.65%;2.89%;0.66%;0.40%;0.08%;0.58%;0.09%;14.71%;237.3054531;51.1246279;29.9026191;5640.4682590;87.34%;599.2356358;327.5447785;39.6888720;46.4059111;0.0762001;11.5550719;43.8657480;29.8758157;580.6403657;642.3047006;488.8056012;485.0039862;;70.85041046;1.2;80.00%;96.99%;0.05;144.942688;3;144.414505;0.03;0.02;52.14427948;0.815244574;98.00%;2.687677383;0.1;0.1;2.5;80.00%;0.9;0.85;19844.4360229;3289.9311001;23134.3671230;11.4387755;1000;0.2;800
61.80%;3.25%;15.74%;1.40%;0.45%;0.56%;0.06%;0.45%;0.10%;16.19%;261.6499019;78.3553051;20.4340992;5283.3408921;92.72%;701.4021285;373.9722807;24.4298195;30.7794309;0.0000000;7.6640783;29.0946288;19.7176328;525.5751995;461.8596797;401.5819577;350.3418401;;70.20879364;1.2;80.00%;98.86%;0.05;147.2592773;3;148.7352448;0.03;0.02;62.02140808;0.768219397;98.00%;2.15520525;0.1;0.1;2.5;80.00%;0.9;0.85;12214.9097398;2182.0971583;14397.0068980;19.0153846;1000;0.2;800
56.55%;5.96%;12.49%;1.75%;0.91%;0.59%;0.14%;0.53%;0.02%;21.07%;239.4223617;58.2885348;36.1827040;4926.8476763;87.31%;604.3296030;334.2728365;42.7169441;56.4447409;0.1533731;14.0547405;53.3550731;35.4809513;648.8052885;545.3557000;325.9079010;412.4883571;;64.44204712;1.2;80.00%;99.10%;0.05;144.134201;3;155.2567139;0.03;0.02;56.64403534;0.794722587;98.00%;2.208759069;0.1;0.1;2.5;80.00%;0.9;0.85;21358.4720729;4001.6304810;25360.1025539;9.4882550;1000;0.2;800
56.18%;6.30%;22.90%;2.02%;0.99%;0.64%;0.10%;0.36%;0.04%;10.48%;237.8558494;55.2678167;38.1574265;5341.3510208;86.21%;592.8010475;329.6238347;43.6938717;59.6647429;0.1831322;14.8565210;56.3988189;37.2803344;664.4499738;734.6453242;495.3822343;554.4030410;;74.41868591;1.2;80.00%;98.66%;0.05;147.0096436;3;156.4195404;0.03;0.02;55.40898514;0.800549899;98.00%;2.431003571;0.1;0.1;2.5;80.00%;0.9;0.85;21846.9358566;4229.9114145;26076.8472711;8.9174603;1000;0.2;800
57.54%;4.94%;13.20%;1.29%;1.22%;0.42%;0.16%;0.38%;0.14%;20.72%;243.6138407;85.2973476;30.3179914;6809.1642282;89.43%;629.8305788;343.6503153;42.0238195;46.7847349;0.1261728;11.6493990;44.2238357;25.6828019;597.4410484;495.8574632;337.3954840;375.7649936;;63.94694519;1.2;80.00%;99.17%;0.05;143.9250946;3;156.3306274;0.03;0.02;68.96430206;0.730366523;98.00%;2.779420376;0.1;0.1;2.5;80.00%;0.9;0.85;21011.9097683;3316.7876806;24328.6974489;11.6477733;1000;0.2;800
53.12%;5.79%;12.21%;0.32%;0.82%;0.74%;0.12%;0.30%;0.15%;26.43%;224.9003688;52.8845005;35.1106136;5586.6785850;87.53%;569.0898959;315.4493233;42.7485313;54.8347399;0.2300601;13.6538502;51.8332002;34.9812597;621.9439656;504.8706556;299.3197543;381.9849852;;51.53020859;1.2;80.00%;99.78%;0.05;140.4108734;3;155.4018097;0.03;0.02;55.29322433;0.801103470;98.00%;2.673709869;0.1;0.1;2.5;80.00%;0.9;0.85;21374.2656420;3887.4900143;25261.7556563;9.1744387;1000;0.2;800
62.38%;1.63%;22.22%;1.76%;0.57%;0.64%;0.29%;0.45%;0.13%;9.93%;264.1055159;74.1796635;10.9195648;6462.4803606;96.13%;734.0234876;384.5293821;24.0719725;15.4370684;0.0000000;3.8438300;14.5920754;7.1346897;440.8167261;488.3532058;525.0713301;370.2833708;;60.89189148;1.2;80.00%;99.46%;0.05;143.8582458;3;154.1291504;0.03;0.02;58.37631989;0.786530252;98.00%;2.696475267;0.1;0.1;2.5;80.00%;0.9;0.85;12035.9862615;1094.4056517;13130.3919132;38.2699387;1000;0.2;800
53.30%;2.04%;13.54%;1.23%;0.62%;0.55%;0.09%;0.22%;0.04%;28.36%;225.6624559;63.6080248;13.1365236;5247.5143453;95.32%;621.8618358;328.3027443;39.1798942;19.3200120;0.1545127;4.8106830;18.2624747;9.6762988;413.9284244;349.4851736;371.4979885;265.6883772;;62.61361694;1.2;80.00%;99.97%;0.05;148.5536652;3;152.8878784;0.03;0.02;58.80669022;0.784376169;98.00%;2.500937939;0.1;0.1;2.5;80.00%;0.9;0.85;19589.9471017;1369.6856009;20959.6327026;26.1274510;1000;0.2;800
51.26%;2.09%;15.34%;2.53%;0.35%;0.83%;0.19%;0.57%;0.06%;26.78%;217.0254688;47.3281674;13.3022251;5192.4056633;91.83%;576.1812292;304.8833483;37.2672711;19.7935417;0.2167983;4.9285919;18.7100844;12.1950316;396.1519541;438.6261939;461.6932770;332.2154690;;65.48043823;1.2;80.00%;96.56%;0.05;141.0643921;3;149.6178894;0.03;0.02;50.73335648;0.821292246;98.00%;2.769433022;0.1;0.1;2.5;80.00%;0.9;0.85;18633.6355679;1403.2563264;20036.8918943;24.5263158;1000;0.2;800
49.82%;5.84%;19.81%;2.88%;0.38%;0.89%;0.22%;0.51%;0.13%;19.52%;210.9287721;62.2686464;35.3749140;4748.6384899;85.31%;520.1918972;290.5265393;38.5574860;55.3082696;0.2037335;13.7717591;52.2808099;38.8599925;602.6808952;685.6847704;480.9494289;517.4778463;;72.37685394;1.2;80.00%;98.28%;0.05;148.1634674;3;142.2749634;0.03;0.02;64.50772858;0.755034888;98.00%;2.316436291;0.1;0.1;2.5;80.00%;0.9;0.85;19278.7430163;3921.0607398;23199.8037561;8.5308219;1000;0.2;800
55.34%;6.39%;17.40%;2.12%;0.65%;0.62%;0.03%;0.45%;0.04%;16.96%;234.2994429;58.1197518;38.6521588;5741.6754201;82.53%;559.0447424;312.6097050;42.4046167;60.5170964;0.1696178;15.0687570;57.2045163;40.6460535;654.2659145;683.0312798;441.4439001;515.5721760;;71.82727814;1.2;80.00%;94.86%;0.05;141.980896;3;147.9225616;0.03;0.02;59.4082222;0.781453571;98.00%;2.679873228;0.1;0.1;2.5;80.00%;0.9;0.85;21202.3083442;4290.3387204;25492.6470646;8.6604069;1000;0.2;800
55.19%;7.49%;16.86%;2.41%;1.42%;0.42%;0.05%;0.25%;0.11%;15.80%;233.6643703;53.9714310;45.1342403;6169.0341339;84.77%;572.6300090;323.7946644;44.9894431;70.9347499;0.1960775;17.6627527;67.0519291;42.3781754;728.7393938;688.3748385;377.1724093;519.6234429;;67.52493286;1.2;80.00%;99.93%;0.05;149.5692596;3;155.3391876;0.03;0.02;55.81797791;0.798694356;98.00%;2.794459343;0.1;0.1;2.5;80.00%;0.9;0.85;22494.7215477;5028.8946817;27523.6162294;7.3684913;1000;0.2;800
52.43%;4.40%;23.31%;1.50%;0.65%;0.46%;0.10%;0.26%;0.03%;16.87%;221.9790349;63.4147980;26.9801341;5507.1453322;90.41%;580.1966754;315.9009626;41.1897051;41.6706141;0.2053549;10.3759829;39.3896513;26.3684875;540.9126937;624.5716865;504.1500130;471.8982504;;54.44260406;1.2;80.00%;100.00%;0.05;146.5705414;3;153.0165405;0.03;0.02;61.23074722;0.772292731;98.00%;2.590820789;0.1;0.1;2.5;80.00%;0.9;0.85;20594.8525441;2954.2238450;23549.0763891;11.9159091;1000;0.2;800
61.69%;5.97%;16.52%;2.43%;1.34%;0.47%;0.03%;0.06%;0.07%;11.43%;261.1841820;92.2783525;36.4720765;6986.3927308;88.99%;671.9677295;369.3303132;45.1188093;56.5394468;0.0531405;14.0783223;53.4445950;32.1126978;680.4212656;605.3458564;379.3755564;458.0810284;;56.36931992;1.2;80.00%;100.00%;0.05;147.1723022;3;159.4230957;0.03;0.02;69.4598465;0.727500006;98.00%;2.614146233;0.1;0.1;2.5;80.00%;0.9;0.85;22559.4046526;4008.3446261;26567.7492787;10.3333333;1000;0.2;800
62.13%;5.80%;13.23%;2.79%;0.54%;0.48%;0.17%;0.16%;0.10%;14.59%;263.0470616;65.2625963;35.3487403;4848.5211417;87.09%;662.3180903;363.5506741;31.6535797;54.9294458;0.0000000;13.6774320;51.9227221;37.2930063;665.7560122;575.4436626;360.2844693;435.2292735;;70.96648407;1.2;80.00%;97.42%;0.05;145.0402222;3;147.4084015;0.03;0.02;57.42529678;0.790994128;98.00%;2.00612092;0.1;0.1;2.5;80.00%;0.9;0.85;15826.7898267;3894.2041594;19720.9939861;10.7120690;1000;0.2;800
61.28%;7.19%;15.01%;1.75%;0.45%;0.65%;0.19%;0.59%;0.05%;12.84%;259.4483170;84.5718416;43.5636051;6317.0123166;83.42%;625.6904264;350.1397504;44.5310543;68.0935716;0.1318227;16.9552993;64.3662710;47.9857785;734.9953268;674.2241083;376.9341537;509.5406105;;74.68730164;1.2;80.00%;96.13%;0.05;142.4148407;3;159.6230927;0.03;0.02;68.89402771;0.730766431;98.00%;2.443892002;0.1;0.1;2.5;80.00%;0.9;0.85;22265.5271721;4827.4703286;27092.9975007;8.5229485;1000;0.2;800
62.50%;6.61%;23.14%;2.92%;1.29%;0.29%;0.20%;0.09%;0.07%;2.89%;264.6135740;69.7376165;40.1465840;7261.4201079;87.36%;668.3156133;369.7695101;43.1794641;62.6006271;0.0264835;15.5875561;59.1739988;37.1044778;718.7800397;755.0427323;489.1333494;570.0426448;;71.15325165;1.2;80.00%;99.21%;0.05;147.0597534;3;156.8293304;0.03;0.02;59.54826355;0.780784117;98.00%;2.879814148;0.1;0.1;2.5;80.00%;0.9;0.85;21589.7320452;4438.0499127;26027.7819579;9.4553707;1000;0.2;800
55.01%;4.41%;19.52%;0.43%;1.06%;0.71%;0.12%;0.20%;0.06%;18.47%;232.9022832;69.0306956;27.0965053;4852.2896941;89.90%;605.3268540;328.9085174;39.3196545;41.7653200;0.0857455;10.3995647;39.4791732;23.1602341;553.1901874;558.8611486;435.0990337;422.6704159;;72.8313446;1.2;80.00%;99.00%;0.05;149.2489166;3;145.9770355;0.03;0.02;62.75699615;0.764333792;98.00%;2.175726414;0.1;0.1;2.5;80.00%;0.9;0.85;19659.8272390;2960.9379901;22620.7652292;12.4739229;1000;0.2;800
50.19%;2.97%;23.49%;1.91%;0.93%;0.82%;0.08%;0.08%;0.12%;19.40%;212.4952844;60.8145639;18.5301801;5962.5453350;92.61%;568.9084959;304.5932743;41.7804105;28.1276645;0.3168653;7.0037885;26.5880146;13.8687291;447.0556250;572.1186972;541.9329296;432.5771077;;62.10588074;1.2;80.00%;99.49%;0.05;143.4805603;3;159.9206696;0.03;0.02;60.42558289;0.776389412;98.00%;2.975511312;0.1;0.1;2.5;80.00%;0.9;0.85;20890.2052563;1994.1010954;22884.3063517;16.8989899;1000;0.2;800
51.95%;5.73%;13.09%;2.89%;0.85%;0.51%;0.14%;0.26%;0.13%;24.44%;219.9468027;72.9190252;34.8089378;5308.6339451;86.25%;548.4381936;304.7080935;40.1914970;54.2665042;0.1794237;13.5123596;51.2960686;34.3107803;608.7310726;561.6128344;361.4016292;424.6477061;;59.08851242;1.2;80.00%;98.53%;0.05;142.105072;3;145.6516724;0.03;0.02;68.29850769;0.734136045;98.00%;2.409685135;0.1;0.1;2.5;80.00%;0.9;0.85;20095.7484901;3847.2051436;23942.9536337;9.0663176;1000;0.2;800
62.13%;6.41%;22.23%;0.73%;1.18%;0.44%;0.20%;0.34%;0.03%;6.33%;263.0470616;53.4502898;38.8947032;5837.7647191;87.09%;662.3322484;365.8259545;19.0160587;60.7065082;0.0000000;15.1159206;57.3835601;36.5495466;703.6245326;707.0571602;453.8652476;533.8011055;;54.76034164;1.2;80.00%;98.57%;0.05;140.5544891;3;142.921463;0.03;0.02;50.09020996;0.824066474;98.00%;2.475768566;0.1;0.1;2.5;80.00%;0.9;0.85;9508.0293327;4303.7670106;13811.7963433;9.6926677;1000;0.2;800
57.54%;4.76%;13.70%;2.36%;1.48%;0.86%;0.18%;0.39%;0.02%;18.72%;243.6138407;64.6540158;29.1536288;4894.5973543;87.27%;614.6303133;335.0130840;37.5671523;45.0800280;0.0051972;11.2249270;42.6124409;22.3113638;579.3124673;540.8270832;394.2082572;409.0534961;;74.28978729;1.2;80.00%;96.38%;0.05;146.3610992;3;140.1301575;0.03;0.02;59.81909561;0.779324312;98.00%;2.188188553;0.1;0.1;2.5;80.00%;0.9;0.85;18783.5761508;3195.9330687;21979.5092195;12.0882353;1000;0.2;800
60.65%;2.35%;15.03%;2.64%;0.63%;0.51%;0.20%;0.20%;0.06%;17.72%;256.7810122;68.1386359;15.0969587;6624.5877374;95.03%;705.4346007;372.5372238;39.9988070;22.2558962;0.0396674;5.5417181;21.0376547;11.8204422;472.0050506;412.8976139;407.7957915;313.5437948;;66.61999512;1.2;80.00%;99.71%;0.05;146.6524963;3;159.3558655;0.03;0.02;56.71963501;0.794472148;98.00%;2.841462374;0.1;0.1;2.5;80.00%;0.9;0.85;19999.4034887;1577.8240991;21577.2275877;25.8085106;1000;0.2;800
51.55%;4.91%;19.65%;1.80%;1.30%;0.49%;0.28%;0.19%;0.14%;19.70%;218.2532758;59.0963980;29.8943942;5937.0854394;83.66%;527.8623217;290.8910573;38.3477487;46.5006171;0.2514716;11.5786537;43.9552699;24.8275622;548.7469610;642.7324096;495.4105842;485.2961728;;72.66949463;1.2;80.00%;93.81%;0.05;141.3108215;3;147.3995667;0.03;0.02;62.10758591;0.767813680;98.00%;2.98041296;0.1;0.1;2.5;80.00%;0.9;0.85;19173.8743643;3296.6452453;22470.5196096;10.4989817;1000;0.2;800
60.19%;7.67%;16.78%;1.46%;0.77%;0.48%;0.22%;0.09%;0.11%;12.23%;254.8334563;54.2489153;46.2734722;6903.8590564;85.33%;628.6177670;353.3060803;43.2921214;72.6394568;0.0720943;18.0872247;68.6633239;48.8696135;766.1558112;682.5036165;354.3695712;515.3374284;;55.73994446;1.2;80.00%;99.53%;0.05;141.4834595;3;154.7206879;0.03;0.02;52.5733757;0.813391622;98.00%;2.921164513;0.1;0.1;2.5;80.00%;0.9;0.85;21646.0606750;5149.7492935;26795.8099685;7.8474576;1000;0.2;800
53.48%;6.26%;23.15%;2.54%;0.92%;0.57%;0.22%;0.20%;0.07%;12.60%;226.4245430;76.6196123;37.9718641;6744.8624726;86.64%;567.1154679;316.3759170;40.7297345;59.2859191;0.1662244;14.7621939;56.0407311;37.5533482;650.3828511;732.6866689;497.7283997;553.0688818;;58.97462845;1.2;80.00%;99.81%;0.05;145.632843;3;149.1383362;0.03;0.02;68.87857056;0.730859947;98.00%;2.916669369;0.1;0.1;2.5;80.00%;0.9;0.85;20364.8672748;4203.0548341;24567.9221088;8.5431310;1000;0.2;800
61.38%;6.44%;18.30%;0.79%;0.99%;0.42%;0.13%;0.27%;0.03%;11.24%;259.8716987;80.1290312;39.1781741;5965.2812208;88.12%;662.0469509;365.9529050;43.6393095;60.9906261;0.0354486;15.1866659;57.6521259;38.2847863;705.1885296;632.6155137;377.9692437;478.3299202;;60.96144867;1.2;80.00%;99.99%;0.05;147.8128662;3;156.1729431;0.03;0.02;64.93049622;0.752885826;98.00%;2.310517073;0.1;0.1;2.5;80.00%;0.9;0.85;21819.6547456;4323.9094459;26143.5641915;9.5310559;1000;0.2;800
51.42%;7.08%;14.19%;1.84%;0.28%;0.65%;0.11%;0.16%;0.01%;24.26%;217.7028796;66.6160940;42.7119306;4969.9325563;84.36%;530.9731900;300.8553824;40.9913910;67.0518063;0.1684555;16.6958998;63.3815298;48.5565663;684.2300462;618.3672615;335.8800379;467.0647277;;56.82427597;1.2;80.00%;99.74%;0.05;145.3592682;3;142.9038544;0.03;0.02;66.20993805;0.745812915;98.00%;2.272774696;0.1;0.1;2.5;80.00%;0.9;0.85;20495.6954918;4753.6147325;25249.3102243;7.2627119;1000;0.2;800
58.78%;4.23%;24.34%;0.86%;1.50%;0.46%;0.04%;0.27%;0.10%;9.41%;248.8637740;54.5308052;26.0278890;6479.4276492;89.13%;641.2903138;346.6444506;40.2397791;40.0606131;0.0267078;9.9750927;37.8677784;18.3487960;558.4692801;648.2687617;532.5615356;489.6402456;;73.39626312;1.2;80.00%;97.17%;0.05;145.6816254;3;147.2172546;0.03;0.02;52.02706528;0.815780820;98.00%;2.961607456;0.1;0.1;2.5;80.00%;0.9;0.85;20119.8895494;2840.0833783;22959.9729277;13.8959811;1000;0.2;800
60.52%;7.02%;13.66%;2.07%;1.04%;0.87%;0.20%;0.14%;0.04%;14.45%;256.2306159;69.8522265;42.5277972;5490.6985502;86.87%;643.5009260;358.5684484;44.1370967;66.4835706;0.0951973;16.5544091;62.8443982;42.0460869;732.7156973;613.2158067;324.3214843;463.6417160;;58.3189621;1.2;80.00%;99.91%;0.05;144.3444519;3;159.3199005;0.03;0.02;60.98034668;0.773564711;98.00%;2.20443058;0.1;0.1;2.5;80.00%;0.9;0.85;22068.5483585;4713.3298618;26781.8782203;8.6210826;1000;0.2;800
51.97%;6.08%;16.81%;2.68%;1.49%;0.36%;0.26%;0.11%;0.10%;20.15%;220.0314790;65.1467627;36.8440244;4424.9281418;86.73%;551.6947237;307.6797827;39.6541586;57.5812122;0.1842577;14.3377218;54.4293363;31.7019100;632.1989158;619.7264702;397.1613042;468.1599925;;64.16101074;1.2;80.00%;99.89%;0.05;149.1247559;3;147.3934174;0.03;0.02;63.99370956;0.757668530;98.00%;2.042343378;0.1;0.1;2.5;80.00%;0.9;0.85;19827.0793177;4082.2002222;23909.2795399;8.5476974;1000;0.2;800
58.85%;5.33%;18.67%;1.46%;0.57%;0.91%;0.15%;0.22%;0.07%;13.77%;249.1601412;58.4507052;32.5302791;6267.4742700;89.70%;646.1695553;353.3959994;32.9614670;50.4782666;0.0000000;12.5690884;47.7151912;33.6809178;629.1294614;602.5159099;417.6199153;455.3777379;;54.90003586;1.2;80.00%;99.99%;0.05;147.2337799;3;144.2641602;0.03;0.02;54.30673981;0.805639935;98.00%;2.731594563;0.1;0.1;2.5;80.00%;0.9;0.85;16480.7334949;3578.6393396;20059.3728344;11.0412758;1000;0.2;800
60.23%;2.60%;12.27%;1.76%;1.37%;0.57%;0.16%;0.59%;0.02%;20.42%;255.0028089;93.3142142;16.6522564;5126.5621122;93.88%;692.1123032;366.7877375;40.1740297;24.6235447;0.0397022;6.1312626;23.2757030;7.6941063;481.2450366;379.5069804;360.3358448;288.7541758;;68.36161041;1.2;80.00%;99.05%;0.05;145.3901978;3;156.9638672;0.03;0.02;68.79306793;0.731283859;98.00%;2.045827866;0.1;0.1;2.5;80.00%;0.9;0.85;20087.0148325;1745.6777266;21832.6925591;23.1653846;1000;0.2;800
52.82%;7.29%;16.22%;1.90%;1.17%;0.50%;0.16%;0.27%;0.08%;19.59%;223.6302236;55.5232460;43.8972400;6209.2723461;81.33%;525.7851197;298.9237755;41.3716008;69.0406311;0.2064399;17.1911171;65.2614904;42.9432441;694.9596172;688.3063781;393.5370020;519.4017928;;74.45903015;1.2;80.00%;96.16%;0.05;144.9324188;3;146.0557251;0.03;0.02;59.98184204;0.778618467;98.00%;2.972858906;0.1;0.1;2.5;80.00%;0.9;0.85;20685.8004152;4894.6117796;25580.4121948;7.2455418;1000;0.2;800
56.71%;3.16%;18.65%;1.82%;0.37%;0.81%;0.11%;0.37%;0.12%;17.87%;240.0997725;74.7854824;19.8163241;4950.5172542;93.45%;648.6594642;346.4566790;38.5209071;29.9270774;0.0215452;7.4518423;28.2889314;19.7119138;495.7457809;503.1683930;452.8044702;381.0779119;;50.32757568;1.2;80.00%;100.00%;0.05;146.6575012;3;146.6012421;0.03;0.02;63.15732574;0.762256108;98.00%;2.149734259;0.1;0.1;2.5;80.00%;0.9;0.85;19260.4535593;2121.6698523;21382.1234116;17.9462025;1000;0.2;800
62.10%;6.25%;13.00%;1.03%;1.01%;0.75%;0.07%;0.40%;0.09%;15.30%;262.9200471;83.5019286;38.0349184;6659.7057080;83.54%;635.0150476;351.3299499;41.9958215;59.1912132;0.0120492;14.7386121;55.9512092;36.7616016;680.7875079;600.9125486;360.8554476;454.4545646;;74.69705963;1.2;80.00%;94.31%;0.05;142.5740356;3;147.6426086;0.03;0.02;67.91165924;0.736383717;98.00%;2.629821777;0.1;0.1;2.5;80.00%;0.9;0.85;20997.9107739;4196.3406890;25194.2514629;9.9360000;1000;0.2;800
60.07%;5.75%;21.26%;1.71%;0.61%;0.80%;0.15%;0.40%;0.15%;9.10%;254.3253982;87.6458876;35.1341835;7292.4779962;89.11%;655.1842198;359.8200802;41.8454659;54.4559161;0.0206473;13.5595231;51.4751125;36.3742735;659.3155585;670.8852721;459.4804673;507.0736560;;50.09644699;1.2;80.00%;100.00%;0.05;144.2566376;3;152.0757904;0.03;0.02;68.52568817;0.732888238;98.00%;2.82568121;0.1;0.1;2.5;80.00%;0.9;0.85;20922.7329582;3860.6334338;24783.3663921;10.4469565;1000;0.2;800
52.00%;6.21%;16.54%;1.47%;1.43%;0.27%;0.07%;0.50%;0.05%;21.45%;220.1584935;47.3961980;37.5353312;5490.1553376;86.32%;549.3849852;306.8835066;40.7530963;58.8123894;0.1528421;14.6442850;55.5931214;33.1146153;638.7438506;607.9388214;377.7007466;459.0627396;;67.73418427;1.2;80.00%;99.68%;0.05;149.9895477;3;143.7891846;0.03;0.02;52.5529747;0.813443109;98.00%;2.721466064;0.1;0.1;2.5;80.00%;0.9;0.85;20376.5481565;4169.4841086;24546.0322651;8.3735910;1000;0.2;800
61.63%;7.42%;24.00%;2.21%;0.30%;0.52%;0.30%;0.13%;0.02%;3.47%;260.9301530;55.2737976;44.8357396;6506.5424399;86.28%;650.8249710;363.7850460;42.0753775;70.2718083;0.0227118;17.4976803;66.4252755;50.8359494;761.1141441;795.8357924;480.8412886;600.3910401;;61.14814377;1.2;80.00%;99.75%;0.05;145.3866882;3;153.9429169;0.03;0.02;51.98189545;0.815977985;98.00%;2.698607683;0.1;0.1;2.5;80.00%;0.9;0.85;21037.6887580;4981.8956659;26019.5844239;8.3059299;1000;0.2;800
51.40%;7.19%;19.54%;1.49%;0.96%;0.88%;0.25%;0.41%;0.08%;17.79%;217.6182032;66.8024732;43.3600877;5636.3377310;84.33%;530.5568505;301.0638425;39.7335565;68.0935716;0.1710769;16.9552993;64.3662710;43.9057785;691.1782908;710.8698788;421.2758762;536.4458709;;50.9687767;1.2;80.00%;99.98%;0.05;144.6759033;3;143.2637787;0.03;0.02;66.3508606;0.745101984;98.00%;2.56853056;0.1;0.1;2.5;80.00%;0.9;0.85;19866.7782557;4827.4703286;24694.2485842;7.1488178;1000;0.2;800
54.05%;3.35%;15.84%;2.60%;1.01%;0.60%;0.29%;0.06%;0.14%;22.07%;228.8378188;50.7719866;20.7635485;5321.3746823;89.82%;594.2475655;319.0334640;35.5900566;31.7264903;0.0892811;7.8998961;29.9898481;15.9550985;482.7946988;497.9138465;440.4626547;376.6838925;;64.38934326;1.2;80.00%;96.79%;0.05;142.3346558;3;142.2307281;0.03;0.02;52.19171524;0.815012638;98.00%;2.656147957;0.1;0.1;2.5;80.00%;0.9;0.85;17795.0283053;2249.2386093;20044.2669146;16.1343284;1000;0.2;800
50.15%;5.05%;13.51%;2.87%;0.86%;0.71%;0.26%;0.28%;0.03%;26.27%;212.3259317;54.5386945;30.7190436;4044.2057871;88.13%;540.9946516;298.1604716;40.7780239;47.8265002;0.3052087;11.9087986;45.2085770;29.3520141;563.4418726;529.6741853;372.4660278;400.5573813;;69.18690491;1.2;80.00%;99.47%;0.05;147.2648315;3;156.0261078;0.03;0.02;58.17617416;0.786965301;98.00%;2.027888775;0.1;0.1;2.5;80.00%;0.9;0.85;20389.0119452;3390.6432767;23779.6552218;9.9306931;1000;0.2;800
49.47%;7.13%;18.60%;0.53%;1.43%;0.89%;0.30%;0.41%;0.08%;21.16%;209.4469361;40.3404104;42.8509946;4119.9271649;81.75%;495.0153401;282.3812866;39.6938708;67.5253360;0.2732983;16.8138087;63.8291394;39.7152991;671.1553202;694.8995595;412.5030091;524.0969055;;68.38785553;1.2;80.00%;97.40%;0.05;144.1941528;3;146.1274414;0.03;0.02;50.34045792;0.822537201;98.00%;2.20800662;0.1;0.1;2.5;80.00%;0.9;0.85;19846.9354186;4787.1854580;24634.1208766;6.9382889;1000;0.2;800
53.95%;6.04%;18.61%;2.96%;0.90%;0.89%;0.21%;0.49%;0.05%;15.90%;228.4144370;55.8097782;36.6061905;6394.9667665;87.39%;577.1028990;320.5497628;39.6210944;57.2023884;0.1137830;14.2433947;54.0712486;36.1349238;641.3443231;663.9766455;441.4081062;501.2700796;;57.92171478;1.2;80.00%;100.00%;0.05;149.4915466;3;145.4147949;0.03;0.02;56.76303101;0.794264283;98.00%;2.976920128;0.1;0.1;2.5;80.00%;0.9;0.85;19810.5471755;4055.3436418;23865.8908173;8.9321192;1000;0.2;800
59.15%;7.51%;20.86%;1.03%;0.32%;0.55%;0.24%;0.10%;0.07%;10.17%;250.4302864;76.8140176;45.4023201;5267.9347332;84.91%;614.7613921;345.6944888;41.5698752;71.1241618;0.0444438;17.7099163;67.2309730;51.3216685;749.8872651;737.6862478;420.6020425;556.9120839;;55.85699844;1.2;80.00%;99.03%;0.05;141.0842133;3;148.6689301;0.03;0.02;66.07044983;0.746622414;98.00%;2.095333576;0.1;0.1;2.5;80.00%;0.9;0.85;20784.9375754;5042.3229719;25827.2605472;7.8761651;1000;0.2;800
58.82%;3.95%;12.75%;1.16%;0.57%;0.38%;0.14%;0.58%;0.05%;21.61%;249.0331267;67.0019872;24.4386983;4684.0113340;90.09%;648.5937168;349.4048022;38.0283952;37.4088467;0.0000000;9.3148028;35.3611642;23.7798922;544.7291780;452.5185734;353.1869497;342.9812358;;68.06279755;1.2;80.00%;97.68%;0.05;144.663559;3;145.3348846;0.03;0.02;59.14635468;0.782600234;98.00%;2.047888756;0.1;0.1;2.5;80.00%;0.9;0.85;19014.1975751;2652.0873154;21666.2848906;14.8911392;1000;0.2;800
62.68%;4.92%;19.27%;1.22%;0.84%;0.29%;0.06%;0.10%;0.11%;10.52%;265.3756610;68.7487524;30.2024035;5222.2170337;88.54%;679.2768189;368.9276585;24.8467485;46.5953230;0.0000000;11.6022354;44.0447919;28.5793088;618.8160672;601.7813823;440.0006003;455.0883393;;61.38996887;1.2;80.00%;97.29%;0.05;140.867981;3;146.4262695;0.03;0.02;58.41856766;0.786266794;98.00%;2.150099039;0.1;0.1;2.5;80.00%;0.9;0.85;12423.3742468;3303.3593904;15726.7336371;12.7398374;1000;0.2;800
56.92%;4.39%;19.98%;0.60%;0.52%;0.25%;0.21%;0.58%;0.13%;16.41%;240.9888741;69.4501930;26.9551191;5719.9466690;84.27%;587.1465293;319.4760027;37.4953108;41.5759081;0.0895707;10.3524011;39.3001293;27.3367410;543.7601885;622.5626201;501.9389965;470.3785443;;71.71555328;1.2;80.00%;92.47%;0.05;140.6293793;3;142.445282;0.03;0.02;64.09933472;0.757342962;98.00%;2.612314701;0.1;0.1;2.5;80.00%;0.9;0.85;18747.6553872;2947.5096999;21695.1650872;12.9658314;1000;0.2;800
50.56%;4.02%;24.00%;0.69%;0.39%;0.73%;0.07%;0.42%;0.10%;19.02%;214.0617968;47.5412227;24.6534590;4656.8175907;90.91%;562.6135988;305.2989108;41.3472485;38.0717883;0.2590586;9.4798753;35.9878177;25.7221181;509.1759504;612.0306772;516.9175173;462.2747078;;55.44423294;1.2;80.00%;100.00%;0.05;148.371521;3;154.1931458;0.03;0.02;51.75369263;0.816789714;98.00%;2.404468536;0.1;0.1;2.5;80.00%;0.9;0.85;20673.6242641;2699.0863311;23372.7105952;12.5771144;1000;0.2;800
60.05%;5.19%;20.06%;2.27%;0.58%;0.91%;0.04%;0.25%;0.06%;10.59%;254.2407219;52.1136034;31.6665869;4456.3107108;86.59%;636.4288295;347.8075649;36.7452127;49.1523834;0.0000000;12.2389435;46.4618841;32.5964660;615.6992763;665.6882453;490.8557595;502.6372310;;74.31059265;1.2;80.00%;96.03%;0.05;145.2472687;3;143.346344;0.03;0.02;50.57094574;0.821785073;98.00%;2.015352726;0.1;0.1;2.5;80.00%;0.9;0.85;18372.6063732;3484.6413081;21857.2476813;11.5703276;1000;0.2;800
56.43%;7.96%;15.44%;1.38%;0.60%;0.38%;0.18%;0.57%;0.08%;16.98%;238.9143036;73.9704466;47.9957053;5972.5269081;84.21%;581.6111578;330.3384159;44.0203120;75.3859291;0.1635110;18.7710963;71.2594600;52.3102638;762.3100949;675.7891360;334.3325186;510.4379736;;59.57587814;1.2;80.00%;99.98%;0.05;147.1025085;3;154.6734009;0.03;0.02;66.71426392;0.743098821;98.00%;2.450177908;0.1;0.1;2.5;80.00%;0.9;0.85;22010.1560029;5344.4595015;27354.6155043;7.0891960;1000;0.2;800
56.46%;4.40%;17.36%;2.54%;0.63%;0.66%;0.20%;0.06%;0.03%;17.66%;239.0413182;68.3354643;27.0643879;4684.2066165;90.67%;626.6223717;339.8279417;38.6921022;41.6706141;0.0496545;10.3759829;39.3896513;26.5284875;562.5963373;549.4865655;424.1080458;415.6846871;;57.96308136;1.2;80.00%;99.58%;0.05;144.3540192;3;146.7673187;0.03;0.02;61.12343979;0.772708853;98.00%;2.060163498;0.1;0.1;2.5;80.00%;0.9;0.85;19346.0510946;2954.2238450;22300.2749396;12.8318182;1000;0.2;800
52.69%;7.64%;21.26%;2.76%;0.25%;0.32%;0.11%;0.55%;0.10%;14.32%;223.0798274;50.4415501;45.9434704;4246.3381904;82.07%;529.2852376;302.0368678;43.9186591;72.3553390;0.2622709;18.0164794;68.3947581;52.8143738;718.1446055;789.0994874;472.6196938;595.0085383;;67.9240036;1.2;80.00%;97.91%;0.05;143.4690399;3;153.1685791;0.03;0.02;56.14573669;0.796794606;98.00%;2.047908306;0.1;0.1;2.5;80.00%;0.9;0.85;21959.3295340;5129.6068582;27088.9363922;6.8965969;1000;0.2;800
55.33%;3.45%;21.94%;2.40%;0.48%;0.63%;0.25%;0.20%;0.02%;15.31%;234.2571047;50.4854160;21.3884325;5670.3356138;91.67%;620.8508325;333.1091538;35.7515303;32.6735497;0.0188004;8.1357139;30.8850675;20.9125641;501.1891789;581.8460458;515.4900304;439.6722901;;56.08214569;1.2;80.00%;98.82%;0.05;142.2337036;3;140.7538605;0.03;0.02;50.3698616;0.822877515;98.00%;2.742292404;0.1;0.1;2.5;80.00%;0.9;0.85;17875.7651316;2316.3800603;20192.1451919;16.0376812;1000;0.2;800
59.64%;5.26%;14.58%;0.39%;0.93%;0.48%;0.24%;0.51%;0.10%;17.88%;252.5048568;79.1121847;32.1838586;7255.7359123;86.84%;633.9008346;346.9353195;41.6840960;49.8153250;0.1220059;12.4040159;47.0885377;30.2986919;619.3332053;544.4102280;365.7632950;412.1201410;;74.94509125;1.2;80.00%;96.56%;0.05;143.4983215;3;157.2653351;0.03;0.02;66.0381012;0.746855859;98.00%;2.986661196;0.1;0.1;2.5;80.00%;0.9;0.85;20842.0479787;3531.6403238;24373.6883025;11.3384030;1000;0.2;800
50.65%;5.43%;20.94%;0.92%;1.31%;0.36%;0.03%;0.18%;0.11%;20.07%;214.4428403;54.8553689;32.9596417;4508.6398696;87.36%;541.5892340;299.9250689;40.7608709;51.4253260;0.1909128;12.8049062;48.6104105;28.4783835;586.7243232;630.6674991;449.7782846;476.1980429;;59.23021698;1.2;80.00%;99.38%;0.05;144.5863953;3;144.8555298;0.03;0.02;58.41152573;0.786131078;98.00%;2.234040737;0.1;0.1;2.5;80.00%;0.9;0.85;20380.4354743;3645.7807906;24026.2162649;9.3278085;1000;0.2;800
62.17%;6.82%;23.48%;1.71%;0.54%;0.66%;0.21%;0.45%;0.01%;3.94%;263.2164143;71.8797283;41.3716123;5522.7179537;85.87%;653.4571268;362.9388269;18.6080765;64.5894518;0.0000000;16.0827735;61.0539595;44.6111557;724.9483460;772.6727173;494.9573966;583.2040660;;59.39738083;1.2;80.00%;98.00%;0.05;142.0554657;3;141.5229797;0.03;0.02;61.46337509;0.771106326;98.00%;2.193133354;0.1;0.1;2.5;80.00%;0.9;0.85;9304.0382328;4579.0469598;13883.0851926;9.1158358;1000;0.2;800
58.63%;2.01%;18.13%;0.35%;1.25%;0.29%;0.24%;0.33%;0.05%;18.73%;248.2287015;93.8910998;13.1719996;5222.0407456;95.74%;687.0680321;361.9329852;38.9034118;19.0358942;0.0624758;4.7399376;17.9939089;4.4210591;442.5472849;404.8982219;422.5622912;307.8005427;;52.23243713;1.2;80.00%;100.00%;0.05;143.9969177;3;157.3133087;0.03;0.02;69.27552795;0.728511366;98.00%;2.118844509;0.1;0.1;2.5;80.00%;0.9;0.85;19451.7058819;1349.5431656;20801.2490475;29.1691542;1000;0.2;800
55.90%;3.39%;22.75%;1.26%;0.85%;0.51%;0.19%;0.58%;0.01%;14.56%;236.6703805;61.2037344;21.0757664;4483.4743950;90.50%;619.2209497;332.1039744;40.3895369;32.1053140;0.1803300;7.9942232;30.3479359;17.5220847;496.5792690;589.7648260;528.4756465;445.8962373;;74.57524872;1.2;80.00%;97.38%;0.05;144.5622559;3;157.161026;0.03;0.02;57.51311874;0.790454760;98.00%;2.091091871;0.1;0.1;2.5;80.00%;0.9;0.85;20194.7684700;2276.0951897;22470.8636597;16.4896755;1000;0.2;800
60.59%;7.40%;24.84%;0.87%;1.21%;0.47%;0.09%;0.54%;0.05%;3.95%;256.5269831;57.9592907;44.7136329;6917.5970558;86.29%;639.9722840;358.1379311;38.3305613;70.0823964;0.0000000;17.4505167;66.2462317;43.4124563;754.3721162;791.0058669;478.5253587;596.7326584;;57.53600311;1.2;80.00%;99.99%;0.05;147.9036255;3;147.2470398;0.03;0.02;54.35225677;0.805440421;98.00%;2.875645638;0.1;0.1;2.5;80.00%;0.9;0.85;19165.2806583;4968.4673757;24133.7480341;8.1878378;1000;0.2;800
54.85%;5.93%;23.83%;0.53%;0.35%;0.88%;0.21%;0.29%;0.08%;13.07%;232.2248725;51.8569121;35.9162000;4558.1371248;83.16%;558.2937683;310.4225462;39.8118295;56.1606231;0.1670771;13.9839951;53.0865073;39.7457116;625.8385530;741.4032610;527.9235308;559.2646792;;69.79356384;1.2;80.00%;94.70%;0.05;141.2157898;3;146.7465973;0.03;0.02;55.23591232;0.801183014;98.00%;2.210749149;0.1;0.1;2.5;80.00%;0.9;0.85;19905.9147488;3981.4880457;23887.4027945;9.2495784;1000;0.2;800
61.38%;3.06%;15.02%;1.66%;0.97%;0.66%;0.02%;0.39%;0.15%;16.68%;259.8716987;76.4106763;19.3146707;6369.2515280;94.09%;706.8957633;376.0602356;30.2501254;28.9800180;0.0000000;7.2160245;27.3937120;14.1944481;516.2491627;436.0299531;387.0352382;330.9672041;;59.81956863;1.2;80.00%;100.00%;0.05;149.0671539;3;151.8430176;0.03;0.02;60.83287048;0.774343471;98.00%;2.61327076;0.1;0.1;2.5;80.00%;0.9;0.85;15125.0626991;2054.5284013;17179.5911005;20.0588235;1000;0.2;800
60.56%;3.74%;12.09%;1.07%;1.22%;0.73%;0.14%;0.38%;0.06%;20.01%;256.3999686;75.5886577;23.2605570;4877.8830799;89.87%;666.1873172;357.7072536;26.9578653;35.4200220;0.0000000;8.8195855;33.4812036;17.0732144;539.8478937;441.0561132;353.3769032;334.5614255;;68.12210083;1.2;80.00%;96.85%;0.05;143.7073975;3;143.8819885;0.03;0.02;62.57487106;0.765289110;98.00%;2.048137903;0.1;0.1;2.5;80.00%;0.9;0.85;13478.9326268;2511.0902683;15990.0228951;16.1925134;1000;0.2;800
53.30%;7.44%;13.64%;2.53%;0.73%;0.68%;0.09%;0.42%;0.06%;21.09%;225.6624559;67.0842815;44.8616343;4650.2094336;84.38%;550.5095462;312.2945188;45.3674447;70.4612202;0.2728196;17.5448438;66.6043194;47.5394425;715.5139206;641.8659876;336.0297559;484.8847111;;61.85260773;1.2;80.00%;100.00%;0.05;148.5391388;3;158.5414276;0.03;0.02;65.14681244;0.751555875;98.00%;2.054802418;0.1;0.1;2.5;80.00%;0.9;0.85;22683.7223644;4995.3239561;27679.0463206;7.1639785;1000;0.2;800
62.79%;2.56%;17.30%;1.01%;0.32%;0.91%;0.03%;0.13%;0.03%;14.92%;265.8413809;77.8645458;16.4081670;5370.5542487;95.07%;730.6892871;386.3999926;34.9585466;24.2447209;0.0000000;6.0369355;22.9176153;15.8071200;496.2890358;435.5267994;415.4815874;330.7032628;;50.36987686;1.2;80.00%;100.00%;0.05;144.4412079;3;157.8921356;0.03;0.02;60.30513763;0.776962146;98.00%;2.17448616;0.1;0.1;2.5;80.00%;0.9;0.85;17479.2733186;1718.8211462;19198.0944648;24.5273438;1000;0.2;800
53.49%;4.41%;19.25%;0.78%;0.35%;0.91%;0.23%;0.26%;0.06%;20.26%;226.4668811;47.0752328;26.9494714;5414.5000261;85.98%;562.9559699;306.9673561;39.5610521;41.7653200;0.2334796;10.3995647;39.4791732;28.8402341;533.8685164;595.9231544;476.4995120;450.1679395;;71.6047821;1.2;80.00%;94.91%;0.05;141.1309662;3;152.2238617;0.03;0.02;51.39930725;0.818461532;98.00%;2.771957874;0.1;0.1;2.5;80.00%;0.9;0.85;19780.5260270;2960.9379901;22741.4640172;12.1292517;1000;0.2;800
57.66%;5.78%;18.33%;0.51%;0.47%;0.68%;0.25%;0.36%;0.10%;15.86%;244.1218988;53.9540694;35.1245113;5757.5815551;87.62%;618.4080491;340.8039413;38.5332822;54.7400339;0.0145011;13.6302685;51.7436783;37.7095132;644.4143057;612.6115627;402.1032353;462.7962080;;70.31954193;1.2;80.00%;98.82%;0.05;148.2530823;3;143.5121765;0.03;0.02;52.9713974;0.811611428;98.00%;2.59559226;0.1;0.1;2.5;80.00%;0.9;0.85;19266.6410775;3880.7758692;23147.4169467;9.9757785;1000;0.2;800
60.82%;3.23%;20.88%;2.51%;1.41%;0.90%;0.28%;0.19%;0.06%;9.72%;257.5007611;61.6749454;20.2092212;6031.1839486;90.34%;672.5550894;358.9472714;32.3176944;30.5900190;0.0000000;7.6169147;28.9155849;11.8941397;511.5190001;584.2999846;527.3253179;441.8466057;;70.60532379;1.2;80.00%;96.36%;0.05;143.3825531;3;147.4008331;0.03;0.02;54.80885696;0.803347435;98.00%;2.669460297;0.1;0.1;2.5;80.00%;0.9;0.85;16158.8472024;2168.6688681;18327.5160704;18.8297214;1000;0.2;800
55.29%;3.75%;20.20%;2.42%;0.85%;0.49%;0.18%;0.21%;0.03%;16.59%;234.0877521;75.2592431;23.2588869;5392.5919376;92.14%;623.5316283;335.7865538;40.5060767;35.5147279;0.1503724;8.8431672;33.5707255;20.1049610;520.8513587;557.3599601;473.1191612;421.7557313;;51.2117691;1.2;80.00%;100.00%;0.05;146.6291809;3;155.5748596;0.03;0.02;64.82535553;0.753424583;98.00%;2.361199856;0.1;0.1;2.5;80.00%;0.9;0.85;20253.0383706;2517.8044134;22770.8427839;14.7440000;1000;0.2;800
58.33%;2.76%;18.14%;1.61%;0.93%;0.92%;0.02%;0.16%;0.10%;17.05%;246.9585563;53.6091950;17.3953352;5850.8061109;92.91%;663.3250125;352.3464183;35.6531421;26.1388397;0.0000000;6.5085711;24.7080540;12.3620513;477.5309129;484.0712754;457.3617372;366.5332530;;63.55241776;1.2;80.00%;98.42%;0.05;144.0310974;3;145.3992157;0.03;0.02;50.14475632;0.823837090;98.00%;2.719417572;0.1;0.1;2.5;80.00%;0.9;0.85;17826.5710579;1853.1040482;19679.6751061;21.1340580;1000;0.2;800
62.98%;3.79%;17.25%;2.57%;1.41%;0.86%;0.28%;0.49%;0.09%;10.27%;266.6458062;76.4792124;23.6179473;6028.5860235;91.95%;708.8568812;379.8684334;17.2552549;35.8935517;0.0000000;8.9374944;33.9288133;15.9119472;562.9867695;536.2231926;441.3349279;406.1281604;;63.47959137;1.2;80.00%;98.90%;0.05;144.424881;3;148.6980896;0.03;0.02;60.76325226;0.774688786;98.00%;2.424372911;0.1;0.1;2.5;80.00%;0.9;0.85;8627.6274738;2544.6609938;11172.2884676;16.6174142;1000;0.2;800
61.11%;2.68%;18.55%;0.69%;0.25%;0.90%;0.23%;0.46%;0.07%;15.05%;258.7285681;86.2997441;17.1180758;7344.1114087;94.72%;708.4725260;375.4740922;39.3977793;25.3811922;0.0009820;6.3199169;23.9918785;17.2280788;493.9234666;462.1120091;436.0987771;350.6534456;;59.17256927;1.2;80.00%;99.99%;0.05;146.9797974;3;156.5498352;0.03;0.02;65.16456604;0.751632250;98.00%;2.945693493;0.1;0.1;2.5;80.00%;0.9;0.85;19698.8896702;1799.3908874;21498.2805576;22.8022388;1000;0.2;800
57.84%;3.23%;24.68%;2.86%;1.38%;0.82%;0.09%;0.14%;0.04%;8.92%;244.8839859;56.6204006;20.1736785;6040.5705679;93.45%;661.5819414;353.2687411;26.3143268;30.5900190;0.0000000;7.6169147;28.9155849;12.1341397;506.0069198;615.0981778;559.1336409;464.8372657;;58.73281479;1.2;80.00%;99.98%;0.05;149.0834198;3;141.9724731;0.03;0.02;52.26335526;0.814740193;98.00%;2.750870705;0.1;0.1;2.5;80.00%;0.9;0.85;13157.1634174;2168.6688681;15325.8322855;17.9071207;1000;0.2;800
55.74%;3.43%;12.21%;2.44%;0.66%;0.29%;0.04%;0.46%;0.04%;24.69%;235.9929698;65.1778794;21.3466415;5871.0556994;92.79%;633.1022230;339.4263663;39.6109508;32.4841378;0.0570937;8.0885503;30.7060236;19.3290710;505.1224195;415.4714234;350.0051997;315.1604040;;57.3299675;1.2;80.00%;99.96%;0.05;146.7666016;3;147.3749084;0.03;0.02;59.05164719;0.783216536;98.00%;2.658286572;0.1;0.1;2.5;80.00%;0.9;0.85;19805.4754036;2302.9517701;22108.4271737;16.2507289;1000;0.2;800
61.00%;3.13%;22.24%;2.90%;0.59%;0.43%;0.05%;0.49%;0.04%;9.13%;258.2628482;92.0650723;19.7693685;6772.6655606;92.70%;692.1193697;368.8155830;28.9141267;29.6429596;0.0000000;7.3810969;28.0203656;17.7366741;513.8282985;582.8392635;530.8926952;441.2034938;;59.99237442;1.2;80.00%;98.71%;0.05;142.35466;3;148.6487274;0.03;0.02;68.3234787;0.734041820;98.00%;2.678522825;0.1;0.1;2.5;80.00%;0.9;0.85;14457.0633349;2101.5274170;16558.5907519;19.4888179;1000;0.2;800
55.14%;7.71%;14.59%;1.68%;0.38%;0.69%;0.08%;0.16%;0.14%;19.43%;233.4526795;70.1980553;46.4853073;6891.3324167;83.77%;565.3779835;321.0015900;44.3302708;73.0182806;0.1826390;18.1815519;69.0214117;52.2765997;739.0883377;659.1643955;334.9374125;497.8716380;;67.38588715;1.2;80.00%;99.31%;0.05;146.5329895;3;152.7755585;0.03;0.02;65.85261536;0.747874101;98.00%;2.937701225;0.1;0.1;2.5;80.00%;0.9;0.85;22165.1354113;5176.6058739;27341.7412853;7.1517510;1000;0.2;800
61.18%;4.15%;18.22%;0.67%;1.07%;0.92%;0.04%;0.25%;0.15%;13.35%;259.0249353;57.5615502;25.6343601;5849.6390018;91.94%;688.4866393;370.6501989;33.3209711;39.3029656;0.0000000;9.7864384;37.1516029;21.2148235;575.3200485;529.0307244;413.9353049;400.4204225;;58.17471313;1.2;80.00%;99.75%;0.05;144.5138855;3;150.8252258;0.03;0.02;51.39844131;0.818491279;98.00%;2.526604176;0.1;0.1;2.5;80.00%;0.9;0.85;16660.4855477;2786.3702175;19446.8557652;14.7421687;1000;0.2;800
59.02%;4.14%;21.69%;2.82%;0.80%;0.69%;0.01%;0.26%;0.11%;10.46%;249.8798902;75.9944336;25.6152321;5694.5810126;91.89%;663.8328870;358.0310390;42.0713574;39.2082596;0.0387814;9.7628566;37.0620810;23.3030769;563.2394290;611.9909959;499.9627708;462.8001714;;57.80803299;1.2;80.00%;100.00%;0.05;148.4927216;3;153.2193298;0.03;0.02;62.9148941;0.763604040;98.00%;2.369326591;0.1;0.1;2.5;80.00%;0.9;0.85;21035.6786798;2779.6560724;23815.3347522;14.2560386;1000;0.2;800
53.93%;3.97%;12.74%;2.14%;1.50%;0.85%;0.13%;0.12%;0.05%;24.58%;228.3297607;59.7563073;24.4483898;5156.1947193;89.64%;591.7061780;320.1554018;41.9821544;37.5982586;0.2470796;9.3619664;35.5402081;16.4833853;519.6600472;465.3619599;370.9117932;352.5325442;;64.82615662;1.2;80.00%;97.93%;0.05;141.0804901;3;159.1355438;0.03;0.02;58.33761978;0.786651951;98.00%;2.45520997;0.1;0.1;2.5;80.00%;0.9;0.85;20991.0772102;2665.5156056;23656.5928158;13.5843829;1000;0.2;800
59.81%;4.52%;20.39%;2.35%;0.39%;0.84%;0.11%;0.13%;0.12%;11.34%;253.2246057;79.5316847;27.8736890;4997.2240359;91.24%;667.9725772;361.6396562;42.3099896;42.8070854;0.0599466;10.6589643;40.4639145;29.3094463;588.9274521;603.3227276;467.3109462;456.3843655;;62.02994156;1.2;80.00%;99.94%;0.05;146.9005432;3;156.9276276;0.03;0.02;64.32417297;0.756072418;98.00%;2.027807713;0.1;0.1;2.5;80.00%;0.9;0.85;21154.9947775;3034.7935863;24189.7883638;13.2323009;1000;0.2;800
56.24%;2.89%;16.13%;1.25%;0.68%;0.58%;0.14%;0.23%;0.11%;21.75%;238.1098784;78.5737000;18.2075563;5826.2206215;90.73%;624.5669043;333.0425638;40.6217433;27.3700170;0.1792141;6.8151342;25.8718391;15.2947566;467.9558644;463.1512409;432.6615490;351.1646996;;71.10728455;1.2;80.00%;96.62%;0.05;142.0367889;3;157.4358673;0.03;0.02;66.32240295;0.745267868;98.00%;2.574630737;0.1;0.1;2.5;80.00%;0.9;0.85;20310.8716724;1940.3879346;22251.2596069;19.4602076;1000;0.2;800
51.97%;4.74%;15.02%;2.15%;0.28%;0.82%;0.04%;0.40%;0.13%;24.46%;220.0314790;57.8954321;28.9298157;5547.0428934;87.70%;557.8656688;305.6765114;40.6088348;44.8906161;0.1891017;11.1777634;42.4333970;31.7678707;551.5195743;544.7166851;405.2998910;411.8323742;;65.56034088;1.2;80.00%;97.85%;0.05;143.5209961;3;147.0633087;0.03;0.02;59.34192657;0.781770502;98.00%;2.711424351;0.1;0.1;2.5;80.00%;0.9;0.85;20304.4174000;3182.5047785;23486.9221785;10.9641350;1000;0.2;800
54.71%;4.55%;18.78%;1.87%;1.37%;0.85%;0.26%;0.58%;0.12%;16.92%;231.6321381;70.3392672;27.9182389;5151.4935182;89.51%;599.4006065;326.4024238;39.5970760;43.0912032;0.1583187;10.7297096;40.7324803;21.6846860;559.4512047;586.7269250;454.8798811;443.6346023;;63.02732086;1.2;80.00%;98.92%;0.05;143.5467072;3;152.4925385;0.03;0.02;63.8037262;0.758871421;98.00%;2.304727316;0.1;0.1;2.5;80.00%;0.9;0.85;19798.5380247;3054.9360216;22853.4740462;12.0241758;1000;0.2;800
59.01%;5.79%;18.29%;1.55%;1.28%;0.77%;0.03%;0.08%;0.03%;13.17%;249.8375520;59.1722220;35.2167154;5538.9237532;86.85%;627.2910581;345.4458766;43.3959695;54.8347399;0.0958305;13.6538502;51.8332002;31.3012597;648.6265552;634.6303213;423.8374374;479.4928609;;74.34253693;1.2;80.00%;97.70%;0.05;145.5971222;3;153.9181213;0.03;0.02;55.84290695;0.798552964;98.00%;2.426462173;0.1;0.1;2.5;80.00%;0.9;0.85;21697.9847710;3887.4900143;25585.4747852;10.1917098;1000;0.2;800
55.19%;5.26%;16.04%;1.98%;0.64%;0.77%;0.16%;0.48%;0.10%;19.39%;233.6643703;73.3342571;32.0872661;6736.6516725;86.02%;581.0713352;319.7068714;40.3313305;49.8153250;0.1484007;12.4040159;47.0885377;32.6186919;594.7371944;595.5928979;421.6964044;450.2400733;;67.92848969;1.2;80.00%;96.47%;0.05;142.1745911;3;148.6696014;0.03;0.02;66.43954468;0.744636170;98.00%;2.984305859;0.1;0.1;2.5;80.00%;0.9;0.85;20165.6652459;3531.6403238;23697.3055697;10.4923954;1000;0.2;800
51.82%;3.94%;19.34%;1.08%;1.33%;0.77%;0.13%;0.50%;0.06%;21.03%;219.3964064;77.6312069;24.3219013;4677.0315555;90.84%;576.1918854;312.1608035;40.3157696;37.3141408;0.2115189;9.2912211;35.2716423;17.6281456;510.6330156;544.3432553;452.8347433;411.8852941;;64.36375427;1.2;80.00%;99.57%;0.05;146.3192139;3;152.1002197;0.03;0.02;68.75266266;0.731426475;98.00%;2.121591568;0.1;0.1;2.5;80.00%;0.9;0.85;20157.8848205;2645.3731703;22803.2579908;13.1522843;1000;0.2;800
51.96%;4.44%;23.48%;0.44%;0.58%;0.82%;0.08%;0.33%;0.09%;17.76%;219.9891408;56.8333896;27.1718373;5583.1439419;89.25%;567.6011124;309.5315348;40.0644961;42.0494378;0.1789895;10.4703100;39.7477390;27.2154738;537.5245565;628.5474597;506.6617721;474.7206313;;57.22038651;1.2;80.00%;98.88%;0.05;141.6038971;3;147.6162109;0.03;0.02;58.03234863;0.788170010;98.00%;2.73049283;0.1;0.1;2.5;80.00%;0.9;0.85;20032.2480509;2981.0804254;23013.3284763;11.7027027;1000;0.2;800
52.60%;1.98%;20.11%;1.40%;0.74%;0.49%;0.30%;0.53%;0.09%;21.78%;222.6987838;54.1851100;12.7320411;5354.0601930;95.11%;612.3653640;323.1283343;34.4112988;18.7517763;0.0776148;4.6691923;17.7253431;8.2858194;406.3117431;461.6339803;487.2268622;349.5674627;;62.51457596;1.2;80.00%;99.67%;0.05;147.7935944;3;142.7216797;0.03;0.02;53.4849968;0.809297899;98.00%;2.672238827;0.1;0.1;2.5;80.00%;0.9;0.85;17205.6493809;1329.4007303;18535.0501112;26.5656566;1000;0.2;800
56.40%;3.76%;17.40%;1.83%;0.50%;0.55%;0.02%;0.23%;0.08%;19.24%;238.7872891;60.8696525;23.2751503;5595.9243087;91.90%;634.4339870;341.3512340;41.4572966;35.6094338;0.1029552;8.8667490;33.6602474;22.9767075;526.1362059;509.1860538;423.4695737;385.4484173;;55.36438751;1.2;80.00%;99.58%;0.05;141.8560028;3;152.9541779;0.03;0.02;56.46665573;0.795636889;98.00%;2.548110008;0.1;0.1;2.5;80.00%;0.9;0.85;20728.6482796;2524.5185585;23253.1668380;15.0000000;1000;0.2;800
60.29%;2.61%;22.97%;2.89%;1.37%;0.36%;0.11%;0.24%;0.05%;9.10%;255.2568380;83.1428123;16.6775499;5162.7347814;94.49%;697.3202446;369.4463183;7.8677858;24.7182506;0.0000000;6.1548444;23.3652250;7.7658528;484.1546213;554.9025738;534.4534918;420.1591369;;58.69825363;1.2;80.00%;99.69%;0.05;146.5113678;3;140.5859375;0.03;0.02;64.3795166;0.755799989;98.00%;2.114964962;0.1;0.1;2.5;80.00%;0.9;0.85;3933.8929111;1752.3918717;5686.2847828;23.0996169;1000;0.2;800
59.07%;7.78%;21.52%;2.59%;0.79%;0.47%;0.14%;0.39%;0.11%;7.15%;250.0915810;73.7778199;46.9801734;6737.5697672;84.98%;614.4255733;346.5385406;45.5932929;73.6812222;0.1495148;18.3466243;69.6480652;49.4988257;766.2272041;784.9525041;451.9099967;592.4309407;;55.10798645;1.2;80.00%;99.70%;0.05;141.0088959;3;159.9655151;0.03;0.02;64.64653015;0.754430718;98.00%;2.689049482;0.1;0.1;2.5;80.00%;0.9;0.85;22796.6464646;5223.6048896;28020.2513542;7.5925450;1000;0.2;800
49.42%;3.53%;21.58%;0.48%;1.35%;0.88%;0.19%;0.29%;0.02%;22.27%;209.2352452;52.0342125;21.7206396;3918.3164989;85.35%;516.2713872;279.5926296;37.7409848;33.4311972;0.2868331;8.3243681;31.6012429;14.5265366;457.6849117;596.0058613;535.5792481;450.1384651;;74.19010925;1.2;80.00%;93.00%;0.05;141.3171387;3;146.3753815;0.03;0.02;58.13910675;0.787006535;98.00%;2.131836891;0.1;0.1;2.5;80.00%;0.9;0.85;18870.4924031;2370.0932211;21240.5856242;14.0000000;1000;0.2;800
51.47%;6.85%;15.01%;2.73%;0.75%;0.81%;0.13%;0.54%;0.15%;21.57%;217.9145704;67.6380966;41.3678307;4961.7198723;85.04%;535.7801304;302.4541882;42.3936816;64.8735696;0.2328698;16.1535188;61.3225253;43.1463954;672.2480989;643.8086461;375.4637772;486.2407598;;63.96918869;1.2;80.00%;99.96%;0.05;149.4159851;3;150.2798462;0.03;0.02;66.4330368;0.744577804;98.00%;2.261648655;0.1;0.1;2.5;80.00%;0.9;0.85;21196.8408000;4599.1893951;25796.0301951;7.5138686;1000;0.2;800
56.56%;7.00%;20.97%;1.10%;1.11%;0.78%;0.29%;0.28%;0.12%;11.78%;239.4646999;66.1560961;42.3185385;6467.9542704;84.99%;588.3598932;330.0858618;39.3351097;66.2941588;0.0605089;16.5072455;62.6653543;41.3425938;706.2079558;725.1680540;441.8495656;547.2932043;;61.24693298;1.2;80.00%;98.70%;0.05;143.8777618;3;143.8387909;0.03;0.02;62.26742554;0.766997255;98.00%;2.784806252;0.1;0.1;2.5;80.00%;0.9;0.85;19667.5548653;4699.9015716;24367.4564369;8.0800000;1000;0.2;800
51.11%;7.02%;12.67%;1.60%;0.54%;0.44%;0.01%;0.13%;0.15%;26.34%;216.3903962;69.0211297;42.3657767;4597.0568949;84.60%;529.2705172;299.7632483;44.1008640;66.4835706;0.2559419;16.5544091;62.8443982;46.0460869;679.4934672;583.9477448;306.0333891;441.3591674;;56.97088242;1.2;80.00%;99.98%;0.05;146.4247894;3;151.5619659;0.03;0.02;67.58181;0.738065717;98.00%;2.090065241;0.1;0.1;2.5;80.00%;0.9;0.85;22050.4320166;4713.3298618;26763.7618784;7.2806268;1000;0.2;800
60.24%;5.17%;21.93%;0.66%;1.18%;0.69%;0.01%;0.11%;0.02%;9.99%;255.0451471;87.0739611;31.7097465;6319.7388238;88.32%;651.2381699;355.5621332;26.9904649;48.9629715;0.0000000;12.1917799;46.2828402;27.6529728;621.2330850;645.8888871;471.1397584;488.2765945;;58.96631241;1.2;80.00%;97.94%;0.05;141.651123;3;141.9788513;0.03;0.02;68.50641632;0.732991605;98.00%;2.500080585;0.1;0.1;2.5;80.00%;0.9;0.85;13495.2324315;3471.2130179;16966.4454494;11.6518375;1000;0.2;800
60.22%;3.17%;18.48%;2.70%;0.94%;0.57%;0.20%;0.16%;0.08%;13.48%;254.9604708;76.4563114;19.9408283;6804.9451419;93.75%;691.0496130;368.3253425;12.2788244;30.0217833;0.0000000;7.4754240;28.3784533;15.2236603;516.1610799;507.5052408;452.6206423;384.5083903;;60.62521362;1.2;80.00%;99.96%;0.05;149.5957489;3;142.1993103;0.03;0.02;61.68048859;0.770027369;98.00%;2.823652267;0.1;0.1;2.5;80.00%;0.9;0.85;6139.4121756;2128.3839974;8267.7961731;18.9968454;1000;0.2;800
60.30%;5.98%;21.59%;2.85%;1.42%;0.28%;0.20%;0.27%;0.03%;7.09%;255.2991761;54.3058672;36.3501894;5325.0575562;88.28%;651.5991036;358.6578323;23.4267199;56.6341528;0.0000000;14.1019040;53.5341169;31.5444444;672.0248651;698.2508232;472.5344910;527.1574208;;55.39603424;1.2;80.00%;99.43%;0.05;143.3548889;3;142.2396545;0.03;0.02;51.27380371;0.818993646;98.00%;2.302502155;0.1;0.1;2.5;80.00%;0.9;0.85;11713.3599716;4015.0587712;15728.4187428;10.0836120;1000;0.2;800
55.88%;5.69%;21.27%;2.63%;0.90%;0.69%;0.19%;0.36%;0.08%;12.31%;236.5857042;64.6720223;34.6033966;5149.5279120;86.84%;593.9416116;327.9286146;38.4915478;53.8876805;0.0417849;13.4180324;50.9379808;33.6237941;627.3941037;694.0328833;491.5694254;523.9161452;;68.16796112;1.2;80.00%;98.15%;0.05;146.4209137;3;140.9895172;0.03;0.02;61.08625031;0.772993448;98.00%;2.296333075;0.1;0.1;2.5;80.00%;0.9;0.85;19245.7739176;3820.3485632;23066.1224808;9.8207381;1000;0.2;800
62.83%;2.13%;17.30%;0.26%;0.65%;0.25%;0.08%;0.14%;0.05%;16.32%;266.0107336;61.1389409;13.8167953;5369.7084862;95.84%;737.0524202;387.9275474;15.3257526;20.1723655;0.0000000;5.0229190;19.0681721;10.0820178;472.7050210;392.3896392;398.2382165;298.1690981;;55.89346695;1.2;80.00%;100.00%;0.05;146.9352264;3;150.6942139;0.03;0.02;51.10058975;0.819741986;98.00%;2.299919128;0.1;0.1;2.5;80.00%;0.9;0.85;7662.8762791;1430.1129068;9092.9891859;29.4976526;1000;0.2;800
53.69%;3.82%;19.75%;2.73%;0.38%;0.64%;0.17%;0.23%;0.04%;18.54%;227.3136446;52.4999995;23.5506421;4400.5098196;91.68%;602.5132495;325.1001682;37.1678579;36.1776695;0.0611465;9.0082397;34.1973791;24.3671869;515.4533407;562.5444416;475.1608899;425.1891248;;61.04291153;1.2;80.00%;99.86%;0.05;148.5427551;3;141.8278351;0.03;0.02;52.86330414;0.811820782;98.00%;2.135976315;0.1;0.1;2.5;80.00%;0.9;0.85;18583.9289731;2564.8034291;21148.7324022;14.0549738;1000;0.2;800
54.61%;6.80%;13.76%;2.79%;0.25%;0.50%;0.18%;0.24%;0.09%;20.78%;231.2087564;65.2589817;41.1079357;5440.1715061;84.91%;567.5976288;318.6264608;43.0584166;64.4000399;0.2157204;16.0356099;60.8749156;46.7876625;683.9679890;620.9851627;352.9166764;469.2107804;;57.73490906;1.2;80.00%;98.72%;0.05;140.035553;3;155.2319031;0.03;0.02;63.06856918;0.762782628;98.00%;2.417564392;0.1;0.1;2.5;80.00%;0.9;0.85;21529.2082917;4565.6186696;26094.8269613;8.0308824;1000;0.2;800
62.91%;2.13%;24.74%;2.15%;1.08%;0.83%;0.17%;0.29%;0.03%;5.66%;266.3494390;77.3493816;13.8828698;6444.1450418;95.81%;737.7523589;388.3843368;20.5547763;20.1723655;0.0000000;5.0229190;19.0681721;6.6420178;473.2377606;553.1449918;558.8156139;418.9363585;;61.63623428;1.2;80.00%;99.99%;0.05;148.4728546;3;153.3946686;0.03;0.02;59.72039032;0.779924393;98.00%;2.623770952;0.1;0.1;2.5;80.00%;0.9;0.85;10277.3881278;1430.1129068;11707.5010346;29.5352113;1000;0.2;800
50.93%;6.37%;20.32%;0.89%;0.68%;0.44%;0.26%;0.23%;0.14%;19.73%;215.6283091;43.2895990;38.4393954;4648.8902256;85.59%;533.5695932;299.3313941;39.8688448;60.3276845;0.2210365;15.0215934;57.0254724;40.2625603;641.7909603;667.7381372;428.8460631;503.8650809;;55.97499466;1.2;80.00%;99.54%;0.05;142.9653168;3;147.746048;0.03;0.02;50.24780655;0.823232929;98.00%;2.382426739;0.1;0.1;2.5;80.00%;0.9;0.85;19934.4224066;4276.9104302;24211.3328368;7.9952904;1000;0.2;800
59.13%;6.58%;12.61%;2.65%;1.16%;0.66%;0.09%;0.15%;0.15%;16.82%;250.3456100;78.3592172;39.9504735;7005.6255377;86.97%;629.4343994;349.6916769;37.1107373;62.3165092;0.0000000;15.5168108;58.9054330;37.9292382;698.7004418;586.4318957;325.8019293;443.4988492;;67.26085663;1.2;80.00%;99.46%;0.05;148.8107147;3;143.8431244;0.03;0.02;65.94828033;0.747349124;98.00%;2.803601265;0.1;0.1;2.5;80.00%;0.9;0.85;18555.3686454;4417.9074773;22973.2761228;8.9863222;1000;0.2;800
49.09%;5.86%;12.64%;0.91%;0.71%;0.80%;0.05%;0.35%;0.13%;29.45%;207.8380855;58.2170646;35.4756774;5960.0271771;86.48%;519.6297122;290.2897020;42.5228305;55.4976815;0.2915263;13.8189227;52.4598537;36.3634857;603.2648205;525.1966404;320.0151495;397.1479230;;55.5560379;1.2;80.00%;99.89%;0.05;144.1687469;3;151.3213654;0.03;0.02;62.13415146;0.767677056;98.00%;2.957629681;0.1;0.1;2.5;80.00%;0.9;0.85;21261.4152529;3934.4890300;25195.9042829;8.3771331;1000;0.2;800
58.43%;5.76%;12.08%;0.27%;0.31%;0.42%;0.11%;0.53%;0.02%;22.08%;247.3819380;83.2686144;35.1341407;7034.2663933;87.45%;625.4023648;344.5021078;41.8303641;54.5506221;0.0666612;13.5831049;51.5646344;38.8460200;646.0813221;508.1145581;299.0594348;384.8626263;;65.39083862;1.2;80.00%;98.47%;0.05;143.9624481;3;150.4864197;0.03;0.02;68.35727692;0.733850280;98.00%;2.841421843;0.1;0.1;2.5;80.00%;0.9;0.85;20915.1820305;3867.3475790;24782.5296094;10.1440972;1000;0.2;800
55.24%;4.40%;14.54%;0.62%;0.79%;0.32%;0.17%;0.23%;0.07%;23.62%;233.8760612;61.5441075;27.0191090;5313.1377413;90.76%;613.6615920;333.1159368;40.3389628;41.6706141;0.1307824;10.3759829;39.3896513;25.2484875;556.5380151;469.1597443;345.3335178;355.3831337;;64.66743469;1.2;80.00%;99.87%;0.05;148.1935577;3;152.4214783;0.03;0.02;58.08673096;0.787885830;98.00%;2.426802635;0.1;0.1;2.5;80.00%;0.9;0.85;20169.4813989;2954.2238450;23123.7052440;12.5545455;1000;0.2;800
55.02%;5.70%;12.15%;2.49%;1.35%;0.71%;0.29%;0.58%;0.10%;21.62%;232.9446214;50.8166710;34.6074150;5611.1776920;88.27%;594.4846967;328.1640252;40.6983675;53.9823864;0.1704040;13.4416142;51.0275028;30.0955407;628.4971723;536.0866820;333.2143381;405.4184439;;55.14574814;1.2;80.00%;99.96%;0.05;144.3595886;3;154.4854279;0.03;0.02;52.21471024;0.814935016;98.00%;2.634632587;0.1;0.1;2.5;80.00%;0.9;0.85;20349.1837447;3827.0627083;24176.2464530;9.6526316;1000;0.2;800
58.81%;4.93%;14.09%;1.23%;0.46%;0.57%;0.16%;0.60%;0.09%;19.08%;248.9907885;60.8171210;30.1832653;5330.8734088;89.75%;646.0246192;351.8021638;42.3247014;46.6900290;0.1103251;11.6258172;44.1343138;31.6910553;604.3039812;513.3791948;353.9406639;388.6600006;;69.35502625;1.2;80.00%;99.24%;0.05;146.1597595;3;158.0764313;0.03;0.02;55.76546478;0.798896328;98.00%;2.32845974;0.1;0.1;2.5;80.00%;0.9;0.85;21162.3506967;3310.0735355;24472.4242322;11.9290061;1000;0.2;800
60.41%;7.82%;16.36%;2.10%;0.96%;0.66%;0.02%;0.10%;0.02%;11.55%;255.7648960;53.9293106;47.1598751;6351.1105095;85.41%;631.5460864;355.3865276;25.7662516;74.0600459;0.0000000;18.4409514;70.0061529;48.4258119;776.3368269;692.0493871;354.4107127;522.4345418;;50.02503204;1.2;80.00%;99.88%;0.05;143.1777802;3;140.5362244;0.03;0.02;52.18245316;0.815100694;98.00%;2.671453714;0.1;0.1;2.5;80.00%;0.9;0.85;12883.1257805;5250.4614700;18133.5872505;7.7250639;1000;0.2;800
52.42%;5.95%;12.99%;0.80%;1.01%;0.90%;0.11%;0.20%;0.14%;25.48%;221.9366967;67.0431137;36.0965629;5353.3170796;87.19%;559.4155687;311.1670583;43.7162044;56.3500349;0.2728050;14.0311587;53.2655511;34.6092047;627.3633797;532.1730459;317.8500260;402.6379643;;64.38046265;1.2;80.00%;99.98%;0.05;148.728363;3;158.0701294;0.03;0.02;64.56854248;0.754805177;98.00%;2.440371037;0.1;0.1;2.5;80.00%;0.9;0.85;21858.1021852;3994.9163359;25853.0185211;8.8100840;1000;0.2;800
62.05%;1.58%;22.29%;1.15%;0.61%;0.34%;0.03%;0.46%;0.08%;11.40%;262.7083562;73.3412583;10.6130597;5081.4455191;95.83%;727.8337016;381.1465264;-0.4325590;14.9635387;0.0000000;3.7259211;14.1444657;6.4559569;434.2542691;475.5482091;516.5249497;360.6427961;;61.89240646;1.2;80.00%;99.07%;0.05;145.5555878;3;141.5574951;0.03;0.02;58.25439453;0.787045268;98.00%;2.140300751;0.1;0.1;2.5;80.00%;0.9;0.85;-216.2795010;1060.8349262;844.5554252;39.2721519;1000;0.2;800
55.28%;7.92%;14.16%;2.12%;1.09%;0.28%;0.04%;0.52%;0.08%;18.51%;234.0454139;65.4103882;47.6859062;4602.2220765;81.72%;552.9678395;315.3899437;44.7372190;75.0071053;0.1988684;18.6767692;70.9013723;48.1032775;746.2716082;682.8062783;346.9242391;515.5104749;;65.33060455;1.2;80.00%;97.30%;0.05;141.5701294;3;152.1279297;0.03;0.02;64.06993866;0.757334122;98.00%;2.013941288;0.1;0.1;2.5;80.00%;0.9;0.85;22368.6094926;5317.6029211;27686.2124137;6.9797980;1000;0.2;800
55.51%;4.12%;17.26%;2.70%;0.43%;0.71%;0.26%;0.53%;0.07%;18.43%;235.0191918;75.4495977;25.3973937;5121.3306993;87.34%;593.4050589;321.6983130;38.2265307;39.0188477;0.1376363;9.7156931;36.8830371;26.1195838;530.0405501;578.8382524;474.3333645;437.7303928;;66.21021271;1.2;80.00%;95.51%;0.05;140.3131866;3;148.3780823;0.03;0.02;66.69396973;0.743153938;98.00%;2.289159536;0.1;0.1;2.5;80.00%;0.9;0.85;19113.2653662;2766.2277822;21879.4931484;13.4733010;1000;0.2;800
56.11%;1.78%;12.63%;1.99%;1.21%;0.67%;0.14%;0.20%;0.10%;25.17%;237.5594821;85.4769427;11.7431862;5256.0070014;95.83%;658.1727557;346.1273605;31.3777860;16.8576575;0.0000000;4.1975567;15.9349044;3.0908881;414.7140757;338.3945936;372.6107191;257.6335502;;51.97686768;1.2;80.00%;99.80%;0.05;143.3343506;3;142.1040802;0.03;0.02;67.45690918;0.738900273;98.00%;2.258581161;0.1;0.1;2.5;80.00%;0.9;0.85;15688.8930015;1195.1178282;16884.0108297;31.5224719;1000;0.2;800
52.12%;4.12%;16.31%;0.46%;0.79%;0.26%;0.29%;0.55%;0.14%;24.95%;220.6665516;52.6700379;25.2519862;3996.2703228;86.93%;554.5874984;301.5813241;36.7952634;39.0188477;0.1801502;9.7156931;36.8830371;23.2395838;512.1746238;519.0892799;417.8773251;392.5194038;;73.52378845;1.2;80.00%;95.58%;0.05;144.1711731;3;144.42453;0.03;0.02;55.97163391;0.797390488;98.00%;2.034961224;0.1;0.1;2.5;80.00%;0.9;0.85;18397.6316968;2766.2277822;21163.8594789;12.6504854;1000;0.2;800
57.51%;4.62%;15.62%;0.46%;1.24%;0.43%;0.05%;0.05%;0.11%;19.90%;243.4868262;87.9947836;28.4460520;5096.3835576;89.71%;631.4721965;343.2847442;41.1350114;43.7541448;0.0588857;10.8947821;41.3591338;23.2269119;578.1182926;502.9012025;364.0539438;381.0173216;;67.8846283;1.2;80.00%;98.83%;0.05;146.1175995;3;149.1692352;0.03;0.02;69.96749115;0.724466962;98.00%;2.076086044;0.1;0.1;2.5;80.00%;0.9;0.85;20567.5056987;3101.9350373;23669.4407360;12.4480519;1000;0.2;800
62.13%;4.78%;12.49%;2.12%;0.51%;0.71%;0.22%;0.07%;0.14%;16.82%;263.0470616;90.6049015;29.4846504;7412.5033536;91.14%;693.0852133;375.6289890;14.7371829;45.2694398;0.0000000;11.2720905;42.7914848;30.2148569;616.8947795;482.7392731;327.9644034;366.1303875;;57.19587708;1.2;80.00%;100.00%;0.05;148.4692535;3;145.408493;0.03;0.02;67.70237732;0.737571905;98.00%;2.822957277;0.1;0.1;2.5;80.00%;0.9;0.85;7368.5914383;3209.3613589;10577.9527972;12.9979079;1000;0.2;800
53.92%;5.91%;13.90%;2.53%;0.52%;0.72%;0.15%;0.53%;0.05%;21.77%;228.2874225;65.2111095;35.8798765;4544.6968439;87.63%;578.3499626;320.7493256;42.7659248;55.9712112;0.2145831;13.9368316;52.9074634;38.2422185;633.7269000;573.2856971;359.4135845;433.4714108;;51.27256775;1.2;80.00%;100.00%;0.05;148.4324493;3;155.9979553;0.03;0.02;62.32799911;0.766475210;98.00%;2.045007229;0.1;0.1;2.5;80.00%;0.9;0.85;21382.9624115;3968.0597555;25351.0221670;9.1235195;1000;0.2;800
53.37%;3.37%;21.28%;1.12%;0.34%;0.64%;0.14%;0.41%;0.12%;19.22%;225.9588231;52.1752716;20.9009754;5577.6967680;92.51%;604.3079962;324.2971029;37.6088970;31.9159021;0.0853487;7.9470596;30.1688920;21.4585916;488.3333356;543.7214966;484.2707026;411.0954690;;62.39096451;1.2;80.00%;99.82%;0.05;148.3850403;3;144.0142822;0.03;0.02;52.58321762;0.813316080;98.00%;2.736094475;0.1;0.1;2.5;80.00%;0.9;0.85;18804.4484937;2262.6668995;21067.1153932;15.8367953;1000;0.2;800
54.96%;6.45%;21.43%;1.24%;0.97%;0.60%;0.04%;0.36%;0.05%;13.91%;232.6905924;75.2618760;39.0649206;6040.8699767;82.08%;552.1847969;309.4105775;43.9182259;61.0853320;0.2403374;15.2102477;57.7416479;38.5165328;654.8367927;736.3919578;492.1454085;555.8441800;;72.12207794;1.2;80.00%;94.60%;0.05;140.6762238;3;153.9562225;0.03;0.02;69.1905365;0.729049801;98.00%;2.655030727;0.1;0.1;2.5;80.00%;0.9;0.85;21959.1129656;4330.6235910;26289.7365567;8.5209302;1000;0.2;800
53.40%;5.00%;24.37%;1.33%;0.51%;0.78%;0.20%;0.09%;0.13%;14.19%;226.0858376;62.9916779;30.5054448;6116.3518574;87.94%;574.8233443;315.4324887;42.2971829;47.3529705;0.2702996;11.7908897;44.7609673;31.7932813;575.8351873;684.3667521;527.4720017;516.7873359;;71.30967712;1.2;80.00%;98.42%;0.05;144.6528168;3;159.5864105;0.03;0.02;61.33071518;0.771808455;98.00%;2.854389906;0.1;0.1;2.5;80.00%;0.9;0.85;21148.5914566;3357.0725512;24505.6640078;10.6800000;1000;0.2;800
56.42%;6.86%;14.18%;2.72%;0.40%;0.36%;0.04%;0.37%;0.15%;18.52%;238.8719655;51.4674196;41.4460058;6161.4757016;86.36%;596.3998316;333.6003336;44.5214491;64.9682756;0.1563719;16.1771006;61.4120472;46.0181419;700.6677218;620.6512791;346.2546420;468.8548684;;50.53660583;1.2;80.00%;100.00%;0.05;143.0997772;3;155.2888794;0.03;0.02;52.57048798;0.813395184;98.00%;2.791348457;0.1;0.1;2.5;80.00%;0.9;0.85;22260.7245347;4605.9035402;26866.6280749;8.2244898;1000;0.2;800
59.15%;5.36%;20.61%;1.26%;1.14%;0.75%;0.04%;0.35%;0.14%;11.19%;250.4302864;68.8375992;32.7409932;6780.8889767;88.48%;640.6092715;350.7106643;42.7001114;50.7623844;0.0642006;12.6398337;47.9837570;29.3361575;628.1631077;643.8845723;458.3819554;486.5719882;;74.67313385;1.2;80.00%;98.66%;0.05;147.7821808;3;152.8170013;0.03;0.02;60.61845016;0.775431182;98.00%;2.864305973;0.1;0.1;2.5;80.00%;0.9;0.85;21350.0556887;3598.7817749;24948.8374635;11.0354478;1000;0.2;800
56.57%;4.22%;15.26%;2.44%;1.15%;0.38%;0.07%;0.22%;0.06%;19.63%;239.5070381;67.3976792;26.0089891;5604.8241276;91.40%;632.8921554;342.3597466;40.7393958;39.9659071;0.0735103;9.9515109;37.7782564;21.0770494;554.0391333;500.6991929;386.3377832;379.1313279;;56.35105515;1.2;80.00%;99.98%;0.05;146.2762451;3;150.3072205;0.03;0.02;60.28401184;0.777085067;98.00%;2.469037056;0.1;0.1;2.5;80.00%;0.9;0.85;20369.6978922;2833.3692332;23203.0671254;13.4052133;1000;0.2;800
62.13%;7.79%;15.29%;0.82%;0.37%;0.65%;0.10%;0.31%;0.04%;12.49%;263.0470616;56.2764816;46.9864241;6958.5839356;82.46%;627.1162528;353.0052381;38.8138722;73.7759281;0.0000000;18.3702061;69.7375871;52.9305722;772.6174567;690.3187805;355.0784837;521.1462458;;74.45735931;1.2;80.00%;95.94%;0.05;144.7769623;3;145.4333496;0.03;0.02;54.01453781;0.806969075;98.00%;2.918125391;0.1;0.1;2.5;80.00%;0.9;0.85;19406.9361032;5230.3190347;24637.2551380;7.9756098;1000;0.2;800
62.16%;3.39%;14.28%;0.64%;0.33%;0.76%;0.15%;0.24%;0.05%;17.99%;263.1740761;72.8829303;21.2370642;6813.8939215;92.21%;701.5689761;374.5622512;25.0862374;32.1053140;0.0000000;7.9942232;30.3479359;21.6820847;534.5352437;435.4316151;366.2585567;330.4560505;;64.9911499;1.2;80.00%;98.53%;0.05;144.0697632;3;149.5764313;0.03;0.02;59.38555145;0.781587332;98.00%;2.817429066;0.1;0.1;2.5;80.00%;0.9;0.85;12543.1186974;2276.0951897;14819.2138871;18.3362832;1000;0.2;800
49.03%;2.79%;12.56%;0.64%;0.42%;0.72%;0.02%;0.56%;0.13%;33.13%;207.5840565;73.1535282;17.5016509;5654.3254245;92.67%;556.1373842;297.4027851;38.6131553;26.4229576;0.2012886;6.5793164;24.9766198;16.6572910;429.8633647;375.4796493;357.1069105;285.0771942;;67.87761688;1.2;80.00%;99.32%;0.05;148.3537903;3;144.8853912;0.03;0.02;67.91912079;0.736318000;98.00%;2.743326187;0.1;0.1;2.5;80.00%;0.9;0.85;19306.5776611;1873.2464836;21179.8241446;17.5734767;1000;0.2;800
55.74%;3.87%;19.97%;1.93%;0.33%;0.46%;0.29%;0.17%;0.07%;17.17%;235.9929698;57.0584276;23.8951950;4980.5238837;91.66%;625.3376334;337.0678491;38.2876587;36.6511992;0.1023184;9.1261486;34.6449887;25.1259197;529.3762073;554.2612471;461.8418621;419.1703237;;69.58280182;1.2;80.00%;99.63%;0.05;149.1042175;3;151.1031036;0.03;0.02;54.60533142;0.804189576;98.00%;2.314491749;0.1;0.1;2.5;80.00%;0.9;0.85;19143.8293687;2598.3741546;21742.2035233;14.4031008;1000;0.2;800
61.89%;7.76%;24.22%;1.99%;1.33%;0.69%;0.15%;0.23%;0.02%;1.71%;262.0309455;73.6755374;46.9124873;5191.1614585;85.91%;650.8079804;365.1891577;44.0493227;73.4918103;0.0179627;18.2994608;69.4690213;45.0353325;781.8219125;814.8121719;479.1587381;614.8462530;;62.62282181;1.2;80.00%;99.98%;0.05;148.661026;3;154.0332642;0.03;0.02;62.50188446;0.765719693;98.00%;2.001956701;0.1;0.1;2.5;80.00%;0.9;0.85;22024.6613438;5210.1765994;27234.8379432;7.9755155;1000;0.2;800
50.64%;7.81%;12.01%;1.84%;0.90%;0.65%;0.25%;0.11%;0.02%;25.77%;214.4005022;40.6843892;46.8378186;4237.5964683;77.50%;480.4056927;277.4696363;42.3753684;73.9653400;0.3543399;18.4173697;69.9166310;48.8340654;706.4176296;660.2151976;337.7515999;498.1136530;;74.31149292;1.2;80.00%;93.56%;0.05;140.7320251;3;152.5227509;0.03;0.02;51.78685379;0.816435173;98.00%;2.271198273;0.1;0.1;2.5;80.00%;0.9;0.85;21187.6842078;5243.7473249;26431.4315327;6.4839949;1000;0.2;800
51.78%;4.32%;16.68%;1.96%;1.38%;0.44%;0.05%;0.32%;0.13%;22.93%;219.2270537;73.3882108;26.5241319;6261.5125726;88.73%;562.3491287;306.4666195;39.9146153;40.9129666;0.1741468;10.1873287;38.6734758;19.9545150;527.5935620;538.4337570;424.6196488;407.3092032;;73.33987427;1.2;80.00%;98.11%;0.05;147.4973297;3;145.8347168;0.03;0.02;67.639534;0.737918700;98.00%;2.900010586;0.1;0.1;2.5;80.00%;0.9;0.85;19957.3076655;2900.5106842;22857.8183497;11.9861111;1000;0.2;800
51.34%;3.71%;13.15%;1.57%;0.34%;0.87%;0.20%;0.06%;0.01%;28.75%;217.3641742;71.1965841;22.9267899;5431.3361158;90.04%;565.8346638;305.9094503;38.4104867;35.1359041;0.1999198;8.7488401;33.2126378;23.8979747;491.7607433;445.6396989;369.0944515;337.7216249;;69.03166199;1.2;80.00%;98.25%;0.05;145.5028839;3;148.2872467;0.03;0.02;66.32441711;0.745235202;98.00%;2.565906525;0.1;0.1;2.5;80.00%;0.9;0.85;19205.2433572;2490.9478330;21696.1911902;13.8382749;1000;0.2;800
57.94%;7.30%;17.20%;0.26%;0.25%;0.26%;0.19%;0.49%;0.08%;16.01%;245.3073676;68.5570204;44.0882901;4808.9018038;82.24%;583.2288129;328.6089104;40.4478055;69.1353370;0.0586778;17.2146989;65.3510123;50.3749907;722.1908710;684.0740582;383.0746076;516.4813568;;74.36807251;1.2;80.00%;95.79%;0.05;145.0305786;3;143.0326538;0.03;0.02;63.85330963;0.758547139;98.00%;2.046801805;0.1;0.1;2.5;80.00%;0.9;0.85;20223.9027285;4901.3259247;25125.2286532;7.9369863;1000;0.2;800
59.36%;3.65%;21.59%;1.41%;0.67%;0.66%;0.27%;0.15%;0.09%;12.14%;251.3193880;63.5566633;22.6735949;5966.0463094;90.85%;660.0903125;354.1521941;38.5435780;34.5676685;0.0411744;8.6073495;32.6755062;20.8274953;531.7572348;580.3141319;498.4905278;438.8727208;;60.12605286;1.2;80.00%;97.85%;0.05;140.1324921;3;151.852417;0.03;0.02;56.60057449;0.795022308;98.00%;2.628730297;0.1;0.1;2.5;80.00%;0.9;0.85;19271.7890177;2450.6629624;21722.4519800;16.2630137;1000;0.2;800
54.42%;5.30%;15.38%;1.27%;1.28%;0.62%;0.24%;0.47%;0.15%;20.88%;230.4043311;78.6176370;32.3596668;5975.6625168;88.91%;592.2656983;325.6539662;38.1523757;50.1941488;0.0686739;12.4983430;47.4466254;27.7856782;602.5738143;546.0860044;367.8896257;413.1422659;;58.72346878;1.2;80.00%;99.98%;0.05;149.01651;3;142.8426819;0.03;0.02;68.24648285;0.734469051;98.00%;2.564339638;0.1;0.1;2.5;80.00%;0.9;0.85;19076.1878357;3558.4969042;22634.6847400;10.2679245;1000;0.2;800
54.71%;4.20%;24.56%;0.34%;0.70%;0.73%;0.24%;0.38%;0.12%;14.01%;231.6321381;68.8816691;25.8652441;5962.1270243;91.08%;609.9363471;330.4753820;37.1337776;39.7764953;0.0496071;9.9043473;37.5992126;24.5335563;542.5886890;624.7319926;513.0390355;472.0530576;;57.61511612;1.2;80.00%;99.90%;0.05;146.9712982;3;142.8654785;0.03;0.02;62.42368698;0.766176469;98.00%;2.675918102;0.1;0.1;2.5;80.00%;0.9;0.85;18566.8888051;2819.9409430;21386.8297481;13.0261905;1000;0.2;800
52.27%;6.90%;23.87%;2.96%;0.26%;0.68%;0.09%;0.42%;0.12%;12.43%;221.3016242;66.9269724;41.6724672;5417.5634203;85.20%;545.1044355;307.4413179;41.9644350;65.3470994;0.1779837;16.2714277;61.7701349;47.4251282;679.5610910;786.9233258;514.4752743;593.5530332;;53.33324814;1.2;80.00%;100.00%;0.05;146.5174866;3;146.6405182;0.03;0.02;65.44185638;0.750081018;98.00%;2.446703672;0.1;0.1;2.5;80.00%;0.9;0.85;20982.2175113;4632.7601206;25614.9776319;7.5753623;1000;0.2;800
50.76%;7.46%;15.21%;1.86%;0.59%;0.29%;0.11%;0.56%;0.08%;23.08%;214.9085602;67.6877161;44.9207166;4731.2329226;81.52%;506.4847309;289.7129452;45.3444485;70.6506321;0.3709327;17.5920074;66.7833633;48.8029357;696.4578051;670.3488335;367.6633515;506.1667054;;68.51637268;1.2;80.00%;97.54%;0.05;141.9732819;3;159.3525543;0.03;0.02;68.46537781;0.733088029;98.00%;2.194224358;0.1;0.1;2.5;80.00%;0.9;0.85;22672.2242276;5008.7522464;27680.9764740;6.8042895;1000;0.2;800
51.17%;4.02%;12.38%;0.32%;0.84%;0.43%;0.06%;0.38%;0.02%;30.38%;216.6444253;66.3030455;24.7377615;4559.7636146;90.86%;569.0592025;308.7284763;41.6678057;38.0717883;0.2497216;9.4798753;35.9878177;22.1221181;512.1308908;414.4865287;318.9135767;314.3633856;;65.52010345;1.2;80.00%;99.86%;0.05;148.1212921;3;154.6495361;0.03;0.02;63.51926041;0.760243236;98.00%;2.169418812;0.1;0.1;2.5;80.00%;0.9;0.85;20833.9028378;2699.0863311;23532.9891689;12.7288557;1000;0.2;800
54.67%;4.68%;12.70%;1.20%;0.49%;0.52%;0.21%;0.36%;0.08%;25.09%;231.4627854;51.3685932;28.5991149;5549.7255326;88.63%;593.1095295;323.5494856;40.7141242;44.3223804;0.1929015;11.0362727;41.8962654;29.6573913;564.4821846;481.3030188;342.1929975;364.3444644;;71.4537735;1.2;80.00%;98.21%;0.05;145.1647034;3;154.906189;0.03;0.02;52.69806671;0.812808210;98.00%;2.6752882;0.1;0.1;2.5;80.00%;0.9;0.85;20357.0621197;3142.2199079;23499.2820276;11.6816239;1000;0.2;800
50.60%;1.86%;13.91%;0.42%;1.41%;0.89%;0.22%;0.45%;0.13%;30.11%;214.2311495;54.0765067;11.9895604;4945.1881981;94.79%;587.0622235;309.6428682;35.8196495;17.6153050;0.1594603;4.3862110;16.6510799;2.0648606;386.9997903;349.9289036;385.7666682;265.7612479;;60.73661041;1.2;80.00%;99.23%;0.05;144.6598206;3;145.6283112;0.03;0.02;54.95306778;0.802593055;98.00%;2.548830271;0.1;0.1;2.5;80.00%;0.9;0.85;17909.8247595;1248.8309890;19158.6557485;27.2043011;1000;0.2;800
59.26%;7.05%;20.53%;0.78%;0.81%;0.26%;0.15%;0.09%;0.01%;11.05%;250.8960063;62.6581162;42.6093223;6014.9313746;82.14%;595.7690191;334.0705614;40.0865516;66.7676885;0.0160965;16.6251544;63.1129640;44.1013266;712.4034458;734.9985672;448.3434723;554.6107396;;72.51712036;1.2;80.00%;94.82%;0.05;143.6128082;3;140.8727875;0.03;0.02;59.83244324;0.779358670;98.00%;2.600004673;0.1;0.1;2.5;80.00%;0.9;0.85;20043.2758035;4733.4722972;24776.7481006;8.4056738;1000;0.2;800
50.48%;4.98%;13.24%;2.46%;1.12%;0.51%;0.26%;0.43%;0.10%;26.42%;213.7230914;60.5720941;30.3218669;5772.1473675;86.50%;534.4785542;294.5738863;37.2003337;47.1635587;0.1806615;11.7437261;44.5819235;26.7697882;556.0942914;530.6406043;377.8157355;401.2031010;;71.54959869;1.2;80.00%;97.40%;0.05;146.427887;3;141.5580292;0.03;0.02;62.54966736;0.765514492;98.00%;2.851478577;0.1;0.1;2.5;80.00%;0.9;0.85;18600.1668424;3343.6442610;21943.8111033;10.1365462;1000;0.2;800
52.48%;6.61%;14.23%;1.51%;1.45%;0.46%;0.27%;0.45%;0.04%;22.50%;222.1907258;57.5772161;39.9314210;5680.8572420;85.40%;548.5830350;308.0646217;41.4880384;62.6006271;0.2417275;15.5875561;59.1739988;35.8244778;663.6202622;594.9278242;340.0737145;449.5180045;;67.37136841;1.2;80.00%;99.45%;0.05;146.8946381;3;153.5402069;0.03;0.02;59.75498199;0.779731330;98.00%;2.672903538;0.1;0.1;2.5;80.00%;0.9;0.85;20744.0192043;4438.0499127;25182.0691170;7.9394856;1000;0.2;800
55.34%;5.04%;20.62%;0.43%;1.22%;0.47%;0.10%;0.28%;0.02%;16.49%;234.2994429;49.2873921;30.7280705;4534.3109308;89.33%;605.0803805;331.0790926;42.7646980;47.7317943;0.1860519;11.8852168;45.1190551;26.4002675;592.0610756;599.0896273;436.7579348;452.7061094;;62.87454224;1.2;80.00%;99.62%;0.05;144.9019165;3;157.3300323;0.03;0.02;50.38499451;0.822609015;98.00%;2.153474569;0.1;0.1;2.5;80.00%;0.9;0.85;21382.3489756;3383.9291316;24766.2781072;10.9801587;1000;0.2;800
58.25%;3.75%;23.14%;0.43%;1.39%;0.86%;0.16%;0.26%;0.07%;11.71%;246.6198509;54.2954114;23.2208950;5063.8990716;92.12%;656.7895513;352.7813230;36.9259880;35.5147279;0.0000000;8.8431672;33.5707255;15.7849610;536.1717064;583.9494606;496.0368204;441.4320579;;59.61608505;1.2;80.00%;99.54%;0.05;145.0657349;3;146.3251953;0.03;0.02;50.96543503;0.820282728;98.00%;2.306520462;0.1;0.1;2.5;80.00%;0.9;0.85;18462.9939843;2517.8044134;20980.7983977;15.5333333;1000;0.2;800
53.99%;2.61%;18.83%;0.27%;0.39%;0.65%;0.13%;0.07%;0.04%;23.03%;228.5837897;65.3460076;16.5026825;6321.8352650;94.26%;622.8901310;331.0273815;39.9115176;24.7182506;0.1680508;6.1548444;23.3652250;15.6058528;449.8106101;445.6569322;432.2576337;337.8616784;;53.45991135;1.2;80.00%;100.00%;0.05;146.9587555;3;155.4333649;0.03;0.02;59.74200439;0.779815196;98.00%;2.949874401;0.1;0.1;2.5;80.00%;0.9;0.85;19955.7587881;1752.3918717;21708.1506599;20.6858238;1000;0.2;800
54.91%;3.86%;20.55%;2.60%;1.12%;0.80%;0.22%;0.38%;0.13%;15.43%;232.4789015;83.7254942;23.9321638;5518.7113549;91.84%;617.2608343;333.0307128;38.1232083;36.5564933;0.0787019;9.1025668;34.5554668;18.7341731;524.8619539;580.6204702;489.6542148;439.2073204;;60.39475632;1.2;80.00%;99.99%;0.05;149.128891;3;146.960907;0.03;0.02;69.01435089;0.730045968;98.00%;2.355775833;0.1;0.1;2.5;80.00%;0.9;0.85;19061.6041685;2591.6600095;21653.2641780;14.2253886;1000;0.2;800
58.64%;4.63%;17.35%;1.99%;0.41%;0.65%;0.02%;0.15%;0.08%;16.07%;248.2710396;50.2623065;28.3405050;4292.0722746;86.68%;622.1723723;338.3113723;40.3809010;43.8488507;0.0449195;10.9183638;41.4486558;29.9386585;574.3710638;590.8755080;452.2866607;446.4845363;;68.62156677;1.2;80.00%;95.28%;0.05;141.5943604;3;145.6421814;0.03;0.02;50.04818726;0.823902190;98.00%;2.014054537;0.1;0.1;2.5;80.00%;0.9;0.85;20190.4504964;3108.6491824;23299.0996788;12.6652268;1000;0.2;800
51.09%;2.62%;12.08%;0.88%;0.34%;0.90%;0.08%;0.05%;0.10%;31.87%;216.3057199;61.1722062;16.4835046;4229.3513867;92.55%;578.7454126;308.3173175;41.4186431;24.8129566;0.2997011;6.1784262;23.4547469;16.0775994;429.9167351;363.9733715;354.6225309;276.4935147;;69.25419617;1.2;80.00%;98.52%;0.05;144.0029297;3;159.6844177;0.03;0.02;59.94053268;0.778450685;98.00%;2.102345943;0.1;0.1;2.5;80.00%;0.9;0.85;20709.3215322;1759.1060168;22468.4275490;19.5000000;1000;0.2;800
49.60%;4.04%;18.88%;1.64%;0.98%;0.76%;0.21%;0.30%;0.10%;23.50%;209.9973323;65.7773142;24.8201514;5120.2546883;89.78%;545.0771753;296.4572326;38.9038437;38.2612002;0.2513227;9.5270388;36.1668616;21.1456113;502.6379397;551.8817716;456.8153314;417.3039780;;74.22711182;1.2;80.00%;99.03%;0.05;149.1426086;3;149.7032928;0.03;0.02;64.81306458;0.753461927;98.00%;2.507086754;0.1;0.1;2.5;80.00%;0.9;0.85;19451.9218327;2712.5146213;22164.4364540;12.2772277;1000;0.2;800
53.15%;5.39%;23.25%;2.95%;0.97%;0.85%;0.25%;0.54%;0.13%;12.52%;225.0273833;58.3714381;32.7806671;5278.1543692;87.96%;572.2097053;315.5545951;40.3506745;51.0465022;0.2010536;12.7105791;48.2523228;30.9113972;598.9060747;712.5218327;531.0891359;537.7706893;;61.25391006;1.2;80.00%;99.36%;0.05;143.9914551;3;152.4241638;0.03;0.02;58.70859146;0.784859249;98.00%;2.489041805;0.1;0.1;2.5;80.00%;0.9;0.85;20175.3372423;3618.9242102;23794.2614525;9.8608534;1000;0.2;800
49.38%;6.41%;15.04%;2.30%;0.94%;0.61%;0.02%;0.11%;0.06%;25.13%;209.0658925;57.2155046;38.6902151;4668.6122191;83.43%;504.2427461;284.4715886;43.2349828;60.7065082;0.3119413;15.1159206;57.3835601;38.4695466;630.1604113;620.0812949;382.4561715;468.2598768;;66.93030548;1.2;80.00%;97.63%;0.05;142.993988;3;151.0237122;0.03;0.02;62.56568527;0.765283103;98.00%;2.337113142;0.1;0.1;2.5;80.00%;0.9;0.85;21617.4913919;4303.7670106;25921.2584025;7.7035881;1000;0.2;800
50.09%;2.75%;12.37%;1.40%;0.54%;0.76%;0.14%;0.09%;0.13%;31.73%;212.0719027;49.1563087;17.1862746;4950.6369618;92.66%;568.1084977;303.2687529;38.2242634;26.0441338;0.2172053;6.4849893;24.6185320;15.4103047;433.1955653;378.0675166;360.8598904;286.7913539;;55.32548141;1.2;80.00%;99.03%;0.05;140.7515717;3;148.9875336;0.03;0.02;52.64640045;0.812963621;98.00%;2.604180336;0.1;0.1;2.5;80.00%;0.9;0.85;19112.1317141;1846.3899031;20958.5216173;18.2145455;1000;0.2;800
60.40%;6.35%;24.41%;0.95%;1.21%;0.55%;0.15%;0.12%;0.02%;5.86%;255.7225579;54.8389885;38.5042483;6344.7496147;85.44%;631.6770105;349.8243996;41.5236310;60.1382726;0.0345398;14.9744299;56.8464285;35.8790672;685.6266794;754.1712605;507.7397896;569.0582169;;70.65540314;1.2;80.00%;96.94%;0.05;143.8144073;3;149.3580627;0.03;0.02;52.79214096;0.812421317;98.00%;2.768721104;0.1;0.1;2.5;80.00%;0.9;0.85;20761.8154976;4263.4821400;25025.2976376;9.5118110;1000;0.2;800
57.91%;6.09%;20.62%;2.25%;0.79%;0.64%;0.16%;0.06%;0.06%;11.42%;245.1803531;85.2961510;37.0700551;6007.9490911;86.59%;613.7483355;339.7802359;40.5739539;57.6759181;0.0448628;14.3613036;54.5188582;37.3736566;661.2578198;690.4559643;461.7282436;521.5755614;;63.88193512;1.2;80.00%;98.30%;0.05;143.7626343;3;146.2483063;0.03;0.02;69.88262939;0.725024053;98.00%;2.415963173;0.1;0.1;2.5;80.00%;0.9;0.85;20286.9769600;4088.9143673;24375.8913273;9.5090312;1000;0.2;800
62.12%;4.44%;16.70%;0.82%;0.42%;0.52%;0.04%;0.24%;0.12%;14.58%;263.0047234;66.8941559;27.3816088;5495.7828301;90.68%;689.5226648;372.3507022;7.3149795;42.0494378;0.0000000;10.4703100;39.7477390;28.4954738;593.7655297;522.7813605;389.7680114;395.8543905;;64.33152771;1.2;80.00%;98.82%;0.05;146.2638855;3;140.4961395;0.03;0.02;56.87304306;0.793711309;98.00%;2.282318354;0.1;0.1;2.5;80.00%;0.9;0.85;3657.4897742;2981.0804254;6638.5701996;13.9909910;1000;0.2;800
55.55%;6.98%;13.46%;1.80%;0.39%;0.72%;0.14%;0.14%;0.13%;20.70%;235.1885445;49.0113107;42.0988941;5826.0654126;83.04%;564.6229956;317.6885400;43.8133408;66.1047469;0.2300538;16.4600820;62.4863104;46.9591007;693.6523166;627.7887087;349.0631777;474.1186776;;73.67711639;1.2;80.00%;96.65%;0.05;143.2950287;3;156.3341675;0.03;0.02;52.78421783;0.812442562;98.00%;2.756847858;0.1;0.1;2.5;80.00%;0.9;0.85;21906.6704143;4686.4732814;26593.1436958;7.9584527;1000;0.2;800
53.70%;6.31%;22.30%;2.40%;0.95%;0.53%;0.28%;0.07%;0.01%;13.44%;227.3559827;50.8584844;38.1621466;5624.0044142;86.19%;566.5405449;316.1182922;38.0125931;59.7594488;0.0886505;14.8801028;56.4883408;37.6720810;653.3544833;719.4135710;480.7343021;542.7202068;;65.87709808;1.2;80.00%;99.30%;0.05;148.2153625;3;140.9503784;0.03;0.02;54.02103424;0.806910301;98.00%;2.683507919;0.1;0.1;2.5;80.00%;0.9;0.85;19006.2965742;4236.6255596;23242.9221338;8.5103011;1000;0.2;800
50.32%;2.96%;24.16%;2.83%;0.50%;0.60%;0.13%;0.38%;0.03%;18.09%;213.0456807;54.9247878;18.4538747;5034.3318208;93.10%;573.4121461;306.8381415;39.7326381;28.0329586;0.2492638;6.9802067;26.4984927;17.2369825;448.6332937;593.3410893;562.8363251;448.3733489;;57.91506958;1.2;80.00%;99.96%;0.05;145.8789215;3;153.814209;0.03;0.02;56.39389038;0.795920351;98.00%;2.557926655;0.1;0.1;2.5;80.00%;0.9;0.85;19866.3190539;1987.3869503;21853.7060042;17.0000000;1000;0.2;800
58.17%;3.87%;23.93%;0.66%;1.47%;0.51%;0.07%;0.38%;0.02%;10.92%;246.2811455;54.2743952;23.8971219;5296.9017583;89.15%;634.7734712;341.9083866;42.1527496;36.6511992;0.1457433;9.1261486;34.6449887;16.0059197;533.2243477;627.1996316;534.9835962;473.9233912;;72.43412781;1.2;80.00%;96.58%;0.05;142.4733887;3;157.6434174;0.03;0.02;52.21829987;0.814893854;98.00%;2.46246314;0.1;0.1;2.5;80.00%;0.9;0.85;21076.3747874;2598.3741546;23674.7489420;15.0310078;1000;0.2;800
62.75%;5.65%;14.75%;1.08%;0.61%;0.59%;0.16%;0.50%;0.08%;13.83%;265.6720282;55.9877786;34.4261975;5433.2205734;86.07%;661.1116180;362.2994377;33.8426050;53.5088567;0.0000000;13.3237053;50.5798931;35.6568078;655.8821368;586.1837050;380.5343188;443.1646260;;69.60939789;1.2;80.00%;95.88%;0.05;142.2729797;3;147.8864441;0.03;0.02;51.86764908;0.816435619;98.00%;2.333297729;0.1;0.1;2.5;80.00%;0.9;0.85;16921.3025146;3793.4919828;20714.7944974;11.1061947;1000;0.2;800
60.06%;3.64%;20.73%;2.17%;1.05%;0.38%;0.05%;0.33%;0.14%;11.45%;254.2830600;79.4789050;22.6936872;5807.1864007;91.27%;670.9282122;359.7874638;22.8663762;34.4729626;0.0000000;8.5837677;32.5859842;17.7157488;535.6336554;574.3322271;492.5528316;434.5850396;;56.85265732;1.2;80.00%;98.22%;0.05;140.9929352;3;142.5955048;0.03;0.02;64.1540451;0.757054520;98.00%;2.40330267;0.1;0.1;2.5;80.00%;0.9;0.85;11433.1881059;2443.9488173;13877.1369231;16.5000000;1000;0.2;800
59.02%;4.86%;13.06%;2.78%;0.88%;0.52%;0.29%;0.58%;0.09%;17.92%;249.8798902;60.1269912;29.7790457;6698.4804066;90.51%;653.8764869;355.5714846;41.2871189;46.0270874;0.1095404;11.4607448;43.5076603;27.8288294;603.8975053;511.4307203;355.2971993;387.2219151;;66.1926651;1.2;80.00%;99.91%;0.05;147.9331207;3;159.5652466;0.03;0.02;54.91228867;0.802884679;98.00%;2.91444397;0.1;0.1;2.5;80.00%;0.9;0.85;20643.5594577;3263.0745197;23906.6339775;12.1440329;1000;0.2;800
58.56%;4.69%;17.40%;1.72%;1.12%;0.33%;0.25%;0.41%;0.07%;15.46%;247.9323342;82.5611938;28.8254208;5857.8242846;86.98%;623.4349622;339.3835534;39.9402700;44.4170864;0.1075414;11.0598545;41.9857874;24.6891378;579.2066705;584.7058978;442.2371863;442.3199428;;70.42510223;1.2;80.00%;95.79%;0.05;141.5980835;3;152.6120453;0.03;0.02;68.16201019;0.734946537;98.00%;2.443465471;0.1;0.1;2.5;80.00%;0.9;0.85;19970.1349845;3148.9340530;23119.0690375;12.4861407;1000;0.2;800
54.90%;5.88%;19.11%;1.55%;1.18%;0.74%;0.18%;0.07%;0.05%;16.34%;232.4365634;60.3777181;35.6910763;5339.0668075;86.85%;583.6299905;323.3234567;39.4386447;55.6870934;0.0878480;13.8660862;52.6388976;32.7469788;634.3776882;641.8005646;428.6379315;484.6938518;;65.37574005;1.2;80.00%;98.80%;0.05;145.9812927;3;143.8689423;0.03;0.02;59.22287369;0.782341481;98.00%;2.434604168;0.1;0.1;2.5;80.00%;0.9;0.85;19719.3223500;3947.9173202;23667.2396702;9.3367347;1000;0.2;800
54.21%;4.25%;16.74%;0.78%;1.43%;0.53%;0.15%;0.43%;0.14%;21.33%;229.5152295;54.4184316;26.0934335;5848.8298511;91.03%;603.9867627;327.5183956;40.7441811;40.2500250;0.1680494;10.0222562;38.0468222;19.0522891;542.7280653;506.1812881;392.6687652;383.0573616;;51.87065125;1.2;80.00%;100.00%;0.05;147.2008362;3;153.9711456;0.03;0.02;54.1579628;0.806302394;98.00%;2.783085823;0.1;0.1;2.5;80.00%;0.9;0.85;20372.0905645;2853.5116685;23225.6022330;12.7552941;1000;0.2;800
55.10%;3.34%;18.72%;2.79%;0.33%;0.59%;0.23%;0.40%;0.11%;18.39%;233.2833268;57.4981925;20.7743827;5449.4339680;92.67%;625.0068838;334.8685693;39.8790668;31.6317843;0.1677953;7.8763143;29.9003262;21.3233519;496.2479823;527.8460591;468.7878717;399.4233601;;57.25720215;1.2;80.00%;99.71%;0.05;142.6742249;3;157.0072479;0.03;0.02;54.92025375;0.802808711;98.00%;2.563151836;0.1;0.1;2.5;80.00%;0.9;0.85;19939.5333908;2242.5244642;22182.0578550;16.4970060;1000;0.2;800
53.02%;4.93%;15.36%;2.03%;1.41%;0.38%;0.23%;0.54%;0.03%;22.07%;224.4769871;52.6995477;30.0557420;4627.6355924;89.02%;577.6930269;316.5800659;40.0420660;46.6900290;0.1939456;11.6258172;44.1343138;24.0910553;572.8940952;538.7027733;385.2693495;407.3488668;;67.56960297;1.2;80.00%;99.52%;0.05;147.5198059;3;152.1110229;0.03;0.02;54.57721329;0.804226474;98.00%;2.244368315;0.1;0.1;2.5;80.00%;0.9;0.85;20021.0329842;3310.0735355;23331.1065197;10.7545639;1000;0.2;800
52.21%;2.27%;13.36%;1.95%;0.69%;0.42%;0.13%;0.46%;0.14%;28.36%;221.0475951;50.0956320;14.3924372;5785.4257806;92.27%;589.6826785;312.5397030;37.8172220;21.4982486;0.1761015;5.3530639;20.3214792;10.7664697;413.4025585;393.7574536;404.4040707;298.6156714;;72.68268585;1.2;80.00%;97.33%;0.05;145.3721313;3;148.5687866;0.03;0.02;51.98855591;0.815931167;98.00%;2.989966393;0.1;0.1;2.5;80.00%;0.9;0.85;18908.6109974;1524.1109382;20432.7219356;23.0000000;1000;0.2;800
60.13%;4.01%;15.67%;1.70%;0.48%;0.58%;0.13%;0.09%;0.03%;17.19%;254.5794272;71.8282670;24.8469392;6874.7221953;91.59%;674.0848429;362.7851194;28.5751150;37.9770824;0.0000000;9.4562935;35.8982958;24.9303716;560.2013921;492.2476789;386.9565249;372.9451057;;58.04777908;1.2;80.00%;99.26%;0.05;143.2990265;3;146.3175507;0.03;0.02;60.31209183;0.776973180;98.00%;2.880962849;0.1;0.1;2.5;80.00%;0.9;0.85;14287.5574919;2692.3721860;16979.9296780;14.9950125;1000;0.2;800
57.10%;1.77%;14.26%;2.05%;0.59%;0.38%;0.09%;0.52%;0.06%;23.19%;241.7509612;90.1364740;11.7195069;5154.2158798;95.87%;670.0618065;352.2366687;40.5441251;16.7629516;0.1146559;4.1739749;15.8453824;7.9791416;419.4715870;365.1240625;399.7324532;277.9022438;;57.85428619;1.2;80.00%;99.77%;0.05;143.0075226;3;158.7086029;0.03;0.02;68.71269989;0.731749052;98.00%;2.159811974;0.1;0.1;2.5;80.00%;0.9;0.85;20272.0625516;1188.4036831;21460.4662347;32.2598870;1000;0.2;800
49.01%;3.95%;15.13%;1.92%;1.28%;0.70%;0.10%;0.48%;0.07%;27.37%;207.4993801;58.8688114;24.2446900;5538.1067812;88.76%;532.4469264;289.5696755;39.8399929;37.4088467;0.2760746;9.3148028;35.3611642;18.0998922;490.9703682;502.1964510;414.2165946;379.9262874;;65.71087646;1.2;80.00%;97.79%;0.05;143.0266418;3;149.4118042;0.03;0.02;61.64946365;0.770154178;98.00%;2.83733964;0.1;0.1;2.5;80.00%;0.9;0.85;19919.9964692;2652.0873154;22572.0837847;12.4075949;1000;0.2;800
62.84%;6.21%;13.77%;1.58%;0.73%;0.78%;0.14%;0.23%;0.11%;13.61%;266.0530718;83.0808374;37.8641365;5955.8448402;88.79%;682.9155873;375.8309774;4.4408249;58.8123894;0.0000000;14.6442850;55.5931214;38.7146153;700.6046504;567.8277706;325.4625281;429.8255780;;55.18990326;1.2;80.00%;100.00%;0.05;149.0539093;3;140.3356018;0.03;0.02;65.11587524;0.751881281;98.00%;2.256708622;0.1;0.1;2.5;80.00%;0.9;0.85;2220.4124741;4169.4841086;6389.8965826;10.1191626;1000;0.2;800
60.03%;4.96%;24.71%;1.75%;0.65%;0.26%;0.17%;0.56%;0.01%;6.92%;254.1560455;58.0702945;30.3455668;5563.3037647;87.59%;643.5837241;350.6443577;40.8512665;46.9741468;0.0608223;11.6965625;44.4028796;30.3862950;605.0580545;708.4532120;547.2732707;534.8724777;;68.82886505;1.2;80.00%;96.71%;0.05;142.153717;3;152.4374695;0.03;0.02;54.20822144;0.806060440;98.00%;2.458164215;0.1;0.1;2.5;80.00%;0.9;0.85;20425.6332578;3330.2159708;23755.8492286;12.1028226;1000;0.2;800
54.07%;5.69%;24.98%;2.37%;1.05%;0.52%;0.06%;0.07%;0.09%;11.09%;228.9224951;63.5946386;34.5785256;5358.3070957;87.51%;579.1524963;320.3094848;41.1156818;53.8876805;0.1232434;13.4180324;50.9379808;32.4237941;620.2584055;732.4989017;531.9370426;552.7715548;;65.43264771;1.2;80.00%;99.32%;0.05;146.9945526;3;146.3001404;0.03;0.02;61.39705658;0.771432517;98.00%;2.4383111;0.1;0.1;2.5;80.00%;0.9;0.85;20557.8409162;3820.3485632;24378.1894794;9.5026362;1000;0.2;800
50.70%;5.69%;12.62%;2.61%;0.93%;0.63%;0.29%;0.24%;0.10%;26.19%;214.6545312;73.7113724;34.5515039;5728.2545746;85.48%;530.4527058;295.3014250;40.7254966;53.8876805;0.3005388;13.4180324;50.9379808;33.3837941;598.2915645;553.0603865;357.2154864;418.2878671;;71.77032471;1.2;80.00%;97.89%;0.05;144.8129272;3;154.3483887;0.03;0.02;69.87680054;0.725048589;98.00%;2.647672415;0.1;0.1;2.5;80.00%;0.9;0.85;20362.7483033;3820.3485632;24183.0968666;8.9103691;1000;0.2;800
61.94%;3.56%;20.55%;1.67%;1.49%;0.50%;0.01%;0.14%;0.04%;10.10%;262.2426363;77.0633003;22.2565126;5713.5824375;92.65%;702.4510870;375.6928626;6.5038604;33.7153150;0.0000000;8.3951134;31.8698088;13.6217763;545.1494494;546.9471438;467.4389629;414.1490368;;66.01018524;1.2;80.00%;99.34%;0.05;148.2912445;3;141.5814667;0.03;0.02;61.36849594;0.771601994;98.00%;2.320280075;0.1;0.1;2.5;80.00%;0.9;0.85;3251.9302205;2390.2356564;5642.1658770;17.3988764;1000;0.2;800
57.29%;5.60%;20.35%;0.71%;0.36%;0.43%;0.19%;0.55%;0.04%;14.48%;242.5553864;54.0931406;34.0720325;5506.9574751;88.94%;623.6667100;342.8216795;42.2237242;53.0353270;0.1329959;13.2057964;50.1322834;37.2980750;635.5527249;627.6948737;428.5910178;474.2493722;;51.48685455;1.2;80.00%;100.00%;0.05;148.0373688;3;156.696106;0.03;0.02;52.75065613;0.812573174;98.00%;2.479045391;0.1;0.1;2.5;80.00%;0.9;0.85;21111.8620859;3759.9212573;24871.7833432;10.2303571;1000;0.2;800
54.50%;6.53%;17.88%;1.33%;0.67%;0.35%;0.28%;0.23%;0.09%;18.13%;230.7430365;61.2492920;39.4986374;5949.3724618;84.80%;565.6671682;316.5738971;38.1484403;61.8429795;0.0822667;15.3989019;58.4578234;41.4905053;666.5809127;653.2801737;401.1665427;493.2389561;;60.64414215;1.2;80.00%;97.99%;0.05;142.8530579;3;140.475235;0.03;0.02;60.89323807;0.774028574;98.00%;2.710660934;0.1;0.1;2.5;80.00%;0.9;0.85;19074.2201609;4384.3367518;23458.5569127;8.3460949;1000;0.2;800
52.00%;2.39%;21.82%;2.11%;1.23%;0.46%;0.26%;0.42%;0.15%;19.17%;220.1584935;63.7523074;15.1700098;4253.3046178;94.44%;601.0793943;318.9474656;35.3796459;22.6347199;0.1000560;5.6360453;21.3957424;7.3074285;426.4053255;517.1081078;518.5033597;391.2684846;;60.24744415;1.2;80.00%;99.92%;0.05;148.479248;3;143.317276;0.03;0.02;60.06977844;0.777821868;98.00%;2.053784609;0.1;0.1;2.5;80.00%;0.9;0.85;17689.8229355;1604.6806795;19294.5036150;21.7573222;1000;0.2;800
54.61%;3.47%;24.39%;1.27%;1.13%;0.83%;0.02%;0.06%;0.06%;14.15%;231.2087564;66.8220487;21.5565817;5630.9457592;91.24%;609.8544585;327.6226678;40.1871516;32.8629616;0.1178070;8.1828774;31.0641113;15.8560572;496.8124191;607.8626165;542.3923465;459.4368358;;60.20944977;1.2;80.00%;98.52%;0.05;142.0050659;3;148.7810059;0.03;0.02;61.3225975;0.771832054;98.00%;2.594254971;0.1;0.1;2.5;80.00%;0.9;0.85;20093.5758174;2329.8083505;22423.3841679;15.7377522;1000;0.2;800
55.57%;4.12%;19.94%;2.72%;0.87%;0.75%;0.17%;0.30%;0.14%;15.42%;235.2732209;80.7794940;25.4419872;6052.6997226;89.70%;610.0975430;330.3225181;38.3761068;39.0188477;0.0709135;9.7156931;36.8830371;22.5995838;537.5440017;599.0896564;492.8330577;452.9877060;;59.62282944;1.2;80.00%;98.09%;0.05;141.6286774;3;145.0212097;0.03;0.02;68.15618896;0.734985403;98.00%;2.611086845;0.1;0.1;2.5;80.00%;0.9;0.85;19188.0534162;2766.2277822;21954.2811983;13.4878641;1000;0.2;800
51.35%;4.32%;12.19%;1.84%;1.08%;0.27%;0.08%;0.09%;0.13%;28.65%;217.4065124;72.8639257;26.5098181;5051.5510814;88.07%;553.5608799;301.9397360;40.8568298;40.9129666;0.2417428;10.1873287;38.6734758;22.3545150;523.6027177;462.9356686;350.2119493;350.7097452;;69.84375;1.2;80.00%;97.47%;0.05;143.9570923;3;150.9897614;0.03;0.02;67.93367004;0.736180655;98.00%;2.366998196;0.1;0.1;2.5;80.00%;0.9;0.85;20428.4148860;2900.5106842;23328.9255702;11.8865741;1000;0.2;800
57.51%;3.89%;16.29%;2.06%;0.53%;0.47%;0.10%;0.31%;0.13%;18.72%;243.4868262;74.4761736;24.1072990;6725.4964924;91.32%;642.8573673;346.2665026;39.9276394;36.8406111;0.0479972;9.1733122;34.8240326;23.6694128;538.2683882;506.5160368;411.6610473;383.5937487;;60.71988297;1.2;80.00%;99.09%;0.05;143.5324402;3;149.27742;0.03;0.02;63.35143661;0.761332613;98.00%;2.887219191;0.1;0.1;2.5;80.00%;0.9;0.85;19963.8196782;2611.8024448;22575.6221231;14.7840617;1000;0.2;800
54.93%;2.58%;12.91%;1.35%;1.47%;0.58%;0.13%;0.41%;0.08%;25.56%;232.5635779;55.1794153;16.2884232;4801.3657346;93.00%;625.2614746;332.0725169;36.6591129;24.4341328;0.0394348;6.0840991;23.0966592;6.7506131;449.0476596;384.3101846;371.9289402;291.6086780;;57.30673981;1.2;80.00%;98.49%;0.05;141.7724915;3;142.471344;0.03;0.02;53.36684418;0.809735576;98.00%;2.320332527;0.1;0.1;2.5;80.00%;0.9;0.85;18329.5564626;1732.2494364;20061.8058990;21.2906977;1000;0.2;800
51.70%;1.68%;23.14%;1.10%;0.64%;0.68%;0.09%;0.27%;0.04%;20.66%;218.8883484;59.6520105;10.9654015;5437.4695697;94.34%;596.9905161;314.0966666;39.3086562;15.9105981;0.2306824;3.9617389;15.0396850;6.9334225;380.1330050;499.6011443;546.5533710;378.1948775;;70.66598511;1.2;80.00%;98.30%;0.05;145.0126343;3;154.9030304;0.03;0.02;57.95411301;0.788537558;98.00%;2.724894047;0.1;0.1;2.5;80.00%;0.9;0.85;19654.3281030;1127.9763772;20782.3044802;30.7738095;1000;0.2;800
57.07%;4.50%;20.82%;2.58%;0.95%;0.72%;0.19%;0.22%;0.11%;12.85%;241.6239466;79.2839938;27.7087263;5667.3668421;90.87%;634.7491949;344.4597364;38.9244827;42.6176735;0.0301167;10.6118007;40.2848706;24.6859532;572.5235301;612.3772731;480.0636565;463.0020148;;52.58957291;1.2;80.00%;99.92%;0.05;143.8368988;3;146.6620483;0.03;0.02;66.0632782;0.746691085;98.00%;2.375584602;0.1;0.1;2.5;80.00%;0.9;0.85;19462.2413309;3021.3652961;22483.6066270;12.6822222;1000;0.2;800
61.57%;1.82%;13.66%;0.89%;0.35%;0.57%;0.05%;0.33%;0.08%;20.67%;260.6761240;59.9305724;11.9643191;6674.4883473;95.75%;721.5909195;378.7732067;26.0934825;17.2364813;0.0000000;4.2918838;16.2929921;10.2578744;446.2853646;343.2155647;369.6962261;261.2056076;;70.34339905;1.2;80.00%;99.42%;0.05;148.3855896;3;151.7503357;0.03;0.02;51.15732956;0.819545550;98.00%;2.932644129;0.1;0.1;2.5;80.00%;0.9;0.85;13046.7412269;1221.9744086;14268.7156355;33.8296703;1000;0.2;800
50.94%;7.80%;16.19%;0.70%;1.03%;0.41%;0.19%;0.21%;0.08%;22.46%;215.6706473;60.5661910;46.9096652;4429.5071411;82.93%;517.0525893;296.4136909;44.2799933;73.8706340;0.3239650;18.3937879;69.8271091;47.7223188;722.5912762;663.6607169;338.3643900;501.0645782;;53.77422333;1.2;80.00%;100.00%;0.05;146.8269501;3;157.2520599;0.03;0.02;63.70241547;0.759218791;98.00%;2.068336964;0.1;0.1;2.5;80.00%;0.9;0.85;22139.9966690;5237.0331798;27377.0298488;6.5307692;1000;0.2;800
56.75%;5.59%;18.44%;1.79%;0.96%;0.51%;0.04%;0.22%;0.11%;15.59%;240.2691251;55.5129268;33.9890977;5220.6204954;86.70%;602.2658910;331.7756985;40.9865285;52.9406211;0.0686822;13.1822146;50.0427615;32.4263285;624.6960181;630.6441098;434.1675772;476.3238929;;73.37364197;1.2;80.00%;97.58%;0.05;146.6804352;3;145.3942719;0.03;0.02;54.98622894;0.802483684;98.00%;2.394197464;0.1;0.1;2.5;80.00%;0.9;0.85;20493.2642375;3753.2071122;24246.4713497;10.1520572;1000;0.2;800
