Kadar Al2O3;Reactive SiO2 (Kaolinite, Clay,Ect);Fe2O3 (Hematite — INERT in NaOH);TiO2 (Rutile/Anatase — INERT);CaO (Calcium Oxide — INERT);MgO (Magnesium Oxide — INERT);Na2O (Sodium Oxide — INERT);K2O (Potassium Oxide — INERT);Cr2O3 (Chromium Oxide — INERT);Others;Total;Feed flow rate (ton/hour);Net Make-up NaOH Required (Recycled Spent Liquor)   ;CaO Addition in process ;Water added into system from redmud washing into conditioning   ;Alumunium in bauxite bauxite feed ;Alumunium in Recycled Spent Liquor  ;Alumina Hydrate Seed
62.78%;3.88%;17.86%;1.46%;1.41%;0.61%;0.07%;0.42%;0.02%;11.50%;100.00%;150;5.819384487;2.48723333;85.2982121;39.86734975;9.041611297;951.3190155
51.17%;3.24%;16.94%;0.60%;0.64%;0.52%;0.12%;0.13%;0.07%;26.56%;100.00%;150;6.113409534;2.717523131;70.06627568;32.4956742;9.322439213;649.7739246
60.36%;6.64%;14.67%;2.56%;0.86%;0.46%;0.07%;0.21%;0.13%;14.03%;100.00%;150;6.57021009;6.115522219;92.10651759;38.33246;11.1019049;766.6656222
49.81%;7.13%;17.36%;1.07%;1.19%;0.91%;0.21%;0.46%;0.11%;21.75%;100.00%;150;6.502607647;6.244307684;100.7544652;31.63255517;8.023278347;582.6876242
49.23%;4.30%;15.52%;1.45%;0.35%;0.36%;0.17%;0.31%;0.10%;28.21%;100.00%;150;5.925275011;4.211121008;74.51562605;31.26270217;6.66912844;658.0624067
59.36%;2.76%;12.74%;0.88%;0.41%;0.35%;0.05%;0.27%;0.09%;23.10%;100.00%;150;6.187780458;2.484175732;55.26848989;37.69604045;14.11787519;817.2340096
54.33%;5.59%;19.28%;2.11%;1.23%;0.60%;0.24%;0.30%;0.04%;16.29%;100.00%;150;6.319624082;4.531412311;95.43618917;34.50115966;10.33933369;745.5890651
50.11%;6.73%;13.21%;0.99%;0.63%;0.55%;0.15%;0.33%;0.11%;27.20%;100.00%;150;6.075764757;6.4815285;86.77702942;31.82039827;7.940396961;749.7004167
53.15%;7.31%;18.22%;1.71%;0.41%;0.58%;0.18%;0.41%;0.10%;17.92%;100.00%;150;6.011083053;7.36730563;106.0340891;33.75351205;10.27542517;633.223506
56.78%;4.38%;21.38%;1.64%;1.47%;0.26%;0.21%;0.43%;0.05%;13.39%;100.00%;150;5.930964175;2.94159541;94.8844187;36.06113856;8.2583851;771.4432396
60.39%;6.47%;16.51%;0.89%;1.34%;0.59%;0.19%;0.11%;0.05%;13.47%;100.00%;150;5.275395936;5.354791918;92.33203724;38.35087183;11.53187415;793.9174337
61.96%;1.70%;19.96%;1.94%;0.32%;0.47%;0.27%;0.30%;0.11%;12.96%;100.00%;150;5.350421659;1.450638967;70.28014362;39.34953966;11.76767933;815.720341
62.09%;7.48%;12.93%;0.91%;0.32%;0.32%;0.06%;0.21%;0.03%;15.66%;100.00%;150;6.760332615;7.665030755;89.4223974;39.43424015;9.897064212;926.3214303
50.96%;7.37%;14.64%;2.93%;0.67%;0.35%;0.07%;0.59%;0.07%;22.36%;100.00%;150;6.673578993;7.121793777;101.5864267;32.36207864;9.272602032;661.5112202
51.33%;4.95%;12.91%;1.60%;0.62%;0.33%;0.20%;0.58%;0.07%;27.40%;100.00%;150;5.706165467;4.58710059;73.59784857;32.59880924;8.244978105;709.6749249
56.25%;3.37%;15.17%;0.29%;0.84%;0.74%;0.08%;0.21%;0.04%;23.02%;100.00%;150;5.732259885;2.624148311;64.85790456;35.72163632;10.42635986;762.854931
53.33%;7.22%;17.70%;2.70%;0.68%;0.92%;0.21%;0.35%;0.05%;16.84%;100.00%;150;6.270779432;6.95631054;107.3669974;33.8700055;9.246783489;674.5073286
51.36%;1.79%;19.75%;2.58%;0.33%;0.54%;0.13%;0.38%;0.06%;23.08%;100.00%;150;5.854592457;1.524417192;68.41079309;32.62026447;11.95744343;933.2647849
56.16%;2.88%;16.89%;0.31%;1.34%;0.53%;0.07%;0.34%;0.11%;21.38%;100.00%;150;6.106413586;1.498726012;64.88208465;35.66518194;8.029783683;661.6251267
58.31%;5.69%;15.61%;0.52%;0.46%;0.46%;0.02%;0.54%;0.13%;18.26%;100.00%;150;6.334925364;5.573088189;83.26181282;37.02994772;11.66750873;770.9785695
56.85%;7.02%;23.14%;0.66%;0.89%;0.35%;0.24%;0.16%;0.04%;10.65%;100.00%;150;6.56405888;6.492994969;112.2283963;36.10616882;11.41263762;724.1216978
62.45%;4.18%;21.91%;0.36%;1.38%;0.36%;0.02%;0.52%;0.11%;8.71%;100.00%;150;0.983554585;2.840840931;86.51681879;39.66189353;10.57488793;976.1145652
55.10%;5.06%;19.17%;1.51%;0.47%;0.36%;0.15%;0.41%;0.14%;17.64%;100.00%;150;5.811700752;4.881359084;92.69616841;34.99056087;9.132620011;850.7339816
56.95%;8.00%;18.78%;2.84%;0.76%;0.77%;0.17%;0.54%;0.08%;11.10%;100.00%;150;6.483857538;7.700527168;116.0275977;36.16773338;10.16776184;654.3792065
50.37%;2.18%;24.97%;1.66%;0.97%;0.91%;0.19%;0.07%;0.14%;18.53%;100.00%;150;5.401375096;1.179124928;83.73552245;31.98569595;9.159171567;817.8652214
62.64%;2.35%;22.75%;2.12%;1.49%;0.52%;0.10%;0.35%;0.09%;7.59%;100.00%;150;0.520399092;0.744205467;79.28493874;39.7814266;14.24963697;930.1732337
56.59%;2.97%;12.31%;0.30%;0.32%;0.46%;0.04%;0.06%;0.11%;26.85%;100.00%;150;5.797464627;2.809769295;54.35913321;35.9364688;8.146958336;772.9456393
53.45%;5.26%;22.34%;1.86%;0.97%;0.56%;0.13%;0.10%;0.03%;15.29%;100.00%;150;5.776327999;4.498635945;100.4299301;33.94682494;8.795985392;835.801864
50.29%;5.57%;17.46%;2.43%;0.99%;0.84%;0.19%;0.32%;0.13%;21.78%;100.00%;150;5.752465611;4.804446675;94.16037964;31.94077168;8.010024875;818.9928321
53.32%;4.12%;20.89%;1.85%;0.69%;0.63%;0.16%;0.26%;0.06%;18.01%;100.00%;150;5.977833029;3.60409034;87.78419704;33.86015608;8.580673724;732.2909939
62.29%;4.05%;23.19%;0.26%;0.40%;0.62%;0.17%;0.40%;0.06%;8.56%;100.00%;150;5.633650939;3.870609047;90.13317744;39.5578538;11.64398966;938.3302021
54.56%;4.33%;17.70%;1.67%;1.15%;0.75%;0.28%;0.60%;0.10%;18.86%;100.00%;150;5.570753903;3.286911973;88.64514227;34.65209581;8.222619135;657.7112839
62.79%;5.36%;12.97%;2.02%;0.37%;0.71%;0.23%;0.08%;0.13%;15.34%;100.00%;150;5.604036758;5.325027824;77.96484399;39.87423148;11.35670145;839.0702652
51.84%;1.57%;18.37%;2.39%;0.77%;0.86%;0.12%;0.34%;0.02%;23.71%;100.00%;150;5.480941831;0.762419987;64.44474555;32.92067942;10.73787801;783.9441351
60.08%;2.43%;15.51%;1.03%;0.57%;0.75%;0.22%;0.24%;0.01%;19.16%;100.00%;150;2.827072843;1.933609329;61.24521922;38.15755516;11.01764442;760.8567352
51.50%;7.70%;22.43%;0.72%;0.26%;0.66%;0.21%;0.22%;0.09%;16.22%;100.00%;150;5.983132762;7.973954838;114.4687844;32.70496118;7.122099881;608.1421833
62.71%;7.34%;22.44%;0.35%;1.10%;0.36%;0.05%;0.47%;0.07%;5.11%;100.00%;150;3.818289822;6.582641362;111.3644224;39.82306521;9.674496602;759.3447436
56.53%;6.78%;14.19%;0.25%;0.86%;0.92%;0.23%;0.12%;0.11%;20.02%;100.00%;150;6.365571673;6.257557911;90.36734823;35.89938016;7.991964388;699.2130978
59.07%;1.69%;13.33%;2.48%;0.37%;0.56%;0.13%;0.21%;0.09%;22.07%;100.00%;150;6.042321766;1.385094196;52.43878363;37.51386399;11.41895013;863.4837439
54.94%;3.73%;21.83%;1.48%;0.58%;0.30%;0.02%;0.31%;0.01%;16.80%;100.00%;150;5.917742676;3.314531485;90.79439058;34.8908932;7.818253515;839.7167288
56.64%;5.57%;22.89%;2.39%;0.77%;0.63%;0.19%;0.48%;0.08%;10.37%;100.00%;150;5.758796314;5.075961325;104.5815378;35.96795515;8.363286371;831.572927
53.68%;3.08%;23.80%;0.74%;0.59%;0.39%;0.27%;0.47%;0.02%;16.95%;100.00%;150;5.361997439;2.609632816;85.39109886;34.09191276;7.899286441;806.2739801
54.57%;5.11%;16.49%;0.58%;0.93%;0.57%;0.24%;0.32%;0.10%;21.09%;100.00%;150;5.840082289;4.385045987;81.78919281;34.65298536;8.323406484;741.3970398
60.04%;2.42%;14.40%;0.78%;0.81%;0.78%;0.18%;0.10%;0.10%;20.39%;100.00%;150;3.280653135;1.633670388;60.22162441;38.13190199;13.48617365;1002.812372
61.88%;5.21%;15.90%;0.26%;0.76%;0.30%;0.04%;0.49%;0.07%;15.08%;100.00%;150;3.908356533;4.694077279;83.37586404;39.29677598;8.648590724;780.9078864
52.56%;6.84%;20.63%;2.85%;0.69%;0.45%;0.06%;0.58%;0.03%;15.32%;100.00%;150;6.632849119;6.525792167;110.1855094;33.38076327;6.601502649;724.0317909
49.11%;5.89%;20.21%;2.50%;0.60%;0.43%;0.27%;0.18%;0.12%;20.69%;100.00%;150;5.786923468;5.624170558;103.4021359;31.18554017;7.709893811;591.3737768
53.43%;6.15%;18.33%;2.19%;0.44%;0.56%;0.24%;0.31%;0.02%;18.34%;100.00%;150;6.433179691;6.097857228;96.59071043;33.93203188;7.816358783;867.0717712
57.45%;6.23%;21.15%;2.09%;0.61%;0.47%;0.06%;0.41%;0.07%;11.46%;100.00%;150;6.17300864;5.978269687;108.7423167;36.48602265;7.531081259;868.0232772
50.40%;5.64%;20.52%;0.66%;1.15%;0.79%;0.11%;0.43%;0.05%;20.24%;100.00%;150;6.260202632;4.694948631;95.48884099;32.00770006;7.571217528;832.9977529
59.45%;3.46%;21.50%;0.51%;0.55%;0.60%;0.06%;0.44%;0.14%;13.30%;100.00%;150;6.079717665;3.062121902;81.15381349;37.75209737;11.33157154;904.5604643
62.19%;6.45%;13.02%;0.90%;0.40%;0.48%;0.08%;0.15%;0.02%;16.29%;100.00%;150;4.17423265;6.467389972;82.71832592;39.49591827;11.49765441;852.7765287
61.10%;6.67%;17.88%;0.42%;1.09%;0.88%;0.15%;0.42%;0.13%;11.24%;100.00%;150;5.979930739;5.86965484;97.03579568;38.80141666;10.76109381;773.6858239
53.40%;7.12%;23.30%;1.14%;0.55%;0.65%;0.12%;0.56%;0.06%;13.10%;100.00%;150;6.668894907;7.002453941;115.1635684;33.91029274;10.4350455;881.0754771
53.56%;6.67%;12.71%;0.82%;0.42%;0.68%;0.29%;0.25%;0.04%;24.56%;100.00%;150;6.41230092;6.675147076;86.30225686;34.01359433;9.039222465;824.1296439
62.89%;6.71%;23.59%;1.63%;1.16%;0.80%;0.13%;0.29%;0.09%;2.71%;100.00%;150;1.324377332;5.829893341;114.2032157;39.93718147;12.09893054;1004.140343
52.27%;5.90%;16.44%;1.09%;1.16%;0.89%;0.14%;0.24%;0.12%;21.75%;100.00%;150;6.288915505;4.956829779;90.93041371;33.19729602;6.902034351;651.091332
55.72%;3.13%;19.24%;0.85%;0.47%;0.53%;0.17%;0.08%;0.09%;19.72%;100.00%;150;5.778844849;2.806004724;75.42401033;35.3854046;9.310910695;736.8321508
55.64%;4.57%;14.03%;0.27%;1.41%;0.38%;0.02%;0.32%;0.05%;23.32%;100.00%;150;5.899750086;3.227281874;72.60377619;35.33394307;11.99320557;779.2642923
58.54%;5.97%;23.34%;0.66%;0.88%;0.79%;0.30%;0.41%;0.11%;9.00%;100.00%;150;6.296365375;5.362094186;104.7423813;37.17903663;11.70798898;972.9483048
49.16%;7.84%;12.71%;2.55%;1.01%;0.50%;0.16%;0.42%;0.10%;25.54%;100.00%;150;6.169905549;7.22351722;101.7691633;31.21722904;8.076703504;717.6892605
60.51%;5.56%;21.56%;1.03%;1.10%;0.44%;0.09%;0.28%;0.07%;9.37%;100.00%;150;6.290009441;4.659736678;105.9551175;38.4256964;7.903473804;837.9645627
55.09%;2.16%;14.95%;1.39%;0.69%;0.57%;0.30%;0.47%;0.10%;24.28%;100.00%;150;5.138107925;1.494445003;59.7598597;34.98844866;10.00497982;758.9756763
57.66%;2.13%;18.28%;1.08%;1.01%;0.47%;0.12%;0.59%;0.10%;18.56%;100.00%;150;3.835584502;1.077466421;64.88262348;36.61772934;8.879791914;918.0172899
59.64%;4.75%;20.69%;2.82%;1.50%;0.69%;0.25%;0.49%;0.09%;9.08%;100.00%;150;6.180837076;3.310340932;94.55532822;37.87543091;9.492427631;873.2222496
58.86%;4.05%;20.93%;0.72%;0.63%;0.30%;0.14%;0.49%;0.01%;13.88%;100.00%;150;6.298744732;3.594840545;85.86323123;37.383115;7.924652617;711.8028499
55.56%;4.14%;19.82%;2.79%;0.78%;0.91%;0.25%;0.38%;0.08%;15.29%;100.00%;150;5.628828138;3.526213461;89.85527338;35.28234906;12.25736337;859.4346136
53.20%;1.75%;14.62%;0.30%;0.68%;0.91%;0.11%;0.46%;0.12%;27.85%;100.00%;150;5.489049533;1.069165785;59.60875502;33.78605072;11.7410141;717.2310952
60.34%;6.45%;13.94%;0.80%;0.99%;0.39%;0.20%;0.26%;0.03%;16.60%;100.00%;150;6.179302391;5.743630058;88.83433658;38.32025989;10.70026936;1010.72237
50.87%;1.74%;17.98%;0.88%;0.85%;0.90%;0.30%;0.59%;0.09%;25.81%;100.00%;150;5.536357526;0.843656287;61.79842982;32.30541228;9.562155782;678.1566527
53.87%;5.15%;15.30%;0.57%;1.36%;0.86%;0.15%;0.50%;0.14%;22.09%;100.00%;150;6.095231632;3.902887755;82.02108832;34.21429618;7.214490498;781.1702895
57.60%;3.75%;12.28%;2.50%;1.06%;0.55%;0.12%;0.06%;0.09%;21.99%;100.00%;150;5.97351163;2.771805229;66.11842281;36.58085268;8.842616725;664.500536
59.59%;4.58%;23.09%;0.40%;1.02%;0.84%;0.28%;0.16%;0.07%;9.96%;100.00%;150;6.101590145;3.711324942;96.21046853;37.843778;8.623255179;821.4837783
52.56%;5.53%;16.79%;0.32%;0.30%;0.92%;0.11%;0.13%;0.14%;23.21%;100.00%;150;6.178522671;5.596738309;85.30448282;33.38166797;11.40237893;730.6814539
61.12%;6.01%;15.88%;0.66%;1.25%;0.71%;0.07%;0.06%;0.10%;14.14%;100.00%;150;6.586280426;4.973716535;85.94388958;38.81288242;10.98800544;848.4409342
53.76%;2.71%;24.39%;0.74%;1.00%;0.89%;0.07%;0.06%;0.11%;16.27%;100.00%;150;6.271908643;1.709099835;82.90838011;34.1445061;12.33775297;753.0966496
62.44%;1.86%;12.37%;0.98%;0.60%;0.60%;0.20%;0.37%;0.14%;20.43%;100.00%;150;5.886365509;1.291781455;55.23020518;39.65422067;8.664200594;845.2386756
60.96%;3.34%;18.40%;2.49%;1.10%;0.59%;0.28%;0.31%;0.04%;12.49%;100.00%;150;2.690444015;2.269340988;79.34246388;38.71471373;14.18193912;1014.193577
53.57%;4.02%;18.38%;0.95%;1.43%;0.50%;0.08%;0.13%;0.04%;20.90%;100.00%;150;6.194460702;2.613961812;77.61826473;34.01807994;8.766396974;741.6196684
58.06%;5.06%;18.76%;0.31%;1.43%;0.82%;0.11%;0.43%;0.13%;14.90%;100.00%;150;6.138585021;3.732091441;86.87298516;36.87446161;12.82504467;875.5313244
49.66%;2.33%;16.08%;1.39%;0.66%;0.50%;0.17%;0.59%;0.14%;28.48%;100.00%;150;5.821460217;1.710836216;62.56714959;31.53946451;8.213026746;637.4354892
61.04%;6.33%;14.30%;0.43%;0.91%;0.71%;0.22%;0.36%;0.15%;15.55%;100.00%;150;6.209879231;5.720802693;89.34490138;38.76668628;8.688108968;763.0920499
49.73%;2.65%;21.45%;0.91%;0.73%;0.46%;0.04%;0.59%;0.13%;23.30%;100.00%;150;6.077598873;1.967833734;83.00371303;31.58183368;6.749678349;597.2829824
57.34%;6.38%;15.42%;0.87%;0.90%;0.26%;0.18%;0.17%;0.02%;18.45%;100.00%;150;6.028900103;5.785634167;87.49017097;36.41368504;11.95260444;832.6665705
54.75%;1.58%;15.08%;1.38%;0.92%;0.69%;0.15%;0.25%;0.13%;25.08%;100.00%;150;5.429183468;0.598871822;53.75743805;34.76762022;10.99733716;716.1180236
60.76%;6.69%;18.93%;2.83%;0.97%;0.28%;0.21%;0.59%;0.02%;8.72%;100.00%;150;6.077159919;6.035161765;105.0956352;38.58653497;11.1230069;920.0825409
61.33%;1.81%;19.07%;0.26%;1.45%;0.59%;0.09%;0.39%;0.13%;14.88%;100.00%;150;4.338499615;0.205555814;73.43685079;38.94950246;11.63523614;886.6937657
57.90%;7.64%;15.11%;0.59%;1.32%;0.56%;0.14%;0.28%;0.05%;16.40%;100.00%;150;6.466781896;6.646619042;96.99070614;36.76921057;9.465325273;770.8248123
58.90%;3.04%;21.32%;0.25%;0.46%;0.29%;0.27%;0.50%;0.02%;14.95%;100.00%;150;5.84299966;2.729041471;76.32736388;37.40440746;11.40231536;701.7645679
56.03%;6.84%;24.17%;2.48%;0.51%;0.86%;0.12%;0.46%;0.15%;8.39%;100.00%;150;6.192074096;6.749960837;127.8260804;35.58249146;7.09936987;708.5858384
58.31%;7.62%;20.03%;0.28%;1.20%;0.37%;0.20%;0.05%;0.12%;11.83%;100.00%;150;6.069312682;6.766299702;106.098634;37.03231355;11.79665942;990.7522019
50.52%;5.43%;18.76%;3.00%;0.97%;0.74%;0.25%;0.26%;0.13%;19.94%;100.00%;150;5.678615646;4.681039224;97.67073302;32.08460277;6.972465287;726.3995122
54.05%;1.71%;19.35%;0.95%;0.89%;0.40%;0.12%;0.05%;0.01%;22.48%;100.00%;150;5.62533963;0.779044336;63.13596089;34.32272689;9.551563961;870.515333
51.74%;3.22%;18.88%;2.33%;1.12%;0.88%;0.07%;0.52%;0.04%;21.19%;100.00%;150;6.246463016;2.118022215;78.04431208;32.85860005;12.08571602;861.9918344
59.83%;3.15%;15.47%;2.47%;1.05%;0.40%;0.28%;0.26%;0.08%;17.02%;100.00%;150;5.734175427;2.129380864;68.03271714;37.99898021;11.54547795;889.0252375
59.46%;1.73%;21.00%;1.87%;1.48%;0.56%;0.07%;0.52%;0.14%;13.16%;100.00%;150;5.854587549;0.086924782;72.20016731;37.7585135;10.37879853;769.8822479
49.83%;6.90%;24.77%;0.44%;0.72%;0.38%;0.07%;0.41%;0.01%;16.46%;100.00%;150;6.535138703;6.56464004;113.1895172;31.64818479;6.94437154;681.208777
54.75%;2.54%;21.37%;0.38%;1.16%;0.67%;0.09%;0.43%;0.02%;18.58%;100.00%;150;5.968233459;1.345672494;73.78347821;34.7691987;8.838664752;675.1371838
57.28%;3.65%;24.35%;1.67%;1.17%;0.76%;0.09%;0.50%;0.03%;10.50%;100.00%;150;5.988673601;2.524222301;93.55951147;36.37510498;11.0530726;668.5311302
51.42%;7.15%;16.67%;1.86%;0.88%;0.85%;0.15%;0.49%;0.04%;20.49%;100.00%;150;6.073244259;6.641987612;102.4971235;32.65306812;7.68630067;623.3121796
52.63%;6.50%;12.76%;2.09%;0.98%;0.27%;0.24%;0.09%;0.10%;24.33%;100.00%;150;6.290583672;5.815554485;84.7270394;33.42254193;9.544900431;792.2968381
52.88%;5.51%;20.87%;2.09%;1.31%;0.79%;0.18%;0.41%;0.13%;15.81%;100.00%;150;5.964418477;4.354517944;99.43504187;33.58240389;9.441195614;878.7874332
49.24%;7.82%;21.97%;1.19%;1.42%;0.68%;0.22%;0.47%;0.15%;16.85%;100.00%;150;6.148554208;6.715680679;116.7937595;31.27071193;10.17208344;798.5887613
54.59%;5.18%;20.31%;0.62%;0.50%;0.45%;0.09%;0.54%;0.03%;17.69%;100.00%;150;6.379753236;4.979527271;90.76738471;34.66752102;8.819073673;634.4975308
58.51%;2.71%;15.60%;0.55%;0.85%;0.39%;0.06%;0.41%;0.05%;20.87%;100.00%;150;5.111178523;1.899574019;63.16904386;37.15822112;10.34112829;826.0760539
49.93%;3.59%;23.10%;2.45%;0.28%;0.33%;0.22%;0.38%;0.09%;19.64%;100.00%;150;5.534437517;3.533799578;92.20286049;31.7076485;8.05436642;830.3880658
62.54%;7.56%;24.43%;0.43%;0.74%;0.84%;0.21%;0.29%;0.13%;2.83%;100.00%;150;5.970534982;7.246981102;121.659323;39.71679213;9.498840518;986.2206182
53.62%;7.45%;20.68%;1.15%;0.60%;0.63%;0.14%;0.59%;0.09%;15.04%;100.00%;150;6.04726579;7.298394697;110.3854063;34.05561147;8.103272976;738.5797553
60.28%;2.31%;12.11%;2.38%;0.75%;0.38%;0.16%;0.26%;0.07%;21.30%;100.00%;150;5.832713085;1.57961067;60.17186947;38.28382233;12.93161805;719.2173133
58.65%;1.75%;17.72%;1.15%;0.34%;0.61%;0.08%;0.20%;0.07%;19.42%;100.00%;150;5.995662554;1.473907626;60.23320589;37.25016672;10.50817379;837.9219889
61.21%;4.22%;17.18%;1.74%;0.30%;0.38%;0.14%;0.28%;0.09%;14.46%;100.00%;150;3.113683031;4.177941739;78.31280125;38.87367099;13.26868311;1076.739547
52.65%;4.96%;13.21%;2.23%;0.99%;0.69%;0.19%;0.42%;0.06%;24.60%;100.00%;150;5.879866665;4.148318335;77.51858722;33.43515464;8.523735972;808.6257201
54.47%;6.89%;12.24%;2.65%;0.53%;0.82%;0.19%;0.21%;0.07%;21.93%;100.00%;150;6.373146324;6.770767363;95.45841014;34.58961141;6.730020952;584.4973955
51.79%;2.23%;23.84%;1.20%;0.56%;0.83%;0.08%;0.56%;0.03%;18.90%;100.00%;150;5.790101529;1.728156915;84.03999098;32.89244466;9.108263418;808.0398301
51.51%;5.32%;13.50%;0.84%;0.32%;0.61%;0.23%;0.10%;0.05%;27.52%;100.00%;150;5.614400512;5.337328892;75.35255956;32.71366364;7.621126302;835.1042096
54.25%;3.86%;19.56%;2.49%;0.41%;0.30%;0.22%;0.45%;0.09%;18.36%;100.00%;150;5.942659695;3.653998311;83.30116511;34.4515113;8.327624845;651.8175175
62.30%;3.12%;24.47%;2.84%;1.30%;0.27%;0.15%;0.60%;0.02%;4.93%;100.00%;150;6.172533597;1.797403153;93.29892025;39.56406174;13.10420594;1056.520662
53.04%;7.76%;18.52%;2.00%;1.08%;0.40%;0.24%;0.46%;0.10%;16.39%;100.00%;150;6.384759382;7.060431791;109.2925784;33.68583417;9.286235735;906.4436003
60.91%;1.86%;21.98%;1.89%;0.76%;0.61%;0.06%;0.16%;0.08%;11.71%;100.00%;150;3.741912547;1.089342533;76.31516343;38.6845106;11.49554635;761.7638084
52.49%;2.66%;16.09%;1.81%;0.90%;0.56%;0.14%;0.39%;0.06%;24.90%;100.00%;150;6.102723808;1.78159196;64.97383215;33.3320726;10.70198613;825.1295434
52.74%;4.99%;23.38%;1.22%;1.05%;0.28%;0.20%;0.16%;0.09%;15.87%;100.00%;150;5.857273226;4.112517241;100.4016942;33.49325185;10.69030982;818.1216261
60.07%;5.34%;21.29%;0.82%;1.29%;0.66%;0.17%;0.26%;0.09%;10.01%;100.00%;150;6.055140086;4.206961495;100.3330397;38.14993908;12.63707512;933.5072949
61.11%;4.01%;14.05%;2.38%;0.63%;0.26%;0.20%;0.21%;0.14%;17.00%;100.00%;150;2.999316303;3.557710467;71.20981529;38.80882833;12.03626739;982.014908
53.89%;2.04%;18.36%;2.68%;0.93%;0.90%;0.21%;0.08%;0.03%;20.89%;100.00%;150;5.50172952;1.081648596;76.73948036;34.22280181;8.49787631;622.1940271
61.46%;5.06%;21.13%;2.43%;0.31%;0.35%;0.28%;0.17%;0.11%;8.69%;100.00%;150;5.630310859;5.08307511;97.01371282;39.03451334;10.48609808;712.2876892
51.52%;1.98%;22.62%;2.31%;0.44%;0.43%;0.04%;0.29%;0.09%;20.27%;100.00%;150;5.650685626;1.600414338;78.69980627;32.71815304;10.3317367;646.002327
59.01%;5.39%;21.48%;2.81%;1.17%;0.62%;0.05%;0.18%;0.08%;9.21%;100.00%;150;5.00905124;4.401594166;100.0290411;37.47568518;11.33989538;968.7765955
56.45%;1.52%;22.62%;0.62%;1.00%;0.85%;0.06%;0.26%;0.05%;16.57%;100.00%;150;5.670293871;0.441464594;72.80300239;35.8516926;12.01218464;766.6706242
57.87%;3.71%;21.95%;2.43%;1.48%;0.28%;0.20%;0.25%;0.13%;11.71%;100.00%;150;6.053526553;2.218812837;89.54018106;36.75177536;13.23846399;962.4271736
49.99%;1.94%;16.43%;0.71%;0.79%;0.48%;0.20%;0.58%;0.01%;28.87%;100.00%;150;5.331663833;1.136383222;60.14859735;31.74720328;7.795930632;570.6270922
61.75%;5.83%;12.85%;2.47%;1.44%;0.82%;0.25%;0.47%;0.09%;14.04%;100.00%;150;6.198631252;4.549103238;89.20036938;39.21307103;9.777225917;759.6736744
56.65%;2.79%;12.33%;1.98%;0.56%;0.29%;0.26%;0.17%;0.08%;24.90%;100.00%;150;5.673228346;2.332728307;56.23868971;35.97427665;9.259455733;858.5030098
50.07%;5.87%;15.66%;0.80%;0.75%;0.51%;0.11%;0.37%;0.11%;25.75%;100.00%;150;6.465102415;5.424592179;85.43191352;31.79817461;6.93363414;760.017409
59.06%;3.48%;19.61%;0.43%;0.68%;0.44%;0.11%;0.57%;0.06%;15.56%;100.00%;150;5.923900964;2.925740723;77.41648055;37.50759928;8.918351528;945.3078563
55.67%;1.59%;17.06%;0.89%;1.46%;0.51%;0.28%;0.55%;0.08%;21.92%;100.00%;150;5.732146231;-0.045639345;57.9615599;35.35138208;8.055918159;698.1539226
56.40%;6.39%;16.68%;0.64%;1.09%;0.51%;0.15%;0.52%;0.07%;17.55%;100.00%;150;6.421024374;5.563875148;92.41911718;35.81915771;8.641531043;793.651033
49.90%;4.83%;23.14%;2.16%;1.19%;0.45%;0.06%;0.56%;0.11%;17.61%;100.00%;150;6.497941352;3.762175943;100.4701626;31.68853638;10.16359244;656.2745392
56.27%;2.14%;13.47%;0.94%;1.47%;0.47%;0.26%;0.52%;0.12%;24.33%;100.00%;150;5.15648083;0.542284009;53.87803713;35.73811764;8.603606031;791.246865
55.34%;1.62%;12.87%;1.95%;0.34%;0.80%;0.28%;0.34%;0.03%;26.43%;100.00%;150;4.770168888;1.335727376;51.35084021;35.14195883;9.722376911;836.2404252
56.12%;2.01%;13.02%;1.32%;0.52%;0.51%;0.04%;0.47%;0.01%;25.97%;100.00%;150;6.221041589;1.537152813;51.89270344;35.64246241;13.40010975;754.0886218
51.90%;4.91%;24.87%;1.02%;0.92%;0.81%;0.14%;0.57%;0.09%;14.77%;100.00%;150;5.813325156;4.183742461;103.8183415;32.96282904;8.083232619;727.3640657
56.14%;6.95%;15.32%;0.90%;0.60%;0.33%;0.27%;0.11%;0.08%;19.29%;100.00%;150;6.041657054;6.760959467;91.6858614;35.65537416;7.466929072;779.7257453
54.54%;4.85%;13.35%;1.46%;0.64%;0.57%;0.10%;0.50%;0.08%;23.92%;100.00%;150;6.364320317;4.442287876;73.9273407;34.63854812;10.55587668;769.6449459
61.68%;4.23%;24.43%;1.76%;1.32%;0.67%;0.13%;0.15%;0.04%;5.58%;100.00%;150;3.538243647;2.972715449;96.78847658;39.17339323;10.23234215;843.2701934
54.36%;5.28%;19.38%;2.45%;1.16%;0.59%;0.05%;0.23%;0.12%;16.38%;100.00%;150;6.55733544;4.293660967;93.91827374;34.52269439;7.312244533;637.5110919
61.15%;4.71%;19.88%;2.28%;1.03%;0.29%;0.20%;0.35%;0.08%;10.03%;100.00%;150;4.276005034;3.833768533;98.38779167;38.83526506;11.95834343;687.4689323
61.29%;3.35%;20.38%;2.35%;0.25%;0.88%;0.26%;0.49%;0.15%;10.60%;100.00%;150;0.978402908;3.301495067;82.60255483;38.92482969;13.2798005;834.8845953
49.42%;3.75%;22.19%;2.31%;1.12%;0.44%;0.15%;0.32%;0.06%;20.24%;100.00%;150;5.919090226;2.693949792;94.05574491;31.38664326;7.999718894;620.6012159
52.26%;3.17%;16.81%;1.38%;0.68%;0.80%;0.08%;0.23%;0.03%;24.57%;100.00%;150;5.829073972;2.59613652;74.39781132;33.18595518;10.71519964;612.8836606
54.75%;2.22%;18.84%;0.72%;0.56%;0.86%;0.12%;0.59%;0.12%;21.22%;100.00%;150;5.506537775;1.709151706;68.41213259;34.76746502;10.24883654;830.6097393
62.81%;5.19%;18.20%;2.25%;0.52%;0.55%;0.11%;0.51%;0.01%;9.85%;100.00%;150;3.213166651;4.952684773;90.10315317;39.88688583;14.33391615;837.4264958
57.15%;3.15%;23.28%;1.83%;0.87%;0.63%;0.03%;0.48%;0.09%;12.49%;100.00%;150;6.309390544;2.351569331;86.43193761;36.29403841;8.412684379;717.9230981
58.30%;3.63%;19.35%;0.54%;1.39%;0.70%;0.18%;0.20%;0.03%;15.70%;100.00%;150;3.764952781;2.238144778;77.69827036;37.0231152;10.48016501;974.8194077
50.35%;3.53%;20.36%;0.67%;1.25%;0.43%;0.25%;0.45%;0.02%;22.70%;100.00%;150;5.818158146;2.298474084;79.65728891;31.97397658;8.586787219;735.6212747
60.53%;5.09%;18.86%;0.40%;0.63%;0.57%;0.25%;0.11%;0.09%;13.47%;100.00%;150;4.288979619;4.718271407;88.73838881;38.44073172;8.419685845;904.6353605
51.14%;7.16%;18.88%;1.78%;0.44%;0.44%;0.10%;0.26%;0.07%;19.72%;100.00%;150;6.405025783;7.180679538;104.3267945;32.47986667;6.585929438;820.2353753
53.91%;3.27%;14.80%;0.81%;1.45%;0.88%;0.28%;0.08%;0.08%;24.43%;100.00%;150;5.554505853;1.771207379;63.9838582;34.23881753;10.07102866;690.3925654
56.34%;6.71%;16.52%;0.29%;1.25%;0.28%;0.22%;0.57%;0.03%;17.79%;100.00%;150;6.150620412;5.728380433;96.15989591;35.78159591;11.92622548;926.6160928
49.12%;7.25%;16.74%;1.72%;0.73%;0.39%;0.10%;0.10%;0.09%;23.74%;100.00%;150;6.473081727;6.937262448;99.14700741;31.1958003;7.818001635;805.3929295
59.15%;6.37%;19.88%;2.13%;0.50%;0.49%;0.29%;0.22%;0.08%;10.90%;100.00%;150;4.608172895;6.262553244;101.7514538;37.56552614;7.84724641;838.2030739
52.25%;6.54%;21.99%;2.61%;0.95%;0.90%;0.27%;0.42%;0.13%;13.94%;100.00%;150;5.731226843;5.889616558;119.1637092;33.18141657;7.513918954;564.5499316
55.09%;7.10%;15.88%;1.01%;0.46%;0.90%;0.11%;0.25%;0.09%;19.13%;100.00%;150;6.195084365;7.088440115;96.55524601;34.98538254;9.57764533;814.8122927
51.46%;2.56%;21.06%;1.76%;1.27%;0.92%;0.07%;0.14%;0.10%;20.66%;100.00%;150;5.982009567;1.231743959;77.89698892;32.68247633;7.123396134;596.1001913
51.39%;6.53%;24.36%;2.72%;0.64%;0.40%;0.06%;0.46%;0.08%;13.36%;100.00%;150;6.235770286;6.253434958;118.832935;32.63590545;8.111925905;689.0545254
49.17%;2.94%;19.38%;1.73%;1.22%;0.27%;0.02%;0.42%;0.01%;24.82%;100.00%;150;6.006721043;1.696920678;74.38490367;31.2244098;10.84486191;687.7653204
51.91%;7.01%;23.94%;0.72%;1.15%;0.33%;0.30%;0.37%;0.13%;14.15%;100.00%;150;6.370703298;6.174081858;116.8209634;32.96722759;6.544014774;563.6757485
55.65%;4.32%;23.35%;1.75%;1.19%;0.86%;0.24%;0.59%;0.03%;12.02%;100.00%;150;5.720048139;3.230974768;96.2258379;35.3425282;12.83159231;731.480453
59.54%;5.75%;24.13%;1.87%;1.28%;0.55%;0.23%;0.40%;0.04%;6.21%;100.00%;150;5.822475914;4.651026399;114.8362899;37.81300707;11.9398687;777.8238031
58.25%;2.81%;16.48%;1.78%;0.50%;0.84%;0.20%;0.45%;0.08%;18.60%;100.00%;150;5.823485093;2.430018402;69.04612881;36.99399847;8.053196939;780.6749214
54.10%;6.05%;23.66%;0.61%;1.06%;0.51%;0.15%;0.43%;0.05%;13.37%;100.00%;150;5.891266278;5.243658989;107.0086226;34.35931208;7.202188341;785.975191
50.00%;6.08%;16.97%;1.78%;0.99%;0.41%;0.22%;0.05%;0.04%;23.45%;100.00%;150;5.921588211;5.352002442;91.58566821;31.75664957;8.019612443;678.0370464
57.76%;4.28%;24.16%;0.55%;0.47%;0.35%;0.27%;0.11%;0.13%;11.92%;100.00%;150;5.893059874;4.037421267;94.44260208;36.68231081;10.0271341;682.026248
61.80%;1.56%;21.38%;1.72%;0.78%;0.38%;0.08%;0.06%;0.04%;12.20%;100.00%;150;1.003456317;0.735064518;69.37318844;39.2505117;9.945873056;945.20755
49.93%;4.31%;20.95%;1.06%;0.31%;0.26%;0.19%;0.45%;0.05%;22.50%;100.00%;150;5.976947481;4.266094352;92.40190681;31.70759361;9.304719061;774.2371362
58.06%;4.29%;16.63%;2.15%;0.90%;0.89%;0.16%;0.09%;0.13%;16.68%;100.00%;150;6.295648481;3.533177762;81.10055335;36.871986;10.81140108;871.5272864
53.67%;7.75%;23.18%;0.96%;0.84%;0.60%;0.14%;0.58%;0.06%;12.23%;100.00%;150;6.346794436;7.32675017;117.8552059;34.08438374;9.335675022;718.6569704
59.85%;2.39%;21.26%;2.84%;0.97%;0.33%;0.24%;0.52%;0.11%;11.50%;100.00%;150;1.776730213;1.400984416;77.80756655;38.00697483;8.622959485;722.3257957
57.62%;5.65%;12.17%;2.99%;0.76%;0.27%;0.23%;0.14%;0.14%;20.04%;100.00%;150;6.38093091;5.168525235;79.63325101;36.5903652;12.62696374;975.9226706
61.57%;1.62%;12.85%;2.00%;1.47%;0.42%;0.07%;0.51%;0.10%;19.39%;100.00%;150;5.720384999;-0.018200356;50.78912135;39.10157042;12.04368738;739.1911171
53.36%;4.43%;20.06%;2.41%;1.45%;0.50%;0.17%;0.18%;0.04%;17.41%;100.00%;150;5.968061015;3.031666147;88.23181146;33.8873423;8.160017201;776.860405
49.12%;6.60%;14.85%;1.79%;1.24%;0.76%;0.16%;0.11%;0.13%;25.22%;100.00%;150;6.056840401;5.61653931;91.41123074;31.19257898;7.741071473;639.1181913
62.37%;7.92%;16.63%;1.03%;0.36%;0.82%;0.08%;0.30%;0.05%;10.43%;100.00%;150;6.820810562;8.093368597;103.9484818;39.60867939;8.325623496;765.8505088
49.51%;3.67%;17.48%;0.68%;0.44%;0.26%;0.18%;0.20%;0.02%;27.56%;100.00%;150;5.509674918;3.42647022;72.11865173;31.44285538;9.588426119;688.7699207
54.39%;7.48%;20.43%;2.73%;0.89%;0.60%;0.06%;0.41%;0.10%;12.92%;100.00%;150;6.358326369;6.982728694;113.2082008;34.54133334;8.865704679;633.3566284
58.07%;3.81%;19.00%;0.28%;1.15%;0.69%;0.11%;0.46%;0.07%;16.36%;100.00%;150;6.166365006;2.727391469;77.22746169;36.88022666;9.766987589;857.6779773
51.35%;6.26%;18.11%;1.35%;1.33%;0.69%;0.29%;0.32%;0.05%;20.25%;100.00%;150;6.160376393;5.145965992;99.00966145;32.61388241;8.093376622;832.1117888
53.07%;2.76%;18.19%;1.89%;0.91%;0.46%;0.27%;0.16%;0.05%;22.25%;100.00%;150;5.720950979;1.87887021;70.07774929;33.70527183;12.22700411;894.7623999
52.79%;6.16%;17.08%;2.35%;0.43%;0.54%;0.14%;0.13%;0.08%;20.29%;100.00%;150;5.957003736;6.11372989;93.75003808;33.52405306;7.105612998;840.5856557
55.89%;7.70%;23.10%;0.91%;0.27%;0.47%;0.06%;0.21%;0.03%;11.37%;100.00%;150;6.648790453;7.960198381;115.9016642;35.49491791;8.913656371;927.9855872
62.71%;2.79%;23.33%;1.07%;0.72%;0.92%;0.23%;0.12%;0.12%;7.99%;100.00%;150;-0.229670717;2.137518341;82.15062769;39.82617674;12.37255341;884.466215
54.67%;7.12%;24.00%;1.28%;0.67%;0.89%;0.09%;0.44%;0.07%;10.78%;100.00%;150;6.398155911;6.862563246;118.2861808;34.7186078;10.03023242;836.1429729
50.05%;1.66%;22.54%;2.97%;0.91%;0.66%;0.13%;0.25%;0.04%;20.79%;100.00%;150;5.830326717;0.68578857;76.97692549;31.78625083;11.84875578;630.9655798
57.47%;7.26%;21.64%;0.29%;1.34%;0.72%;0.20%;0.24%;0.13%;10.71%;100.00%;150;6.030152584;6.207938893;110.2589078;36.49638309;7.838016377;700.0376928
52.55%;3.40%;16.46%;0.59%;1.11%;0.41%;0.02%;0.41%;0.07%;24.99%;100.00%;150;6.03193708;2.337441011;68.06751238;33.36997509;7.886730678;753.4255614
50.93%;5.21%;19.73%;1.60%;0.34%;0.88%;0.07%;0.49%;0.02%;20.74%;100.00%;150;5.927530075;5.188901701;97.42136474;32.34259934;6.922998851;622.6851272
60.15%;3.75%;23.51%;0.63%;0.83%;0.36%;0.07%;0.13%;0.13%;10.45%;100.00%;150;6.401070893;3.039705402;86.11593263;38.19723674;11.61993777;793.7348005
60.42%;2.58%;20.68%;1.46%;0.85%;0.73%;0.19%;0.10%;0.06%;12.93%;100.00%;150;5.630659955;1.75400737;77.7116619;38.36950322;11.25053614;981.228488
55.93%;7.99%;17.63%;2.26%;1.14%;0.30%;0.09%;0.23%;0.15%;14.28%;100.00%;150;6.410712944;7.23042904;108.6748447;35.52056729;11.87606916;729.6915036
59.70%;7.90%;24.56%;0.32%;0.27%;0.89%;0.04%;0.45%;0.12%;5.73%;100.00%;150;5.198772804;8.176410708;121.336896;37.91241734;10.40060223;702.7496784
60.51%;1.63%;13.41%;0.88%;0.74%;0.42%;0.26%;0.06%;0.05%;22.04%;100.00%;150;5.743195676;0.867158559;46.97633253;38.42632098;13.13228368;746.5033774
52.07%;1.54%;18.37%;1.47%;0.95%;0.73%;0.12%;0.50%;0.07%;24.17%;100.00%;150;5.457921992;0.524568783;62.11055673;33.06982133;11.18725493;638.4556671
53.91%;7.20%;24.42%;0.76%;1.24%;0.27%;0.10%;0.51%;0.13%;11.45%;100.00%;150;6.598938122;6.268812208;115.5845134;34.23948375;11.00950596;729.2604811
57.05%;6.30%;20.48%;2.00%;1.12%;0.86%;0.23%;0.40%;0.13%;11.43%;100.00%;150;6.410919853;5.43140414;103.5264579;36.22912004;8.235888994;928.3563721
55.04%;6.11%;24.86%;0.91%;1.38%;0.66%;0.18%;0.46%;0.11%;10.28%;100.00%;150;6.343737497;4.930087749;109.765252;34.9523972;10.39315632;962.9872016
58.48%;3.62%;24.41%;1.03%;1.28%;0.28%;0.18%;0.24%;0.01%;10.46%;100.00%;150;5.870883618;2.350334076;91.0667639;37.14209183;9.266126713;807.8247769
50.51%;5.21%;18.37%;0.92%;0.41%;0.90%;0.06%;0.53%;0.07%;23.02%;100.00%;150;6.035249278;5.106069516;89.16123104;32.07507889;6.800846231;755.3885818
54.26%;7.42%;23.80%;0.39%;0.76%;0.52%;0.27%;0.58%;0.06%;11.94%;100.00%;150;6.185061108;7.072078782;117.7798105;34.46021377;8.149501037;683.9353319
53.11%;7.39%;19.19%;1.89%;0.51%;0.31%;0.14%;0.46%;0.07%;16.93%;100.00%;150;6.751704849;7.341310185;106.9968662;33.72741221;10.74942676;691.6891111
53.42%;3.08%;14.61%;0.38%;0.92%;0.54%;0.12%;0.38%;0.14%;26.41%;100.00%;150;5.568235188;2.214205096;65.43326174;33.92868186;11.01881345;928.8559323
51.69%;3.42%;23.47%;2.64%;0.68%;0.61%;0.09%;0.35%;0.01%;17.04%;100.00%;150;5.597299468;2.85860456;95.83324392;32.8260046;9.493017931;844.8131328
62.85%;4.99%;13.67%;1.86%;1.15%;0.42%;0.16%;0.59%;0.15%;14.17%;100.00%;150;6.394951279;3.999710011;76.61102321;39.91214153;9.873614792;726.8026158
62.56%;4.29%;22.92%;2.09%;1.10%;0.31%;0.22%;0.44%;0.12%;5.95%;100.00%;150;2.723913254;3.293324914;94.91228456;39.73085463;10.61395291;998.5041535
49.38%;5.29%;15.34%;0.65%;1.42%;0.67%;0.03%;0.10%;0.01%;27.09%;100.00%;150;6.158924015;3.989499213;82.06000549;31.36117936;7.732525467;704.3616563
58.41%;3.76%;21.65%;2.26%;1.41%;0.77%;0.04%;0.54%;0.13%;11.02%;100.00%;150;5.976230938;2.353390453;89.72039032;37.09569886;8.194707906;860.354036
59.53%;2.19%;16.57%;1.98%;1.44%;0.90%;0.20%;0.21%;0.07%;16.92%;100.00%;150;1.233869991;0.632166262;63.60659765;37.80271477;10.29359543;829.0738582
54.71%;7.52%;17.28%;1.06%;0.65%;0.31%;0.13%;0.59%;0.06%;17.68%;100.00%;150;6.563261398;7.305957736;105.7491289;34.74222067;8.911058919;823.9625264
62.56%;3.93%;19.06%;2.51%;1.27%;0.78%;0.21%;0.27%;0.03%;9.38%;100.00%;150;2.174601014;2.70643485;88.96037616;39.73284192;9.164126468;816.0186393
59.59%;5.42%;24.31%;2.18%;1.21%;0.59%;0.21%;0.30%;0.13%;6.05%;100.00%;150;5.511585129;4.380324906;106.9022093;37.84689711;11.62499602;905.8082509
49.24%;1.88%;21.80%;0.66%;1.13%;0.42%;0.20%;0.22%;0.15%;24.31%;100.00%;150;5.536224882;0.660974262;70.60186994;31.27070814;10.95602615;697.3718511
55.32%;3.93%;22.71%;0.96%;0.61%;0.35%;0.27%;0.10%;0.14%;15.60%;100.00%;150;5.456976025;3.502267037;88.65212928;35.13261286;8.079209701;827.3179587
49.90%;3.73%;16.79%;2.02%;1.44%;0.29%;0.11%;0.41%;0.06%;25.25%;100.00%;150;6.31569509;2.285645955;74.43433991;31.68904172;10.88283281;639.2885909
53.12%;1.60%;13.80%;1.22%;1.06%;0.84%;0.30%;0.44%;0.03%;27.59%;100.00%;150;5.13300875;0.444585297;57.41900556;33.73812469;8.791976834;805.0868412
58.15%;3.36%;14.00%;0.78%;0.68%;0.61%;0.22%;0.50%;0.12%;21.59%;100.00%;150;5.786323609;2.8036741;67.28519273;36.93034061;8.538736945;865.7896321
53.65%;5.25%;14.34%;2.44%;0.69%;0.53%;0.07%;0.23%;0.05%;22.75%;100.00%;150;6.462377995;4.823217659;81.35264487;34.07314132;8.067908826;672.6035175
56.03%;4.26%;17.64%;0.28%;1.07%;0.26%;0.23%;0.12%;0.08%;20.03%;100.00%;150;6.141033979;3.299957378;76.61778503;35.58291164;7.827850429;623.0186827
52.86%;2.23%;14.92%;1.51%;1.17%;0.86%;0.17%;0.36%;0.07%;25.85%;100.00%;150;5.88599099;1.000143148;64.51934592;33.56923473;10.26769481;828.862712
56.64%;5.65%;18.62%;1.31%;0.86%;0.54%;0.16%;0.26%;0.09%;15.87%;100.00%;150;6.362969093;5.051464152;91.51030092;35.97068437;10.25745823;845.5403188
51.42%;5.83%;19.52%;0.53%;0.81%;0.66%;0.21%;0.14%;0.06%;20.83%;100.00%;150;6.024591914;5.308296876;94.47213377;32.65347694;8.612403535;826.0126582
52.32%;3.17%;16.30%;2.03%;0.57%;0.38%;0.25%;0.37%;0.08%;24.53%;100.00%;150;5.795450487;2.722029792;73.7321866;33.2286726;11.94419528;706.6300651
53.62%;4.78%;23.42%;1.63%;0.36%;0.86%;0.27%;0.55%;0.10%;14.41%;100.00%;150;5.768087256;4.720959804;98.93524084;34.05384372;10.32587966;914.1467373
50.30%;4.20%;17.46%;1.42%;0.92%;0.43%;0.19%;0.56%;0.03%;24.49%;100.00%;150;5.650298111;3.421556162;82.48114734;31.94727866;9.003264226;788.7621747
55.80%;5.42%;20.27%;2.49%;0.42%;0.60%;0.15%;0.45%;0.06%;14.33%;100.00%;150;6.127151976;5.329028867;97.24325929;35.43633997;10.8252251;846.0009038
55.86%;5.89%;12.54%;0.56%;0.98%;0.63%;0.04%;0.58%;0.04%;22.88%;100.00%;150;6.255218017;5.167294474;77.74562324;35.47528342;11.40183307;867.4390065
52.21%;3.97%;12.50%;0.71%;0.44%;0.26%;0.05%;0.08%;0.03%;29.74%;100.00%;150;6.297629229;3.743921202;61.79815368;33.15588453;8.338418704;864.6334896
58.96%;7.16%;20.13%;1.90%;0.43%;0.63%;0.26%;0.15%;0.12%;10.26%;100.00%;150;6.355874735;7.195399855;110.7853193;37.44560318;9.45923142;659.2379433
58.45%;5.90%;24.86%;1.72%;0.43%;0.60%;0.28%;0.28%;0.08%;7.39%;100.00%;150;5.629568674;5.841329796;115.9980364;37.12098863;8.636471088;816.3820305
52.44%;2.97%;17.70%;1.03%;0.86%;0.32%;0.09%;0.43%;0.13%;24.04%;100.00%;150;6.172568808;2.160438824;69.2696245;33.30582514;8.363074989;734.3612429
54.38%;1.51%;17.33%;2.56%;0.60%;0.74%;0.09%;0.23%;0.11%;22.45%;100.00%;150;5.397836441;0.911772648;66.61657924;34.53507998;12.14374475;767.0479647
53.65%;6.11%;18.58%;0.98%;1.16%;0.62%;0.04%;0.17%;0.11%;18.56%;100.00%;150;6.122537188;5.189878627;94.23004788;34.07149849;10.23556091;706.6577414
56.50%;1.53%;22.22%;1.11%;1.25%;0.30%;0.07%;0.23%;0.03%;16.76%;100.00%;150;6.1199651;0.142573034;68.62764626;35.87972295;13.27973946;951.8737445
59.59%;5.74%;22.20%;2.65%;0.68%;0.37%;0.19%;0.24%;0.03%;8.32%;100.00%;150;6.140557946;5.359500545;103.3219174;37.84709395;8.165779571;715.0967537
53.87%;2.89%;24.52%;0.54%;0.49%;0.47%;0.29%;0.28%;0.09%;16.55%;100.00%;150;5.950829746;2.525473894;84.08349363;34.21044272;10.591846;654.6884233
61.62%;5.36%;19.57%;1.24%;1.48%;0.71%;0.17%;0.58%;0.13%;9.15%;100.00%;150;2.368711598;3.986113856;93.48580735;39.13379113;11.7265778;731.1190003
59.53%;1.68%;14.52%;0.67%;1.01%;0.39%;0.22%;0.43%;0.14%;21.43%;100.00%;150;5.810115221;0.60510363;52.32762463;37.80341505;12.38557946;963.3003084
49.55%;4.12%;15.04%;2.77%;0.91%;0.34%;0.20%;0.07%;0.05%;26.95%;100.00%;150;5.80341255;3.336483614;75.27002274;31.46899874;8.451839253;717.2795662
53.37%;7.60%;17.64%;0.97%;0.90%;0.55%;0.23%;0.08%;0.04%;18.61%;100.00%;150;6.299943694;7.10126436;103.8405003;33.89679426;7.219345983;767.553554
61.35%;5.62%;12.22%;2.71%;0.71%;0.29%;0.09%;0.38%;0.14%;16.49%;100.00%;150;4.712079676;5.191240286;87.07219881;38.96167607;12.23611788;774.6236787
54.60%;1.65%;23.60%;1.64%;1.11%;0.26%;0.19%;0.33%;0.08%;16.55%;100.00%;150;5.901862164;0.447433995;75.35540314;34.6739485;8.065822571;616.4372262
54.27%;2.35%;16.29%;1.03%;1.44%;0.78%;0.14%;0.58%;0.04%;23.08%;100.00%;150;6.043118836;0.80145246;63.68654817;34.46720149;11.09208442;708.2613547
57.57%;5.89%;22.70%;2.46%;0.59%;0.63%;0.23%;0.25%;0.10%;9.58%;100.00%;150;5.93820498;5.623018213;109.039324;36.5592536;12.66043815;772.2061093
59.53%;7.32%;13.44%;1.53%;1.00%;0.29%;0.24%;0.17%;0.05%;16.44%;100.00%;150;5.519106938;6.686050951;90.9941264;37.80530393;10.75766684;790.1919195
55.24%;5.33%;19.52%;2.42%;0.64%;0.38%;0.11%;0.58%;0.10%;15.67%;100.00%;150;5.915339136;4.967758368;96.26666411;35.08279038;7.284536728;630.9681645
60.43%;2.74%;18.62%;0.72%;0.90%;0.85%;0.07%;0.56%;0.14%;14.97%;100.00%;150;2.891381921;1.864307337;71.21365844;38.38046931;11.55373908;830.4136394
52.08%;8.00%;23.68%;2.80%;0.70%;0.56%;0.06%;0.30%;0.02%;11.81%;100.00%;150;6.414284203;7.771048688;127.4973726;33.07671819;10.52636898;782.7630448
56.07%;7.35%;22.50%;2.29%;0.45%;0.72%;0.13%;0.14%;0.06%;10.29%;100.00%;150;6.555385831;7.377352244;120.5982395;35.60823926;9.383500882;921.9902641
52.45%;2.52%;18.05%;2.62%;0.75%;0.60%;0.04%;0.57%;0.06%;22.33%;100.00%;150;5.702696117;1.81043835;72.79089652;33.31242675;10.56311579;641.0098955
58.43%;2.42%;19.75%;1.90%;1.09%;0.68%;0.26%;0.46%;0.08%;14.93%;100.00%;150;3.263014684;1.287139401;75.86197439;37.10925412;12.97710201;759.5027028
52.53%;1.95%;21.01%;0.34%;0.33%;0.75%;0.18%;0.52%;0.05%;22.33%;100.00%;150;5.899698438;1.702724064;68.76141824;33.36040957;12.01958638;918.4431739
51.10%;2.27%;14.48%;2.94%;1.25%;0.40%;0.29%;0.43%;0.14%;26.70%;100.00%;150;5.444901847;0.945608851;62.88743857;32.45296435;7.397613925;752.0285919
49.70%;4.64%;22.14%;1.73%;0.25%;0.47%;0.12%;0.34%;0.12%;20.48%;100.00%;150;5.976114825;4.690097068;95.28743354;31.56390826;10.46265637;888.6030191
49.38%;3.07%;16.00%;2.77%;1.32%;0.38%;0.13%;0.55%;0.03%;26.37%;100.00%;150;5.92233819;1.727165482;69.9329617;31.3611964;11.09190554;668.5029884
55.48%;2.27%;12.05%;0.89%;0.98%;0.49%;0.21%;0.10%;0.07%;27.46%;100.00%;150;5.993278121;1.267141539;49.48828187;35.23532772;12.83837878;693.8931363
51.97%;4.60%;24.80%;1.61%;0.30%;0.65%;0.02%;0.21%;0.14%;15.69%;100.00%;150;5.948041974;4.583168367;101.6920237;33.00639059;10.25875496;619.600866
55.92%;2.49%;15.47%;0.50%;1.26%;0.27%;0.13%;0.34%;0.03%;23.59%;100.00%;150;6.027945595;1.172235161;59.01021606;35.51133109;10.18713377;841.9955453
52.11%;7.73%;21.77%;1.10%;0.28%;0.36%;0.17%;0.54%;0.10%;15.84%;100.00%;150;6.600907131;7.989083162;114.3949061;33.09661766;10.87831537;929.0602586
59.48%;7.72%;23.64%;2.52%;0.85%;0.32%;0.21%;0.10%;0.02%;5.13%;100.00%;150;5.206590791;7.285743208;122.1032272;37.77677392;7.89360706;789.972365
52.25%;7.04%;12.69%;0.81%;1.09%;0.89%;0.23%;0.26%;0.11%;24.64%;100.00%;150;6.200945591;6.270167127;88.02610652;33.18334709;11.0958154;740.3244156
50.50%;2.02%;20.91%;2.28%;1.06%;0.68%;0.21%;0.55%;0.13%;21.65%;100.00%;150;5.383502044;0.897324946;73.75519499;32.07431047;7.586634887;774.0785509
54.18%;4.48%;24.00%;1.01%;0.44%;0.34%;0.02%;0.49%;0.06%;14.97%;100.00%;150;5.86049801;4.286846149;98.22576541;34.40997869;11.64469592;800.0462037
58.05%;4.60%;14.58%;2.53%;0.55%;0.28%;0.22%;0.49%;0.14%;18.56%;100.00%;150;6.179229535;4.299960984;78.16862046;36.8648393;12.92785663;815.8757805
52.72%;5.25%;23.73%;0.49%;0.53%;0.36%;0.29%;0.38%;0.11%;16.12%;100.00%;150;6.015802104;5.008044682;101.3969249;33.48308068;8.431569345;635.8615407
60.34%;1.53%;16.03%;0.69%;0.25%;0.40%;0.15%;0.27%;0.05%;20.28%;100.00%;150;1.624174789;1.347295951;53.48960352;38.31856028;11.03510843;946.6972046
60.86%;2.23%;14.77%;0.69%;1.19%;0.33%;0.10%;0.50%;0.04%;19.31%;100.00%;150;2.682875914;0.967758451;57.50269042;38.64844022;11.73743986;937.3323883
60.66%;2.45%;12.08%;1.51%;1.12%;0.34%;0.17%;0.36%;0.07%;21.23%;100.00%;150;5.15163501;1.295310775;53.57443523;38.52092767;12.57992035;728.2470847
54.39%;7.58%;14.32%;2.20%;0.91%;0.44%;0.03%;0.34%;0.14%;19.66%;100.00%;150;6.368942234;7.062478566;103.6853777;34.54376352;8.301993769;791.4838249
54.75%;8.00%;17.60%;2.95%;0.85%;0.55%;0.10%;0.54%;0.06%;14.58%;100.00%;150;6.720884831;7.583759532;111.0561115;34.7732755;10.82474159;668.0855568
60.13%;7.95%;23.68%;1.96%;0.65%;0.30%;0.30%;0.42%;0.08%;4.55%;100.00%;150;5.429123099;7.778959901;123.2592948;38.18430228;9.251613552;975.8379826
57.76%;4.82%;14.36%;1.97%;1.02%;0.67%;0.26%;0.43%;0.03%;18.67%;100.00%;150;5.520336092;3.972588157;82.83602591;36.68022131;8.280690367;899.566863
51.49%;5.82%;14.18%;2.18%;0.44%;0.29%;0.08%;0.59%;0.04%;24.90%;100.00%;150;6.5955758;5.734579981;84.36465633;32.69698928;10.69972315;748.8670557
50.57%;7.75%;23.12%;1.03%;0.68%;0.28%;0.15%;0.60%;0.11%;15.72%;100.00%;150;6.683538089;7.519204556;118.7309871;32.11375737;9.50973673;803.2833667
57.70%;3.95%;20.44%;0.67%;1.35%;0.54%;0.09%;0.16%;0.04%;15.07%;100.00%;150;6.319447247;2.633911686;82.58081968;36.64257244;11.22515069;882.8422234
55.77%;6.03%;23.04%;1.51%;0.40%;0.65%;0.29%;0.58%;0.05%;11.68%;100.00%;150;5.882107029;6.000223452;106.282496;35.41921893;7.297721011;789.9830133
52.44%;4.47%;15.86%;1.06%;1.44%;0.57%;0.03%;0.40%;0.02%;23.71%;100.00%;150;6.418433921;3.089698115;75.95773604;33.30427694;7.197812318;693.7062556
49.05%;2.25%;17.25%;0.54%;1.48%;0.47%;0.18%;0.33%;0.06%;28.40%;100.00%;150;5.293466254;0.641091571;67.00340689;31.15182993;8.28044369;787.9046035
56.00%;3.10%;12.33%;1.82%;0.85%;0.63%;0.17%;0.50%;0.09%;24.51%;100.00%;150;5.54805257;2.322360065;60.98614773;35.56441274;9.226508289;795.3703449
56.09%;7.37%;23.73%;2.37%;0.57%;0.56%;0.02%;0.11%;0.04%;9.14%;100.00%;150;6.285719333;7.252506353;119.0177282;35.61920536;7.638246717;787.8996742
58.92%;4.47%;20.25%;2.38%;0.91%;0.38%;0.04%;0.33%;0.14%;12.17%;100.00%;150;6.255573231;3.719195519;89.2841193;37.42057081;11.85884549;716.7120682
56.96%;4.86%;17.39%;2.81%;0.80%;0.70%;0.27%;0.57%;0.05%;15.60%;100.00%;150;5.965515331;4.264207878;90.52839813;36.17237041;7.552856142;665.9280426
61.18%;6.59%;24.72%;1.70%;1.08%;0.47%;0.24%;0.60%;0.12%;3.31%;100.00%;150;4.304617017;5.790952349;116.1750114;38.85266621;9.334780907;811.3010922
62.06%;7.44%;18.47%;1.90%;0.79%;0.57%;0.28%;0.20%;0.12%;8.17%;100.00%;150;5.688109674;7.066651144;107.723172;39.41176287;10.37819292;913.1476188
58.81%;6.44%;17.06%;0.30%;1.20%;0.30%;0.08%;0.30%;0.13%;15.38%;100.00%;150;6.634684616;5.488093032;90.89701817;37.34871394;9.465174029;782.3709008
51.50%;5.06%;15.13%;0.80%;1.36%;0.29%;0.03%;0.06%;0.14%;25.65%;100.00%;150;6.331095395;3.806573366;78.56658163;32.70577502;8.665269172;703.4746128
62.10%;7.17%;16.53%;2.99%;0.28%;0.57%;0.06%;0.49%;0.01%;9.80%;100.00%;150;3.895953496;7.390881826;104.9501687;39.43533032;7.95104262;809.6899393
58.01%;5.32%;19.28%;2.09%;1.45%;0.38%;0.12%;0.39%;0.04%;12.93%;100.00%;150;6.422747901;3.990441631;92.34465123;36.84225983;9.668938381;763.5458612
61.20%;7.46%;17.32%;2.96%;0.62%;0.72%;0.06%;0.38%;0.13%;9.15%;100.00%;150;6.789905786;7.28742486;110.1114392;38.86699746;11.80026995;919.0180364
57.36%;4.21%;21.75%;2.48%;0.43%;0.60%;0.13%;0.13%;0.07%;12.83%;100.00%;150;6.148728135;4.013534676;95.56935353;36.42853488;11.98095211;976.9401964
51.34%;5.44%;16.78%;2.40%;1.03%;0.44%;0.15%;0.25%;0.07%;22.11%;100.00%;150;5.945166183;4.616112385;89.09374523;32.60207976;10.97617148;887.0168385
58.24%;3.84%;15.61%;2.76%;0.92%;0.26%;0.21%;0.43%;0.04%;17.68%;100.00%;150;5.69245105;3.029876064;82.93062078;36.98838482;7.577105353;789.6724321
61.41%;4.31%;20.91%;0.79%;0.29%;0.81%;0.05%;0.58%;0.07%;10.77%;100.00%;150;6.412266857;4.281883493;88.18335138;39.00162642;10.71278475;944.1516943
55.70%;5.83%;22.76%;1.91%;0.47%;0.72%;0.18%;0.58%;0.08%;11.77%;100.00%;150;5.90714122;5.714830435;107.9920976;35.37164115;11.26741758;680.6890372
60.20%;6.53%;14.07%;0.30%;0.98%;0.85%;0.19%;0.28%;0.05%;16.54%;100.00%;150;6.371412715;5.855733588;85.50794119;38.23179679;13.27456835;816.1231291
58.01%;6.36%;19.86%;2.91%;1.20%;0.70%;0.08%;0.09%;0.11%;10.68%;100.00%;150;6.214708781;5.401522212;103.5179588;36.84160496;12.64630423;830.7260885
61.98%;3.19%;23.01%;0.98%;1.07%;0.91%;0.07%;0.52%;0.03%;8.23%;100.00%;150;6.084832039;2.152754485;84.55642935;39.36322362;9.464242018;972.7443541
61.13%;5.79%;23.35%;2.69%;0.96%;0.45%;0.29%;0.47%;0.10%;4.76%;100.00%;150;3.608396962;5.081656475;107.4859559;38.8211685;9.336068989;995.2851419
53.71%;3.93%;15.07%;2.08%;0.89%;0.92%;0.06%;0.47%;0.13%;22.75%;100.00%;150;6.402276204;3.155736051;73.82003229;34.10996498;7.830092294;625.1157249
54.55%;6.97%;21.90%;2.10%;1.01%;0.74%;0.24%;0.44%;0.05%;12.00%;100.00%;150;6.286213904;6.28958259;112.7115093;34.64369238;9.575436015;800.4487978
51.66%;3.53%;20.66%;1.30%;0.37%;0.79%;0.24%;0.29%;0.14%;21.01%;100.00%;150;5.994324585;3.35969183;81.62719124;32.81032577;9.058939808;849.5510466
58.75%;2.11%;15.93%;2.76%;0.33%;0.65%;0.08%;0.11%;0.12%;19.17%;100.00%;150;5.976677477;1.86960061;64.07156674;37.30870681;11.46423657;870.1421862
49.60%;2.17%;12.02%;0.28%;0.32%;0.36%;0.25%;0.47%;0.05%;34.49%;100.00%;150;5.502590941;1.952525913;48.39111386;31.50230584;11.40069206;771.8288873
54.06%;6.80%;21.54%;1.83%;1.45%;0.28%;0.09%;0.36%;0.07%;13.53%;100.00%;150;6.527370615;5.58411908;107.8082275;34.33221671;11.20394257;712.6129938
54.43%;7.69%;19.20%;2.47%;0.32%;0.72%;0.08%;0.14%;0.02%;14.94%;100.00%;150;6.410892773;7.883652733;112.506686;34.56792527;7.254289977;813.2316347
53.11%;4.69%;12.60%;1.30%;0.32%;0.88%;0.24%;0.16%;0.12%;26.60%;100.00%;150;5.576863321;4.661577411;71.55527779;33.72991431;9.153167406;781.11547
55.34%;7.11%;15.26%;0.72%;0.68%;0.55%;0.29%;0.52%;0.14%;19.38%;100.00%;150;6.356246156;6.829990065;94.96811189;35.1451915;10.86384651;794.5691589
50.71%;4.22%;22.06%;1.38%;0.33%;0.48%;0.01%;0.06%;0.11%;20.65%;100.00%;150;5.990698216;4.13811816;89.05704982;32.20403364;9.063498205;735.7044879
52.48%;4.70%;12.81%;1.31%;0.89%;0.43%;0.09%;0.24%;0.14%;26.91%;100.00%;150;6.483438896;3.988672991;70.33209074;33.32689806;10.97325218;771.3599506
61.25%;6.05%;12.66%;2.88%;0.31%;0.43%;0.10%;0.31%;0.11%;15.88%;100.00%;150;6.132857073;6.139023881;87.02827383;38.89900997;8.552821293;906.2774619
61.10%;3.19%;20.69%;1.88%;0.96%;0.82%;0.03%;0.11%;0.02%;11.21%;100.00%;150;4.363280887;2.285981676;80.56197538;38.80015236;13.70614717;852.3607467
61.64%;4.60%;23.68%;2.00%;0.36%;0.69%;0.12%;0.28%;0.06%;6.57%;100.00%;150;4.514847436;4.510425679;97.77675525;39.14282671;12.06477418;933.8421822
49.21%;6.09%;16.99%;0.35%;0.50%;0.76%;0.18%;0.39%;0.05%;25.47%;100.00%;150;5.80012518;5.945961159;89.55137155;31.25355872;7.467942347;751.6559206
49.66%;4.13%;22.13%;2.32%;0.52%;0.66%;0.10%;0.10%;0.12%;20.26%;100.00%;150;6.28065096;3.815413933;91.43313839;31.53920332;6.675612346;651.3365326
60.77%;2.16%;16.29%;1.75%;0.73%;0.81%;0.09%;0.37%;0.14%;16.89%;100.00%;150;2.82232849;1.446994061;62.46934107;38.59039222;9.262246429;834.5932502
49.94%;4.08%;17.07%;2.73%;0.97%;0.82%;0.10%;0.37%;0.10%;23.81%;100.00%;150;5.895395343;3.227522228;84.52215659;31.7185105;7.799533546;778.3459312
62.27%;3.53%;23.09%;0.97%;0.40%;0.73%;0.04%;0.29%;0.04%;8.64%;100.00%;150;5.31572003;3.314514536;87.65502728;39.54416227;9.81506653;820.5838206
53.31%;5.45%;21.23%;2.55%;1.32%;0.61%;0.13%;0.25%;0.07%;15.07%;100.00%;150;6.36810119;4.283903306;102.5648001;33.85632533;7.081906589;822.6581645
58.96%;7.35%;14.63%;1.99%;0.89%;0.79%;0.25%;0.06%;0.14%;14.94%;100.00%;150;5.895305427;6.844066514;102.8449095;37.4462959;7.659263299;857.963193
57.71%;5.81%;15.86%;1.80%;1.45%;0.34%;0.21%;0.18%;0.11%;16.53%;100.00%;150;6.247928613;4.521747769;87.74030071;36.65188435;12.73255774;879.049095
60.49%;4.67%;17.77%;2.01%;0.30%;0.46%;0.23%;0.38%;0.12%;13.57%;100.00%;150;6.253931667;4.66521333;84.11550016;38.41533218;10.77037565;771.4070984
56.63%;2.46%;22.87%;2.23%;1.39%;0.75%;0.07%;0.25%;0.15%;13.21%;100.00%;150;6.044269593;0.983815103;81.8504449;35.96519943;10.65454071;730.3213061
50.02%;3.89%;20.34%;1.03%;0.43%;0.68%;0.19%;0.13%;0.06%;23.23%;100.00%;150;5.864811125;3.669849531;81.99312249;31.76891781;8.682397352;594.3749411
58.98%;3.70%;24.13%;0.73%;0.32%;0.60%;0.29%;0.39%;0.08%;10.78%;100.00%;150;4.850371379;3.593077008;90.74505753;37.45897674;12.70216905;769.9996965
54.95%;3.84%;15.52%;1.15%;1.48%;0.89%;0.25%;0.45%;0.11%;21.35%;100.00%;150;5.90306532;2.352016339;71.76471513;34.89565514;11.03283452;924.8906871
56.53%;2.72%;14.16%;2.68%;0.83%;0.57%;0.12%;0.21%;0.05%;22.13%;100.00%;150;5.837461433;1.929444102;70.09463988;35.89921361;8.431196448;722.8274011
53.00%;7.50%;23.65%;0.96%;0.90%;0.34%;0.24%;0.22%;0.08%;13.12%;100.00%;150;6.334154409;6.99327868;116.4718736;33.65750478;7.267680937;712.5292908
50.77%;5.14%;16.92%;0.25%;0.99%;0.50%;0.17%;0.53%;0.14%;24.58%;100.00%;150;5.768142;4.342633871;87.81572803;32.24262506;9.114289982;634.5004881
49.93%;4.83%;13.16%;1.77%;1.21%;0.76%;0.17%;0.46%;0.10%;27.62%;100.00%;150;5.97978683;3.745475423;74.17218976;31.70714316;10.10902686;896.0260062
55.37%;6.17%;14.95%;0.93%;0.55%;0.28%;0.14%;0.13%;0.15%;21.34%;100.00%;150;5.896180144;5.976542294;90.7064553;35.16479571;7.191300475;599.8675446
62.66%;2.72%;19.85%;0.62%;0.72%;0.63%;0.28%;0.57%;0.11%;11.83%;100.00%;150;2.07448185;2.054321033;73.64598805;39.79095049;10.97781311;801.3351737
60.05%;1.82%;24.72%;1.64%;1.10%;0.81%;0.15%;0.38%;0.12%;9.21%;100.00%;150;5.869584311;0.643887177;81.51180809;38.13801151;8.749710266;786.4755558
49.93%;4.60%;22.34%;0.61%;0.80%;0.26%;0.15%;0.29%;0.11%;20.91%;100.00%;150;6.277308279;3.994510883;90.96331087;31.71071651;8.138798497;619.0095842
54.00%;1.89%;19.24%;2.15%;0.38%;0.50%;0.08%;0.07%;0.02%;21.67%;100.00%;150;5.842030095;1.574673949;68.05488512;34.29593434;11.26295913;950.7712768
56.49%;4.64%;15.81%;2.54%;0.85%;0.36%;0.29%;0.07%;0.09%;18.86%;100.00%;150;6.133643167;3.969228736;79.36000945;35.87329925;11.70665466;693.2001457
52.78%;5.41%;22.95%;2.60%;0.63%;0.56%;0.21%;0.26%;0.13%;14.48%;100.00%;150;5.786010456;5.066744817;104.5253969;33.52103237;11.72752039;721.2749656
52.69%;3.08%;24.02%;2.87%;1.29%;0.75%;0.03%;0.55%;0.04%;14.68%;100.00%;150;5.713876985;1.76934623;90.54814045;33.46072075;9.357955708;639.0366818
58.73%;3.84%;14.78%;1.75%;0.95%;0.54%;0.09%;0.52%;0.08%;18.73%;100.00%;150;5.96591488;2.991309794;71.35034356;37.29966366;12.91964351;816.5276358
57.70%;3.70%;23.50%;0.51%;0.38%;0.64%;0.09%;0.43%;0.03%;13.02%;100.00%;150;5.934488262;3.520575286;87.42987523;36.64331815;13.12621113;859.9540026
52.88%;5.33%;16.53%;1.40%;1.32%;0.62%;0.20%;0.19%;0.08%;21.46%;100.00%;150;6.193718783;4.158169725;84.51359108;33.581961;8.178778396;779.5370589
56.14%;6.39%;14.03%;1.59%;0.30%;0.36%;0.05%;0.09%;0.12%;20.93%;100.00%;150;6.360349784;6.509153116;86.48529224;35.65041917;10.7010913;691.3967032
60.34%;2.12%;15.50%;0.52%;0.57%;0.78%;0.11%;0.40%;0.09%;19.58%;100.00%;150;1.874671436;1.597153139;57.08167689;38.31954825;14.13882498;918.2965278
58.22%;7.88%;14.43%;2.96%;0.92%;0.57%;0.17%;0.34%;0.03%;14.48%;100.00%;150;6.788127518;7.376639557;102.0044834;36.9739173;12.43768014;870.8730326
51.23%;4.54%;20.30%;1.00%;1.02%;0.77%;0.27%;0.13%;0.05%;20.68%;100.00%;150;5.634456471;3.666274054;90.12625583;32.53381516;7.789682196;641.9571547
51.44%;4.08%;22.48%;1.02%;1.42%;0.37%;0.16%;0.17%;0.04%;18.83%;100.00%;150;6.052159726;2.688536855;91.6372415;32.66648711;7.188598521;774.0830704
55.07%;5.20%;16.02%;0.48%;0.85%;0.31%;0.03%;0.12%;0.09%;21.83%;100.00%;150;6.364365922;4.5855239;79.18800521;34.97220203;8.920808315;757.2543171
53.69%;7.01%;17.22%;1.37%;0.98%;0.86%;0.02%;0.21%;0.12%;18.52%;100.00%;150;6.226066994;6.367311622;101.1553299;34.09967268;7.016264121;617.6482772
54.69%;3.24%;13.55%;2.16%;0.57%;0.68%;0.14%;0.33%;0.09%;24.54%;100.00%;150;5.636186586;2.802094553;68.12917223;34.7309404;7.758903011;659.2422072
57.97%;4.92%;16.35%;1.50%;1.04%;0.87%;0.10%;0.26%;0.10%;16.89%;100.00%;150;6.374647971;4.041630599;83.45238449;36.81656124;9.668763113;810.3400198
51.64%;4.21%;24.19%;0.78%;1.06%;0.61%;0.09%;0.23%;0.02%;17.16%;100.00%;150;6.255656688;3.248264428;99.69280784;32.79280349;8.159503036;607.2993696
50.49%;1.97%;20.05%;1.85%;0.34%;0.87%;0.04%;0.22%;0.10%;24.08%;100.00%;150;5.50337246;1.712897082;69.95190831;32.06235262;12.15018805;938.2714919
51.08%;2.12%;24.54%;2.08%;0.67%;0.89%;0.12%;0.45%;0.10%;17.95%;100.00%;150;5.553284949;1.48723749;84.47942261;32.44145317;8.310215158;680.1925552
60.34%;7.59%;22.91%;0.84%;0.28%;0.39%;0.16%;0.07%;0.07%;7.34%;100.00%;150;6.255639666;7.833291013;117.0959213;38.31965424;10.4517502;899.3533128
50.23%;2.11%;15.56%;1.83%;1.31%;0.55%;0.17%;0.54%;0.09%;27.60%;100.00%;150;5.839298041;0.704543826;62.83758931;31.89857285;8.213183284;646.8608067
58.68%;7.96%;16.19%;1.81%;0.66%;0.25%;0.24%;0.58%;0.02%;13.61%;100.00%;150;6.240421258;7.771761986;104.4054439;37.26539888;8.69816961;739.4139513
58.21%;5.67%;19.98%;1.25%;1.25%;0.50%;0.06%;0.38%;0.08%;12.62%;100.00%;150;6.460523493;4.601523577;94.97135316;36.96579778;8.877831611;919.2937623
57.36%;4.02%;19.29%;1.19%;0.60%;0.30%;0.17%;0.26%;0.05%;16.77%;100.00%;150;6.043124622;3.606743203;80.21249049;36.42471549;9.963439043;813.2666612
49.50%;4.06%;17.87%;1.13%;0.59%;0.71%;0.25%;0.43%;0.14%;25.33%;100.00%;150;5.474129489;3.657923184;81.81257543;31.43427025;6.637355938;651.7249357
57.07%;5.76%;23.49%;2.29%;1.14%;0.65%;0.09%;0.16%;0.10%;9.24%;100.00%;150;6.317426487;4.825658961;106.3971231;36.24638871;8.920954068;955.1682151
60.82%;5.84%;15.53%;2.12%;0.87%;0.83%;0.15%;0.58%;0.05%;13.22%;100.00%;150;4.45999141;5.244763346;92.38276658;38.62717803;12.62352978;966.9451513
55.06%;2.02%;16.93%;2.16%;0.63%;0.41%;0.24%;0.59%;0.02%;21.94%;100.00%;150;5.315719631;1.417095185;64.69326338;34.96513104;13.13425469;812.2311497
53.57%;7.54%;13.56%;2.95%;1.22%;0.39%;0.21%;0.21%;0.14%;20.21%;100.00%;150;6.110630587;6.653420794;101.8272777;34.0177052;9.295166307;874.112773
56.19%;3.47%;12.86%;1.14%;0.37%;0.64%;0.12%;0.11%;0.11%;24.99%;100.00%;150;5.808828602;3.284980784;61.14507629;35.68661068;8.743819526;910.5063118
59.66%;4.88%;17.29%;2.17%;1.07%;0.41%;0.10%;0.05%;0.13%;14.24%;100.00%;150;6.410637829;3.970271624;83.99974842;37.89011419;12.60485187;826.0693101
59.70%;2.65%;16.11%;2.19%;0.63%;0.68%;0.27%;0.20%;0.15%;17.42%;100.00%;150;5.970662286;2.097823414;65.87470995;37.91320091;14.38204014;919.8137983
51.02%;5.71%;24.30%;0.43%;0.68%;0.61%;0.04%;0.31%;0.12%;16.78%;100.00%;150;6.050040654;5.325157086;104.0488084;32.40322136;11.1578211;631.683164
49.27%;7.25%;18.81%;2.57%;0.70%;0.80%;0.04%;0.20%;0.14%;20.23%;100.00%;150;6.427414754;6.959956057;108.1797936;31.29249838;9.249588093;650.2616054
50.43%;5.52%;15.34%;0.84%;0.74%;0.67%;0.25%;0.57%;0.01%;25.63%;100.00%;150;5.775551897;5.041932756;84.94620925;32.02392397;7.242636486;772.3852632
56.76%;3.38%;12.41%;2.71%;0.53%;0.87%;0.14%;0.58%;0.07%;22.55%;100.00%;150;6.208704536;3.00841771;64.56532675;36.04363521;10.56359598;686.9204782
49.93%;3.58%;13.43%;1.70%;1.02%;0.44%;0.21%;0.44%;0.09%;29.17%;100.00%;150;5.847462012;2.634579243;64.95368903;31.70923645;10.04186345;795.1596141
61.28%;5.09%;15.90%;2.09%;1.38%;0.66%;0.29%;0.28%;0.10%;12.92%;100.00%;150;4.144493259;3.822424585;83.14183343;38.91420049;12.17807441;843.2961693
58.78%;7.75%;16.19%;0.88%;0.55%;0.90%;0.20%;0.28%;0.07%;14.40%;100.00%;150;6.378489534;7.686555682;101.1592538;37.33024533;7.734522915;875.8342263
59.92%;7.90%;16.28%;1.23%;0.60%;0.87%;0.13%;0.37%;0.05%;12.65%;100.00%;150;6.796402011;7.777316029;103.1175343;38.05208079;9.868364459;735.9075804
56.82%;1.82%;22.51%;1.00%;0.69%;0.67%;0.13%;0.44%;0.10%;15.83%;100.00%;150;6.061269448;1.13223658;72.96336958;36.08170046;10.46265847;925.4991762
57.87%;2.55%;16.31%;1.63%;0.43%;0.39%;0.23%;0.51%;0.09%;20.00%;100.00%;150;5.516320209;2.229931547;73.73519034;36.75396706;9.073778748;849.9248014
49.37%;5.59%;23.32%;1.44%;0.97%;0.65%;0.12%;0.07%;0.12%;18.36%;100.00%;150;5.860026449;4.846229014;102.4959074;31.35145296;9.690127047;720.1385426
62.10%;3.32%;20.47%;0.96%;0.84%;0.37%;0.22%;0.08%;0.05%;11.59%;100.00%;150;2.236898587;2.568389992;77.05031482;39.43660219;14.1210581;1123.30116
55.67%;6.47%;21.80%;2.08%;1.47%;0.83%;0.29%;0.50%;0.07%;10.82%;100.00%;150;6.168609836;5.200715319;114.4397195;35.3575938;11.03092537;652.083897
50.46%;6.51%;24.25%;2.61%;0.26%;0.45%;0.26%;0.52%;0.02%;14.66%;100.00%;150;5.884660149;6.687502872;114.6662149;32.04877465;10.65997207;667.1656627
58.79%;3.29%;17.66%;2.25%;0.52%;0.64%;0.06%;0.50%;0.07%;16.22%;100.00%;150;6.287236776;2.916545656;75.33786166;37.33529117;11.01991266;878.8068708
56.43%;2.47%;19.57%;1.21%;0.30%;0.53%;0.18%;0.08%;0.14%;19.08%;100.00%;150;5.981934785;2.300328908;68.76517731;35.83417032;11.39314085;814.4444072
56.98%;6.19%;20.77%;0.32%;0.28%;0.79%;0.10%;0.42%;0.10%;14.05%;100.00%;150;6.122379345;6.321124117;103.0740146;36.18347656;8.087907115;914.4980464
61.16%;2.41%;16.55%;1.87%;0.81%;0.63%;0.23%;0.28%;0.14%;15.91%;100.00%;150;5.865117163;1.614130767;66.83533537;38.84277515;9.917854715;909.8924668
62.62%;5.63%;16.07%;2.25%;1.29%;0.52%;0.06%;0.49%;0.12%;10.95%;100.00%;150;2.857377461;4.503668031;88.0437075;39.77024096;9.02054414;894.6161754
57.25%;1.62%;16.49%;1.52%;0.26%;0.33%;0.07%;0.40%;0.08%;21.99%;100.00%;150;5.808348196;1.427255749;62.24988041;36.35720795;12.60367667;884.7877715
62.65%;1.54%;22.59%;0.58%;1.13%;0.51%;0.07%;0.34%;0.13%;10.45%;100.00%;150;2.223613019;0.301898386;69.52661758;39.78793358;14.84036295;1101.901226
59.80%;3.02%;14.09%;1.28%;1.41%;0.33%;0.20%;0.36%;0.08%;19.42%;100.00%;150;5.233143754;1.557447589;61.23580975;37.97774831;9.47415136;766.7185989
52.41%;1.63%;12.89%;0.88%;0.89%;0.46%;0.05%;0.28%;0.02%;30.49%;100.00%;150;5.654207163;0.686103459;47.38840428;33.28608845;7.75126561;691.3567205
51.14%;3.21%;15.97%;2.99%;1.07%;0.87%;0.03%;0.42%;0.13%;24.17%;100.00%;150;6.073934628;2.172241624;76.06956228;32.47503281;8.598368786;686.0167843
59.11%;1.72%;17.63%;2.09%;0.68%;0.32%;0.20%;0.54%;0.03%;17.69%;100.00%;150;5.524421005;1.031155368;62.14012486;37.53609144;8.645774257;651.1606236
54.93%;6.18%;23.34%;0.87%;1.40%;0.27%;0.26%;0.53%;0.08%;12.14%;100.00%;150;5.909563647;4.974341819;111.5415314;34.8846739;7.217744989;717.5828081
56.67%;6.83%;12.41%;2.32%;0.51%;0.87%;0.21%;0.09%;0.09%;20.00%;100.00%;150;5.94407325;6.734088176;88.05586059;35.99047028;8.538897323;792.3314195
59.87%;6.16%;18.08%;1.46%;0.28%;0.37%;0.20%;0.25%;0.02%;13.31%;100.00%;150;6.361620773;6.284371007;96.12971782;38.02341829;10.12461955;933.3838308
52.21%;1.78%;15.95%;2.59%;1.40%;0.61%;0.13%;0.58%;0.06%;24.69%;100.00%;150;5.724425053;0.243179666;63.10137535;33.15714126;11.25365043;699.2275189
58.82%;4.55%;16.86%;2.93%;0.77%;0.78%;0.09%;0.05%;0.08%;15.07%;100.00%;150;6.161787693;3.973892841;83.13626222;37.35622024;9.294468107;906.44001
49.88%;1.52%;22.37%;0.27%;0.61%;0.69%;0.03%;0.42%;0.03%;24.19%;100.00%;150;5.828177598;0.904333768;68.00573938;31.67725043;10.22025464;607.1530007
49.46%;2.56%;24.72%;2.60%;0.80%;0.56%;0.23%;0.44%;0.08%;18.55%;100.00%;150;5.938101276;1.791096811;89.52913726;31.41299671;6.801708672;669.3849459
60.31%;5.45%;14.84%;2.43%;0.92%;0.81%;0.16%;0.13%;0.13%;14.82%;100.00%;150;6.462061022;4.751937711;90.35693506;38.29883115;7.821916078;791.8126907
52.47%;1.86%;17.75%;2.41%;0.79%;0.85%;0.30%;0.17%;0.04%;23.37%;100.00%;150;5.427001663;1.055595566;64.79701242;33.31917978;10.34521822;912.8089459
57.49%;5.50%;21.45%;1.38%;1.49%;0.44%;0.16%;0.59%;0.12%;11.38%;100.00%;150;6.288995033;4.135860433;98.05423221;36.50914722;9.356439811;869.8606765
49.13%;6.97%;20.11%;1.30%;1.48%;0.26%;0.05%;0.09%;0.08%;20.54%;100.00%;150;6.539230462;5.727044709;104.4257634;31.20289589;6.618909038;657.3515252
51.20%;2.29%;18.28%;0.45%;1.46%;0.41%;0.24%;0.35%;0.12%;25.21%;100.00%;150;5.474747614;0.717563296;63.92295449;32.51790922;10.898178;748.9715142
62.57%;3.16%;15.23%;2.04%;0.86%;0.43%;0.23%;0.51%;0.03%;14.94%;100.00%;150;5.852715197;2.366425651;74.65796332;39.73508284;14.00072706;1059.210378
50.92%;3.34%;17.80%;1.87%;1.45%;0.50%;0.22%;0.21%;0.06%;23.63%;100.00%;150;5.663277812;1.854163722;73.72900584;32.33511953;9.673618096;790.5692525
60.32%;7.61%;16.31%;2.27%;1.48%;0.45%;0.26%;0.39%;0.04%;10.86%;100.00%;150;4.947055472;6.419339266;103.6928841;38.30913481;12.24789887;850.4907382
61.18%;3.54%;17.45%;0.89%;0.36%;0.62%;0.08%;0.30%;0.11%;15.47%;100.00%;150;5.224169958;3.370451741;72.76822284;38.85373367;11.60866212;887.598817
56.56%;5.07%;23.07%;2.69%;0.42%;0.77%;0.13%;0.48%;0.02%;10.79%;100.00%;150;6.053615317;4.957904732;102.3868783;35.91754973;11.35917793;985.0546032
52.55%;6.11%;16.51%;2.61%;1.16%;0.81%;0.16%;0.51%;0.08%;19.50%;100.00%;150;6.291239681;5.176468098;94.8849856;33.37298064;10.55835119;887.6241556
49.69%;2.19%;20.71%;2.21%;0.96%;0.58%;0.28%;0.54%;0.07%;22.76%;100.00%;150;5.730693178;1.211698109;74.48184629;31.55911414;8.5843059;576.4240759
61.98%;6.29%;23.23%;0.95%;0.82%;0.71%;0.22%;0.55%;0.03%;5.23%;100.00%;150;5.874146656;5.787165726;105.9664402;39.36364757;9.588557824;1033.239125
61.58%;5.53%;21.14%;2.03%;0.77%;0.76%;0.15%;0.06%;0.09%;7.90%;100.00%;150;6.102388316;5.029035197;103.6384791;39.10595762;9.797528893;776.337748
58.75%;2.61%;13.14%;2.31%;0.51%;0.54%;0.05%;0.19%;0.13%;21.76%;100.00%;150;3.871620981;2.197053075;61.80526689;37.30880144;10.28562262;858.4826925
54.13%;7.58%;16.51%;2.16%;0.38%;0.90%;0.23%;0.15%;0.12%;17.85%;100.00%;150;6.443613306;7.707366701;103.430428;34.37423384;9.796199631;920.4425283
51.83%;3.28%;20.72%;0.47%;1.16%;0.30%;0.11%;0.11%;0.13%;21.89%;100.00%;150;6.263246656;2.133370062;76.44095258;32.91456612;8.254863554;615.9026515
59.49%;7.04%;13.87%;1.36%;0.75%;0.59%;0.18%;0.11%;0.07%;16.52%;100.00%;150;5.780749635;6.673945107;90.67230585;37.78278123;11.98883107;963.1954756
60.83%;1.70%;13.20%;1.61%;0.52%;0.40%;0.27%;0.17%;0.14%;21.18%;100.00%;150;5.553372707;1.20663723;54.68161422;38.63345789;9.818975986;668.6169137
61.72%;4.61%;21.25%;0.59%;1.16%;0.79%;0.18%;0.16%;0.11%;9.43%;100.00%;150;4.403608291;3.559154622;88.82495207;39.19626039;8.426104424;967.1069326
62.40%;5.62%;14.71%;0.55%;0.55%;0.45%;0.28%;0.59%;0.11%;14.75%;100.00%;150;5.774276818;5.397346167;80.50356702;39.6284918;8.760068076;929.1194309
49.89%;6.95%;23.78%;1.52%;1.11%;0.75%;0.02%;0.45%;0.04%;15.48%;100.00%;150;6.714202933;6.138953426;116.0817956;31.68321232;10.60191519;851.5872189
52.10%;2.95%;12.62%;1.69%;1.43%;0.32%;0.17%;0.48%;0.15%;28.10%;100.00%;150;6.060131923;1.46357389;60.3779743;33.0881196;7.11391431;712.9006742
60.79%;6.29%;15.29%;0.36%;1.33%;0.43%;0.04%;0.27%;0.05%;15.15%;100.00%;150;6.174265551;5.169978987;93.37752964;38.60588935;9.300460599;755.6133192
53.85%;7.08%;23.19%;2.12%;0.79%;0.56%;0.20%;0.40%;0.11%;11.70%;100.00%;150;6.49362571;6.665897891;115.5076903;34.19989301;11.47474842;903.0819296
57.07%;7.14%;19.96%;1.50%;1.35%;0.37%;0.08%;0.07%;0.13%;12.32%;100.00%;150;6.517107305;6.065504791;106.5167154;36.24062365;8.655346587;874.6067997
62.81%;6.47%;17.34%;2.92%;0.86%;0.45%;0.30%;0.60%;0.07%;8.19%;100.00%;150;6.257810863;5.936785898;102.4439931;39.89178783;11.65505091;867.3384163
60.87%;2.60%;13.34%;1.75%;1.10%;0.47%;0.27%;0.38%;0.08%;19.13%;100.00%;150;0.862589836;1.482900728;59.5699914;38.65925111;9.02439249;962.2871461
61.81%;6.78%;18.86%;1.89%;0.78%;0.77%;0.13%;0.54%;0.01%;8.44%;100.00%;150;6.578721834;6.357865993;109.4708306;39.25136719;8.39587391;884.5313122
53.04%;4.35%;15.58%;2.57%;0.36%;0.88%;0.10%;0.26%;0.13%;22.73%;100.00%;150;6.240650303;4.247234743;82.57049802;33.6860083;8.368488096;753.0259782
55.20%;3.12%;23.70%;0.74%;0.66%;0.83%;0.15%;0.23%;0.06%;15.30%;100.00%;150;5.924617772;2.562830845;84.77102158;35.05869298;8.961595595;712.7448964
57.73%;2.71%;18.92%;1.16%;1.01%;0.38%;0.26%;0.31%;0.14%;17.39%;100.00%;150;5.633148801;1.70050861;70.08855737;36.66039376;9.155404433;957.5846462
50.35%;5.98%;13.62%;1.94%;0.80%;0.26%;0.10%;0.49%;0.14%;26.31%;100.00%;150;5.910288086;5.47648321;83.76783021;31.97797767;9.692691908;649.4995698
62.56%;6.36%;22.39%;1.39%;0.82%;0.34%;0.13%;0.38%;0.03%;5.61%;100.00%;150;1.773876246;5.868194347;106.0263165;39.73059344;8.387848065;941.4209181
56.47%;3.75%;12.03%;0.77%;1.30%;0.38%;0.14%;0.18%;0.14%;24.85%;100.00%;150;5.772919799;2.474705388;61.73305073;35.86293503;8.479396644;797.1447758
54.32%;5.71%;17.87%;0.69%;1.32%;0.74%;0.27%;0.59%;0.03%;18.46%;100.00%;150;6.21545591;4.556114916;90.16773395;34.49778693;7.23798874;607.3905858
59.05%;4.84%;13.09%;2.83%;0.71%;0.28%;0.10%;0.09%;0.13%;18.88%;100.00%;150;6.136215891;4.361729341;74.44982546;37.5029244;12.08583693;810.4816435
58.08%;2.79%;18.22%;2.41%;1.02%;0.45%;0.12%;0.42%;0.06%;16.43%;100.00%;150;6.054458082;1.774045869;71.60258299;36.8832095;10.16112666;955.8060357
53.78%;3.49%;18.09%;0.94%;1.23%;0.57%;0.21%;0.38%;0.13%;21.17%;100.00%;150;5.498652024;2.27775108;80.98873488;34.15586208;9.799892383;604.0178714
53.85%;3.91%;23.87%;1.29%;1.37%;0.28%;0.06%;0.57%;0.05%;14.75%;100.00%;150;5.696570117;2.561400366;97.37017929;34.19882555;9.727828629;747.5805846
55.93%;5.64%;23.06%;2.26%;0.53%;0.45%;0.18%;0.40%;0.08%;11.47%;100.00%;150;6.370428741;5.437976161;105.8826559;35.52187323;12.51336542;779.5361203
50.77%;7.32%;18.48%;2.72%;0.57%;0.89%;0.08%;0.11%;0.07%;19.00%;100.00%;150;6.731021337;7.191446801;107.2197086;32.24191341;10.70359985;839.1643295
57.28%;4.47%;22.61%;1.09%;1.27%;0.43%;0.05%;0.21%;0.04%;12.54%;100.00%;150;6.345033473;3.283168844;91.39458217;36.3756425;8.773712654;702.4328504
52.73%;5.56%;19.94%;1.36%;1.45%;0.86%;0.27%;0.31%;0.06%;17.47%;100.00%;150;6.176456047;4.239928592;94.94674115;33.48431848;8.214823693;786.9113196
56.49%;3.04%;17.05%;1.89%;1.09%;0.45%;0.04%;0.13%;0.06%;19.76%;100.00%;150;6.050217407;1.971052659;69.37929052;35.87658492;9.369078897;954.7452334
55.53%;2.45%;17.64%;1.71%;0.93%;0.28%;0.19%;0.35%;0.14%;20.78%;100.00%;150;5.677621906;1.518086135;70.43383886;35.26643554;8.682928977;695.8087255
51.06%;6.08%;22.76%;1.66%;1.48%;0.87%;0.06%;0.37%;0.10%;15.56%;100.00%;150;6.351253401;4.765084196;108.1404118;32.42872311;8.667621092;594.1903407
61.58%;5.61%;16.91%;0.90%;0.95%;0.47%;0.15%;0.35%;0.01%;13.07%;100.00%;150;6.52344899;4.898341816;84.81408298;39.10501128;9.527269545;959.7907088
60.69%;6.85%;20.78%;0.56%;0.89%;0.33%;0.03%;0.28%;0.08%;9.52%;100.00%;150;6.682169335;6.301759499;108.5073565;38.54535439;8.893073646;734.5302022
55.98%;7.75%;21.77%;2.40%;1.10%;0.57%;0.09%;0.12%;0.14%;10.07%;100.00%;150;6.160399987;7.02322779;118.996301;35.55063415;8.329816488;868.8037455
56.21%;1.71%;12.67%;2.23%;0.52%;0.36%;0.08%;0.46%;0.11%;25.66%;100.00%;150;6.066093409;1.212902325;51.25107053;35.69937481;10.23773751;751.5368585
56.25%;1.94%;20.94%;2.88%;1.44%;0.26%;0.13%;0.28%;0.14%;15.74%;100.00%;150;6.061395107;0.364585472;72.33411665;35.72303689;12.53935264;762.7855593
59.98%;6.23%;14.65%;1.04%;0.49%;0.89%;0.14%;0.06%;0.11%;16.40%;100.00%;150;4.599758181;6.121774859;86.28870024;38.08851078;10.88546862;897.4962563
53.44%;5.12%;16.02%;1.84%;0.71%;0.67%;0.20%;0.14%;0.02%;21.83%;100.00%;150;6.214018427;4.651877335;82.36706853;33.94107124;8.355606961;803.9111738
53.77%;1.51%;15.92%;2.98%;1.30%;0.57%;0.07%;0.31%;0.14%;23.43%;100.00%;150;5.531879084;0.064822559;58.89797496;34.14912798;12.00746958;675.2413499
54.82%;5.14%;14.02%;0.85%;1.08%;0.82%;0.13%;0.19%;0.04%;22.90%;100.00%;150;5.861283699;4.230842982;79.65158751;34.81249528;7.525305332;596.5079935
58.24%;5.52%;18.30%;0.53%;0.62%;0.61%;0.17%;0.43%;0.06%;15.54%;100.00%;150;6.066859206;5.197748593;88.72316092;36.98494775;10.31362519;844.2271996
59.98%;7.02%;23.09%;0.75%;0.69%;0.79%;0.08%;0.31%;0.06%;7.22%;100.00%;150;5.02250547;6.725325415;113.3570634;38.09148226;11.27878578;884.9884436
61.75%;3.15%;14.05%;0.48%;0.34%;0.74%;0.04%;0.29%;0.11%;19.04%;100.00%;150;6.262849052;2.979034051;61.66993592;39.21735602;13.22823826;795.8817019
54.56%;2.74%;12.48%;2.33%;0.27%;0.55%;0.08%;0.31%;0.02%;26.67%;100.00%;150;5.985203197;2.629441584;59.49055772;34.64987761;10.28489567;795.678195
50.85%;7.89%;19.04%;2.93%;0.30%;0.72%;0.12%;0.52%;0.09%;17.55%;100.00%;150;6.662859362;8.133077615;114.6036909;32.29559314;8.482133711;627.8345817
49.36%;7.73%;18.79%;2.11%;1.33%;0.77%;0.09%;0.59%;0.08%;19.14%;100.00%;150;6.648695989;6.726473877;111.2373757;31.34424192;6.677182909;568.0151003
58.14%;1.55%;18.04%;2.91%;0.91%;0.65%;0.10%;0.46%;0.06%;17.19%;100.00%;150;5.983940212;0.576650545;64.65885221;36.92067667;10.94523296;968.8314993
52.99%;7.96%;21.46%;2.67%;0.93%;0.66%;0.28%;0.24%;0.03%;12.78%;100.00%;150;6.242152138;7.447526199;119.3856094;33.65060792;7.962600836;769.8698248
59.66%;5.68%;17.40%;1.04%;1.24%;0.82%;0.06%;0.16%;0.12%;13.82%;100.00%;150;6.617963083;4.624971121;89.17194029;37.89095075;12.18434431;983.1217198
62.06%;6.12%;16.49%;1.56%;0.46%;0.43%;0.04%;0.15%;0.08%;12.61%;100.00%;150;6.75000072;6.03335024;89.94559294;39.41296282;12.89816954;959.448208
57.87%;5.12%;22.84%;1.08%;1.11%;0.31%;0.12%;0.30%;0.02%;11.22%;100.00%;150;6.320503481;4.179935006;96.58913804;36.75355067;9.682361661;733.03342
54.82%;4.48%;15.43%;2.95%;1.00%;0.82%;0.14%;0.31%;0.03%;20.01%;100.00%;150;5.948716045;3.617095718;80.99609546;34.81453178;12.23591081;858.232505
55.98%;3.10%;20.61%;2.65%;0.95%;0.56%;0.01%;0.08%;0.09%;15.96%;100.00%;150;6.183845629;2.197965064;81.45289187;35.55052059;9.929293524;665.1481412
58.30%;2.35%;21.64%;2.51%;0.30%;0.56%;0.20%;0.42%;0.02%;13.71%;100.00%;150;5.771268874;2.171462779;82.314366;37.02684754;12.23410838;681.6330564
49.88%;6.56%;13.83%;2.90%;0.81%;0.29%;0.08%;0.11%;0.13%;25.40%;100.00%;150;6.326892368;6.083495294;92.73071819;31.67870021;10.0458262;766.7300515
51.00%;1.66%;22.71%;0.34%;1.22%;0.85%;0.06%;0.21%;0.05%;21.91%;100.00%;150;5.481189315;0.324966716;72.24709403;32.38941249;9.30754615;655.6413975
51.58%;6.50%;23.10%;1.66%;0.87%;0.67%;0.07%;0.60%;0.11%;14.85%;100.00%;150;6.268764592;5.960987378;110.8732041;32.7543862;8.340517182;854.6588905
51.01%;7.67%;12.27%;1.02%;0.58%;0.57%;0.03%;0.37%;0.06%;26.43%;100.00%;150;6.556430767;7.55673529;93.580599;32.3953176;8.99210265;841.2333965
60.05%;5.56%;12.37%;1.69%;1.00%;0.68%;0.29%;0.14%;0.12%;18.11%;100.00%;150;3.976588507;4.787798637;77.60546358;38.13669043;11.81881293;801.0065947
53.69%;5.31%;14.92%;0.45%;0.77%;0.35%;0.11%;0.36%;0.11%;23.93%;100.00%;150;5.825735175;4.78396913;78.88563095;34.09844623;9.097894224;815.8389381
49.70%;1.61%;13.02%;1.48%;0.71%;0.55%;0.25%;0.20%;0.14%;32.34%;100.00%;150;5.813693261;0.873843505;48.26601553;31.56467479;10.77090154;856.6984955
56.83%;2.14%;23.50%;0.95%;0.44%;0.84%;0.04%;0.14%;0.02%;15.12%;100.00%;150;5.677695291;1.776123074;80.10051615;36.08948688;8.964077007;894.4328215
60.24%;5.56%;17.26%;2.35%;0.61%;0.81%;0.01%;0.34%;0.08%;12.74%;100.00%;150;6.729011318;5.251526709;96.83885759;38.25432705;10.31599633;898.2080112
61.27%;7.94%;17.53%;2.26%;0.46%;0.41%;0.18%;0.52%;0.06%;9.38%;100.00%;150;6.410209851;7.990011489;108.1761374;38.91273936;8.449319794;907.4860477
52.07%;2.27%;17.70%;2.63%;0.41%;0.70%;0.08%;0.24%;0.05%;23.85%;100.00%;150;5.596485194;1.961890268;72.93231644;33.07105534;7.325955027;615.892652
61.12%;2.90%;24.00%;1.53%;0.28%;0.41%;0.19%;0.18%;0.05%;9.34%;100.00%;150;6.006705945;2.788156354;84.26156523;38.81459338;11.81788495;984.3139915
59.26%;4.04%;24.24%;0.68%;1.00%;0.90%;0.29%;0.11%;0.14%;9.34%;100.00%;150;6.078999977;3.148640852;93.62214804;37.63624363;10.03444688;761.165536
51.34%;4.99%;12.32%;2.20%;0.76%;0.57%;0.13%;0.10%;0.13%;27.45%;100.00%;150;6.149595399;4.460305535;76.40847368;32.60580452;6.662027564;640.2991214
51.88%;1.75%;19.18%;1.38%;0.65%;0.30%;0.17%;0.27%;0.12%;24.31%;100.00%;150;5.709295642;1.101361999;64.85595234;32.94523863;8.127102819;645.2954758
52.97%;2.41%;13.55%;1.55%;1.14%;0.60%;0.08%;0.41%;0.13%;27.17%;100.00%;150;5.755194395;1.217686705;57.132406;33.63755232;12.44324159;836.4211812
53.93%;2.19%;19.54%;1.32%;1.45%;0.37%;0.26%;0.18%;0.10%;20.67%;100.00%;150;5.864024048;0.611316853;72.61513241;34.24636926;8.348358908;794.9463658
57.72%;4.63%;21.91%;1.04%;1.26%;0.53%;0.24%;0.06%;0.07%;12.56%;100.00%;150;5.775004395;3.476300995;90.70709384;36.65412905;9.279211424;735.2566399
54.76%;1.90%;12.71%;2.13%;1.08%;0.28%;0.04%;0.48%;0.13%;26.48%;100.00%;150;5.661555382;0.748174859;52.1963671;34.77749235;10.46682375;644.4725551
60.17%;4.18%;16.48%;0.68%;0.35%;0.69%;0.17%;0.56%;0.13%;16.57%;100.00%;150;6.086347968;4.07998123;75.26655054;38.21449784;8.279349991;842.9767325
49.99%;1.74%;12.30%;2.57%;1.16%;0.90%;0.24%;0.14%;0.03%;30.93%;100.00%;150;5.176270686;0.48230002;52.44060351;31.74442674;8.615356452;715.0662412
51.43%;4.94%;12.24%;2.51%;1.22%;0.42%;0.15%;0.44%;0.08%;26.57%;100.00%;150;5.991073152;3.850171112;74.0627848;32.66355348;9.531003296;711.1075028
57.85%;3.50%;13.23%;2.26%;0.89%;0.27%;0.03%;0.37%;0.12%;21.47%;100.00%;150;4.573468784;2.69499207;66.9664651;36.74011655;11.71128409;793.4861986
58.26%;6.58%;23.23%;0.88%;0.87%;0.30%;0.28%;0.36%;0.04%;9.22%;100.00%;150;5.572941145;6.04249793;108.539005;36.99918058;9.999672553;718.4086412
55.18%;1.68%;15.13%;0.57%;1.04%;0.66%;0.10%;0.42%;0.13%;25.09%;100.00%;150;5.34812896;0.567260255;54.5277872;35.0404477;7.884827915;757.0198813
59.75%;3.70%;16.09%;0.95%;0.26%;0.55%;0.22%;0.07%;0.12%;18.28%;100.00%;150;5.814500158;3.667747417;77.00069957;37.94291194;8.679650894;716.1197823
56.74%;2.93%;22.91%;1.79%;0.69%;0.29%;0.26%;0.10%;0.04%;14.27%;100.00%;150;5.591553057;2.323578982;82.78228097;36.03297194;13.37300049;708.5126797
61.46%;6.01%;22.78%;2.24%;0.66%;0.31%;0.24%;0.45%;0.14%;5.71%;100.00%;150;6.263592605;5.672530633;107.844044;39.03455877;11.92222708;745.381475
58.20%;8.00%;24.62%;1.62%;0.61%;0.75%;0.03%;0.28%;0.03%;5.88%;100.00%;150;6.891301992;7.877726826;125.2346379;36.95823848;11.18262782;825.872397
61.13%;1.66%;22.56%;1.90%;1.46%;0.33%;0.18%;0.19%;0.03%;10.56%;100.00%;150;0.943083157;0.036164653;75.75099117;38.8213994;11.99056798;969.9465104
52.48%;1.96%;24.58%;1.96%;0.63%;0.41%;0.20%;0.19%;0.11%;17.47%;100.00%;150;5.796082299;1.347737855;79.82705551;33.32895349;10.43934898;776.2188137
59.75%;6.71%;22.22%;1.65%;0.87%;0.59%;0.08%;0.38%;0.01%;7.74%;100.00%;150;6.73079486;6.180143767;109.660347;37.94323748;12.42003706;729.9377045
49.71%;4.43%;14.76%;1.57%;1.14%;0.81%;0.05%;0.36%;0.01%;27.14%;100.00%;150;5.802973421;3.402284052;76.99282888;31.57189719;7.175139505;608.2235692
62.28%;5.73%;22.58%;1.49%;0.70%;0.66%;0.18%;0.28%;0.14%;5.97%;100.00%;150;5.404528469;5.331505702;110.0716489;39.5491589;8.815889963;774.9888051
58.61%;4.51%;14.32%;1.16%;1.07%;0.43%;0.26%;0.20%;0.04%;19.40%;100.00%;150;6.166547473;3.565662928;72.10082813;37.21953207;11.57936317;759.0334496
53.78%;4.49%;14.20%;2.41%;1.38%;0.31%;0.17%;0.57%;0.09%;22.59%;100.00%;150;6.28613059;3.179947738;76.1731141;34.15501038;10.73327016;710.6779406
57.37%;7.75%;21.54%;0.98%;1.27%;0.71%;0.21%;0.15%;0.12%;9.90%;100.00%;150;6.464619886;6.816535016;114.2002575;36.43336874;7.483941909;863.2498789
49.09%;6.30%;15.40%;1.56%;1.10%;0.90%;0.02%;0.54%;0.07%;25.02%;100.00%;150;6.257917921;5.465287109;90.63391477;31.17873982;8.629235024;793.1874379
52.11%;6.86%;20.89%;1.76%;0.64%;0.85%;0.21%;0.07%;0.09%;16.53%;100.00%;150;6.326530065;6.617005651;108.5456038;33.09617478;7.832414209;637.6102594
61.97%;2.98%;22.46%;1.81%;1.48%;0.28%;0.18%;0.41%;0.09%;8.34%;100.00%;150;2.079883428;1.42932355;82.56659079;39.35235973;9.219495493;944.0877036
54.77%;5.95%;19.39%;0.94%;1.35%;0.85%;0.12%;0.53%;0.05%;16.07%;100.00%;150;6.042951135;4.777847999;97.60658721;34.7808348;8.102975754;682.8338527
49.72%;6.43%;15.11%;2.79%;1.09%;0.55%;0.23%;0.54%;0.09%;23.45%;100.00%;150;5.764184341;5.61326341;96.11909022;31.57466048;6.474865233;652.7052937
50.47%;7.43%;21.24%;0.50%;0.64%;0.57%;0.19%;0.40%;0.15%;18.41%;100.00%;150;6.09870648;7.225809454;113.3377748;32.05094743;7.212403433;728.0362444
57.41%;3.87%;17.30%;0.83%;0.48%;0.61%;0.12%;0.13%;0.02%;19.22%;100.00%;150;5.99787229;3.585488034;78.27259345;36.46088429;9.023326686;708.4313197
52.48%;7.06%;18.67%;1.76%;0.38%;0.52%;0.25%;0.10%;0.07%;18.73%;100.00%;150;6.188657656;7.140030349;103.3032883;33.33030486;10.75275737;825.8547403
57.49%;5.64%;18.13%;0.60%;1.33%;0.91%;0.12%;0.57%;0.03%;15.18%;100.00%;150;5.975072065;4.4772025;90.05432036;36.51281898;9.250421262;657.1019435
62.60%;3.54%;12.04%;0.87%;0.71%;0.54%;0.28%;0.52%;0.10%;18.80%;100.00%;150;5.920816045;2.952864824;63.13131797;39.75795;11.78546125;840.2628506
58.96%;3.69%;13.12%;2.72%;0.84%;0.35%;0.17%;0.57%;0.04%;19.55%;100.00%;150;4.892132971;2.957848922;69.07765011;37.44091695;11.47640894;756.9783223
49.06%;3.35%;20.22%;1.52%;0.31%;0.91%;0.08%;0.49%;0.14%;23.92%;100.00%;150;6.261531611;3.22923431;80.49370074;31.15708018;6.934003918;603.3623714
51.99%;3.14%;22.69%;2.98%;0.29%;0.73%;0.28%;0.29%;0.11%;17.51%;100.00%;150;5.577654805;3.032530564;89.99526418;33.01701979;10.72052471;850.0477945
53.92%;7.61%;16.17%;0.74%;0.63%;0.76%;0.02%;0.43%;0.15%;19.56%;100.00%;150;6.27479744;7.433933927;100.1006549;34.24578254;10.01235686;933.4071381
54.15%;3.51%;22.89%;0.60%;1.28%;0.58%;0.28%;0.12%;0.02%;16.57%;100.00%;150;5.362301578;2.250939621;83.93915131;34.38691469;12.69246362;876.9523082
52.01%;7.12%;21.83%;0.25%;0.49%;0.76%;0.24%;0.57%;0.08%;16.65%;100.00%;150;6.006436826;7.068051194;110.4851151;33.03227088;7.096999888;606.9262449
61.99%;7.57%;22.37%;1.62%;1.15%;0.60%;0.11%;0.09%;0.09%;4.41%;100.00%;150;2.579281203;6.771266852;115.4468995;39.36854957;7.920852169;733.5207126
51.30%;4.98%;24.20%;1.95%;1.00%;0.61%;0.09%;0.51%;0.08%;15.28%;100.00%;150;6.171113202;4.160366593;102.4163115;32.58015136;8.463831992;855.9706515
62.26%;5.76%;12.65%;0.92%;1.15%;0.62%;0.29%;0.54%;0.11%;15.71%;100.00%;150;6.191083756;4.816774289;78.45711109;39.53705343;8.807010117;819.2327459
56.82%;1.90%;24.73%;1.30%;0.74%;0.68%;0.08%;0.51%;0.09%;13.14%;100.00%;150;6.011423915;1.160837511;80.9860427;36.08626557;11.12824082;982.2196855
60.50%;7.80%;12.56%;0.82%;1.19%;0.56%;0.30%;0.24%;0.11%;15.93%;100.00%;150;6.176522972;6.973219349;98.11478677;38.42354634;9.31806939;847.8134044
52.08%;2.59%;13.91%;0.74%;1.33%;0.53%;0.05%;0.17%;0.14%;28.48%;100.00%;150;5.759528557;1.193774179;56.22838254;33.07229315;7.276695211;774.1680265
57.27%;4.41%;12.02%;2.74%;1.11%;0.45%;0.08%;0.58%;0.06%;21.28%;100.00%;150;5.915271628;3.411913061;70.73074719;36.37261802;9.997924946;660.1478094
53.94%;4.25%;14.12%;1.69%;0.73%;0.85%;0.09%;0.51%;0.11%;23.70%;100.00%;150;5.853665561;3.698968536;73.03049407;34.25424274;7.575414163;855.638028
55.75%;2.12%;23.00%;2.35%;1.12%;0.44%;0.02%;0.11%;0.15%;14.95%;100.00%;150;5.895726072;0.934789107;78.11491601;35.40461135;12.41058287;805.8218332
59.06%;6.28%;21.77%;2.84%;0.69%;0.34%;0.29%;0.27%;0.14%;8.33%;100.00%;150;6.003667145;5.932515098;112.4499925;37.50648639;12.66979376;794.6824962
58.91%;7.75%;16.72%;1.91%;1.18%;0.37%;0.29%;0.15%;0.15%;12.57%;100.00%;150;6.12166275;6.930976522;109.6731627;37.40962743;8.780816728;865.5868163
49.78%;1.98%;17.63%;1.76%;0.65%;0.65%;0.06%;0.43%;0.02%;27.03%;100.00%;150;5.999980527;1.355584742;69.64123535;31.61269924;7.481428441;702.0349756
56.17%;1.51%;20.22%;1.30%;0.76%;0.89%;0.05%;0.09%;0.15%;18.87%;100.00%;150;5.578661243;0.716615163;68.84052333;35.67327876;10.74654367;859.8275881
59.53%;4.52%;19.47%;2.83%;0.83%;0.91%;0.09%;0.18%;0.10%;11.55%;100.00%;150;5.741406335;3.8734702;92.30261799;37.80353997;10.34214697;942.248754
55.58%;2.67%;21.02%;0.69%;1.41%;0.63%;0.16%;0.57%;0.14%;17.13%;100.00%;150;5.446404616;1.182551532;76.18419591;35.29823608;12.02769419;811.2136211
59.73%;2.91%;20.88%;1.00%;0.52%;0.36%;0.05%;0.12%;0.02%;14.40%;100.00%;150;6.289504662;2.50026567;75.46164938;37.93394072;8.416197262;832.1795604
49.43%;6.92%;18.12%;1.23%;0.87%;0.34%;0.23%;0.17%;0.02%;22.66%;100.00%;150;6.021374023;6.410060068;98.63046427;31.39346442;7.794847098;775.6254893
60.23%;4.16%;24.40%;2.06%;0.54%;0.52%;0.13%;0.16%;0.15%;7.66%;100.00%;150;4.359039274;3.836136937;96.08015456;38.24833488;12.76758277;1066.166499
53.44%;3.35%;24.27%;0.86%;1.25%;0.44%;0.27%;0.46%;0.04%;15.61%;100.00%;150;5.702249023;2.103865102;87.16318396;33.94128322;10.3578589;882.2673752
59.15%;5.60%;12.89%;2.26%;0.88%;0.82%;0.02%;0.23%;0.10%;18.06%;100.00%;150;6.730902331;4.970225605;78.75241743;37.56751723;9.888993226;856.6772357
51.41%;5.98%;19.41%;1.82%;1.29%;0.72%;0.24%;0.26%;0.06%;18.82%;100.00%;150;5.891783033;4.889564964;98.37870558;32.65005122;10.47423778;866.706513
52.38%;7.70%;15.14%;1.74%;1.29%;0.46%;0.30%;0.07%;0.06%;20.88%;100.00%;150;6.178206225;6.729114896;98.4670506;33.26227874;10.19390004;769.7750681
55.36%;2.54%;24.43%;2.36%;1.41%;0.32%;0.08%;0.40%;0.04%;13.06%;100.00%;150;6.07574427;1.04611052;84.98342095;35.15777771;9.003641383;646.8191465
60.37%;2.64%;18.69%;2.03%;0.85%;0.39%;0.17%;0.27%;0.13%;14.45%;100.00%;150;3.465737818;1.817958505;73.92907078;38.34082557;11.97476887;754.4215018
57.21%;2.26%;22.13%;2.91%;0.32%;0.41%;0.01%;0.45%;0.11%;14.18%;100.00%;150;5.903814655;2.041453904;79.66175589;36.3303132;11.2435117;675.69947
60.66%;3.48%;15.99%;1.58%;0.37%;0.77%;0.11%;0.13%;0.14%;16.77%;100.00%;150;4.066150545;3.307171021;70.47497315;38.52186265;11.63578971;972.7286682
53.91%;7.34%;24.49%;1.89%;0.75%;0.45%;0.12%;0.47%;0.14%;10.44%;100.00%;150;6.216226897;6.998541523;120.407768;34.23739804;7.494261319;703.0432528
49.68%;3.38%;14.72%;2.89%;1.33%;0.68%;0.03%;0.57%;0.08%;26.65%;100.00%;150;6.300814895;2.044752466;70.33680055;31.54952969;11.69715981;733.1523987
62.14%;5.53%;13.13%;0.48%;0.36%;0.60%;0.18%;0.20%;0.12%;17.26%;100.00%;150;2.029147106;5.520999077;75.55621419;39.46044975;9.350662738;783.2968395
52.23%;1.52%;12.44%;1.16%;1.45%;0.54%;0.05%;0.13%;0.07%;30.41%;100.00%;150;5.768525529;-0.104666213;48.5250152;33.16706639;11.5211597;682.3911303
52.40%;3.38%;13.06%;2.58%;0.65%;0.28%;0.06%;0.52%;0.11%;26.97%;100.00%;150;6.319827104;2.864378126;64.59326417;33.27699609;8.714159462;716.963425
50.34%;4.66%;13.40%;1.08%;0.53%;0.83%;0.26%;0.32%;0.07%;28.51%;100.00%;150;5.551138873;4.371885411;71.99269916;31.96712135;11.2244401;906.7810746
54.73%;2.52%;13.62%;1.70%;0.99%;0.26%;0.18%;0.21%;0.01%;25.76%;100.00%;150;5.5893894;1.52361649;57.4179497;34.76007228;9.812764437;878.997016
55.70%;4.21%;22.69%;1.31%;0.31%;0.89%;0.22%;0.25%;0.06%;14.37%;100.00%;150;6.165985311;4.160088874;92.52599857;35.37497602;9.082255262;857.6714898
57.84%;3.65%;22.80%;1.56%;0.63%;0.90%;0.07%;0.43%;0.12%;12.00%;100.00%;150;6.030130967;3.175480493;88.82764438;36.73510477;11.83949566;908.6699415
59.58%;7.08%;17.59%;1.66%;0.95%;0.56%;0.25%;0.06%;0.05%;12.23%;100.00%;150;6.554011785;6.478849701;103.8030184;37.83537457;7.432897599;923.837336
51.76%;5.64%;20.63%;1.58%;0.89%;0.52%;0.15%;0.59%;0.09%;18.17%;100.00%;150;6.489436207;4.999539835;103.5840842;32.86974784;10.37326172;714.1144283
56.18%;3.05%;13.15%;2.72%;0.35%;0.69%;0.23%;0.23%;0.10%;23.32%;100.00%;150;5.592657431;2.86173425;63.578908;35.67718522;11.01074449;838.2042843
59.99%;6.19%;19.97%;2.37%;1.49%;0.71%;0.08%;0.41%;0.06%;8.74%;100.00%;150;6.15219027;4.872964914;108.0221983;38.09540765;11.71682274;733.232474
55.60%;5.27%;14.10%;0.62%;1.17%;0.45%;0.23%;0.32%;0.10%;22.15%;100.00%;150;6.177380961;4.260417372;75.98023691;35.30982675;7.454934705;723.1010087
49.18%;4.24%;13.49%;0.85%;0.93%;0.31%;0.17%;0.48%;0.07%;30.29%;100.00%;150;5.939605014;3.439146619;67.17699291;31.23243848;7.83633985;603.6378779
58.21%;7.94%;21.91%;1.83%;0.80%;0.83%;0.22%;0.20%;0.01%;8.05%;100.00%;150;6.330474444;7.583184483;118.9913719;36.9693522;8.545952207;710.3133379
52.28%;3.85%;14.89%;2.59%;0.91%;0.41%;0.17%;0.15%;0.10%;24.63%;100.00%;150;6.063454147;3.05013858;73.87152062;33.20326548;7.474096109;817.4900119
60.57%;4.08%;19.20%;2.77%;0.28%;0.30%;0.02%;0.20%;0.13%;12.45%;100.00%;150;3.900855635;4.06486475;84.25798912;38.46936773;12.41264503;886.6679798
57.19%;6.87%;12.39%;1.83%;1.09%;0.68%;0.18%;0.05%;0.04%;19.67%;100.00%;150;6.439538435;6.092342186;86.90174729;36.32105051;8.620415078;900.9362229
50.83%;4.92%;22.29%;0.47%;1.07%;0.61%;0.07%;0.39%;0.12%;19.22%;100.00%;150;6.012887174;4.01058673;94.18590379;32.28365801;9.225044242;744.1112925
52.91%;7.08%;16.47%;0.68%;0.36%;0.67%;0.21%;0.23%;0.03%;21.36%;100.00%;150;6.348102902;7.186014058;95.42103194;33.602239;9.685711739;692.0569148
49.64%;2.41%;20.12%;1.09%;0.95%;0.81%;0.02%;0.46%;0.06%;24.43%;100.00%;150;6.137749266;1.455747834;71.85614589;31.52462981;8.201274949;645.7262684
51.21%;5.54%;19.84%;1.55%;1.02%;0.50%;0.07%;0.21%;0.08%;19.97%;100.00%;150;6.469385712;4.744465544;98.3012839;32.51986623;9.474823399;700.667389
56.54%;4.91%;20.30%;1.68%;1.36%;0.71%;0.23%;0.34%;0.15%;13.79%;100.00%;150;6.227448017;3.647994598;91.88730626;35.90738234;12.45617421;949.9778068
55.77%;1.61%;12.70%;2.91%;0.67%;0.47%;0.23%;0.16%;0.13%;25.36%;100.00%;150;5.605366623;0.925925267;51.15041635;35.41553202;10.57989026;869.0903914
55.90%;2.90%;20.53%;2.86%;1.38%;0.56%;0.22%;0.42%;0.06%;15.18%;100.00%;150;4.928832181;1.454837065;80.60170145;35.50061104;11.61490423;743.4807061
62.85%;4.95%;14.18%;1.39%;0.73%;0.77%;0.13%;0.10%;0.08%;14.83%;100.00%;150;6.464347759;4.44509369;75.97032418;39.91616155;9.255928354;869.2009768
54.30%;7.94%;22.15%;2.90%;0.79%;0.85%;0.03%;0.22%;0.02%;10.79%;100.00%;150;6.806861347;7.593273981;121.1202998;34.4822898;7.940982412;694.5398514
51.46%;3.78%;16.13%;2.67%;1.48%;0.74%;0.02%;0.30%;0.06%;23.36%;100.00%;150;6.047818187;2.291491198;75.96772224;32.68251797;7.771541046;844.7468343
51.43%;2.17%;21.06%;0.82%;0.86%;0.34%;0.28%;0.50%;0.14%;22.39%;100.00%;150;5.857023316;1.299182555;70.96977198;32.6630311;9.348304494;771.6070428
60.98%;6.22%;21.06%;2.94%;1.19%;0.27%;0.03%;0.16%;0.04%;7.12%;100.00%;150;4.261207862;5.269816983;106.3127725;38.72655045;10.42661188;704.3307918
56.54%;6.45%;14.76%;2.82%;0.55%;0.82%;0.19%;0.06%;0.08%;17.74%;100.00%;150;6.056444842;6.285747978;94.32089708;35.90523606;11.91349628;729.0181811
62.33%;5.23%;18.40%;1.15%;0.55%;0.72%;0.13%;0.54%;0.12%;10.83%;100.00%;150;6.502337854;4.970652197;89.51187459;39.58627404;9.765462827;994.4952455
52.28%;7.15%;12.79%;2.00%;0.43%;0.83%;0.05%;0.27%;0.02%;24.18%;100.00%;150;6.486307516;7.17933871;93.9826057;33.20096021;9.878316135;864.821905
56.65%;3.70%;15.97%;1.12%;1.17%;0.62%;0.16%;0.18%;0.06%;20.35%;100.00%;150;5.774621016;2.57259422;73.34695191;35.9796291;9.483129925;813.4206384
60.17%;1.51%;24.26%;2.72%;0.73%;0.78%;0.05%;0.54%;0.15%;9.10%;100.00%;150;3.573876278;0.744421522;80.08506707;38.2096072;12.01049068;827.3819932
51.43%;2.17%;22.74%;0.42%;0.66%;0.29%;0.29%;0.51%;0.10%;21.40%;100.00%;150;5.192975154;1.546474284;78.48366877;32.66198635;11.3390682;825.7408496
55.45%;5.73%;22.75%;1.62%;0.96%;0.28%;0.23%;0.37%;0.12%;12.48%;100.00%;150;5.935878445;5.010559907;102.4478193;35.21724143;9.212443877;800.2670912
54.16%;7.66%;21.75%;2.07%;0.44%;0.55%;0.29%;0.13%;0.10%;12.85%;100.00%;150;5.874333363;7.719267113;115.6495502;34.39740005;10.27367898;907.6983474
53.55%;6.06%;18.45%;2.40%;1.00%;0.28%;0.06%;0.55%;0.03%;17.62%;100.00%;150;6.694268137;5.3156263;98.60156056;34.01081969;8.106800374;733.9831564
55.52%;5.13%;24.43%;2.10%;1.49%;0.30%;0.12%;0.45%;0.03%;10.43%;100.00%;150;6.445130063;3.740083928;103.1896454;35.26160168;7.769400011;787.6426065
59.94%;2.59%;16.44%;0.96%;1.36%;0.79%;0.24%;0.58%;0.11%;16.99%;100.00%;150;4.280367434;1.156894664;67.52035462;38.06502282;13.9803802;829.0618637
58.01%;2.08%;24.03%;2.54%;0.31%;0.27%;0.28%;0.44%;0.03%;12.01%;100.00%;150;5.722341006;1.868176261;83.51670612;36.8407949;9.273032199;772.1322887
51.54%;2.67%;17.38%;1.53%;1.18%;0.60%;0.15%;0.15%;0.02%;24.77%;100.00%;150;5.600335675;1.453636733;67.01306404;32.73387351;10.18448828;703.9658491
52.10%;3.23%;17.36%;0.44%;1.49%;0.90%;0.15%;0.35%;0.12%;23.85%;100.00%;150;5.768248174;1.686573878;69.77734558;33.08915678;9.518638732;670.2632951
59.68%;2.91%;21.30%;0.47%;0.36%;0.71%;0.07%;0.11%;0.10%;14.29%;100.00%;150;3.34064028;2.692961022;77.48885105;37.90223481;10.06380562;894.9874125
51.92%;6.38%;16.80%;2.22%;0.58%;0.44%;0.27%;0.60%;0.03%;20.76%;100.00%;150;6.361602255;6.175414725;95.17879962;32.97313649;10.35740891;888.9295875
60.44%;5.32%;21.76%;1.01%;0.66%;0.39%;0.19%;0.37%;0.11%;9.73%;100.00%;150;6.108740172;4.925923548;96.59124451;38.38580662;9.56720708;690.6370952
50.38%;6.38%;13.48%;3.00%;1.01%;0.53%;0.23%;0.25%;0.13%;24.61%;100.00%;150;6.379097556;5.654387179;89.36921809;31.99241112;9.870211785;636.9498374
50.60%;2.61%;16.21%;1.18%;0.96%;0.26%;0.15%;0.08%;0.01%;27.94%;100.00%;150;5.720438399;1.661011765;61.99202571;32.13711662;9.344112889;761.5514939
61.84%;7.18%;21.84%;2.39%;1.36%;0.56%;0.22%;0.58%;0.06%;3.96%;100.00%;150;5.558285563;6.094284609;113.8531592;39.26971846;8.62424935;901.8798295
57.03%;4.09%;19.54%;1.64%;1.49%;0.69%;0.14%;0.15%;0.06%;15.15%;100.00%;150;6.031621283;2.603190056;83.96552956;36.21916463;11.55080471;709.7571686
56.27%;3.08%;23.32%;1.70%;0.41%;0.28%;0.25%;0.52%;0.13%;14.04%;100.00%;150;5.542823755;2.825933156;87.42341274;35.73528243;8.029945644;748.4429984
51.59%;4.65%;16.02%;0.54%;0.99%;0.54%;0.05%;0.46%;0.07%;25.07%;100.00%;150;6.508538257;3.809159046;77.82119939;32.76472014;9.866624315;816.0032308
50.92%;7.04%;17.31%;1.81%;1.24%;0.55%;0.06%;0.52%;0.07%;20.47%;100.00%;150;6.514313193;6.089970924;100.4347185;32.33519146;7.201997682;663.0274671
51.56%;7.46%;18.35%;2.69%;0.29%;0.60%;0.15%;0.45%;0.05%;18.41%;100.00%;150;6.689363724;7.678756172;111.0600964;32.74157665;7.810539002;672.4816594
51.43%;2.65%;23.48%;1.78%;0.69%;0.88%;0.28%;0.46%;0.03%;18.33%;100.00%;150;5.449407832;2.016971432;83.76070742;32.66133906;9.631186366;642.3318127
55.50%;2.71%;13.05%;2.05%;1.30%;0.57%;0.07%;0.40%;0.03%;24.31%;100.00%;150;5.57832158;1.353149765;60.85604779;35.24837196;7.701064461;633.1872695
52.54%;1.71%;22.16%;0.83%;0.36%;0.51%;0.12%;0.47%;0.11%;21.19%;100.00%;150;6.004651219;1.406027126;74.75149252;33.36819977;11.01278574;705.9589979
52.73%;6.54%;13.03%;0.56%;1.33%;0.25%;0.18%;0.15%;0.01%;25.21%;100.00%;150;6.392003063;5.444464246;82.04101758;33.48822872;8.869834029;882.645015
56.22%;5.97%;15.15%;1.09%;0.39%;0.34%;0.14%;0.24%;0.05%;20.41%;100.00%;150;5.965407174;5.947807607;84.36985113;35.70336076;11.74893149;892.1855808
50.16%;4.02%;22.53%;2.93%;1.34%;0.87%;0.21%;0.10%;0.08%;17.76%;100.00%;150;5.822724876;2.709880039;93.13934323;31.85618854;6.97013538;730.3848565
51.31%;2.90%;24.67%;2.74%;1.10%;0.31%;0.11%;0.11%;0.06%;16.68%;100.00%;150;5.576926973;1.797889576;89.07561136;32.58775987;10.98929921;893.6957554
60.74%;4.33%;18.13%;1.15%;0.95%;0.52%;0.13%;0.17%;0.02%;13.87%;100.00%;150;4.276539703;3.519483384;86.33734701;38.57633351;9.419665312;765.4000038
52.72%;2.24%;17.60%;2.55%;1.18%;0.32%;0.14%;0.08%;0.08%;23.09%;100.00%;150;5.58623305;0.995648331;67.5907577;33.48275514;10.87522638;749.8795781
53.36%;6.53%;24.17%;0.91%;1.05%;0.55%;0.06%;0.56%;0.08%;12.72%;100.00%;150;6.435543418;5.76388073;111.0372109;33.88861796;7.782868383;741.0526762
60.05%;2.50%;14.97%;1.44%;1.15%;0.64%;0.16%;0.12%;0.05%;18.92%;100.00%;150;5.880905936;1.308783382;59.71765099;38.13383629;8.906606228;786.9357429
60.24%;5.95%;22.37%;1.97%;0.66%;0.66%;0.23%;0.44%;0.06%;7.42%;100.00%;150;6.090962069;5.607374673;107.5567009;38.25963408;12.14288723;797.1463705
61.74%;4.74%;22.68%;1.69%;0.99%;0.46%;0.04%;0.51%;0.08%;7.07%;100.00%;150;3.057481413;3.918695481;96.09378407;39.21015254;10.08937545;777.405767
49.87%;2.21%;20.65%;1.19%;1.47%;0.26%;0.08%;0.58%;0.05%;23.65%;100.00%;150;6.022148018;0.61496237;73.27758169;31.66886025;8.49646967;774.7035065
56.78%;1.86%;17.50%;2.05%;0.42%;0.65%;0.07%;0.26%;0.02%;20.39%;100.00%;150;6.054939076;1.49852671;62.88849179;36.05778476;11.58011942;732.7202726
55.36%;2.40%;21.23%;1.78%;0.27%;0.63%;0.11%;0.17%;0.10%;17.95%;100.00%;150;5.737203296;2.257866558;75.03009897;35.15594562;7.991700889;899.553009
51.80%;2.08%;14.30%;1.86%;0.91%;0.67%;0.07%;0.46%;0.09%;27.77%;100.00%;150;6.078911441;1.141472283;56.95080731;32.89378467;12.45510966;652.5289968
54.41%;6.31%;18.06%;1.25%;0.40%;0.54%;0.29%;0.27%;0.10%;18.38%;100.00%;150;6.0452359;6.307019486;95.68554588;34.55245463;7.932556968;796.5702023
61.76%;2.01%;19.53%;0.28%;0.39%;0.30%;0.04%;0.20%;0.04%;15.46%;100.00%;150;5.364793533;1.700596014;64.57779541;39.22292424;10.30395841;818.7853868
62.67%;6.34%;23.34%;1.98%;1.03%;0.78%;0.02%;0.34%;0.03%;3.47%;100.00%;150;6.719770001;5.590949015;111.3441569;39.80164025;12.31361893;1000.244831
58.12%;6.90%;13.96%;1.78%;0.80%;0.87%;0.23%;0.26%;0.06%;17.02%;100.00%;150;6.258826302;6.46949719;91.45435618;36.91314765;8.885158173;959.7596895
62.68%;2.05%;19.47%;0.54%;0.49%;0.80%;0.14%;0.30%;0.07%;13.44%;100.00%;150;-0.023771104;1.618066874;66.43336889;39.80871881;14.35421357;939.2907257
60.47%;6.94%;16.66%;0.27%;1.00%;0.68%;0.24%;0.34%;0.15%;13.26%;100.00%;150;6.067931704;6.269770965;99.55348745;38.40395348;7.892952583;719.9554954
62.25%;3.28%;18.07%;2.44%;1.21%;0.86%;0.15%;0.11%;0.13%;11.49%;100.00%;150;5.025437827;2.082199679;80.79793225;39.53310155;12.93427784;908.3434813
49.69%;7.22%;22.24%;2.46%;1.16%;0.57%;0.10%;0.30%;0.05%;16.22%;100.00%;150;6.313005754;6.374610007;115.1978064;31.55431245;6.73358832;626.0564614
58.37%;2.44%;18.41%;1.79%;1.13%;0.36%;0.10%;0.47%;0.06%;16.87%;100.00%;150;6.13485783;1.265493173;70.2355422;37.06624144;9.569394031;873.4747941
52.60%;7.32%;19.32%;2.30%;1.28%;0.34%;0.08%;0.43%;0.03%;16.27%;100.00%;150;6.383102464;6.343909819;109.9198012;33.40551553;10.29848428;890.295465
60.62%;6.89%;20.97%;2.92%;0.53%;0.32%;0.21%;0.42%;0.04%;7.08%;100.00%;150;6.555841206;6.772747565;109.7903261;38.49628519;11.3906972;808.3537404
62.16%;2.07%;12.30%;0.31%;1.25%;0.63%;0.20%;0.20%;0.15%;20.75%;100.00%;150;5.689170803;0.719066062;47.84330216;39.47461445;13.54532957;1036.182241
62.09%;7.98%;18.34%;1.42%;0.33%;0.74%;0.06%;0.56%;0.02%;8.47%;100.00%;150;3.399429908;8.186676844;109.4659996;39.43145414;12.95981236;970.7515569
59.06%;3.29%;20.28%;1.34%;1.22%;0.32%;0.12%;0.42%;0.10%;13.85%;100.00%;150;4.805120699;2.077463897;78.19865609;37.50770148;11.88358931;859.624015
55.77%;3.69%;15.30%;1.65%;0.76%;0.68%;0.10%;0.37%;0.10%;21.57%;100.00%;150;5.772056206;3.059309348;76.05554592;35.41918865;7.544208376;766.4424071
50.93%;4.84%;14.36%;2.26%;1.00%;0.83%;0.04%;0.14%;0.13%;25.45%;100.00%;150;6.152775202;4.003181135;78.30927089;32.34696761;8.620617855;857.3922068
54.46%;3.42%;13.19%;1.91%;0.33%;0.68%;0.07%;0.59%;0.13%;25.21%;100.00%;150;6.2943373;3.291341243;65.3904491;34.58805185;12.73663582;982.9894458
58.98%;7.65%;14.11%;2.19%;1.12%;0.45%;0.13%;0.14%;0.12%;15.11%;100.00%;150;6.716284562;6.889122506;101.8271166;37.45646707;9.140103844;923.6936212
58.18%;1.87%;23.53%;2.27%;1.34%;0.50%;0.11%;0.29%;0.13%;11.80%;100.00%;150;5.257917984;0.40886323;81.40158074;36.94836256;9.052998634;673.7668039
52.13%;7.47%;18.25%;2.42%;0.33%;0.30%;0.08%;0.09%;0.11%;18.82%;100.00%;150;6.620346108;7.641237283;105.9265675;33.106539;6.46783423;806.4072752
53.06%;6.55%;19.84%;2.17%;0.73%;0.48%;0.18%;0.57%;0.05%;16.35%;100.00%;150;6.199144389;6.176228492;105.680475;33.69755355;7.328322073;607.3866446
52.71%;3.68%;16.72%;1.63%;1.01%;0.36%;0.17%;0.16%;0.01%;23.56%;100.00%;150;6.221919735;2.742428921;74.17943425;33.4732199;8.148686294;664.058544
55.78%;1.98%;22.82%;1.38%;1.25%;0.38%;0.16%;0.33%;0.06%;15.87%;100.00%;150;5.768960023;0.629844625;74.60745536;35.42138414;10.76190215;664.7270567
49.58%;3.24%;18.85%;2.64%;1.08%;0.43%;0.07%;0.06%;0.13%;23.92%;100.00%;150;6.269583082;2.194997312;76.88412714;31.48612356;7.668538109;751.4821429
49.43%;6.40%;19.63%;1.68%;0.39%;0.33%;0.29%;0.20%;0.08%;21.59%;100.00%;150;6.270121662;6.419845911;100.0526465;31.38974723;6.476527663;539.227057
54.81%;6.82%;19.87%;0.77%;1.24%;0.48%;0.09%;0.41%;0.04%;15.46%;100.00%;150;6.737138763;5.851033949;101.7960643;34.80930425;7.083859337;726.1417415
62.96%;6.71%;16.55%;0.97%;0.92%;0.67%;0.24%;0.22%;0.06%;10.70%;100.00%;150;6.094976494;6.115080926;98.37670708;39.98540655;8.778343467;886.6233389
51.83%;2.98%;22.64%;2.96%;1.33%;0.60%;0.10%;0.38%;0.01%;17.17%;100.00%;150;5.707598303;1.611929405;85.72590802;32.91670104;9.272231288;840.4705334
58.07%;5.48%;16.82%;1.84%;0.50%;0.62%;0.02%;0.26%;0.10%;16.29%;100.00%;150;6.106571656;5.301850038;96.54631795;36.88125627;9.756517307;714.8605867
59.08%;3.00%;23.62%;0.95%;0.63%;0.39%;0.03%;0.45%;0.04%;11.82%;100.00%;150;6.059370191;2.473442366;85.20460617;37.51847074;13.17884813;877.6296063
57.61%;4.62%;14.78%;1.53%;0.31%;0.41%;0.01%;0.08%;0.09%;20.56%;100.00%;150;5.407523748;4.603566885;76.44861039;36.58759434;8.957000569;906.170938
57.16%;5.85%;15.14%;2.90%;1.09%;0.50%;0.15%;0.32%;0.12%;16.77%;100.00%;150;5.84116273;4.996402794;90.5275234;36.29992081;7.795029272;817.1522844
53.48%;3.61%;19.17%;1.87%;0.27%;0.30%;0.02%;0.11%;0.12%;21.05%;100.00%;150;6.01297809;3.564822005;78.97360928;33.96593706;9.948097293;887.7482626
59.51%;3.80%;16.86%;2.34%;0.81%;0.45%;0.22%;0.28%;0.09%;15.64%;100.00%;150;5.913049398;3.122976633;75.61536786;37.79337636;12.57926947;727.9737372
58.07%;5.93%;14.80%;0.65%;0.81%;0.38%;0.06%;0.11%;0.07%;19.13%;100.00%;150;6.537038092;5.404558784;83.56098164;36.87569562;11.17668054;870.7473235
60.55%;2.59%;19.50%;2.93%;0.36%;0.44%;0.24%;0.55%;0.13%;12.72%;100.00%;150;4.251605298;2.35733269;77.40503956;38.45360184;14.36352063;802.7512187
61.11%;7.58%;18.37%;2.91%;1.25%;0.56%;0.06%;0.20%;0.13%;7.84%;100.00%;150;6.605032794;6.657202314;108.9101662;38.80651928;9.124266406;865.6308191
57.33%;4.28%;22.83%;2.58%;0.63%;0.84%;0.29%;0.11%;0.10%;11.01%;100.00%;150;5.835343816;3.848392874;98.4498263;36.41111859;12.36154719;712.8830224
60.13%;6.71%;20.59%;2.68%;0.88%;0.73%;0.02%;0.38%;0.02%;7.85%;100.00%;150;4.020854691;6.173480264;107.934664;38.18848128;10.10085506;806.9989421
60.71%;4.73%;24.92%;0.27%;1.04%;0.37%;0.29%;0.17%;0.11%;7.38%;100.00%;150;1.904224029;3.836984601;97.42197867;38.55722896;13.98757087;811.2032482
52.36%;1.94%;22.55%;1.17%;0.49%;0.44%;0.08%;0.15%;0.10%;20.73%;100.00%;150;5.778178775;1.504486513;72.90985705;33.25195236;11.7097516;811.4244903
53.99%;5.67%;14.58%;0.88%;0.53%;0.54%;0.28%;0.58%;0.07%;22.89%;100.00%;150;6.307055471;5.467395353;81.65701294;34.28772018;7.801395289;676.2143278
58.09%;5.20%;23.32%;0.85%;0.37%;0.67%;0.22%;0.51%;0.02%;10.74%;100.00%;150;5.688045717;5.150146946;103.1445831;36.89227157;8.237798337;878.5423506
53.07%;2.40%;19.16%;1.31%;1.33%;0.87%;0.28%;0.22%;0.04%;21.31%;100.00%;150;5.316139645;0.991590314;73.31332447;33.70646421;9.556251567;903.3386945
49.63%;4.28%;23.82%;0.30%;1.15%;0.55%;0.28%;0.06%;0.14%;19.80%;100.00%;150;5.515049156;3.219188917;91.67063483;31.52005145;9.843796559;801.1645569
58.14%;5.66%;12.49%;2.19%;0.64%;0.32%;0.18%;0.32%;0.13%;19.93%;100.00%;150;6.43084531;5.323701698;81.0864353;36.92362544;12.05636264;830.0007703
51.69%;4.99%;20.89%;0.63%;1.22%;0.80%;0.02%;0.51%;0.13%;19.14%;100.00%;150;6.351238103;3.906411361;91.79364937;32.82643612;9.444947839;643.287519
50.78%;6.55%;21.11%;0.94%;1.28%;0.83%;0.04%;0.15%;0.12%;18.20%;100.00%;150;6.515317413;5.510731914;107.0433949;32.24966198;6.238237525;757.1204676
49.28%;3.41%;17.72%;1.73%;0.64%;0.73%;0.16%;0.31%;0.03%;25.99%;100.00%;150;5.638577648;2.895589037;74.61134727;31.29689315;8.240726033;682.3226949
50.67%;1.64%;12.77%;2.04%;1.44%;0.43%;0.11%;0.06%;0.08%;30.77%;100.00%;150;5.713271728;0.034687822;52.78254887;32.17616985;11.55948814;632.4771499
53.14%;5.31%;24.39%;1.84%;0.51%;0.75%;0.03%;0.48%;0.05%;13.50%;100.00%;150;5.943899347;5.103228169;105.8033641;33.74891287;7.509299811;748.6623388
49.70%;6.67%;22.18%;0.48%;0.99%;0.45%;0.07%;0.25%;0.07%;19.16%;100.00%;150;6.641527974;5.997957764;105.6925284;31.56031977;7.58171057;685.8150177
56.63%;1.66%;22.76%;0.61%;1.21%;0.34%;0.11%;0.14%;0.01%;16.52%;100.00%;150;5.836831441;0.329115605;69.53181469;35.96436288;11.02841556;915.6350723
61.66%;6.92%;19.96%;1.67%;0.60%;0.26%;0.14%;0.17%;0.13%;8.50%;100.00%;150;6.067614494;6.729612554;104.1128539;39.16017486;11.1052037;1052.972568
52.13%;4.28%;12.60%;2.83%;1.14%;0.90%;0.20%;0.40%;0.04%;25.48%;100.00%;150;6.000700611;3.238299088;71.37367204;33.10864743;8.619010983;885.7212494
49.40%;6.61%;18.90%;0.76%;1.18%;0.87%;0.15%;0.34%;0.08%;21.71%;100.00%;150;6.383280867;5.694876678;98.9005064;31.37362174;8.36351956;712.3802952
50.97%;5.13%;21.90%;0.87%;0.62%;0.67%;0.07%;0.15%;0.11%;19.50%;100.00%;150;5.913327678;4.773411793;96.06889439;32.37261699;11.41181267;669.5635016
51.45%;2.03%;14.42%;1.17%;1.13%;0.65%;0.18%;0.38%;0.14%;28.46%;100.00%;150;5.939969138;0.834943761;55.18180229;32.67429245;12.15115986;820.5054953
50.82%;2.16%;16.52%;1.79%;1.20%;0.65%;0.30%;0.31%;0.10%;26.15%;100.00%;150;5.291551165;0.893717819;62.514718;32.27316129;9.315296351;674.8474427
60.20%;1.76%;19.35%;0.77%;1.37%;0.57%;0.11%;0.53%;0.02%;15.32%;100.00%;150;5.898615132;0.247643443;68.0631385;38.23192927;8.402244421;675.1333954
62.58%;7.41%;21.04%;2.89%;1.48%;0.52%;0.27%;0.37%;0.11%;3.35%;100.00%;150;4.773879132;6.202110598;119.5387268;39.74065484;11.46001452;1026.982268
57.56%;2.95%;23.86%;0.83%;0.75%;0.26%;0.10%;0.57%;0.11%;13.01%;100.00%;150;6.170444216;2.274901772;84.01265874;36.5566985;8.891011338;802.0376628
56.82%;4.58%;21.85%;0.94%;0.79%;0.81%;0.28%;0.13%;0.11%;13.68%;100.00%;150;5.903341729;3.983614969;90.92543137;36.08301775;11.8739939;1004.707528
54.11%;1.84%;23.72%;1.79%;0.45%;0.30%;0.27%;0.44%;0.09%;16.99%;100.00%;150;5.241739047;1.4404733;77.73797062;34.36623923;8.709904905;692.9743926
53.67%;5.87%;16.55%;2.10%;0.64%;0.59%;0.24%;0.49%;0.14%;19.72%;100.00%;150;6.174525201;5.547059458;92.08691217;34.08271063;10.25956667;814.4649946
61.76%;5.83%;12.79%;2.55%;1.26%;0.55%;0.18%;0.56%;0.12%;14.40%;100.00%;150;3.758423977;4.761495654;88.90616251;39.22041456;9.913063757;727.3371719
62.22%;6.31%;14.50%;2.33%;1.48%;0.58%;0.19%;0.42%;0.12%;11.85%;100.00%;150;6.415884198;5.015933427;89.77173528;39.51531808;9.629652552;895.6201873
55.88%;1.65%;17.75%;0.47%;1.09%;0.79%;0.11%;0.55%;0.14%;21.57%;100.00%;150;5.897038766;0.466837613;65.38561306;35.48777121;8.645561434;776.5948974
51.45%;4.85%;14.74%;1.38%;1.06%;0.48%;0.06%;0.23%;0.09%;25.65%;100.00%;150;5.84973888;3.945965181;80.7549387;32.67288431;7.950931318;749.0512465
53.01%;3.27%;19.07%;2.94%;0.41%;0.77%;0.08%;0.33%;0.12%;20.01%;100.00%;150;5.907665786;3.032747841;79.79362101;33.66289509;12.46804612;688.5904624
50.59%;7.49%;13.06%;1.05%;0.60%;0.51%;0.01%;0.49%;0.03%;26.17%;100.00%;150;6.239924814;7.33065299;92.48934759;32.12919015;6.588251107;635.0257561
51.96%;3.80%;18.26%;1.26%;0.35%;0.42%;0.16%;0.27%;0.13%;23.38%;100.00%;150;6.045063531;3.662978348;76.9942036;32.99637462;12.14450525;788.2902305
57.09%;6.00%;12.38%;1.38%;1.21%;0.33%;0.30%;0.07%;0.09%;21.15%;100.00%;150;6.260278023;4.999459171;78.65769566;36.25353162;11.97505428;985.3307141
62.50%;7.09%;17.37%;2.92%;1.29%;0.31%;0.16%;0.33%;0.12%;7.91%;100.00%;150;5.083354535;6.0862086;110.1807515;39.69357294;12.3348772;903.6973516
59.95%;3.90%;23.35%;0.27%;0.70%;0.91%;0.09%;0.29%;0.09%;10.46%;100.00%;150;6.295383085;3.356855586;88.42157846;38.07538327;13.95409483;908.831539
53.52%;2.47%;14.67%;1.27%;0.32%;0.85%;0.13%;0.46%;0.04%;26.27%;100.00%;150;6.039530103;2.269683448;59.80857755;33.99011016;7.668174179;838.3228585
52.72%;4.93%;16.20%;1.98%;0.65%;0.49%;0.04%;0.47%;0.12%;22.40%;100.00%;150;6.384809935;4.5234525;82.56038678;33.48079812;11.40556309;896.3958629
58.66%;6.03%;16.70%;0.92%;0.45%;0.37%;0.17%;0.08%;0.13%;16.50%;100.00%;150;6.537930715;5.959572016;88.43477562;37.25122283;10.05676349;994.6589938
49.81%;3.21%;18.88%;1.68%;1.34%;0.77%;0.11%;0.17%;0.09%;23.93%;100.00%;150;6.0824311;1.850949901;76.15275213;31.63159181;10.34237812;821.8703316
61.47%;6.16%;14.46%;2.61%;1.22%;0.71%;0.20%;0.35%;0.10%;12.72%;100.00%;150;6.328801112;5.165801305;90.14437324;39.03768166;13.31157681;969.7509023
50.46%;7.53%;23.37%;0.84%;0.68%;0.54%;0.27%;0.51%;0.13%;15.67%;100.00%;150;6.494517713;7.287360534;116.7387614;32.04315722;10.55909867;713.8689859
52.10%;1.54%;14.90%;2.44%;1.01%;0.28%;0.25%;0.10%;0.09%;27.30%;100.00%;150;5.591606222;0.454770159;54.94688032;33.08659033;12.42693396;833.8823088
62.12%;2.23%;12.36%;1.34%;1.03%;0.84%;0.15%;0.06%;0.04%;19.85%;100.00%;150;4.743930306;1.163156901;51.46100872;39.44916191;9.119459827;709.4374289
59.42%;1.95%;23.68%;2.82%;0.79%;0.62%;0.02%;0.59%;0.03%;10.08%;100.00%;150;3.769513503;1.144146589;81.63770189;37.73295875;12.30948399;750.2169828
57.37%;7.21%;15.02%;0.31%;1.23%;0.29%;0.23%;0.31%;0.07%;17.96%;100.00%;150;6.52490187;6.280588461;91.3789421;36.43386841;7.321492353;704.0048129
60.68%;4.51%;18.13%;2.17%;0.80%;0.50%;0.23%;0.56%;0.10%;12.31%;100.00%;150;5.976574233;3.890328164;86.85115192;38.53485389;11.23121803;939.0812317
60.32%;3.12%;23.21%;2.06%;0.32%;0.56%;0.19%;0.23%;0.05%;9.95%;100.00%;150;6.064615161;2.975734462;85.55379388;38.30639045;11.13088474;1025.716044
62.69%;4.22%;14.48%;1.70%;1.18%;0.82%;0.29%;0.23%;0.06%;14.33%;100.00%;150;0.405885383;3.126174116;72.53188576;39.81351482;10.83218211;944.3268008
54.50%;7.60%;14.73%;0.55%;1.44%;0.73%;0.21%;0.28%;0.02%;19.93%;100.00%;150;5.991432903;6.446045762;99.19846319;34.61446587;10.22066663;827.2318256
60.46%;6.01%;21.38%;1.94%;0.50%;0.31%;0.05%;0.43%;0.03%;8.88%;100.00%;150;6.182639994;5.872559902;108.1265404;38.39706419;10.51187644;814.368168
62.31%;3.70%;19.04%;1.00%;1.18%;0.42%;0.04%;0.57%;0.02%;11.72%;100.00%;150;3.079082822;2.56004259;77.8340334;39.57318816;11.00427748;1021.707417
55.35%;5.95%;22.58%;2.71%;0.80%;0.85%;0.29%;0.28%;0.05%;11.15%;100.00%;150;6.019597817;5.447304983;108.5976378;35.15105497;10.51121516;939.6372483
59.87%;6.38%;17.04%;0.91%;0.35%;0.45%;0.18%;0.22%;0.02%;14.58%;100.00%;150;6.380599719;6.441921588;94.80475273;38.02431163;10.51402919;802.4751468
62.73%;6.59%;14.98%;1.00%;0.47%;0.78%;0.21%;0.48%;0.06%;12.71%;100.00%;150;6.222518014;6.524372312;92.78483789;39.84073511;9.724386301;701.8307133
49.47%;7.17%;13.19%;2.08%;1.41%;0.32%;0.25%;0.20%;0.12%;25.77%;100.00%;150;6.394345405;6.019478198;94.02904426;31.41946205;7.191400566;533.5744832
53.16%;7.92%;23.78%;0.58%;1.20%;0.55%;0.08%;0.14%;0.10%;12.49%;100.00%;150;6.268846994;7.085730886;120.3924722;33.76099942;6.986763355;741.7568244
51.46%;4.96%;19.92%;1.28%;1.21%;0.56%;0.28%;0.19%;0.12%;20.01%;100.00%;150;5.532331727;3.884619533;94.37076077;32.68002722;8.255213666;749.0934545
51.00%;6.46%;17.06%;2.97%;1.42%;0.43%;0.13%;0.33%;0.13%;20.06%;100.00%;150;6.528514179;5.242330616;98.18238396;32.39026797;6.581419014;685.6835544
57.64%;5.86%;19.18%;0.85%;1.46%;0.53%;0.06%;0.60%;0.14%;13.68%;100.00%;150;6.495746821;4.551250482;93.82011313;36.60673675;8.689392203;809.4446842
54.61%;2.48%;18.44%;1.95%;1.45%;0.41%;0.05%;0.10%;0.08%;20.42%;100.00%;150;5.783384707;0.924189497;68.56973689;34.68391527;12.15532779;967.6212824
58.21%;5.26%;18.33%;0.76%;0.88%;0.40%;0.07%;0.24%;0.07%;15.77%;100.00%;150;6.197433327;4.601112713;89.01200357;36.96708857;11.97285545;877.8320402
57.99%;2.30%;15.11%;0.67%;1.27%;0.29%;0.11%;0.31%;0.06%;21.91%;100.00%;150;5.848037551;0.949013403;56.40906061;36.82754626;8.551839501;644.4191678
58.13%;3.97%;18.24%;2.34%;1.33%;0.69%;0.06%;0.30%;0.13%;14.80%;100.00%;150;3.984374395;2.679895395;82.27993788;36.91450659;10.04564117;736.0164645
61.92%;2.80%;12.03%;1.99%;1.28%;0.55%;0.20%;0.47%;0.08%;18.69%;100.00%;150;6.110333207;1.478768787;57.03791048;39.32204682;14.5990746;1087.906363
55.04%;6.48%;23.66%;1.73%;0.49%;0.53%;0.12%;0.09%;0.14%;11.71%;100.00%;150;6.55396805;6.381298836;111.1840501;34.95720835;7.654773212;739.9850645
60.64%;3.47%;24.43%;2.25%;0.75%;0.82%;0.24%;0.10%;0.02%;7.28%;100.00%;150;5.850715663;2.831237247;94.81258836;38.5093105;11.97982282;860.8156032
62.71%;7.86%;17.81%;0.47%;1.21%;0.86%;0.03%;0.16%;0.09%;8.81%;100.00%;150;6.937108217;7.014340871;104.661507;39.82286458;12.34993205;1097.753387
60.00%;7.13%;21.56%;2.25%;0.42%;0.38%;0.25%;0.23%;0.13%;7.64%;100.00%;150;6.341945073;7.174812853;113.6000812;38.10279282;8.043895709;661.2518204
53.85%;1.80%;18.25%;0.28%;1.01%;0.38%;0.15%;0.56%;0.07%;23.64%;100.00%;150;5.674667671;0.730355282;60.16697372;34.19993086;8.331549782;784.4081689
57.11%;2.78%;16.66%;2.36%;0.32%;0.30%;0.02%;0.11%;0.05%;20.29%;100.00%;150;5.842350582;2.611252389;74.99128728;36.26774552;9.075670221;893.412637
60.63%;3.25%;19.01%;1.37%;0.82%;0.45%;0.02%;0.33%;0.10%;14.02%;100.00%;150;4.235993065;2.514392353;75.12986142;38.5029133;10.10651978;745.58343
51.50%;2.04%;17.16%;1.10%;0.50%;0.30%;0.16%;0.07%;0.03%;27.14%;100.00%;150;5.610886736;1.594566848;59.80182291;32.7062444;12.49540518;964.9459986
54.49%;7.68%;13.91%;1.29%;1.39%;0.63%;0.02%;0.50%;0.10%;20.00%;100.00%;150;6.62748658;6.597543422;97.24810174;34.60409407;8.797570581;753.6122799
59.78%;5.75%;17.24%;2.70%;0.76%;0.49%;0.21%;0.13%;0.11%;12.84%;100.00%;150;4.73464679;5.275547055;96.58227256;37.96497662;8.888686713;700.030707
53.61%;4.00%;23.19%;2.83%;1.33%;0.61%;0.11%;0.52%;0.04%;13.75%;100.00%;150;5.877299431;2.705406664;96.28963799;34.04432362;10.59742061;751.3188634
49.79%;4.66%;19.51%;0.52%;0.69%;0.65%;0.16%;0.42%;0.10%;23.50%;100.00%;150;6.277428661;4.196560992;87.7775918;31.6196737;9.783895;755.9006765
51.78%;2.07%;19.39%;0.58%;0.46%;0.81%;0.17%;0.40%;0.06%;24.28%;100.00%;150;5.892224951;1.670955052;67.20212375;32.88331824;8.140600678;718.3144221
60.25%;7.82%;20.98%;2.46%;1.31%;0.26%;0.09%;0.09%;0.02%;6.71%;100.00%;150;6.783914127;6.841332986;114.6239132;38.26552405;7.632084178;724.5594642
62.83%;3.35%;12.40%;1.13%;0.95%;0.55%;0.06%;0.25%;0.06%;18.42%;100.00%;150;0.261759647;2.463618133;59.8997751;39.90084233;12.99519038;990.2122329
57.95%;7.45%;15.36%;2.03%;0.76%;0.77%;0.13%;0.14%;0.01%;15.38%;100.00%;150;6.213003324;7.105646864;104.7085519;36.8010149;9.916768591;900.3918661
56.52%;5.69%;20.89%;2.78%;1.29%;0.36%;0.05%;0.44%;0.03%;11.95%;100.00%;150;6.279818639;4.568635507;102.1120927;35.89254007;8.408007791;708.886068
50.35%;4.13%;24.49%;2.40%;0.29%;0.64%;0.23%;0.42%;0.11%;16.94%;100.00%;150;6.027150257;4.099480213;98.077418;31.97283341;10.18343649;847.8078101
51.95%;3.18%;20.87%;0.64%;0.57%;0.50%;0.25%;0.30%;0.06%;21.68%;100.00%;150;5.916256946;2.744942925;77.0954124;32.98968216;11.38146992;700.9637606
61.78%;7.43%;16.08%;2.57%;0.55%;0.61%;0.27%;0.58%;0.08%;10.05%;100.00%;150;5.108667946;7.341801713;104.6353962;39.23334903;9.304044631;1010.365087
60.47%;7.25%;14.57%;0.70%;0.55%;0.26%;0.26%;0.23%;0.10%;15.60%;100.00%;150;5.702220346;7.142750395;91.57520047;38.40047855;12.89873524;888.4039971
57.09%;5.79%;19.71%;0.78%;0.73%;0.43%;0.28%;0.60%;0.13%;14.46%;100.00%;150;5.969610973;5.352741676;95.55905408;36.25680971;7.804056669;866.297145
60.08%;4.25%;24.56%;1.52%;0.61%;0.78%;0.15%;0.14%;0.08%;7.81%;100.00%;150;4.705504044;3.842044259;96.26236015;38.15620001;11.51765117;966.6170933
50.80%;2.95%;12.07%;1.34%;0.51%;0.43%;0.09%;0.38%;0.12%;31.30%;100.00%;150;5.913754489;2.572483543;56.15433213;32.2614457;9.485289021;726.1842563
57.36%;5.75%;13.06%;1.46%;0.41%;0.72%;0.08%;0.17%;0.03%;20.95%;100.00%;150;6.184786055;5.698969618;80.3701961;36.42614255;9.645989838;899.5328216
51.75%;4.08%;13.42%;2.91%;1.00%;0.60%;0.29%;0.57%;0.05%;25.34%;100.00%;150;5.901138733;3.191659056;72.40746532;32.86221504;8.20305871;815.5523456
54.83%;2.95%;12.61%;1.02%;0.45%;0.74%;0.18%;0.49%;0.09%;26.66%;100.00%;150;5.608185077;2.636687487;59.42979245;34.81821491;8.852391177;652.9395326
53.25%;3.43%;18.34%;1.19%;1.12%;0.48%;0.30%;0.18%;0.03%;21.69%;100.00%;150;5.901571305;2.35556588;77.45607595;33.81927833;9.583507214;887.1568983
49.89%;7.17%;12.90%;0.37%;0.39%;0.82%;0.29%;0.10%;0.02%;28.04%;100.00%;150;6.054342915;7.248822446;88.9531165;31.6843517;7.864356539;821.7258996
54.78%;6.23%;20.71%;0.58%;0.41%;0.57%;0.29%;0.46%;0.14%;15.82%;100.00%;150;6.268939676;6.218656946;100.2640751;34.79130123;11.89891435;868.045388
51.24%;7.55%;19.89%;0.39%;1.49%;0.44%;0.08%;0.22%;0.15%;18.56%;100.00%;150;6.789303071;6.337964717;105.861097;32.53964835;7.239826339;769.584225
59.09%;6.60%;15.96%;1.76%;1.00%;0.61%;0.05%;0.07%;0.07%;14.79%;100.00%;150;6.631885697;5.905823303;93.76071121;37.52945576;10.56242894;746.4381911
56.74%;1.76%;14.13%;1.54%;0.52%;0.88%;0.04%;0.08%;0.08%;24.24%;100.00%;150;4.420264019;1.276183045;53.05829134;36.03124204;10.28619582;676.7023155
58.90%;6.17%;19.52%;0.93%;1.10%;0.58%;0.14%;0.29%;0.02%;12.35%;100.00%;150;5.675713578;5.31923853;98.94855416;37.40319237;9.267985111;898.1119942
62.85%;2.46%;16.44%;0.76%;0.33%;0.35%;0.28%;0.55%;0.12%;15.87%;100.00%;150;5.57785208;2.258200641;62.09214729;39.91196362;11.23732834;743.2907412
55.00%;1.78%;23.60%;0.83%;1.31%;0.66%;0.30%;0.48%;0.12%;15.94%;100.00%;150;5.3682519;0.342576368;74.75348121;34.93074891;10.07359873;770.1424224
49.53%;6.28%;13.71%;2.76%;0.66%;0.74%;0.24%;0.18%;0.09%;25.80%;100.00%;150;6.038075944;5.956654498;88.96571931;31.45469399;7.195806785;776.3630055
49.99%;7.28%;22.11%;0.30%;1.20%;0.63%;0.22%;0.28%;0.02%;17.96%;100.00%;150;6.351683729;6.395500053;110.8798385;31.75043595;6.697200909;790.4524111
52.65%;3.47%;18.04%;1.76%;0.59%;0.31%;0.25%;0.30%;0.12%;22.50%;100.00%;150;5.630279583;3.022916257;74.82872547;33.43561267;7.412539143;635.0754699
59.37%;5.58%;12.97%;1.21%;1.32%;0.77%;0.12%;0.25%;0.03%;18.37%;100.00%;150;6.19475137;4.413785777;77.87939217;37.70564383;13.06985531;970.195475
57.88%;2.22%;12.08%;2.40%;1.20%;0.82%;0.22%;0.15%;0.04%;22.99%;100.00%;150;5.916863273;0.952315239;53.64424831;36.75694611;12.03817508;871.3861691
56.21%;6.13%;16.55%;2.14%;0.39%;0.91%;0.19%;0.54%;0.11%;16.83%;100.00%;150;6.094820761;6.127906197;97.73273138;35.69755407;10.21153693;829.1545208
52.11%;2.50%;14.65%;2.88%;1.11%;0.55%;0.14%;0.08%;0.04%;25.94%;100.00%;150;5.666218517;1.360865144;63.12253941;33.09368025;11.53528575;706.8352954
59.32%;6.70%;19.41%;1.13%;0.36%;0.37%;0.12%;0.16%;0.10%;12.33%;100.00%;150;5.861572467;6.786088664;100.2177592;37.67075825;9.078480754;867.6531975
50.36%;4.12%;19.60%;0.74%;1.11%;0.42%;0.15%;0.27%;0.07%;23.17%;100.00%;150;5.797753677;3.112262462;83.87924426;31.98096808;11.16499097;625.7878599
56.89%;2.22%;12.27%;1.83%;0.56%;0.70%;0.22%;0.28%;0.01%;25.02%;100.00%;150;5.234796581;1.718224862;62.52523987;36.12942587;9.976472501;724.3360379
56.17%;3.37%;15.92%;2.10%;1.49%;0.69%;0.30%;0.32%;0.03%;19.61%;100.00%;150;5.316951047;1.82812764;72.59465419;35.6692436;11.71230899;968.6597136
59.67%;1.67%;18.29%;1.07%;0.86%;0.55%;0.19%;0.49%;0.06%;17.14%;100.00%;150;4.895478723;0.76889276;61.40722341;37.89539851;14.16694351;1011.688349
53.51%;4.26%;24.11%;1.37%;1.10%;0.72%;0.11%;0.51%;0.12%;14.20%;100.00%;150;5.717323578;3.262648414;99.78420368;33.98409149;7.223710324;791.128801
59.60%;7.77%;20.50%;1.87%;1.44%;0.78%;0.06%;0.23%;0.05%;7.70%;100.00%;150;5.914344361;6.632461929;113.8973177;37.85188996;8.164830913;802.6327861
58.22%;5.49%;18.75%;2.80%;0.28%;0.72%;0.29%;0.47%;0.04%;12.94%;100.00%;150;5.638184539;5.569886213;97.59373039;36.97294069;9.461500472;656.7743232
61.99%;4.58%;22.58%;2.43%;0.31%;0.35%;0.28%;0.20%;0.06%;7.22%;100.00%;150;6.150942596;4.557311171;95.17420784;39.36504814;11.72900148;741.6055688
60.85%;1.92%;23.40%;1.58%;0.52%;0.45%;0.13%;0.26%;0.02%;10.87%;100.00%;150;6.045973111;1.435484708;75.44376971;38.6464075;11.32976831;997.3439363
51.13%;5.43%;21.82%;2.22%;1.22%;0.39%;0.24%;0.23%;0.15%;17.16%;100.00%;150;5.787078027;4.38147725;101.1858683;32.47318179;7.188754359;711.0332812
57.14%;7.21%;13.69%;1.32%;0.57%;0.69%;0.20%;0.37%;0.11%;18.71%;100.00%;150;6.05513523;7.068070389;93.42775752;36.28845127;9.105439208;940.9875895
57.53%;4.83%;24.34%;0.63%;0.57%;0.44%;0.22%;0.48%;0.12%;10.84%;100.00%;150;5.715144192;4.512778356;102.2257756;36.53584513;8.392348355;766.9763182
53.86%;6.63%;18.69%;1.96%;0.44%;0.90%;0.15%;0.29%;0.11%;16.96%;100.00%;150;6.151832351;6.61628725;101.5195953;34.20728954;9.329245292;833.5168301
60.49%;3.56%;24.62%;1.68%;0.92%;0.89%;0.29%;0.58%;0.01%;6.97%;100.00%;150;4.655737671;2.730948361;93.49876364;38.41350386;8.326756222;917.2887061
50.27%;2.46%;17.52%;2.14%;0.63%;0.37%;0.17%;0.51%;0.08%;25.84%;100.00%;150;5.494662763;1.893711828;73.65077682;31.92700066;7.505942802;583.2418105
62.30%;2.90%;14.18%;3.00%;1.03%;0.82%;0.18%;0.09%;0.11%;15.40%;100.00%;150;0.238358531;1.8871443;66.03179482;39.56212744;9.255243787;819.5658014
50.99%;2.47%;21.19%;2.27%;0.53%;0.91%;0.08%;0.21%;0.05%;21.29%;100.00%;150;6.000346133;2.019982068;78.84948749;32.38394647;7.093665998;745.7952479
53.89%;6.95%;19.63%;1.99%;1.25%;0.79%;0.28%;0.09%;0.06%;15.08%;100.00%;150;6.405480181;5.97256616;108.6526004;34.22241949;8.036431879;771.9587244
54.43%;3.59%;14.73%;2.75%;0.77%;0.26%;0.01%;0.12%;0.04%;23.29%;100.00%;150;5.981914557;2.940458793;71.10361727;34.56389011;8.335158465;795.8710439
53.99%;7.09%;13.82%;2.64%;0.46%;0.42%;0.23%;0.58%;0.06%;20.73%;100.00%;150;6.362890835;7.075029586;96.36945832;34.2868647;9.823216836;679.032116
58.66%;3.22%;19.54%;2.86%;0.97%;0.53%;0.28%;0.46%;0.14%;13.33%;100.00%;150;5.655572809;2.300869034;82.84266261;37.2528808;10.33571788;797.1358052
53.78%;7.08%;12.40%;1.02%;0.78%;0.74%;0.08%;0.22%;0.07%;23.82%;100.00%;150;6.412118575;6.681100139;87.2303992;34.15245907;9.80164074;688.9042264
56.88%;5.57%;16.00%;0.47%;1.50%;0.57%;0.17%;0.20%;0.15%;18.50%;100.00%;150;6.449673733;4.200481982;82.21339793;36.1199247;10.5482573;842.5399715
49.04%;4.27%;17.51%;1.80%;1.43%;0.83%;0.18%;0.54%;0.13%;24.28%;100.00%;150;6.150784751;2.885021077;82.13754336;31.1422398;10.40545797;781.9799407
50.25%;3.72%;12.34%;0.49%;0.55%;0.71%;0.25%;0.31%;0.01%;31.36%;100.00%;150;5.491478851;3.33794799;64.64203643;31.91334698;11.12129345;703.2142273
61.82%;4.91%;16.81%;2.33%;0.28%;0.51%;0.14%;0.45%;0.12%;12.64%;100.00%;150;6.146274175;4.947912847;84.58967464;39.25857445;12.12740379;1036.341569
50.37%;2.25%;12.72%;2.17%;0.35%;0.88%;0.16%;0.48%;0.11%;30.52%;100.00%;150;5.629694854;2.002699149;56.02901201;31.98897026;10.04559736;758.285089
53.59%;2.13%;24.64%;2.26%;0.86%;0.61%;0.03%;0.22%;0.05%;15.60%;100.00%;150;5.991420335;1.259055933;83.03199582;34.0310939;9.927004968;779.7466366
57.13%;2.53%;14.62%;0.73%;1.05%;0.27%;0.21%;0.43%;0.08%;22.95%;100.00%;150;5.902154994;1.46843322;58.68107138;36.27896145;9.676443722;730.6251913
51.89%;7.55%;22.58%;2.81%;0.83%;0.69%;0.13%;0.12%;0.06%;13.35%;100.00%;150;6.443834873;7.133314974;118.4816667;32.95258595;10.40596191;807.92855
54.13%;2.62%;22.46%;0.79%;1.30%;0.51%;0.16%;0.25%;0.12%;17.67%;100.00%;150;5.857311799;1.25099973;77.4883728;34.37446853;8.547586565;720.1568733
56.50%;6.44%;20.14%;1.21%;0.74%;0.29%;0.13%;0.21%;0.15%;14.20%;100.00%;150;6.132871779;6.038907141;100.3145386;35.88142257;7.629525012;913.1109727
49.61%;5.25%;12.41%;2.84%;0.34%;0.27%;0.10%;0.33%;0.08%;28.78%;100.00%;150;6.528996479;5.23539838;77.02454306;31.50406791;11.10236;853.3050554
61.09%;5.59%;14.74%;2.35%;0.73%;0.32%;0.27%;0.42%;0.03%;14.46%;100.00%;150;6.295446319;5.133050874;86.91466943;38.7948264;13.63898159;1004.201067
50.83%;1.53%;17.53%;1.54%;0.38%;0.82%;0.26%;0.29%;0.08%;26.73%;100.00%;150;5.408888718;1.195440519;59.86535119;32.27986511;9.099423433;713.4926573
50.36%;4.77%;20.01%;0.87%;1.17%;0.68%;0.11%;0.59%;0.01%;21.44%;100.00%;150;5.732410643;3.727958889;88.97438201;31.98289859;6.745312514;611.0183163
55.99%;1.70%;21.15%;1.13%;0.56%;0.29%;0.30%;0.33%;0.12%;18.43%;100.00%;150;5.515291582;1.154262022;68.51527591;35.5573796;7.990044335;889.8938345
56.73%;2.29%;19.17%;2.41%;1.13%;0.59%;0.03%;0.26%;0.10%;17.28%;100.00%;150;5.766857;1.107102889;73.52922572;36.02945158;10.54977625;704.9165681
49.63%;2.50%;22.43%;1.27%;1.27%;0.90%;0.08%;0.40%;0.07%;21.46%;100.00%;150;5.574952301;1.165760141;78.93179709;31.51817961;11.30977932;636.0905112
52.47%;2.27%;12.85%;1.59%;1.02%;0.58%;0.24%;0.10%;0.11%;28.77%;100.00%;150;5.224568298;1.215300742;53.76310688;33.32339285;8.674551039;860.1288296
57.54%;1.74%;14.25%;2.86%;1.19%;0.84%;0.03%;0.18%;0.04%;21.34%;100.00%;150;5.325568076;0.436881762;59.10255585;36.53934277;8.115880127;722.9068465
55.36%;3.88%;18.05%;1.90%;0.37%;0.49%;0.02%;0.35%;0.08%;19.50%;100.00%;150;6.220933597;3.736756573;82.87983714;35.15811461;8.717088155;624.0347744
51.15%;7.91%;16.34%;0.78%;0.98%;0.54%;0.02%;0.20%;0.02%;22.06%;100.00%;150;6.907845297;7.328444277;103.229954;32.48447342;8.148381523;667.9950238
55.85%;5.41%;18.34%;0.52%;1.07%;0.42%;0.11%;0.29%;0.05%;17.94%;100.00%;150;6.463179864;4.537503013;90.15282192;35.47042684;11.71078997;821.9550512
51.48%;5.97%;20.59%;2.08%;0.97%;0.26%;0.12%;0.41%;0.06%;18.07%;100.00%;150;6.350258786;5.262749966;103.0691987;32.69172767;8.32057051;623.6203393
59.73%;3.27%;21.41%;1.34%;0.86%;0.46%;0.07%;0.23%;0.11%;12.52%;100.00%;150;6.250839923;2.486376068;82.95082911;37.93036358;13.21388133;809.462241
54.48%;2.77%;17.68%;0.79%;0.44%;0.60%;0.26%;0.53%;0.07%;22.38%;100.00%;150;5.469386767;2.448501043;75.34627526;34.60135349;10.65389834;723.5597301
50.24%;5.75%;15.73%;1.19%;0.87%;0.60%;0.21%;0.25%;0.14%;25.02%;100.00%;150;6.279284265;5.140392143;86.63310318;31.90767656;7.528885978;573.5682682
58.01%;2.51%;13.96%;0.28%;0.98%;0.49%;0.23%;0.46%;0.13%;22.95%;100.00%;150;5.048582121;1.531348817;58.6442039;36.84312288;8.93011341;762.849978
51.80%;2.82%;21.60%;1.46%;1.00%;0.77%;0.29%;0.16%;0.06%;20.05%;100.00%;150;5.574833636;1.836918583;80.46020524;32.89814537;7.188605017;800.7773369
50.19%;3.48%;12.54%;0.47%;1.36%;0.66%;0.07%;0.41%;0.06%;30.76%;100.00%;150;5.728717637;2.10413486;59.50912057;31.87346099;7.556560242;752.937269
57.10%;2.63%;15.34%;1.19%;0.60%;0.48%;0.07%;0.23%;0.15%;22.23%;100.00%;150;5.909102074;2.112565173;61.14691807;36.26253691;7.988785118;812.0468077
57.32%;2.73%;23.65%;2.27%;0.30%;0.66%;0.19%;0.52%;0.02%;12.35%;100.00%;150;5.877001728;2.586244493;87.25434159;36.39937272;7.963625455;693.702852
55.78%;4.57%;12.79%;1.83%;0.73%;0.48%;0.29%;0.31%;0.01%;23.20%;100.00%;150;5.635157956;4.042999609;77.38371651;35.42538145;8.546915549;766.8148615
55.29%;2.57%;13.24%;1.66%;0.66%;0.67%;0.21%;0.09%;0.13%;25.48%;100.00%;150;5.607345486;1.976782731;57.22348408;35.11501108;8.164957271;645.0053348
52.60%;6.49%;13.07%;1.73%;0.46%;0.74%;0.12%;0.26%;0.11%;24.43%;100.00%;150;6.362008902;6.43303467;85.87097387;33.4055231;6.892793104;711.5429787
52.52%;5.51%;23.87%;1.03%;0.37%;0.81%;0.09%;0.25%;0.07%;15.48%;100.00%;150;6.139905909;5.490992991;103.0001143;33.35313795;6.87546017;789.6680865
61.08%;7.03%;23.51%;2.23%;0.99%;0.45%;0.28%;0.47%;0.05%;3.92%;100.00%;150;6.065529782;6.385248007;125.2957648;38.78737309;10.54733401;790.5442006
50.29%;4.47%;12.78%;1.90%;1.03%;0.64%;0.24%;0.19%;0.04%;28.42%;100.00%;150;5.643411553;3.575208416;71.56831475;31.94023417;10.77266646;888.8178604
58.64%;3.09%;22.92%;0.81%;1.31%;0.34%;0.10%;0.39%;0.06%;12.35%;100.00%;150;6.069330126;1.747134551;81.99437947;37.24186928;10.50780952;726.523212
62.73%;6.99%;18.30%;1.09%;0.63%;0.83%;0.21%;0.09%;0.02%;9.10%;100.00%;150;2.483390873;6.772074904;104.1028434;39.83839957;8.828142176;817.3402254
57.31%;1.90%;19.07%;1.29%;0.52%;0.34%;0.24%;0.36%;0.05%;18.93%;100.00%;150;3.679360087;1.422661073;66.00263512;36.39833932;11.35193713;993.8013422
56.16%;2.71%;17.39%;1.37%;0.34%;0.30%;0.09%;0.35%;0.12%;21.17%;100.00%;150;6.206285975;2.501987959;67.17034747;35.66394036;10.78598944;838.4162655
51.84%;2.24%;18.44%;2.84%;0.28%;0.89%;0.10%;0.44%;0.05%;22.88%;100.00%;150;5.880127284;2.081193961;73.46147442;32.91993371;11.25411344;746.3807724
60.03%;3.81%;20.57%;0.70%;0.36%;0.87%;0.23%;0.44%;0.04%;12.95%;100.00%;150;5.893640337;3.666540344;83.52849256;38.12087912;8.376798983;796.0528522
55.34%;3.30%;12.15%;0.59%;0.28%;0.29%;0.15%;0.39%;0.03%;27.47%;100.00%;150;5.642376135;3.221408864;65.6623704;35.147951;7.416695543;623.6420141
57.32%;2.73%;13.98%;1.51%;1.04%;0.77%;0.17%;0.59%;0.02%;21.88%;100.00%;150;5.447225212;1.687024158;67.68350265;36.40095877;9.279330427;909.2399051
54.52%;2.10%;17.27%;0.75%;1.37%;0.30%;0.08%;0.30%;0.12%;23.19%;100.00%;150;5.618456285;0.618443092;60.94859294;34.62279359;11.28166109;652.8302375
60.45%;2.88%;21.76%;1.38%;0.61%;0.27%;0.27%;0.33%;0.12%;11.95%;100.00%;150;5.96759337;2.364943716;79.06787977;38.38964494;13.25392997;868.745416
52.24%;5.59%;17.24%;0.57%;0.31%;0.56%;0.09%;0.37%;0.09%;22.94%;100.00%;150;6.488888181;5.63545018;86.94884981;33.17378156;9.796802281;797.3112004
50.68%;5.58%;15.66%;0.87%;0.72%;0.87%;0.14%;0.49%;0.11%;24.88%;100.00%;150;6.204106279;5.149321945;85.93708627;32.18467169;6.731629258;572.8849663
57.74%;5.37%;22.64%;2.12%;1.12%;0.45%;0.07%;0.15%;0.05%;10.30%;100.00%;150;6.181968686;4.437237815;101.9052434;36.66766538;8.299418795;698.1216374
61.01%;5.10%;22.90%;1.10%;1.01%;0.60%;0.17%;0.39%;0.10%;7.63%;100.00%;150;6.363762364;4.273119096;99.72113486;38.74754766;9.290938206;890.2832936
52.27%;6.03%;18.15%;1.87%;0.37%;0.55%;0.13%;0.26%;0.03%;20.34%;100.00%;150;6.171336868;6.040047031;94.35551928;33.1978411;8.076564163;596.7682521
52.61%;4.73%;16.26%;1.98%;0.28%;0.83%;0.13%;0.59%;0.07%;22.51%;100.00%;150;5.836740707;4.749343459;87.44675211;33.41253353;9.314882727;799.0898416
56.27%;3.08%;16.83%;0.31%;0.46%;0.85%;0.27%;0.22%;0.02%;21.70%;100.00%;150;5.462791709;2.772835052;67.28587823;35.73344654;9.286625571;707.0016963
60.70%;2.14%;15.48%;1.14%;0.45%;0.64%;0.21%;0.40%;0.10%;18.74%;100.00%;150;1.142993149;1.764535304;58.37408212;38.54772401;14.35191153;1110.619271
59.96%;1.60%;13.54%;1.21%;0.53%;0.48%;0.13%;0.48%;0.03%;22.04%;100.00%;150;4.884885003;1.084119717;50.17344647;38.08105369;12.50105952;1040.891433
49.96%;2.24%;22.82%;1.77%;0.82%;0.59%;0.09%;0.40%;0.04%;21.28%;100.00%;150;5.62712479;1.42723267;77.95600032;31.72750444;9.84401705;730.4769987
55.59%;3.85%;19.73%;0.58%;0.33%;0.31%;0.03%;0.52%;0.09%;18.96%;100.00%;150;6.276824754;3.746197098;79.64941281;35.30621555;11.77143005;894.6947777
53.46%;5.69%;13.95%;1.95%;1.43%;0.73%;0.10%;0.13%;0.08%;22.48%;100.00%;150;6.246378732;4.40910023;85.25448995;33.94811195;10.64005489;907.5292936
59.03%;5.22%;23.38%;1.05%;0.57%;0.35%;0.24%;0.54%;0.10%;9.52%;100.00%;150;5.976885712;4.928471449;100.4628041;37.48674969;11.63257475;1029.944333
49.03%;5.57%;23.06%;1.14%;0.45%;0.79%;0.17%;0.40%;0.02%;19.36%;100.00%;150;5.777292499;5.455170456;106.1490063;31.13662238;9.6040433;738.3134545
50.93%;4.60%;17.28%;2.22%;1.09%;0.63%;0.10%;0.52%;0.02%;22.61%;100.00%;150;5.797526831;3.635187301;83.32778368;32.34270155;7.744836961;617.5366261
49.20%;5.17%;23.19%;1.82%;0.68%;0.44%;0.27%;0.14%;0.10%;18.99%;100.00%;150;5.923095956;4.753776808;101.0937848;31.24796022;9.848553734;675.845282
61.41%;3.51%;17.47%;2.67%;0.63%;0.30%;0.11%;0.41%;0.08%;13.40%;100.00%;150;3.474023853;3.02640433;76.0547116;38.99920002;9.132660258;863.9485536
54.60%;4.83%;17.90%;0.88%;1.25%;0.48%;0.04%;0.08%;0.05%;19.89%;100.00%;150;6.048808102;3.703860126;82.59897339;34.67447088;10.20620485;805.999601
62.19%;6.82%;20.02%;2.68%;0.60%;0.87%;0.05%;0.05%;0.03%;6.69%;100.00%;150;6.502511503;6.612794683;113.8719247;39.49784879;11.65660183;960.9368322
52.83%;3.53%;19.06%;0.93%;1.04%;0.86%;0.29%;0.42%;0.10%;20.93%;100.00%;150;5.992887788;2.546677192;77.22526713;33.5513112;7.802078589;862.6139972
58.27%;5.53%;12.95%;2.09%;0.51%;0.28%;0.27%;0.22%;0.05%;19.83%;100.00%;150;5.802944499;5.338393222;79.86446428;37.00509326;12.25823413;785.5398212
62.92%;1.99%;15.00%;0.26%;1.06%;0.76%;0.14%;0.40%;0.01%;17.45%;100.00%;150;2.092746176;0.871331748;54.09995434;39.9576601;11.91995504;788.4679232
57.04%;6.82%;17.55%;1.67%;1.11%;0.44%;0.26%;0.06%;0.02%;15.03%;100.00%;150;6.081945575;6.00419917;103.9042164;36.2242029;9.438961197;753.1887652
57.19%;7.47%;19.85%;2.80%;0.87%;0.33%;0.15%;0.09%;0.12%;11.11%;100.00%;150;6.225658502;6.99412798;111.3796484;36.32149339;12.36038595;965.3906127
54.99%;7.04%;15.78%;2.38%;0.39%;0.36%;0.16%;0.58%;0.06%;18.26%;100.00%;150;6.607505314;7.107991579;97.70484601;34.92103576;10.16008546;766.1672811
54.70%;7.65%;22.18%;1.20%;0.42%;0.44%;0.15%;0.24%;0.15%;12.87%;100.00%;150;6.054559529;7.735297218;116.9082546;34.73934382;9.710854249;785.5897948
55.83%;5.50%;24.06%;2.57%;1.15%;0.68%;0.26%;0.17%;0.07%;9.72%;100.00%;150;5.643843047;4.52970636;107.0857631;35.45454739;8.669990966;819.2227728
50.11%;4.69%;14.83%;1.89%;0.85%;0.72%;0.18%;0.47%;0.07%;26.19%;100.00%;150;5.648402511;4.027155741;78.71829894;31.82661377;10.68708787;829.9157121
50.16%;6.74%;14.25%;1.36%;1.38%;0.44%;0.08%;0.05%;0.14%;25.41%;100.00%;150;6.590649688;5.600056067;93.85291429;31.85706295;8.20157033;666.6013566
58.13%;5.32%;15.00%;1.33%;0.67%;0.37%;0.24%;0.52%;0.10%;18.32%;100.00%;150;6.138833174;4.929056095;80.873352;36.91876508;9.63854925;724.5402001
54.64%;5.05%;19.83%;2.77%;1.15%;0.60%;0.06%;0.59%;0.07%;15.25%;100.00%;150;5.895382023;4.057102604;99.16493779;34.70130885;10.19366878;872.2448558
49.39%;6.17%;22.68%;1.43%;0.93%;0.47%;0.23%;0.37%;0.09%;18.25%;100.00%;150;6.230373155;5.520871035;105.3979948;31.36712611;7.362038787;549.5815001
56.61%;3.02%;24.46%;1.18%;1.16%;0.52%;0.16%;0.43%;0.12%;12.34%;100.00%;150;5.82129968;1.853101639;86.2863811;35.95313938;9.285770125;829.5239957
57.87%;6.62%;21.19%;0.91%;0.81%;0.48%;0.09%;0.07%;0.13%;11.84%;100.00%;150;6.181362305;6.151459315;103.3224642;36.74967071;10.62268947;963.0556801
60.28%;5.76%;22.68%;0.57%;0.29%;0.48%;0.29%;0.21%;0.13%;9.31%;100.00%;150;6.229169574;5.854010078;100.4473157;38.28409487;13.34509689;1026.916499
53.78%;3.86%;20.08%;1.12%;0.90%;0.90%;0.18%;0.20%;0.05%;18.92%;100.00%;150;6.081216502;3.075084397;88.41338152;34.15724751;11.85289848;819.2508283
52.37%;3.73%;18.88%;1.44%;0.91%;0.43%;0.20%;0.37%;0.11%;21.57%;100.00%;150;5.713894968;2.922236312;78.38851085;33.26062076;11.7422427;727.953125
58.02%;2.55%;23.21%;1.47%;0.66%;0.74%;0.17%;0.30%;0.07%;12.81%;100.00%;150;6.059333272;1.952235324;82.50897026;36.84987212;10.38657845;915.0160395
55.27%;2.72%;16.55%;2.07%;0.90%;0.92%;0.04%;0.15%;0.14%;21.25%;100.00%;150;5.691822026;1.84024186;67.93334886;35.1021599;8.934591825;759.5604635
50.03%;6.52%;13.13%;1.20%;1.06%;0.54%;0.06%;0.11%;0.07%;27.27%;100.00%;150;6.422106137;5.738400501;89.09539008;31.77048494;8.897340022;792.4713264
57.70%;3.40%;23.76%;0.60%;0.85%;0.79%;0.11%;0.09%;0.02%;12.68%;100.00%;150;5.846073088;2.645646692;86.18538409;36.64282606;8.792798719;818.4964232
61.20%;5.75%;16.70%;1.64%;1.45%;0.83%;0.16%;0.54%;0.08%;11.64%;100.00%;150;6.440063981;4.451374096;89.97703693;38.86473005;11.32862513;792.7603372
60.85%;2.09%;22.92%;0.47%;0.36%;0.48%;0.15%;0.21%;0.06%;12.42%;100.00%;150;4.390145266;1.826026552;73.38189521;38.64397353;10.92526814;1037.181176
61.82%;3.87%;17.91%;1.10%;0.32%;0.81%;0.19%;0.21%;0.14%;13.63%;100.00%;150;5.12872485;3.784123994;82.25215156;39.25818456;11.23508698;1018.527577
58.06%;6.03%;21.72%;2.82%;0.93%;0.69%;0.06%;0.55%;0.02%;9.12%;100.00%;150;6.365242978;5.378112448;106.7036501;36.87445404;8.463182772;887.5852201
61.44%;1.76%;17.03%;1.30%;1.48%;0.49%;0.26%;0.51%;0.03%;15.69%;100.00%;150;5.063220876;0.124453269;59.52415919;39.02163944;14.71058421;821.1896927
59.97%;4.87%;16.39%;2.30%;0.39%;0.70%;0.22%;0.22%;0.08%;14.86%;100.00%;150;5.368427122;4.773783657;90.49489181;38.08663704;8.381988892;831.519607
58.82%;2.41%;14.93%;0.82%;0.55%;0.36%;0.17%;0.29%;0.06%;21.60%;100.00%;150;5.838176191;1.934353667;58.17273717;37.35792364;11.36918437;823.0979923
53.16%;2.28%;23.18%;2.87%;1.41%;0.69%;0.05%;0.39%;0.10%;15.87%;100.00%;150;5.960718477;0.757491837;84.39737999;33.76014773;11.28581973;934.2503606
51.29%;4.23%;13.74%;2.95%;0.45%;0.52%;0.17%;0.58%;0.13%;25.94%;100.00%;150;5.689429739;4.012601855;76.61292005;32.57554461;11.36765633;795.5042373
60.32%;3.62%;22.10%;1.22%;0.28%;0.41%;0.18%;0.33%;0.15%;11.40%;100.00%;150;4.133602331;3.550478655;85.66931189;38.30544412;12.69186858;759.1588989
61.69%;2.65%;20.67%;2.26%;1.02%;0.70%;0.17%;0.13%;0.07%;10.66%;100.00%;150;4.418685251;1.626467978;78.8796336;39.1761338;9.12945447;859.1507121
49.90%;5.28%;20.89%;1.20%;1.05%;0.49%;0.04%;0.11%;0.09%;20.94%;100.00%;150;5.999620018;4.428815879;95.09324479;31.68897927;6.55866294;606.1441118
56.74%;6.20%;16.11%;2.08%;1.38%;0.41%;0.08%;0.41%;0.14%;16.44%;100.00%;150;6.077749353;5.007826379;96.97890982;36.03646958;8.285086871;903.2925289
59.28%;5.20%;18.29%;1.41%;1.19%;0.75%;0.14%;0.20%;0.05%;13.50%;100.00%;150;6.109949365;4.161137477;87.87219332;37.64635803;10.66619584;690.1645329
51.01%;2.34%;16.04%;2.42%;1.46%;0.59%;0.25%;0.31%;0.07%;25.51%;100.00%;150;5.355638323;0.760769984;63.81968437;32.39650241;9.186325247;618.3007551
55.41%;1.86%;22.45%;2.65%;1.39%;0.58%;0.10%;0.09%;0.05%;15.41%;100.00%;150;5.847877937;0.329614484;79.96685909;35.18894232;11.78861695;866.1955599
60.26%;2.83%;20.59%;2.33%;1.22%;0.75%;0.28%;0.33%;0.02%;11.39%;100.00%;150;5.629938819;1.586525346;82.3783054;38.26893463;9.469515873;674.8427286
50.97%;1.57%;20.77%;2.46%;0.56%;0.84%;0.24%;0.34%;0.01%;22.24%;100.00%;150;5.334002513;1.020042178;78.33698872;32.37150032;7.82950854;665.0049538
58.37%;6.26%;17.93%;2.95%;1.50%;0.32%;0.17%;0.28%;0.13%;12.08%;100.00%;150;6.533363317;4.943422107;98.70598377;37.0715674;8.711302852;788.6435686
56.04%;7.77%;17.77%;1.22%;1.22%;0.60%;0.29%;0.36%;0.03%;14.71%;100.00%;150;6.034442121;6.899880171;109.3360081;35.59042551;7.616581042;663.3857296
49.77%;7.70%;17.36%;0.29%;1.45%;0.80%;0.11%;0.49%;0.14%;21.89%;100.00%;150;6.139897535;6.547713867;104.2556513;31.61052078;6.96109957;801.0982955
61.23%;5.49%;24.43%;0.74%;1.45%;0.73%;0.25%;0.21%;0.11%;5.36%;100.00%;150;2.599880588;4.174825114;103.3979791;38.88671144;12.39394389;870.3461453
61.32%;3.45%;20.67%;0.59%;1.21%;0.74%;0.11%;0.30%;0.14%;11.49%;100.00%;150;5.043485446;2.252931668;79.15561937;38.94011106;8.955334097;837.5486769
52.36%;5.97%;24.59%;0.78%;0.87%;0.30%;0.17%;0.29%;0.01%;14.64%;100.00%;150;5.899352827;5.376814503;111.5754145;33.25375796;7.086602722;780.3839528
53.69%;3.97%;22.78%;0.71%;1.23%;0.90%;0.16%;0.08%;0.09%;16.38%;100.00%;150;6.135633943;2.798349788;88.17456328;34.09939635;9.071402245;646.6057087
56.61%;1.81%;22.74%;1.77%;0.72%;0.48%;0.25%;0.13%;0.02%;15.47%;100.00%;150;5.15605096;1.091795069;79.06840096;35.94992564;9.541763204;750.5835138
60.35%;2.92%;15.55%;2.22%;0.56%;0.91%;0.29%;0.59%;0.12%;16.49%;100.00%;150;4.729377883;2.464245053;68.03007193;38.32772834;13.93021205;1050.411741
52.16%;1.87%;16.97%;2.68%;0.42%;0.61%;0.17%;0.54%;0.14%;24.44%;100.00%;150;5.379769949;1.504791804;64.01274303;33.12370168;11.66569005;792.7309156
49.89%;6.24%;20.92%;1.32%;0.54%;0.76%;0.06%;0.30%;0.13%;19.84%;100.00%;150;6.645074654;6.058587257;102.4128944;31.68272212;10.10441495;675.6622024
49.37%;2.69%;14.24%;2.36%;0.85%;0.44%;0.22%;0.48%;0.10%;29.26%;100.00%;150;5.501125219;1.865900975;63.0738782;31.35380555;8.800406135;819.8844393
57.96%;4.48%;23.29%;1.57%;1.25%;0.46%;0.18%;0.52%;0.08%;10.21%;100.00%;150;6.019365527;3.319943396;95.75276361;36.81031545;10.5659175;835.6060265
49.43%;7.07%;22.83%;1.57%;0.26%;0.55%;0.23%;0.58%;0.03%;17.46%;100.00%;150;5.894991078;7.297134533;115.1785342;31.39291744;6.429518688;759.6189068
56.70%;5.19%;22.07%;2.48%;0.78%;0.50%;0.11%;0.26%;0.02%;11.89%;100.00%;150;6.400471588;4.65181301;99.11053408;36.00824618;9.718557927;787.6677394
62.51%;5.34%;22.07%;2.94%;0.62%;0.91%;0.20%;0.28%;0.01%;5.12%;100.00%;150;5.296523969;5.001347892;112.2323188;39.69820239;12.74089075;962.0953159
51.60%;1.93%;22.60%;2.54%;1.08%;0.55%;0.14%;0.54%;0.15%;18.87%;100.00%;150;5.849676864;0.777887498;77.52158498;32.76856225;8.406710927;660.7058705
59.41%;3.62%;13.37%;0.59%;0.49%;0.29%;0.27%;0.58%;0.05%;21.33%;100.00%;150;5.10351621;3.312019117;63.58236026;37.72952167;9.072263444;660.8746627
55.94%;3.42%;17.21%;0.27%;0.37%;0.26%;0.26%;0.59%;0.06%;21.61%;100.00%;150;5.44177959;3.228740535;76.32772149;35.52372804;8.361305982;634.8251761
52.73%;1.83%;22.42%;0.74%;0.68%;0.52%;0.09%;0.28%;0.13%;20.58%;100.00%;150;5.566459458;1.15453178;73.47820603;33.48955737;9.984153637;852.2797284
54.68%;5.82%;21.61%;1.34%;0.85%;0.25%;0.09%;0.26%;0.01%;15.09%;100.00%;150;6.540827567;5.244732306;99.17602026;34.72447127;7.677162761;668.3326828
55.53%;5.75%;13.66%;1.72%;0.28%;0.83%;0.03%;0.11%;0.03%;22.04%;100.00%;150;6.418580979;5.857729519;81.20202052;35.26749922;7.544738452;751.1400087
55.88%;5.64%;23.51%;1.68%;0.46%;0.60%;0.23%;0.35%;0.07%;11.59%;100.00%;150;6.308433054;5.524475305;104.4577746;35.48649934;11.53604069;988.9774734
57.47%;1.77%;16.07%;2.15%;0.45%;0.51%;0.16%;0.42%;0.13%;20.88%;100.00%;150;5.909302559;1.367553973;60.53259671;36.49657614;12.86559961;822.3471114
61.59%;7.73%;12.43%;1.59%;1.23%;0.84%;0.26%;0.33%;0.06%;13.94%;100.00%;150;6.636435814;6.851832738;93.48066375;39.11382731;11.50221207;863.6326512
60.46%;4.66%;18.08%;1.65%;1.03%;0.26%;0.10%;0.55%;0.13%;13.08%;100.00%;150;6.352623193;3.782693515;84.6327955;38.39831334;13.34304518;777.106109
56.27%;2.46%;12.87%;1.17%;0.44%;0.76%;0.27%;0.08%;0.09%;25.58%;100.00%;150;5.794496413;2.12029015;58.16496602;35.7359335;13.01445921;717.8438728
61.86%;3.10%;21.88%;2.08%;1.25%;0.45%;0.25%;0.13%;0.10%;8.91%;100.00%;150;4.23630111;1.839416859;82.00875279;39.28557898;9.406086862;929.6415984
54.69%;2.98%;16.61%;2.01%;0.85%;0.79%;0.15%;0.59%;0.09%;21.24%;100.00%;150;5.985326079;2.188758153;70.13431899;34.73168989;9.267964276;642.474677
55.08%;4.22%;22.84%;1.40%;0.70%;0.84%;0.29%;0.42%;0.12%;14.08%;100.00%;150;5.506421572;3.699576871;92.56009321;34.97930331;11.03635204;817.4692346
55.33%;6.12%;22.37%;1.32%;1.18%;0.40%;0.11%;0.48%;0.12%;12.58%;100.00%;150;6.17938246;5.167719429;104.8133737;35.13894571;7.462694946;857.1293856
61.77%;1.84%;18.30%;1.82%;0.67%;0.51%;0.26%;0.29%;0.14%;14.40%;100.00%;150;0.389729391;1.16895865;64.19907869;39.23007093;11.2471753;903.8942995
53.30%;6.90%;13.64%;0.47%;0.74%;0.83%;0.12%;0.28%;0.04%;23.67%;100.00%;150;6.055992638;6.541516982;88.50307656;33.85095773;11.05972688;733.9774399
55.48%;4.76%;19.48%;2.23%;0.73%;0.60%;0.11%;0.09%;0.08%;16.42%;100.00%;150;6.052799676;4.247058714;95.83085279;35.23426783;10.60644289;734.2739466
56.74%;1.72%;17.80%;0.47%;0.57%;0.54%;0.29%;0.37%;0.12%;21.37%;100.00%;150;5.704100853;1.173885163;60.89514993;36.03550811;11.83111651;687.2376883
56.79%;1.80%;14.82%;2.23%;0.70%;0.53%;0.29%;0.13%;0.06%;22.64%;100.00%;150;5.329127969;1.097788158;59.26147105;36.06522672;11.27949629;832.5200947
50.72%;6.09%;12.48%;0.92%;1.15%;0.89%;0.13%;0.55%;0.09%;26.99%;100.00%;150;6.269296368;5.17788285;80.78450046;32.21280046;6.660439606;711.6025327
49.98%;6.31%;14.37%;1.46%;0.38%;0.42%;0.04%;0.38%;0.02%;26.64%;100.00%;150;6.349746685;6.337476462;86.92594464;31.7438949;6.502092763;564.1851467
62.66%;2.53%;17.16%;2.33%;0.43%;0.61%;0.27%;0.40%;0.10%;13.51%;100.00%;150;2.475805918;2.21146075;77.99145473;39.79313462;8.594903281;832.7971638
57.21%;4.91%;19.56%;2.28%;0.84%;0.30%;0.15%;0.34%;0.12%;14.28%;100.00%;150;6.246923479;4.267350023;90.06501226;36.33342096;8.754241453;875.5758655
49.21%;7.13%;19.05%;0.97%;0.93%;0.46%;0.12%;0.31%;0.15%;21.67%;100.00%;150;6.046198033;6.562068451;102.9119061;31.25419654;9.5846031;638.9735496
62.13%;5.33%;22.19%;2.15%;1.10%;0.26%;0.24%;0.10%;0.08%;6.43%;100.00%;150;5.823891734;4.409180893;101.6479258;39.45533956;12.88293877;887.5041635
52.70%;7.67%;19.16%;0.84%;0.88%;0.73%;0.02%;0.44%;0.08%;17.47%;100.00%;150;6.764157076;7.199286948;108.999639;33.47035819;8.43522113;873.032443
49.06%;7.87%;19.67%;0.49%;1.25%;0.59%;0.17%;0.52%;0.13%;20.26%;100.00%;150;6.378735255;6.971279783;112.3139392;31.15664865;8.441410605;625.750022
53.01%;7.40%;16.70%;1.58%;0.70%;0.90%;0.19%;0.38%;0.08%;19.08%;100.00%;150;6.669178466;7.125921224;101.491269;33.66241814;7.465518255;789.8048707
59.66%;4.48%;20.48%;0.68%;0.96%;0.26%;0.12%;0.15%;0.05%;13.17%;100.00%;150;5.957870014;3.669470927;90.58597397;37.89061386;8.694125397;854.8888276
60.97%;5.42%;22.68%;0.83%;0.98%;0.76%;0.16%;0.53%;0.10%;7.56%;100.00%;150;6.449929226;4.650016797;102.1117166;38.71732939;13.31180695;1021.603558
57.07%;5.47%;13.92%;1.78%;0.82%;0.79%;0.11%;0.06%;0.06%;19.92%;100.00%;150;6.058917658;4.903048806;81.8020193;36.24614266;12.77499516;918.6564203
61.30%;4.74%;24.76%;2.84%;0.91%;0.46%;0.16%;0.45%;0.06%;4.33%;100.00%;150;2.582064183;4.011858128;104.8687042;38.92953485;11.27007286;910.6087843
59.57%;2.87%;21.08%;1.92%;1.45%;0.33%;0.20%;0.51%;0.01%;12.06%;100.00%;150;5.96208369;1.351658844;80.36208418;37.82920449;10.63693093;821.309129
57.00%;2.41%;20.35%;2.87%;0.58%;0.61%;0.09%;0.51%;0.08%;15.50%;100.00%;150;6.103834452;1.898919943;76.65230798;36.20215715;10.61985028;733.3980097
53.71%;6.84%;19.11%;2.36%;0.39%;0.59%;0.21%;0.57%;0.14%;16.07%;100.00%;150;6.116295043;6.894188905;105.1413345;34.11073719;7.377776163;682.7004503
61.26%;7.29%;13.99%;2.68%;1.27%;0.63%;0.26%;0.47%;0.06%;12.08%;100.00%;150;6.516527793;6.315800415;99.37468052;38.90689103;8.450356;838.8650857
51.03%;5.81%;24.67%;1.29%;0.66%;0.54%;0.28%;0.54%;0.13%;15.04%;100.00%;150;5.69680012;5.458005063;109.4532926;32.40748743;9.544407159;861.391448
50.85%;7.44%;17.95%;1.89%;0.95%;0.57%;0.16%;0.35%;0.11%;19.74%;100.00%;150;6.09468473;6.865658014;105.8301293;32.29356042;6.258109513;659.1539691
50.15%;6.15%;24.68%;2.05%;0.78%;0.34%;0.19%;0.16%;0.09%;15.41%;100.00%;150;6.330311997;5.685488023;112.6003073;31.84848161;9.1816848;648.814144
49.04%;4.17%;17.11%;0.97%;1.36%;0.42%;0.19%;0.35%;0.07%;26.32%;100.00%;150;6.214473234;2.858369309;76.86715536;31.14164361;9.17200817;633.5461086
58.46%;2.04%;14.27%;2.72%;1.39%;0.75%;0.09%;0.29%;0.13%;19.84%;100.00%;150;6.117687973;0.526203668;58.81079996;37.12830946;9.432613222;854.686818
58.00%;2.16%;15.02%;2.33%;0.42%;0.31%;0.06%;0.39%;0.13%;21.19%;100.00%;150;4.540837358;1.825480296;60.14181711;36.83330374;9.492360857;757.8392268
61.28%;5.40%;12.08%;0.25%;0.96%;0.68%;0.23%;0.26%;0.14%;18.72%;100.00%;150;6.160888007;4.660504704;72.64157352;38.91911006;8.857886807;761.3931151
50.72%;7.77%;18.30%;0.88%;1.21%;0.76%;0.05%;0.26%;0.03%;20.01%;100.00%;150;6.591859154;6.904270025;107.3341074;32.21328498;7.888954986;690.6293432
50.50%;6.01%;13.70%;0.70%;0.51%;0.29%;0.08%;0.31%;0.10%;27.79%;100.00%;150;6.044884202;5.84876643;82.9588771;32.06936683;7.046929963;727.6584483
50.42%;2.88%;24.25%;2.99%;1.24%;0.56%;0.14%;0.55%;0.14%;16.82%;100.00%;150;5.571361069;1.614477306;93.39092326;32.01764411;10.92272216;818.4219309
56.73%;4.67%;13.40%;2.73%;1.19%;0.88%;0.26%;0.41%;0.13%;19.61%;100.00%;150;5.802230844;3.602633315;78.12915993;36.02546563;10.48131161;896.0152971
59.40%;4.99%;24.69%;2.00%;0.76%;0.76%;0.26%;0.34%;0.05%;6.75%;100.00%;150;5.68041288;4.447617902;108.4767489;37.72405566;10.65573817;689.0743267
58.98%;2.61%;16.13%;0.95%;0.87%;0.29%;0.07%;0.19%;0.13%;19.79%;100.00%;150;2.506754222;1.763059084;61.7605327;37.45685318;13.94287825;906.5738595
61.54%;5.28%;13.07%;1.18%;1.47%;0.78%;0.12%;0.58%;0.13%;15.85%;100.00%;150;6.467137249;3.919617068;76.57740198;39.07995999;10.77484203;742.2732036
51.81%;5.36%;13.76%;1.04%;1.10%;0.51%;0.10%;0.21%;0.03%;26.07%;100.00%;150;6.037474132;4.442748975;82.38094279;32.90512173;6.860992033;795.3400474
56.11%;5.97%;20.86%;1.74%;0.42%;0.78%;0.22%;0.42%;0.04%;13.45%;100.00%;150;5.875339761;5.92661227;101.1880985;35.63548605;11.77169138;700.8227786
59.98%;2.42%;16.55%;2.51%;0.62%;0.69%;0.28%;0.56%;0.10%;16.29%;100.00%;150;2.406625339;1.861265051;68.70469305;38.09181537;11.86867634;745.2381516
53.26%;7.16%;14.10%;2.33%;0.58%;0.79%;0.06%;0.33%;0.13%;21.25%;100.00%;150;6.690800541;7.012259589;98.84783247;33.82609949;8.222408683;592.0037056
58.59%;6.92%;22.89%;1.40%;0.36%;0.44%;0.22%;0.14%;0.11%;8.92%;100.00%;150;6.401732892;7.011562629;113.962573;37.21182514;8.481824456;822.6112978
58.87%;1.88%;14.34%;2.19%;0.44%;0.71%;0.20%;0.32%;0.08%;20.97%;100.00%;150;5.91003743;1.504152429;56.88075813;37.38694953;10.64531948;809.769089
50.78%;5.97%;18.28%;1.91%;1.38%;0.55%;0.06%;0.55%;0.03%;20.48%;100.00%;150;6.279486603;4.766291269;95.30296557;32.25075594;9.494717517;851.9844904
62.97%;5.23%;14.66%;2.09%;1.36%;0.48%;0.27%;0.05%;0.02%;12.87%;100.00%;150;2.403479927;4.000511934;84.04810836;39.99003222;8.920111398;885.0420512
50.84%;3.63%;16.58%;1.28%;0.51%;0.54%;0.09%;0.14%;0.06%;26.32%;100.00%;150;5.867460242;3.291976124;73.89769671;32.28793543;9.693416553;712.6363239
59.66%;7.15%;16.12%;0.52%;0.34%;0.35%;0.04%;0.10%;0.05%;15.68%;100.00%;150;6.578828113;7.287221675;93.64468105;37.88607904;9.72300597;759.9012292
56.89%;6.99%;13.47%;2.75%;1.37%;0.42%;0.29%;0.32%;0.02%;17.47%;100.00%;150;5.764371455;5.879413111;92.16070664;36.13112548;8.339155528;844.0328753
56.49%;4.81%;15.28%;1.52%;0.51%;0.78%;0.23%;0.11%;0.02%;20.24%;100.00%;150;6.222463901;4.572162996;77.89228274;35.87820882;11.46501056;702.6738646
55.04%;7.36%;21.21%;1.83%;0.64%;0.60%;0.09%;0.49%;0.02%;12.71%;100.00%;150;6.516694528;7.152596681;112.083203;34.9560614;8.704011554;781.9229922
59.42%;4.18%;21.14%;1.30%;0.74%;0.37%;0.18%;0.34%;0.12%;12.20%;100.00%;150;5.86671472;3.616923572;89.27792634;37.73631634;9.441868364;887.9291007
55.03%;2.15%;15.60%;0.61%;0.99%;0.63%;0.08%;0.20%;0.03%;24.66%;100.00%;150;5.879053783;1.123209165;56.81964876;34.95074301;11.87020166;919.5614473
61.15%;3.62%;23.19%;2.90%;0.53%;0.69%;0.26%;0.14%;0.04%;7.47%;100.00%;150;5.24089552;3.25645888;91.41550118;38.83418245;11.00672791;770.0125486
59.41%;5.28%;16.23%;0.95%;0.46%;0.75%;0.22%;0.41%;0.09%;16.20%;100.00%;150;4.003562092;5.128352872;83.10692915;37.72742839;11.41916202;712.3379697
61.08%;5.18%;14.80%;1.42%;0.25%;0.65%;0.03%;0.24%;0.02%;16.32%;100.00%;150;5.428818648;5.27373553;78.67767508;38.79140447;10.5948051;743.5196217
50.15%;7.31%;13.97%;0.90%;0.99%;0.33%;0.14%;0.43%;0.08%;25.70%;100.00%;150;6.710026022;6.679785856;91.63381046;31.84837562;7.993377032;840.498824
60.71%;8.00%;19.83%;2.88%;0.37%;0.92%;0.16%;0.45%;0.07%;6.61%;100.00%;150;6.625305651;8.162327518;116.7446357;38.55601387;8.648555878;933.9404511
62.86%;2.13%;18.67%;2.97%;0.96%;0.41%;0.21%;0.53%;0.13%;11.11%;100.00%;150;5.088988635;1.139878645;73.62389897;39.92045033;9.07590989;846.367836
62.53%;3.33%;18.45%;2.48%;1.10%;0.64%;0.17%;0.05%;0.03%;11.22%;100.00%;150;0.673828018;2.262834928;76.41344591;39.70987634;12.32408901;1000.097337
54.40%;2.29%;19.20%;1.00%;0.57%;0.47%;0.23%;0.31%;0.07%;21.46%;100.00%;150;5.520668005;1.780813726;74.26133026;34.54722709;11.11231676;767.0293648
58.43%;3.67%;19.32%;2.12%;1.00%;0.88%;0.24%;0.09%;0.07%;14.17%;100.00%;150;5.571786313;2.749574355;85.90028104;37.10582083;13.20168175;822.6368537
54.05%;3.98%;24.64%;0.74%;1.27%;0.63%;0.29%;0.44%;0.13%;13.83%;100.00%;150;5.616569163;2.7552887;94.79724033;34.32419938;8.457255409;727.9477314
49.62%;2.08%;17.88%;1.09%;0.99%;0.33%;0.19%;0.28%;0.12%;27.43%;100.00%;150;5.486264336;1.042903439;62.652604;31.50954906;9.166898866;600.024007
52.16%;5.59%;17.77%;2.62%;0.51%;0.78%;0.25%;0.18%;0.10%;20.02%;100.00%;150;5.914923868;5.403360698;92.65922525;33.12739237;11.62080986;939.0857677
56.01%;4.51%;23.00%;1.15%;1.09%;0.40%;0.02%;0.41%;0.05%;13.36%;100.00%;150;6.398024275;3.543556212;93.85111075;35.57328176;9.410727602;753.3668703
60.33%;1.96%;15.83%;1.74%;0.55%;0.43%;0.14%;0.57%;0.09%;18.36%;100.00%;150;5.840694777;1.45195386;61.63004227;38.31696665;11.05993783;942.6090113
59.17%;5.38%;21.84%;1.34%;1.26%;0.60%;0.22%;0.31%;0.12%;9.75%;100.00%;150;3.425533426;4.283192255;97.7008639;37.5770941;8.200144474;799.0876183
49.04%;6.17%;17.46%;2.20%;1.31%;0.83%;0.07%;0.53%;0.14%;22.25%;100.00%;150;6.625578654;5.069348666;95.85667069;31.1444069;8.421435524;690.1604431
60.66%;3.74%;12.93%;1.74%;1.33%;0.67%;0.11%;0.41%;0.14%;18.27%;100.00%;150;6.275971764;2.420507421;65.61513794;38.52111694;10.07769474;1004.966216
