Bauxite Particle size ;Target Ca/Si Ratio in Pre-Desilication Slurry   ;Pre-Desilication Process Efficiency ;Digestion Efficiency of Bauxite   ;Steam Injected Into digester    ;Suhu Digester   ;L/S Ratio (Liquor-to-Solid in Digester) ;Target NaOH Solution Concentration in Digestion Tank    ;Digestion Steam Evaporation Loss    ;Steam Flashing Water release    ;Precipitation Temperature   ;Precipitation Yield (Al(OH)? from liquor)   ;Clarification Process Efficiency    ;Seed Alumino Hydrate Ratio  ;Free Moisture in Wet Alumina Hydrate    ;NaOH affected by carbonation    ;Wash Water Added to Red Mud (ton/ton RM)    ;Red Mud Wash Efficiency ;Spent Liquor Na2CO3 conversion efficiency   ;Minimum Causticity (Active NaOH/(NaOH+Na2CO3)   ;Total NaOH OPEX (per Hr)  ;Total CaO OPEX (Per Hr);TOTAL OPEX
71.72224426;1.2;0.8;94.39%;0.05;141.0376129;3;149.9983368;0.03;0.02;53.93284607;80.73%;0.98;2.888386965;0.1;0.1;2.5;0.8;0.9;0.85;2909.69303;390.9182997;3300.61133
65.21299744;1.2;0.8;97.90%;0.05;141.7039337;3;156.3690491;0.03;0.02;61.21471786;77.21%;0.98;2.211999416;0.1;0.1;2.5;0.8;0.9;0.85;3056.703854;326.2969298;3383.000784
55.4329567;1.2;0.8;100.00%;0.05;146.7346497;3;153.916626;0.03;0.02;62.87618637;76.38%;0.98;2.192149162;0.1;0.1;2.5;0.8;0.9;0.85;3285.104802;669.0588669;3954.163669
61.45313263;1.2;0.8;99.43%;0.05;143.4789581;3;157.1398163;0.03;0.02;59.63975906;77.96%;0.98;2.087647915;0.1;0.1;2.5;0.8;0.9;0.85;3251.303407;718.161781;3969.465188
61.6172905;1.2;0.8;99.73%;0.05;146.2836761;3;149.8012543;0.03;0.02;50.68618393;82.13%;0.98;2.451069593;0.1;0.1;2.5;0.8;0.9;0.85;2962.636888;433.465486;3396.102374
59.00828552;1.2;0.8;99.55%;0.05;142.9337616;3;156.2849731;0.03;0.02;69.58220673;72.68%;0.98;2.239590645;0.1;0.1;2.5;0.8;0.9;0.85;3093.892963;278.1478727;3372.040836
55.99637604;1.2;0.8;99.32%;0.05;140.1942902;3;158.3443451;0.03;0.02;64.0364151;75.76%;0.98;2.351610661;0.1;0.1;2.5;0.8;0.9;0.85;3159.811635;562.4775458;3722.28918
52.71335983;1.2;0.8;99.15%;0.05;140.6414795;3;144.1158142;0.03;0.02;58.85823059;78.41%;0.98;2.682904243;0.1;0.1;2.5;0.8;0.9;0.85;3037.882118;677.6292205;3715.511339
65.5462265;1.2;0.8;98.28%;0.05;145.4703217;3;141.2731934;0.03;0.02;66.49500275;74.40%;0.98;2.046055079;0.1;0.1;2.5;0.8;0.9;0.85;3005.549752;735.7726664;3741.322418
67.99407959;1.2;0.8;95.46%;0.05;140.4662476;3;151.197525;0.03;0.02;54.5222702;80.46%;0.98;2.546921253;0.1;0.1;2.5;0.8;0.9;0.85;2965.481056;440.7734989;3406.254555
62.48211288;1.2;0.8;99.03%;0.05;144.8283997;3;146.037735;0.03;0.02;64.46208954;75.54%;0.98;2.261880875;0.1;0.1;2.5;0.8;0.9;0.85;2637.700061;651.5677696;3289.267831
72.97635651;1.2;0.8;97.87%;0.05;145.0319519;3;155.5366974;0.03;0.02;61.30455017;77.19%;0.98;2.309608936;0.1;0.1;2.5;0.8;0.9;0.85;2675.212013;171.3466409;2846.558654
54.492939;1.2;0.8;100.06%;0.05;148.4168854;3;155.4981079;0.03;0.02;58.10735321;78.78%;0.98;2.661136389;0.1;0.1;2.5;0.8;0.9;0.85;3380.166629;752.84829;4133.014919
71.84567261;1.2;0.8;97.23%;0.05;143.6910095;3;154.7688446;0.03;0.02;65.04857635;75.20%;0.98;2.28194046;0.1;0.1;2.5;0.8;0.9;0.85;3336.78879;742.2541021;4079.042892
56.22561646;1.2;0.8;99.99%;0.05;148.0344391;3;142.6120605;0.03;0.02;57.30750275;79.15%;0.98;2.449815273;0.1;0.1;2.5;0.8;0.9;0.85;2853.082977;498.7380819;3351.821059
54.45646286;1.2;0.8;99.52%;0.05;142.9931183;3;143.3458405;0.03;0.02;61.14863205;77.27%;0.98;2.342273712;0.1;0.1;2.5;0.8;0.9;0.85;2866.130442;339.4811168;3205.611559
67.0194397;1.2;0.8;98.01%;0.05;143.848938;3;150.1224976;0.03;0.02;62.58377838;76.51%;0.98;2.237231493;0.1;0.1;2.5;0.8;0.9;0.85;3135.38426;727.3014989;3862.685759
52.19148254;1.2;0.8;100.55%;0.05;149.6539764;3;154.7235107;0.03;0.02;67.98728943;73.59%;0.98;2.920722485;0.1;0.1;2.5;0.8;0.9;0.85;2927.295929;179.8691573;3107.165087
54.89046097;1.2;0.8;99.93%;0.05;143.6161194;3;155.2450256;0.03;0.02;51.03944778;81.98%;0.98;2.145394325;0.1;0.1;2.5;0.8;0.9;0.85;3053.206243;290.3404324;3343.546676
50.07117081;1.2;0.8;100.01%;0.05;146.0240326;3;148.5490723;0.03;0.02;65.37290192;75.04%;0.98;2.23353529;0.1;0.1;2.5;0.8;0.9;0.85;3167.462348;573.1124695;3740.574817
71.76586151;1.2;0.8;98.17%;0.05;144.3983459;3;159.3553619;0.03;0.02;67.29732513;73.97%;0.98;2.16838336;0.1;0.1;2.5;0.8;0.9;0.85;3282.028127;707.398407;3989.426534
55.11304855;1.2;0.8;100.00%;0.05;148.0572662;3;142.8486481;0.03;0.02;57.97709656;78.85%;0.98;2.767466545;0.1;0.1;2.5;0.8;0.9;0.85;491.7790391;420.5576311;912.3366702
74.96834564;1.2;0.8;96.88%;0.05;146.7834015;3;142.6768799;0.03;0.02;59.43722916;78.13%;0.98;2.781723499;0.1;0.1;2.5;0.8;0.9;0.85;2905.849337;509.3556031;3415.204941
70.94107819;1.2;0.8;98.27%;0.05;145.7799377;3;151.2147827;0.03;0.02;63.77228546;75.88%;0.98;2.014155388;0.1;0.1;2.5;0.8;0.9;0.85;3241.930106;805.4352831;4047.365389
54.9504776;1.2;0.8;99.06%;0.05;141.6031799;3;143.9681549;0.03;0.02;59.93353653;77.88%;0.98;2.801759958;0.1;0.1;2.5;0.8;0.9;0.85;2700.68864;219.7475262;2920.436166
53.64504623;1.2;0.8;99.99%;0.05;146.2592926;3;144.9938812;0.03;0.02;67.46916199;73.89%;0.98;2.454496861;0.1;0.1;2.5;0.8;0.9;0.85;260.2044276;236.5702291;496.7746567
69.27909088;1.2;0.8;99.39%;0.05;149.1524963;3;145.2103729;0.03;0.02;51.59263611;81.76%;0.98;2.495033264;0.1;0.1;2.5;0.8;0.9;0.85;2898.731125;298.8203401;3197.551465
73.8899231;1.2;0.8;98.24%;0.05;149.0723724;3;140.4738007;0.03;0.02;58.95420074;78.37%;0.98;2.793020725;0.1;0.1;2.5;0.8;0.9;0.85;2888.16239;529.8151832;3417.977573
57.86965942;1.2;0.8;97.74%;0.05;140.9077759;3;141.2948761;0.03;0.02;58.49046326;78.59%;0.98;2.937654257;0.1;0.1;2.5;0.8;0.9;0.85;2876.232521;560.5017829;3436.734303
60.27526474;1.2;0.8;99.49%;0.05;144.2747192;3;151.0712891;0.03;0.02;56.72715378;79.43%;0.98;2.44226265;0.1;0.1;2.5;0.8;0.9;0.85;2988.920155;415.188001;3404.108156
64.47065735;1.2;0.8;98.91%;0.05;143.7458649;3;154.7107086;0.03;0.02;61.90997314;76.88%;0.98;2.624679089;0.1;0.1;2.5;0.8;0.9;0.85;2816.829658;407.6585166;3224.488174
73.94455719;1.2;0.8;94.29%;0.05;142.8691254;3;144.5195007;0.03;0.02;56.33856583;79.60%;0.98;2.257143021;0.1;0.1;2.5;0.8;0.9;0.85;2785.375777;436.3617056;3221.737483
64.39793396;1.2;0.8;99.75%;0.05;146.6627197;3;155.2320251;0.03;0.02;61.27865601;77.21%;0.98;2.329484224;0.1;0.1;2.5;0.8;0.9;0.85;2802.021953;540.2690589;3342.291012
64.44462585;1.2;0.8;99.89%;0.05;149.7744141;3;145.0555115;0.03;0.02;63.82725143;75.88%;0.98;2.519338131;0.1;0.1;2.5;0.8;0.9;0.85;2740.471307;158.2620303;2898.733337
73.519104;1.2;0.8;99.07%;0.05;149.992218;3;144.6056366;0.03;0.02;60.10602951;77.79%;0.98;2.213141441;0.1;0.1;2.5;0.8;0.9;0.85;1413.535757;244.8499696;1658.385726
56.83496475;1.2;0.8;100.00%;0.05;149.2941895;3;140.6077576;0.03;0.02;54.15781021;80.58%;0.98;2.171658993;0.1;0.1;2.5;0.8;0.9;0.85;2991.568789;775.3554278;3766.924217
63.48792267;1.2;0.8;99.58%;0.05;147.1248474;3;146.2385559;0.03;0.02;56.92115402;79.34%;0.98;2.18379283;0.1;0.1;2.5;0.8;0.9;0.85;1909.146283;739.2016506;2648.347933
70.04715729;1.2;0.8;97.34%;0.05;143.085556;3;154.9836273;0.03;0.02;54.6581192;80.39%;0.98;2.302422523;0.1;0.1;2.5;0.8;0.9;0.85;3182.782935;682.6737449;3865.45668
58.22864151;1.2;0.8;100.02%;0.05;148.7265167;3;159.8854065;0.03;0.02;61.21010971;77.24%;0.98;2.506025791;0.1;0.1;2.5;0.8;0.9;0.85;3021.162337;170.6325163;3191.794853
66.49423981;1.2;0.8;95.12%;0.05;140.6278687;3;145.0569;0.03;0.02;53.45684814;80.94%;0.98;2.87983036;0.1;0.1;2.5;0.8;0.9;0.85;2958.870603;375.3042475;3334.17485
61.67039871;1.2;0.8;99.91%;0.05;149.4572449;3;141.3359833;0.03;0.02;54.35351181;80.54%;0.98;2.660248041;0.1;0.1;2.5;0.8;0.9;0.85;2879.396274;561.1651048;3440.561379
57.9300499;1.2;0.8;98.59%;0.05;142.1915131;3;142.9552612;0.03;0.02;52.92093658;81.18%;0.98;2.736340046;0.1;0.1;2.5;0.8;0.9;0.85;2680.999218;310.6163113;2991.615529
66.73159027;1.2;0.8;99.25%;0.05;147.1899719;3;147.1027222;0.03;0.02;55.56400299;79.98%;0.98;2.452062607;0.1;0.1;2.5;0.8;0.9;0.85;2920.040485;514.5582322;3434.598717
67.55862427;1.2;0.8;97.33%;0.05;144.3066559;3;143.2478027;0.03;0.02;68.09310913;73.54%;0.98;2.803043842;0.1;0.1;2.5;0.8;0.9;0.85;1640.327812;243.4036937;1883.731505
70.554245;1.2;0.8;96.88%;0.05;144.729248;3;144.1082611;0.03;0.02;52.82376862;81.22%;0.98;2.371642828;0.1;0.1;2.5;0.8;0.9;0.85;1954.177329;524.9402351;2479.117564
73.39357758;1.2;0.8;99.02%;0.05;147.7319641;3;155.1325378;0.03;0.02;50.12936783;82.38%;0.98;2.594039917;0.1;0.1;2.5;0.8;0.9;0.85;3316.42427;688.5715354;4004.995805
70.98839569;1.2;0.8;96.28%;0.05;144.0300446;3;144.3728485;0.03;0.02;58.82201385;78.37%;0.98;2.203107357;0.1;0.1;2.5;0.8;0.9;0.85;2893.46125;593.5497307;3487.010981
57.86746979;1.2;0.8;100.00%;0.05;147.9233551;3;159.6238403;0.03;0.02;54.73650742;80.37%;0.98;2.940811157;0.1;0.1;2.5;0.8;0.9;0.85;3216.589412;619.7057635;3836.295175
69.32646942;1.2;0.8;95.99%;0.05;142.9164429;3;144.701889;0.03;0.02;51.89247894;81.63%;0.98;2.883895159;0.1;0.1;2.5;0.8;0.9;0.85;3086.502315;627.6502533;3714.152569
63.69117355;1.2;0.8;99.88%;0.05;148.0027771;3;151.740036;0.03;0.02;55.60959244;79.96%;0.98;2.976596355;0.1;0.1;2.5;0.8;0.9;0.85;3130.101646;568.3329617;3698.434608
54.28764343;1.2;0.8;99.95%;0.05;144.3004456;3;151.3734894;0.03;0.02;61.95093155;76.86%;0.98;2.614140511;0.1;0.1;2.5;0.8;0.9;0.85;3039.859613;348.473031;3388.332644
55.96325684;1.2;0.8;99.78%;0.05;144.2269592;3;147.6908417;0.03;0.02;62.8694725;76.38%;0.98;2.370769024;0.1;0.1;2.5;0.8;0.9;0.85;2087.11527;649.8043478;2736.919617
67.25222015;1.2;0.8;99.54%;0.05;147.9006653;3;149.8258667;0.03;0.02;61.43268204;77.12%;0.98;2.216048002;0.1;0.1;2.5;0.8;0.9;0.85;2989.965004;672.075343;3662.040347
65.52936554;1.2;0.8;98.98%;0.05;143.9561157;3;157.0648804;0.03;0.02;66.50027466;74.43%;0.98;2.81320858;0.1;0.1;2.5;0.8;0.9;0.85;3334.448131;716.7244794;4051.17261
73.74601746;1.2;0.8;97.76%;0.05;144.4611359;3;159.3448944;0.03;0.02;61.23006058;77.23%;0.98;2.743267536;0.1;0.1;2.5;0.8;0.9;0.85;3206.143531;671.4521325;3877.595664
63.59159088;1.2;0.8;98.86%;0.05;146.122757;3;140.0171967;0.03;0.02;64.78691864;75.37%;0.98;2.748679161;0.1;0.1;2.5;0.8;0.9;0.85;662.1952213;676.0372479;1338.232469
66.17474365;1.2;0.8;97.71%;0.05;142.4700012;3;152.7516479;0.03;0.02;51.6299324;81.72%;0.98;2.340269327;0.1;0.1;2.5;0.8;0.9;0.85;3144.456636;593.9672333;3738.423869
67.56783295;1.2;0.8;98.00%;0.05;144.2003937;3;149.4566956;0.03;0.02;57.75259399;78.94%;0.98;2.361200809;0.1;0.1;2.5;0.8;0.9;0.85;2889.422065;315.1400108;3204.562076
72.80835724;1.2;0.8;97.61%;0.05;147.3783264;3;141.0898132;0.03;0.02;68.25119019;73.44%;0.98;2.351718903;0.1;0.1;2.5;0.8;0.9;0.85;2949.876139;460.0378508;3409.91399
53.20120239;1.2;0.8;99.89%;0.05;141.672287;3;158.2337341;0.03;0.02;65.59627533;74.93%;0.98;2.808428288;0.1;0.1;2.5;0.8;0.9;0.85;3148.17289;600.9133066;3749.086196
73.01544189;1.2;0.8;94.82%;0.05;143.3187866;3;143.3132324;0.03;0.02;62.98226929;76.31%;0.98;2.681852102;0.1;0.1;2.5;0.8;0.9;0.85;3084.953131;789.3637728;3874.316904
72.91936493;1.2;0.8;93.13%;0.05;140.0002289;3;151.3275604;0.03;0.02;52.13021469;81.53%;0.98;2.706022263;0.1;0.1;2.5;0.8;0.9;0.85;3145.01472;560.0038232;3705.018543
68.74759674;1.2;0.8;98.47%;0.05;147.3244781;3;140.9734497;0.03;0.02;59.91862488;77.89%;0.98;2.403850079;0.1;0.1;2.5;0.8;0.9;0.85;2569.068047;217.668129;2786.736176
55.44394684;1.2;0.8;100.00%;0.05;149.0932922;3;143.0338287;0.03;0.02;53.21745682;81.05%;0.98;2.862028122;0.1;0.1;2.5;0.8;0.9;0.85;1917.783599;214.4269819;2132.210581
62.27381134;1.2;0.8;99.87%;0.05;146.0476074;3;157.9071198;0.03;0.02;56.30024719;79.64%;0.98;2.619214296;0.1;0.1;2.5;0.8;0.9;0.85;3090.417452;478.0160605;3568.433513
61.64987946;1.2;0.8;98.28%;0.05;140.2765503;3;159.1520996;0.03;0.02;50.20931625;82.34%;0.98;2.261247158;0.1;0.1;2.5;0.8;0.9;0.85;3149.364929;407.6810695;3557.045999
65.16482544;1.2;0.8;98.49%;0.05;144.9782867;3;144.9235535;0.03;0.02;68.44915771;73.33%;0.98;2.567141533;0.1;0.1;2.5;0.8;0.9;0.85;2814.419062;417.0951686;3231.514231
71.67480469;1.2;0.8;94.01%;0.05;141.7598267;3;144.1733551;0.03;0.02;68.38288879;73.36%;0.98;2.299615383;0.1;0.1;2.5;0.8;0.9;0.85;2744.525232;176.0020684;2920.527301
63.52750015;1.2;0.8;96.52%;0.05;140.1632996;3;149.4922638;0.03;0.02;62.70690536;76.47%;0.98;2.983898878;0.1;0.1;2.5;0.8;0.9;0.85;3089.645263;649.21961;3738.864873
53.27841949;1.2;0.8;100.00%;0.05;146.6064758;3;153.4674377;0.03;0.02;60.37856293;77.64%;0.98;2.268574715;0.1;0.1;2.5;0.8;0.9;0.85;2768.17751;174.9381;2943.11561
64.48922729;1.2;0.8;97.86%;0.05;142.4247437;3;150.4303741;0.03;0.02;51.37208176;81.86%;0.98;2.712198734;0.1;0.1;2.5;0.8;0.9;0.85;3047.616146;518.4417091;3566.057855
61.45187759;1.2;0.8;98.92%;0.05;143.2021332;3;150.4706421;0.03;0.02;54.63749695;80.39%;0.98;2.08945179;0.1;0.1;2.5;0.8;0.9;0.85;2986.754814;377.9188285;3364.673643
73.93226624;1.2;0.8;97.28%;0.05;144.078949;3;157.5901794;0.03;0.02;53.63779831;80.86%;0.98;2.560573816;0.1;0.1;2.5;0.8;0.9;0.85;3050.793769;461.3540376;3512.147807
69.27715302;1.2;0.8;99.34%;0.05;148.2234344;3;148.8731537;0.03;0.02;68.83913422;73.10%;0.98;2.297829151;0.1;0.1;2.5;0.8;0.9;0.85;3089.265072;556.9987407;3646.263813
55.47813797;1.2;0.8;100.03%;0.05;148.1550446;3;156.5466156;0.03;0.02;61.52919769;77.08%;0.98;2.412752151;0.1;0.1;2.5;0.8;0.9;0.85;3293.13272;605.7738956;3898.906615
55.03640366;1.2;0.8;99.87%;0.05;142.1067657;3;159.8065643;0.03;0.02;68.33869934;73.39%;0.98;2.277924061;0.1;0.1;2.5;0.8;0.9;0.85;3135.966777;272.628566;3408.595343
70.72199249;1.2;0.8;95.31%;0.05;140.1138916;3;158.2848206;0.03;0.02;50.84096527;82.09%;0.98;2.58703208;0.1;0.1;2.5;0.8;0.9;0.85;2943.1797;187.7142269;3130.893927
70.57137299;1.2;0.8;98.26%;0.05;147.0170441;3;144.0313873;0.03;0.02;69.60469818;72.67%;0.98;2.746959686;0.1;0.1;2.5;0.8;0.9;0.85;1345.224418;336.3422773;1681.566695
50.71700287;1.2;0.8;99.96%;0.05;142.0666504;3;153.8875427;0.03;0.02;57.07480621;79.27%;0.98;2.445657253;0.1;0.1;2.5;0.8;0.9;0.85;3097.227296;405.1575587;3502.384855
65.89273834;1.2;0.8;99.51%;0.05;147.3164673;3;149.1244965;0.03;0.02;68.65641785;73.21%;0.98;2.489543915;0.1;0.1;2.5;0.8;0.9;0.85;3069.298056;509.326495;3578.624551
73.70870209;1.2;0.8;99.47%;0.05;149.4936981;3;154.2226868;0.03;0.02;56.37696075;79.57%;0.98;2.254191637;0.1;0.1;2.5;0.8;0.9;0.85;2910.726834;234.5666066;3145.293441
70.03949738;1.2;0.8;96.51%;0.05;142.5332336;3;151.6667175;0.03;0.02;54.50142288;80.47%;0.98;2.342040539;0.1;0.1;2.5;0.8;0.9;0.85;3104.939369;637.792914;3742.732283
74.1193924;1.2;0.8;93.76%;0.05;140.4632721;3;154.6308594;0.03;0.02;51.47569656;81.75%;0.98;2.290894508;0.1;0.1;2.5;0.8;0.9;0.85;3038.794191;266.6019349;3305.396126
53.18835068;1.2;0.8;99.68%;0.05;142.8302917;3;144.4302673;0.03;0.02;67.57306671;73.83%;0.98;2.426948071;0.1;0.1;2.5;0.8;0.9;0.85;3014.451826;642.7497238;3657.20155
57.78252029;1.2;0.8;99.95%;0.05;147.350235;3;144.6127777;0.03;0.02;62.61882401;76.50%;0.98;2.206095457;0.1;0.1;2.5;0.8;0.9;0.85;2714.592096;159.2054302;2873.797526
70.01306915;1.2;0.8;98.77%;0.05;146.9741211;3;148.5662689;0.03;0.02;63.16798401;76.23%;0.98;2.637270927;0.1;0.1;2.5;0.8;0.9;0.85;3038.577999;673.4303146;3712.008314
73.42701721;1.2;0.8;92.22%;0.05;141.0548706;3;142.5168152;0.03;0.02;63.51117325;76.05%;0.98;2.631569386;0.1;0.1;2.5;0.8;0.9;0.85;2169.255813;182.1159458;2351.371759
59.29385757;1.2;0.8;99.18%;0.05;142.8034821;3;150.7922668;0.03;0.02;59.88358307;77.90%;0.98;2.370898247;0.1;0.1;2.5;0.8;0.9;0.85;3233.391307;769.7501233;4003.14143
65.41171265;1.2;0.8;99.84%;0.05;147.7215729;3;155.2265472;0.03;0.02;62.25210953;76.69%;0.98;2.039911509;0.1;0.1;2.5;0.8;0.9;0.85;2921.506199;306.5256439;3228.031842
74.77675629;1.2;0.8;91.35%;0.05;140.1981201;3;145.5796661;0.03;0.02;53.05555725;81.11%;0.98;2.514975071;0.1;0.1;2.5;0.8;0.9;0.85;3096.037296;688.4207662;3784.458062
57.70968628;1.2;0.8;99.96%;0.05;147.9576569;3;142.8481598;0.03;0.02;67.27302551;74.00%;0.98;2.853912354;0.1;0.1;2.5;0.8;0.9;0.85;3034.670258;767.6519189;3802.322177
72.28298187;1.2;0.8;97.39%;0.05;146.5475769;3;142.3413239;0.03;0.02;53.19538116;81.05%;0.98;2.680281162;0.1;0.1;2.5;0.8;0.9;0.85;2839.300376;547.350606;3386.650982
69.14266205;1.2;0.8;99.42%;0.05;148.5520477;3;148.397995;0.03;0.02;58.27485657;78.70%;0.98;2.80593276;0.1;0.1;2.5;0.8;0.9;0.85;2812.672351;172.4500184;2985.12237
53.06834793;1.2;0.8;100.00%;0.05;144.7198944;3;157.618988;0.03;0.02;69.42781067;72.77%;0.98;2.685602188;0.1;0.1;2.5;0.8;0.9;0.85;3123.231054;324.4443107;3447.675364
59.86536026;1.2;0.8;99.94%;0.05;146.6940918;3;152.490097;0.03;0.02;62.16555786;76.75%;0.98;2.547278881;0.1;0.1;2.5;0.8;0.9;0.85;2867.084747;317.2744248;3184.359172
63.43259048;1.2;0.8;98.83%;0.05;143.530365;3;152.270813;0.03;0.02;57.92837906;78.86%;0.98;2.292108536;0.1;0.1;2.5;0.8;0.9;0.85;2927.292675;174.688847;3101.981522
59.09988785;1.2;0.8;99.96%;0.05;146.6922455;3;153.0236206;0.03;0.02;53.99761963;80.68%;0.98;2.507577181;0.1;0.1;2.5;0.8;0.9;0.85;3267.569657;695.1311651;3962.700822
50.57876968;1.2;0.8;99.85%;0.05;140.7103119;3;153.6588745;0.03;0.02;55.36091232;80.06%;0.98;2.187726498;0.1;0.1;2.5;0.8;0.9;0.85;2984.118681;256.2676132;3240.386294
74.12010956;1.2;0.8;99.07%;0.05;149.1928864;3;149.8703766;0.03;0.02;62.90555954;76.34%;0.98;2.004149437;0.1;0.1;2.5;0.8;0.9;0.85;2994.341593;367.5080296;3361.849623
74.72264862;1.2;0.8;97.95%;0.05;148.3758392;3;142.8366089;0.03;0.02;57.31500626;79.12%;0.98;2.221517086;0.1;0.1;2.5;0.8;0.9;0.85;3036.622862;720.3318582;3756.95472
55.48602295;1.2;0.8;99.81%;0.05;142.8990021;3;154.5623779;0.03;0.02;63.04343796;76.29%;0.98;2.601387739;0.1;0.1;2.5;0.8;0.9;0.85;3145.2922;654.4912245;3799.783424
52.4520607;1.2;0.8;99.46%;0.05;140.9965515;3;146.7364044;0.03;0.02;61.7435379;76.97%;0.98;2.888047218;0.1;0.1;2.5;0.8;0.9;0.85;2982.210317;555.1710936;3537.38141
68.52813721;1.2;0.8;99.37%;0.05;148.7890015;3;144.979248;0.03;0.02;69.52233124;72.71%;0.98;2.72012949;0.1;0.1;2.5;0.8;0.9;0.85;3074.276261;787.6186898;3861.89495
56.33627319;1.2;0.8;99.99%;0.05;145.8643036;3;155.3570404;0.03;0.02;57.400177;79.09%;0.98;2.061768532;0.1;0.1;2.5;0.8;0.9;0.85;3189.876803;521.8156766;3711.69248
71.08183289;1.2;0.8;98.16%;0.05;146.8354034;3;145.0357819;0.03;0.02;59.34786606;78.17%;0.98;2.497032404;0.1;0.1;2.5;0.8;0.9;0.85;2555.59103;272.682178;2828.273208
70.78538513;1.2;0.8;97.67%;0.05;146.0619812;3;143.9512024;0.03;0.02;57.2768631;79.18%;0.98;2.981388569;0.1;0.1;2.5;0.8;0.9;0.85;2767.217648;361.6343528;3128.852001
72.47175598;1.2;0.8;97.39%;0.05;145.2236481;3;149.3694153;0.03;0.02;57.35767365;79.14%;0.98;2.893949509;0.1;0.1;2.5;0.8;0.9;0.85;2985.26706;761.557473;3746.824533
54.15969086;1.2;0.8;99.91%;0.05;145.932251;3;140.2129822;0.03;0.02;57.0413208;79.28%;0.98;2.484249592;0.1;0.1;2.5;0.8;0.9;0.85;3023.628337;749.9931183;3773.621456
73.74619293;1.2;0.8;95.13%;0.05;142.0707855;3;153.0277863;0.03;0.02;67.15894318;74.05%;0.98;2.057304144;0.1;0.1;2.5;0.8;0.9;0.85;2916.356173;232.1421259;3148.498299
57.12904739;1.2;0.8;100.03%;0.05;149.0462799;3;156.4653931;0.03;0.02;58.47455215;78.60%;0.98;2.490699768;0.1;0.1;2.5;0.8;0.9;0.85;2997.828779;176.5381886;3174.366968
64.16142273;1.2;0.8;99.91%;0.05;149.6442871;3;146.1561432;0.03;0.02;67.06587982;74.12%;0.98;2.927464962;0.1;0.1;2.5;0.8;0.9;0.85;1556.84101;424.5334268;1981.374436
72.28225708;1.2;0.8;98.93%;0.05;148.6724854;3;146.8478088;0.03;0.02;57.9083519;78.88%;0.98;2.738471985;0.1;0.1;2.5;0.8;0.9;0.85;2939.930503;499.315172;3439.245675
73.91612244;1.2;0.8;94.27%;0.05;141.0807343;3;153.6848907;0.03;0.02;51.03722382;81.93%;0.98;2.098120928;0.1;0.1;2.5;0.8;0.9;0.85;3186.573553;693.651567;3880.22512
64.9864502;1.2;0.8;96.47%;0.05;140.7453156;3;149.5035553;0.03;0.02;59.66278458;78.02%;0.98;2.767055035;0.1;0.1;2.5;0.8;0.9;0.85;2895.050273;224.5917273;3119.642
58.1357193;1.2;0.8;99.99%;0.05;149.6046295;3;140.0171356;0.03;0.02;54.61374283;80.42%;0.98;2.925656319;0.1;0.1;2.5;0.8;0.9;0.85;2807.199354;535.6990049;3342.898359
60.49645233;1.2;0.8;100.00%;0.05;149.3339996;3;153.7673492;0.03;0.02;54.4836998;80.45%;0.98;2.15207243;0.1;0.1;2.5;0.8;0.9;0.85;2971.329664;388.2913107;3359.620975
62.10676575;1.2;0.8;98.11%;0.05;140.2470856;3;158.716095;0.03;0.02;65.85575104;74.79%;0.98;2.888525724;0.1;0.1;2.5;0.8;0.9;0.85;3086.270128;314.3896767;3400.659805
62.31414795;1.2;0.8;99.39%;0.05;144.6112518;3;152.3528137;0.03;0.02;62.98022461;76.33%;0.98;2.989653587;0.1;0.1;2.5;0.8;0.9;0.85;3192.377943;781.6469974;3974.024941
67.76132965;1.2;0.8;97.62%;0.05;144.0646362;3;147.1926422;0.03;0.02;61.28056717;77.20%;0.98;2.196629047;0.1;0.1;2.5;0.8;0.9;0.85;1870.955872;186.948051;2057.903923
51.79788208;1.2;0.8;100.00%;0.05;143.3220825;3;158.5399933;0.03;0.02;64.06227875;75.75%;0.98;2.630812645;0.1;0.1;2.5;0.8;0.9;0.85;3051.361609;268.287475;3319.649084
71.41136932;1.2;0.8;97.05%;0.05;144.8579254;3;146.3928528;0.03;0.02;66.80006409;74.26%;0.98;2.650686502;0.1;0.1;2.5;0.8;0.9;0.85;2928.634608;503.023766;3431.658374
69.02180481;1.2;0.8;95.73%;0.05;141.7525024;3;148.362793;0.03;0.02;68.37805176;73.37%;0.98;2.665819645;0.1;0.1;2.5;0.8;0.9;0.85;3027.572675;538.1260608;3565.698736
67.73309326;1.2;0.8;99.38%;0.05;148.3905182;3;145.4854126;0.03;0.02;63.65814209;75.97%;0.98;2.751613617;0.1;0.1;2.5;0.8;0.9;0.85;1499.658895;403.3761101;1903.035005
74.88527679;1.2;0.8;92.89%;0.05;141.1982727;3;147.7965698;0.03;0.02;56.75151825;79.39%;0.98;2.15857935;0.1;0.1;2.5;0.8;0.9;0.85;2750.862798;205.4697945;2956.332592
65.00133514;1.2;0.8;98.71%;0.05;144.1075897;3;151.5491638;0.03;0.02;59.3682251;78.15%;0.98;2.059896231;0.1;0.1;2.5;0.8;0.9;0.85;2815.155142;509.9906754;3325.145817
69.47221375;1.2;0.8;98.02%;0.05;145.9336853;3;144.9455719;0.03;0.02;63.61993027;75.96%;0.98;2.131002426;0.1;0.1;2.5;0.8;0.9;0.85;2825.341665;199.481324;3024.822989
56.57394409;1.2;0.8;100.00%;0.05;149.3547363;3;144.2606506;0.03;0.02;63.65077209;75.97%;0.98;2.804965496;0.1;0.1;2.5;0.8;0.9;0.85;2504.524299;542.8201171;3047.344416
66.66049194;1.2;0.8;97.68%;0.05;143.6803131;3;147.2304535;0.03;0.02;65.47133636;74.99%;0.98;2.297384262;0.1;0.1;2.5;0.8;0.9;0.85;2835.149056;153.4900142;2988.63907
73.62615967;1.2;0.8;98.30%;0.05;146.0966644;3;155.5815277;0.03;0.02;69.37077332;72.80%;0.98;2.744572878;0.1;0.1;2.5;0.8;0.9;0.85;3026.762547;373.3279383;3400.090486
74.98129272;1.2;0.8;98.09%;0.05;148.5757294;3;143.5757751;0.03;0.02;54.28203964;80.49%;0.98;2.04877615;0.1;0.1;2.5;0.8;0.9;0.85;2665.831524;194.9935219;2860.825046
69.13497162;1.2;0.8;95.28%;0.05;140.1359863;3;154.446106;0.03;0.02;58.47524643;78.60%;0.98;2.274165154;0.1;0.1;2.5;0.8;0.9;0.85;3099.315125;587.0604131;3686.375538
59.728508;1.2;0.8;99.93%;0.05;146.6422577;3;151.5975189;0.03;0.02;55.95415115;79.80%;0.98;2.687364101;0.1;0.1;2.5;0.8;0.9;0.85;2836.615545;280.800068;3117.415613
58.11349106;1.2;0.8;99.63%;0.05;142.8319855;3;156.4488983;0.03;0.02;52.9307518;81.17%;0.98;2.786259413;0.1;0.1;2.5;0.8;0.9;0.85;3232.550407;591.3592075;3823.909614
61.31808472;1.2;0.8;99.11%;0.05;143.7557526;3;149.7905273;0.03;0.02;53.75304413;80.81%;0.98;2.910840034;0.1;0.1;2.5;0.8;0.9;0.85;2961.951159;350.457144;3312.408303
64.0953598;1.2;0.8;99.64%;0.05;145.3192596;3;158.5320282;0.03;0.02;50.6608696;82.15%;0.98;2.279818058;0.1;0.1;2.5;0.8;0.9;0.85;2866.0733;159.8770241;3025.950324
69.89743042;1.2;0.8;98.92%;0.05;146.1143494;3;154.716095;0.03;0.02;56.74488831;79.43%;0.98;2.546780586;0.1;0.1;2.5;0.8;0.9;0.85;3210.511712;643.3375051;3853.849217
71.86908722;1.2;0.8;98.50%;0.05;145.2266388;3;158.6727905;0.03;0.02;66.48371124;74.41%;0.98;2.219623804;0.1;0.1;2.5;0.8;0.9;0.85;3248.971932;486.1213864;3735.093319
56.20475769;1.2;0.8;99.32%;0.05;143.2071838;3;143.1894073;0.03;0.02;53.23412323;81.04%;0.98;2.537018299;0.1;0.1;2.5;0.8;0.9;0.85;2578.24101;215.4950082;2793.736018
61.46244431;1.2;0.8;99.18%;0.05;145.895752;3;140.5711212;0.03;0.02;58.04943085;78.81%;0.98;2.645654678;0.1;0.1;2.5;0.8;0.9;0.85;2385.084797;163.62253;2548.707327
58.67848587;1.2;0.8;99.77%;0.05;143.2831421;3;159.4670563;0.03;0.02;69.20097351;72.89%;0.98;2.172020435;0.1;0.1;2.5;0.8;0.9;0.85;3110.525817;202.5817688;3313.107586
73.37683105;1.2;0.8;98.15%;0.05;148.0999603;3;143.3371582;0.03;0.02;56.77770233;79.41%;0.98;2.532459021;0.1;0.1;2.5;0.8;0.9;0.85;2906.662127;494.5666453;3401.228773
51.81660461;1.2;0.8;99.65%;0.05;141.3196411;3;147.4345551;0.03;0.02;51.73894119;81.70%;0.98;2.575260162;0.1;0.1;2.5;0.8;0.9;0.85;3020.81966;700.1311298;3720.95079
55.07167053;1.2;0.8;99.97%;0.05;144.2629242;3;156.1786499;0.03;0.02;63.79523468;75.89%;0.98;2.398530483;0.1;0.1;2.5;0.8;0.9;0.85;3182.159843;488.020048;3670.179891
70.78604126;1.2;0.8;99.45%;0.05;149.4913788;3;147.7937775;0.03;0.02;57.49232101;79.08%;0.98;2.437595367;0.1;0.1;2.5;0.8;0.9;0.85;1769.123165;426.0145076;2195.137673
63.69874573;1.2;0.8;99.63%;0.05;145.1775208;3;158.088501;0.03;0.02;50.87326813;82.04%;0.98;2.165683031;0.1;0.1;2.5;0.8;0.9;0.85;3278.667381;531.9895525;3810.656933
67.28204346;1.2;0.8;93.41%;0.05;140.1390533;3;140.2505493;0.03;0.02;66.09367371;74.64%;0.98;2.001639843;0.1;0.1;2.5;0.8;0.9;0.85;2138.00351;474.3304097;2612.333919
50.0866127;1.2;0.8;100.14%;0.05;149.2244873;3;142.5323181;0.03;0.02;66.36507416;74.50%;0.98;2.268425941;0.1;0.1;2.5;0.8;0.9;0.85;489.2075818;337.4778065;826.6853883
71.63756561;1.2;0.8;94.73%;0.05;141.2381134;3;150.7020874;0.03;0.02;58.60136032;78.50%;0.98;2.296142101;0.1;0.1;2.5;0.8;0.9;0.85;2959.544518;377.4009691;3336.945487
73.9749527;1.2;0.8;95.81%;0.05;144.0911865;3;147.1358185;0.03;0.02;66.14345551;74.58%;0.98;2.013338804;0.1;0.1;2.5;0.8;0.9;0.85;2914.537332;319.3416481;3233.87898
61.18261337;1.2;0.8;98.89%;0.05;144.3675385;3;143.4245148;0.03;0.02;60.93699646;77.38%;0.98;2.62035656;0.1;0.1;2.5;0.8;0.9;0.85;2753.270041;223.0880935;2976.358135
50.49897003;1.2;0.8;99.76%;0.05;140.9904022;3;148.3723755;0.03;0.02;69.53823853;72.70%;0.98;2.188446522;0.1;0.1;2.5;0.8;0.9;0.85;1606.585581;522.2911614;2128.876743
59.8536644;1.2;0.8;99.90%;0.05;145.1785889;3;158.260376;0.03;0.02;52.32300568;81.43%;0.98;2.278422356;0.1;0.1;2.5;0.8;0.9;0.85;3154.687079;317.2503111;3471.93739
52.92372894;1.2;0.8;99.16%;0.05;141.3790283;3;141.2505646;0.03;0.02;60.27380753;77.72%;0.98;2.922594309;0.1;0.1;2.5;0.8;0.9;0.85;1882.478742;365.1751653;2247.653907
69.05299377;1.2;0.8;99.01%;0.05;146.3635101;3;152.806076;0.03;0.02;58.72007751;78.47%;0.98;2.563734531;0.1;0.1;2.5;0.8;0.9;0.85;2909.072667;355.2277554;3264.300422
71.62856293;1.2;0.8;97.53%;0.05;146.1768799;3;144.0015717;0.03;0.02;52.40653992;81.41%;0.98;2.794822693;0.1;0.1;2.5;0.8;0.9;0.85;2144.488122;512.8114324;2657.299555
54.75807571;1.2;0.8;99.77%;0.05;143.1243439;3;149.599472;0.03;0.02;51.26468658;81.90%;0.98;2.993322849;0.1;0.1;2.5;0.8;0.9;0.85;3202.512537;720.8718803;3923.384417
54.34144592;1.2;0.8;100.00%;0.05;147.4853821;3;147.7667389;0.03;0.02;61.26237488;77.20%;0.98;2.193742514;0.1;0.1;2.5;0.8;0.9;0.85;2777.251942;329.0701618;3106.322104
65.88096619;1.2;0.8;96.30%;0.05;141.1416321;3;148.307312;0.03;0.02;69.70658875;72.61%;0.98;2.792222977;0.1;0.1;2.5;0.8;0.9;0.85;3075.309802;676.0867239;3751.396525
52.62334824;1.2;0.8;99.91%;0.05;142.8063812;3;151.2851105;0.03;0.02;59.37426758;78.16%;0.98;2.926909924;0.1;0.1;2.5;0.8;0.9;0.85;3236.537087;730.6479191;3967.185006
58.87765121;1.2;0.8;99.83%;0.05;147.0431671;3;142.9127502;0.03;0.02;50.84631729;82.08%;0.98;2.627855301;0.1;0.1;2.5;0.8;0.9;0.85;2304.087223;641.802344;2945.889567
74.60263062;1.2;0.8;92.07%;0.05;141.7608337;3;140.5808411;0.03;0.02;57.41970825;79.02%;0.98;2.080201387;0.1;0.1;2.5;0.8;0.9;0.85;2865.614171;658.2073882;3523.821559
53.60744858;1.2;0.8;99.22%;0.05;141.3727722;3;143.9028625;0.03;0.02;61.97269821;76.85%;0.98;2.594396114;0.1;0.1;2.5;0.8;0.9;0.85;3097.55102;714.8306562;3812.381676
68.95939636;1.2;0.8;98.66%;0.05;145.3076172;3;153.6507416;0.03;0.02;50.15821457;82.32%;0.98;2.127188683;0.1;0.1;2.5;0.8;0.9;0.85;2990.998657;257.4658848;3248.464542
70.44236755;1.2;0.8;96.63%;0.05;144.0590515;3;145.4560852;0.03;0.02;59.3003273;78.18%;0.98;2.447156429;0.1;0.1;2.5;0.8;0.9;0.85;3117.884556;657.6368533;3775.521409
65.15990448;1.2;0.8;99.66%;0.05;147.4622192;3;150.151825;0.03;0.02;67.36885071;73.93%;0.98;2.288513899;0.1;0.1;2.5;0.8;0.9;0.85;3003.35793;296.1662719;3299.524202
73.62648773;1.2;0.8;96.15%;0.05;142.3841095;3;157.6298065;0.03;0.02;51.4070816;81.75%;0.98;2.086953163;0.1;0.1;2.5;0.8;0.9;0.85;3185.352102;706.3972591;3891.749361
69.94091034;1.2;0.8;99.46%;0.05;149.5155487;3;146.0887146;0.03;0.02;69.78768158;72.55%;0.98;2.141264439;0.1;0.1;2.5;0.8;0.9;0.85;2860.024564;435.4468676;3295.471432
70.88533783;1.2;0.8;93.90%;0.05;141.452301;3;143.5478058;0.03;0.02;67.67163086;73.77%;0.98;2.294487953;0.1;0.1;2.5;0.8;0.9;0.85;2911.236013;578.827027;3490.06304
70.04403687;1.2;0.8;99.05%;0.05;146.7526245;3;153.5012054;0.03;0.02;50.04534531;82.42%;0.98;2.478348017;0.1;0.1;2.5;0.8;0.9;0.85;2911.741622;283.3852287;3195.126851
69.28525543;1.2;0.8;98.35%;0.05;147.1590118;3;141.5877686;0.03;0.02;51.71091461;81.71%;0.98;2.714718342;0.1;0.1;2.5;0.8;0.9;0.85;2945.617886;609.5525676;3555.170454
66.20020294;1.2;0.8;99.35%;0.05;147.6713867;3;145.1517334;0.03;0.02;58.6044693;78.52%;0.98;2.417867661;0.1;0.1;2.5;0.8;0.9;0.85;2960.796342;612.1992222;3572.995564
62.3427887;1.2;0.8;98.20%;0.05;141.6594086;3;152.5687866;0.03;0.02;59.81765747;77.92%;0.98;2.091236591;0.1;0.1;2.5;0.8;0.9;0.85;2946.529143;430.6246732;3377.153817
63.36392212;1.2;0.8;99.07%;0.05;145.7013855;3;144.2129364;0.03;0.02;54.69724274;80.39%;0.98;2.76249671;0.1;0.1;2.5;0.8;0.9;0.85;501.7322579;156.7013508;658.4336087
73.38404083;1.2;0.8;94.40%;0.05;141.3371582;3;151.9388733;0.03;0.02;64.3978653;75.57%;0.98;2.750640869;0.1;0.1;2.5;0.8;0.9;0.85;2988.467757;434.2055191;3422.673276
67.19773102;1.2;0.8;98.59%;0.05;143.4225922;3;158.9550629;0.03;0.02;62.26287079;76.70%;0.98;2.608853817;0.1;0.1;2.5;0.8;0.9;0.85;3147.825682;431.9601353;3579.785818
55.15407562;1.2;0.8;100.00%;0.05;147.2731781;3;146.9624023;0.03;0.02;62.40832138;76.61%;0.98;2.336914063;0.1;0.1;2.5;0.8;0.9;0.85;3173.398203;780.3963624;3953.794565
61.80656052;1.2;0.8;99.91%;0.05;149.2840881;3;142.4335175;0.03;0.02;50.88509369;82.06%;0.98;2.206877947;0.1;0.1;2.5;0.8;0.9;0.85;888.3659069;240.5524238;1128.918331
70.6762619;1.2;0.8;99.66%;0.05;148.2144165;3;158.9076996;0.03;0.02;68.7940979;73.13%;0.98;2.795794964;0.1;0.1;2.5;0.8;0.9;0.85;3190.46742;568.7225268;3759.189947
68.72207642;1.2;0.8;99.46%;0.05;146.822876;3;157.1764069;0.03;0.02;61.72967911;76.97%;0.98;2.069203377;0.1;0.1;2.5;0.8;0.9;0.85;2860.193604;162.9102003;3023.103804
55.36167908;1.2;0.8;99.99%;0.05;146.0426025;3;150.2344818;0.03;0.02;54.92605209;80.28%;0.98;2.609157085;0.1;0.1;2.5;0.8;0.9;0.85;2984.030259;446.4214121;3430.451671
62.13709259;1.2;0.8;99.49%;0.05;146.3825684;3;144.8719482;0.03;0.02;58.48193741;78.57%;0.98;2.330534697;0.1;0.1;2.5;0.8;0.9;0.85;3028.418793;665.0332051;3693.451999
60.36846161;1.2;0.8;99.61%;0.05;143.7429504;3;156.7813721;0.03;0.02;52.03829956;81.57%;0.98;2.279379845;0.1;0.1;2.5;0.8;0.9;0.85;3410.40661;797.9837585;4208.390368
65.3899231;1.2;0.8;99.64%;0.05;149.3321991;3;141.056015;0.03;0.02;63.28419876;76.15%;0.98;2.357021809;0.1;0.1;2.5;0.8;0.9;0.85;2754.839008;369.8588425;3124.697851
52.21120453;1.2;0.8;100.00%;0.05;145.8729706;3;144.9534149;0.03;0.02;59.66576385;77.98%;0.98;2.063727379;0.1;0.1;2.5;0.8;0.9;0.85;3179.162542;752.9813446;3932.143887
53.69877625;1.2;0.8;100.00%;0.05;144.7849121;3;154.7996826;0.03;0.02;57.6733284;78.99%;0.98;2.605634928;0.1;0.1;2.5;0.8;0.9;0.85;3083.191487;383.9517025;3467.14319
68.62030792;1.2;0.8;96.52%;0.05;141.5311737;3;153.9095154;0.03;0.02;59.08163452;78.31%;0.98;2.95871973;0.1;0.1;2.5;0.8;0.9;0.85;3080.186121;630.6977104;3710.883831
63.14610672;1.2;0.8;99.98%;0.05;148.8167725;3;153.396637;0.03;0.02;68.51821899;73.29%;0.98;2.733539581;0.1;0.1;2.5;0.8;0.9;0.85;2860.476783;277.6714515;3138.148234
55.65138245;1.2;0.8;100.00%;0.05;149.8258209;3;142.7500305;0.03;0.02;51.73488617;81.70%;0.98;2.934511662;0.1;0.1;2.5;0.8;0.9;0.85;2978.501049;620.6412815;3599.142331
55.91300583;1.2;0.8;99.99%;0.05;146.1854553;3;152.0507202;0.03;0.02;58.95730591;78.37%;0.98;2.957471609;0.1;0.1;2.5;0.8;0.9;0.85;3324.397145;775.2894858;4099.686631
61.04459381;1.2;0.8;99.79%;0.05;147.8437042;3;142.7042084;0.03;0.02;62.68777084;76.48%;0.98;2.41926384;0.1;0.1;2.5;0.8;0.9;0.85;-114.8335329;281.3449284;166.5113955
66.76357269;1.2;0.8;98.28%;0.05;144.549057;3;148.5634766;0.03;0.02;64.33604431;75.61%;0.98;2.663112164;0.1;0.1;2.5;0.8;0.9;0.85;3199.078372;717.1005439;3916.178916
58.8340683;1.2;0.8;98.88%;0.05;141.1188965;3;154.3177032;0.03;0.02;69.0533371;72.95%;0.98;2.033521652;0.1;0.1;2.5;0.8;0.9;0.85;2915.163858;166.7102546;3081.874112
55.77928925;1.2;0.8;98.63%;0.05;141.1847839;3;143.0215607;0.03;0.02;53.14442444;81.07%;0.98;2.264462709;0.1;0.1;2.5;0.8;0.9;0.85;3015.076554;731.4830804;3746.559634
55.20723724;1.2;0.8;100.00%;0.05;146.6014709;3;149.6400757;0.03;0.02;53.43288803;80.95%;0.98;2.574586391;0.1;0.1;2.5;0.8;0.9;0.85;3015.96947;342.8634344;3358.832905
67.34339905;1.2;0.8;95.73%;0.05;142.2077484;3;142.4842834;0.03;0.02;52.95446396;81.13%;0.98;2.313220024;0.1;0.1;2.5;0.8;0.9;0.85;2963.752557;524.3254527;3488.078009
50.61424255;1.2;0.8;100.65%;0.05;148.1262512;3;159.4123077;0.03;0.02;62.3535347;76.65%;0.98;2.25089407;0.1;0.1;2.5;0.8;0.9;0.85;3200.536696;377.9266322;3578.463328
70.37526703;1.2;0.8;97.50%;0.05;144.2897339;3;150.6711578;0.03;0.02;61.35772324;77.17%;0.98;2.858151197;0.1;0.1;2.5;0.8;0.9;0.85;2815.333177;259.8842785;3075.217456
58.12728119;1.2;0.8;99.49%;0.05;144.3815918;3;145.2542419;0.03;0.02;69.70565033;72.60%;0.98;2.166386604;0.1;0.1;2.5;0.8;0.9;0.85;3205.355915;804.7050046;4010.06092
54.81477356;1.2;0.8;100.00%;0.05;148.8778381;3;142.6493073;0.03;0.02;61.90278244;76.87%;0.98;2.054468632;0.1;0.1;2.5;0.8;0.9;0.85;2599.377829;796.0417859;3395.419615
53.05000687;1.2;0.8;100.43%;0.05;149.3781281;3;156.8521729;0.03;0.02;65.18040466;75.15%;0.98;2.054890633;0.1;0.1;2.5;0.8;0.9;0.85;2871.612166;164.6269555;3036.239122
59.35668945;1.2;0.8;99.98%;0.05;148.9133911;3;144.5210266;0.03;0.02;65.03275299;75.20%;0.98;2.023205042;0.1;0.1;2.5;0.8;0.9;0.85;2728.959845;155.4455653;2884.40541
53.77689362;1.2;0.8;100.00%;0.05;145.4174957;3;154.146286;0.03;0.02;67.70723724;73.74%;0.98;2.264488697;0.1;0.1;2.5;0.8;0.9;0.85;3299.467627;725.5205966;4024.988223
55.43503189;1.2;0.8;100.04%;0.05;148.0505219;3;158.1112518;0.03;0.02;54.022789;80.69%;0.98;2.960588455;0.1;0.1;2.5;0.8;0.9;0.85;3205.455148;634.3719677;3839.827116
58.90259933;1.2;0.8;100.00%;0.05;148.5610809;3;154.5181732;0.03;0.02;63.89137268;75.85%;0.98;2.99189806;0.1;0.1;2.5;0.8;0.9;0.85;3171.87265;615.835397;3787.708046
62.45745468;1.2;0.8;98.36%;0.05;142.3750916;3;150.6551208;0.03;0.02;55.91756439;79.82%;0.98;2.497417212;0.1;0.1;2.5;0.8;0.9;0.85;2935.44267;364.1472504;3299.58992
65.58136749;1.2;0.8;99.09%;0.05;146.5988007;3;144.9783478;0.03;0.02;51.45131302;81.82%;0.98;2.766841888;0.1;0.1;2.5;0.8;0.9;0.85;3017.624279;524.3623647;3541.986644
69.28961945;1.2;0.8;97.83%;0.05;144.6232605;3;149.4853821;0.03;0.02;57.46878815;79.07%;0.98;2.308434963;0.1;0.1;2.5;0.8;0.9;0.85;3092.532251;747.3255496;3839.857801
69.13637543;1.2;0.8;99.93%;0.05;149.5178528;3;159.3536835;0.03;0.02;67.65635681;73.76%;0.98;2.18642807;0.1;0.1;2.5;0.8;0.9;0.85;3375.854683;744.1743021;4120.028985
61.98957062;1.2;0.8;96.45%;0.05;140.9004059;3;141.7199402;0.03;0.02;66.0727005;74.67%;0.98;2.971705675;0.1;0.1;2.5;0.8;0.9;0.85;2784.120135;310.3120416;3094.432177
68.91912079;1.2;0.8;95.03%;0.05;142.4714355;3;140.4750061;0.03;0.02;62.76405716;76.44%;0.98;2.899520397;0.1;0.1;2.5;0.8;0.9;0.85;2798.647884;344.1107918;3142.758676
57.79211044;1.2;0.8;100.10%;0.05;149.899765;3;158.9494019;0.03;0.02;55.70756912;79.91%;0.98;2.077988625;0.1;0.1;2.5;0.8;0.9;0.85;3197.475229;502.9680469;3700.443276
55.41880417;1.2;0.8;99.08%;0.05;141.2474976;3;147.3645325;0.03;0.02;58.45777512;78.61%;0.98;2.841117382;0.1;0.1;2.5;0.8;0.9;0.85;1361.957012;431.6953528;1793.652365
70.34317017;1.2;0.8;97.25%;0.05;144.6212006;3;146.9244843;0.03;0.02;57.87120438;78.88%;0.98;2.590113401;0.1;0.1;2.5;0.8;0.9;0.85;3079.461733;533.1779133;3612.639646
53.62169266;1.2;0.8;99.06%;0.05;140.2375183;3;147.4233856;0.03;0.02;51.28413391;81.90%;0.98;2.716723442;0.1;0.1;2.5;0.8;0.9;0.85;2988.115154;378.7892629;3366.904417
56.1842041;1.2;0.8;99.88%;0.05;146.5899963;3;140.2435608;0.03;0.02;57.51843643;79.06%;0.98;2.452354908;0.1;0.1;2.5;0.8;0.9;0.85;616.9360043;220.6229551;837.5589594
72.62049866;1.2;0.8;96.28%;0.05;142.9052582;3;153.6191101;0.03;0.02;61.09055328;77.30%;0.98;2.736727715;0.1;0.1;2.5;0.8;0.9;0.85;3281.624875;757.1941413;4038.819016
67.48652649;1.2;0.8;95.91%;0.05;142.5755463;3;142.0402069;0.03;0.02;53.99863052;80.70%;0.98;2.449808359;0.1;0.1;2.5;0.8;0.9;0.85;1087.305229;395.6960906;1483.001319
61.4737587;1.2;0.8;99.21%;0.05;144.7554626;3;146.673111;0.03;0.02;64.46272278;75.54%;0.98;2.600775242;0.1;0.1;2.5;0.8;0.9;0.85;2755.794021;546.2494915;3302.043512
61.03572083;1.2;0.8;99.10%;0.05;143.8101654;3;148.6706085;0.03;0.02;66.99317932;74.14%;0.98;2.317764282;0.1;0.1;2.5;0.8;0.9;0.85;2768.113105;188.928028;2957.041133
71.31519318;1.2;0.8;98.77%;0.05;148.8026733;3;142.2482452;0.03;0.02;53.162117;81.08%;0.98;2.732145786;0.1;0.1;2.5;0.8;0.9;0.85;2728.487438;395.7498587;3124.237297
63.46601105;1.2;0.8;99.97%;0.05;147.7077789;3;159.4011078;0.03;0.02;67.45301819;73.86%;0.98;2.101083517;0.1;0.1;2.5;0.8;0.9;0.85;3157.848157;375.7330656;3533.581223
73.71311188;1.2;0.8;94.74%;0.05;143.5399323;3;143.136261;0.03;0.02;57.56348801;79.04%;0.98;2.762125015;0.1;0.1;2.5;0.8;0.9;0.85;2566.502995;160.8569457;2727.35994
67.74462128;1.2;0.8;96.81%;0.05;142.0827332;3;151.0957489;0.03;0.02;53.53610229;80.91%;0.98;2.763572216;0.1;0.1;2.5;0.8;0.9;0.85;2893.152886;338.5207046;3231.673591
60.27974319;1.2;0.8;99.52%;0.05;143.4075317;3;156.4453125;0.03;0.02;55.09238052;80.18%;0.98;2.264383316;0.1;0.1;2.5;0.8;0.9;0.85;3231.186212;528.4439016;3759.630114
60.906147;1.2;0.8;99.04%;0.05;141.8684845;3;157.9036865;0.03;0.02;51.54492188;81.74%;0.98;2.047356844;0.1;0.1;2.5;0.8;0.9;0.85;3070.515827;429.4977282;3500.013555
73.53066254;1.2;0.8;95.38%;0.05;141.761795;3;155.7874756;0.03;0.02;63.6626091;75.97%;0.98;2.739346981;0.1;0.1;2.5;0.8;0.9;0.85;2942.996234;224.6928644;3167.689099
58.03696442;1.2;0.8;100.00%;0.05;148.3364105;3;155.9467316;0.03;0.02;61.8639946;76.91%;0.98;2.582259178;0.1;0.1;2.5;0.8;0.9;0.85;3181.481141;569.3526826;3750.833823
68.99411774;1.2;0.8;98.67%;0.05;146.3438263;3;148.4661865;0.03;0.02;60.11377335;77.79%;0.98;2.848577023;0.1;0.1;2.5;0.8;0.9;0.85;3012.29458;587.270413;3599.564993
67.50956726;1.2;0.8;96.19%;0.05;140.8144989;3;153.006897;0.03;0.02;69.89738464;72.48%;0.98;2.245171309;0.1;0.1;2.5;0.8;0.9;0.85;2897.724832;318.8559404;3216.580772
58.57045364;1.2;0.8;99.95%;0.05;147.24823;3;147.6638336;0.03;0.02;63.64875031;75.98%;0.98;2.899140358;0.1;0.1;2.5;0.8;0.9;0.85;2884.04308;481.7230937;3365.766174
62.46696091;1.2;0.8;96.52%;0.05;140.9061584;3;143.2138062;0.03;0.02;62.00616074;76.83%;0.98;2.769430637;0.1;0.1;2.5;0.8;0.9;0.85;2825.142806;423.3753447;3248.518151
60.14143372;1.2;0.8;99.94%;0.05;147.391861;3;149.6291962;0.03;0.02;64.27120972;75.64%;0.98;2.577988625;0.1;0.1;2.5;0.8;0.9;0.85;3063.575674;546.3382986;3609.913973
58.55703354;1.2;0.8;100.00%;0.05;149.2089081;3;146.732254;0.03;0.02;66.44594574;74.46%;0.98;2.60419488;0.1;0.1;2.5;0.8;0.9;0.85;3127.60871;593.274257;3720.882967
53.4296608;1.2;0.8;100.00%;0.05;145.482605;3;155.8649597;0.03;0.02;56.22309113;79.68%;0.98;2.936329365;0.1;0.1;2.5;0.8;0.9;0.85;3148.812757;399.7418082;3548.554565
72.91693115;1.2;0.8;97.46%;0.05;144.5331879;3;154.4496765;0.03;0.02;59.30438995;78.17%;0.98;2.023817062;0.1;0.1;2.5;0.8;0.9;0.85;3177.93808;721.1126272;3899.050707
67.10791779;1.2;0.8;94.80%;0.05;141.4881287;3;140.3152161;0.03;0.02;56.42211914;79.58%;0.98;2.624004841;0.1;0.1;2.5;0.8;0.9;0.85;2814.784663;594.5566534;3409.341316
64.40743256;1.2;0.8;99.64%;0.05;145.621048;3;157.6637115;0.03;0.02;55.4386673;80.03%;0.98;2.487220526;0.1;0.1;2.5;0.8;0.9;0.85;3086.284635;298.6179098;3384.902545
72.15856934;1.2;0.8;95.91%;0.05;144.604599;3;141.5529785;0.03;0.02;67.89929962;73.64%;0.98;2.37386322;0.1;0.1;2.5;0.8;0.9;0.85;2698.91921;152.315232;2851.234442
55.09732437;1.2;0.8;99.86%;0.05;145.3649597;3;142.7696075;0.03;0.02;64.41298676;75.55%;0.98;2.247273922;0.1;0.1;2.5;0.8;0.9;0.85;3061.269152;615.8298563;3677.099008
56.48292542;1.2;0.8;99.94%;0.05;143.7254333;3;159.9676208;0.03;0.02;68.23641968;73.45%;0.98;2.73613739;0.1;0.1;2.5;0.8;0.9;0.85;3059.982188;153.6910398;3213.673228
57.99777603;1.2;0.8;99.99%;0.05;147.5265045;3;150.9477692;0.03;0.02;51.43608856;81.82%;0.98;2.210166216;0.1;0.1;2.5;0.8;0.9;0.85;3070.278395;577.6111189;3647.889514
55.76060867;1.2;0.8;99.49%;0.05;140.41008;3;159.9524689;0.03;0.02;63.00354385;76.29%;0.98;2.062816143;0.1;0.1;2.5;0.8;0.9;0.85;2975.414247;291.4670652;3266.881312
61.04671478;1.2;0.8;99.41%;0.05;145.9551849;3;142.8513031;0.03;0.02;63.29874039;76.15%;0.98;2.044781685;0.1;0.1;2.5;0.8;0.9;0.85;1184.35689;539.3649121;1723.721802
65.55893707;1.2;0.8;99.12%;0.05;144.3527679;3;157.0922394;0.03;0.02;64.19652557;75.68%;0.98;2.742022991;0.1;0.1;2.5;0.8;0.9;0.85;2905.064128;169.5655044;3074.629633
67.34320068;1.2;0.8;98.93%;0.05;146.3071136;3;148.2934265;0.03;0.02;59.31125259;78.18%;0.98;2.542074919;0.1;0.1;2.5;0.8;0.9;0.85;2901.705687;414.7476333;3316.453321
59.69230652;1.2;0.8;98.47%;0.05;141.3512115;3;150.3505554;0.03;0.02;53.67449951;80.84%;0.98;2.682387352;0.1;0.1;2.5;0.8;0.9;0.85;3149.967323;765.7347625;3915.702086
66.63179779;1.2;0.8;93.95%;0.05;140.2638245;3;140.9350128;0.03;0.02;67.24095154;74.01%;0.98;2.22444582;0.1;0.1;2.5;0.8;0.9;0.85;2356.040962;565.5553596;2921.596322
64.83155823;1.2;0.8;99.17%;0.05;143.7754211;3;159.2574615;0.03;0.02;51.59737396;81.72%;0.98;2.047423363;0.1;0.1;2.5;0.8;0.9;0.85;2950.921972;166.2314142;3117.153386
63.03696442;1.2;0.8;98.81%;0.05;142.2509613;3;157.9721375;0.03;0.02;64.24971008;75.64%;0.98;2.205114603;0.1;0.1;2.5;0.8;0.9;0.85;3021.566412;236.7510428;3258.317455
66.36334229;1.2;0.8;97.53%;0.05;143.5364075;3;146.0968628;0.03;0.02;69.86334229;72.51%;0.98;2.239901066;0.1;0.1;2.5;0.8;0.9;0.85;2969.102103;592.8549595;3561.957063
59.04740524;1.2;0.8;99.98%;0.05;148.6570892;3;144.8234863;0.03;0.02;62.8314209;76.40%;0.98;2.297496796;0.1;0.1;2.5;0.8;0.9;0.85;2759.552992;737.5530225;3497.106014
70.49951935;1.2;0.8;98.44%;0.05;147.5549316;3;143.0941162;0.03;0.02;50.54637909;82.17%;0.98;2.136225224;0.1;0.1;2.5;0.8;0.9;0.85;2957.665421;537.1694726;3494.834894
70.75046539;1.2;0.8;99.31%;0.05;149.5523834;3;144.8179016;0.03;0.02;61.74951172;76.96%;0.98;2.374578238;0.1;0.1;2.5;0.8;0.9;0.85;1445.691911;276.0019092;1721.69382
72.63650513;1.2;0.8;97.06%;0.05;145.7302856;3;144.6034698;0.03;0.02;69.33374023;72.82%;0.98;2.570806503;0.1;0.1;2.5;0.8;0.9;0.85;3207.140098;805.5946364;4012.734735
74.31648254;1.2;0.8;95.80%;0.05;142.9074402;3;153.8819275;0.03;0.02;61.97444153;76.85%;0.98;2.978290081;0.1;0.1;2.5;0.8;0.9;0.85;3277.691274;740.5094094;4018.200683
56.9646759;1.2;0.8;98.57%;0.05;141.4090424;3;144.295578;0.03;0.02;63.96345901;75.77%;0.98;2.070440292;0.1;0.1;2.5;0.8;0.9;0.85;2851.348573;254.0877032;3105.436277
58.73320007;1.2;0.8;97.60%;0.05;141.3119659;3;140.2272186;0.03;0.02;67.62120056;73.80%;0.98;2.178883791;0.1;0.1;2.5;0.8;0.9;0.85;1631.51637;243.2231921;1874.739563
52.32771301;1.2;0.8;100.00%;0.05;144.353775;3;157.3450012;0.03;0.02;67.6618576;73.78%;0.98;2.838677883;0.1;0.1;2.5;0.8;0.9;0.85;2949.847641;196.6616595;3146.509301
59.79010391;1.2;0.8;98.23%;0.05;141.193573;3;149.0380859;0.03;0.02;51.88680649;81.63%;0.98;2.684306145;0.1;0.1;2.5;0.8;0.9;0.85;2722.450004;228.8902876;2951.340292
69.33200836;1.2;0.8;98.47%;0.05;146.2118073;3;147.6177216;0.03;0.02;67.58103943;73.82%;0.98;2.990205288;0.1;0.1;2.5;0.8;0.9;0.85;2988.056902;467.3817612;3455.438663
50.31281662;1.2;0.8;100.00%;0.05;144.5365448;3;152.1590424;0.03;0.02;67.98782349;73.57%;0.98;2.199574232;0.1;0.1;2.5;0.8;0.9;0.85;2961.170886;309.4239706;3270.594856
68.70600891;1.2;0.8;99.86%;0.05;148.4839935;3;159.8585815;0.03;0.02;68.23638153;73.44%;0.98;2.035214424;0.1;0.1;2.5;0.8;0.9;0.85;2996.63945;228.423387;3225.062837
61.64746857;1.2;0.8;98.13%;0.05;143.1004791;3;142.7822113;0.03;0.02;65.09781647;75.16%;0.98;2.036150455;0.1;0.1;2.5;0.8;0.9;0.85;2974.021462;463.0485521;3437.070015
60.90961838;1.2;0.8;99.35%;0.05;142.9934692;3;156.8788757;0.03;0.02;59.94404602;77.88%;0.98;2.613781929;0.1;0.1;2.5;0.8;0.9;0.85;3013.974582;251.0454746;3265.020057
61.39507294;1.2;0.8;99.72%;0.05;145.1392059;3;155.1348877;0.03;0.02;69.28491974;72.85%;0.98;2.97131753;0.1;0.1;2.5;0.8;0.9;0.85;3300.451704;778.5848692;4079.036573
61.99356079;1.2;0.8;98.79%;0.05;144.8543701;3;141.7437897;0.03;0.02;52.25847626;81.47%;0.98;2.480240345;0.1;0.1;2.5;0.8;0.9;0.85;2603.29206;777.8172107;3381.109271
62.39590073;1.2;0.8;99.19%;0.05;144.6193542;3;149.1670074;0.03;0.02;69.44927216;72.75%;0.98;2.357553482;0.1;0.1;2.5;0.8;0.9;0.85;3100.473862;708.7639137;3809.237776
55.70874405;1.2;0.8;100.00%;0.05;147.9405823;3;144.9599152;0.03;0.02;52.40989685;81.40%;0.98;2.737556934;0.1;0.1;2.5;0.8;0.9;0.85;2691.749589;203.1311555;2894.880744
62.96385574;1.2;0.8;97.36%;0.05;142.9392853;3;140.2387085;0.03;0.02;68.26055145;73.44%;0.98;2.481906652;0.1;0.1;2.5;0.8;0.9;0.85;2930.250773;451.0851897;3381.335963
61.86566162;1.2;0.8;99.15%;0.05;142.8545227;3;156.6627655;0.03;0.02;68.74181366;73.16%;0.98;2.321704865;0.1;0.1;2.5;0.8;0.9;0.85;3089.619414;463.6651293;3553.284543
68.37084961;1.2;0.8;97.68%;0.05;143.1476593;3;153.8077393;0.03;0.02;58.09546661;78.75%;0.98;2.175370693;0.1;0.1;2.5;0.8;0.9;0.85;3007.900512;528.4449161;3536.345428
60.94373703;1.2;0.8;99.77%;0.05;147.3958893;3;143.8042145;0.03;0.02;59.14850998;78.28%;0.98;2.736042023;0.1;0.1;2.5;0.8;0.9;0.85;812.0871159;154.5475835;966.6346994
68.58117676;1.2;0.8;98.59%;0.05;146.6623535;3;145.1170044;0.03;0.02;61.97525787;76.85%;0.98;2.672259569;0.1;0.1;2.5;0.8;0.9;0.85;1341.4395;224.1632214;1565.602721
74.95072937;1.2;0.8;99.24%;0.05;149.5303802;3;152.3400879;0.03;0.02;64.51255798;75.50%;0.98;2.035682201;0.1;0.1;2.5;0.8;0.9;0.85;2575.824237;247.1340602;2822.958297
72.23588562;1.2;0.8;94.44%;0.05;142.4891052;3;143.8821106;0.03;0.02;59.5031929;78.10%;0.98;2.719582558;0.1;0.1;2.5;0.8;0.9;0.85;3184.470027;763.0726564;3947.542684
54.53207779;1.2;0.8;99.87%;0.05;142.8584442;3;154.4176025;0.03;0.02;67.1423111;74.05%;0.98;2.061873913;0.1;0.1;2.5;0.8;0.9;0.85;3360.444198;805.632875;4166.077073
71.88716888;1.2;0.8;98.87%;0.05;148.9402771;3;143.978775;0.03;0.02;57.80208206;78.93%;0.98;2.936419249;0.1;0.1;2.5;0.8;0.9;0.85;2714.557482;800.7142257;3515.271708
72.33030701;1.2;0.8;95.67%;0.05;144.5840607;3;140.5628815;0.03;0.02;54.20939636;80.61%;0.98;2.926371574;0.1;0.1;2.5;0.8;0.9;0.85;2760.168784;485.9046753;3246.073459
65.48271942;1.2;0.8;99.90%;0.05;147.853653;3;158.1303711;0.03;0.02;67.45175171;73.89%;0.98;2.423294544;0.1;0.1;2.5;0.8;0.9;0.85;3297.790192;586.3696218;3884.159814
72.59436798;1.2;0.8;98.56%;0.05;145.98349;3;156.8684692;0.03;0.02;66.18622589;74.60%;0.98;2.745814323;0.1;0.1;2.5;0.8;0.9;0.85;3341.763532;780.323319;4122.086851
59.10010529;1.2;0.8;99.13%;0.05;141.3111267;3;157.5954742;0.03;0.02;63.42657852;76.09%;0.98;2.621553659;0.1;0.1;2.5;0.8;0.9;0.85;3159.722479;398.0884197;3557.810899
52.03905869;1.2;0.8;100.00%;0.05;145.3739777;3;147.1807709;0.03;0.02;50.28349304;82.32%;0.98;2.626097202;0.1;0.1;2.5;0.8;0.9;0.85;2941.053147;606.8568272;3547.909975
50.93115997;1.2;0.8;99.91%;0.05;140.8575134;3;156.8552704;0.03;0.02;51.03294373;81.99%;0.98;2.422737122;0.1;0.1;2.5;0.8;0.9;0.85;3209.217158;450.6308531;3659.848011
71.9543457;1.2;0.8;94.88%;0.05;143.5825653;3;140.2876434;0.03;0.02;58.88767242;78.40%;0.98;2.896749973;0.1;0.1;2.5;0.8;0.9;0.85;2646.734349;226.6136887;2873.348038
71.51635742;1.2;0.8;98.99%;0.05;149.2192383;3;143.3011017;0.03;0.02;56.8467865;79.38%;0.98;2.52795577;0.1;0.1;2.5;0.8;0.9;0.85;2774.028364;312.4387298;3086.467094
51.564785;1.2;0.8;99.58%;0.05;141.9147949;3;142.105835;0.03;0.02;52.99851608;81.15%;0.98;2.595308304;0.1;0.1;2.5;0.8;0.9;0.85;3142.860495;742.6424186;3885.502913
55.22916794;1.2;0.8;99.94%;0.05;144.5231476;3;151.9220123;0.03;0.02;64.65106201;75.43%;0.98;2.057265759;0.1;0.1;2.5;0.8;0.9;0.85;3127.787155;450.1510763;3577.938231
67.63886261;1.2;0.8;97.43%;0.05;142.6234589;3;152.8684998;0.03;0.02;50.66656876;82.14%;0.98;2.201692581;0.1;0.1;2.5;0.8;0.9;0.85;2982.757067;489.2426673;3471.999735
68.01045227;1.2;0.8;98.84%;0.05;147.0151978;3;144.992157;0.03;0.02;56.3732605;79.61%;0.98;2.40904355;0.1;0.1;2.5;0.8;0.9;0.85;2152.309705;663.6313327;2815.941037
60.34840012;1.2;0.8;98.47%;0.05;141.8773804;3;149.3127136;0.03;0.02;60.43064499;77.64%;0.98;2.622579098;0.1;0.1;2.5;0.8;0.9;0.85;2844.056311;749.7416802;3593.797991
66.35281372;1.2;0.8;99.88%;0.05;148.2792664;3;156.7583466;0.03;0.02;58.02289963;78.82%;0.98;2.369360924;0.1;0.1;2.5;0.8;0.9;0.85;3317.341249;648.5392758;3965.880524
70.37789917;1.2;0.8;98.17%;0.05;145.2301636;3;151.8669128;0.03;0.02;59.75534439;77.96%;0.98;2.425778866;0.1;0.1;2.5;0.8;0.9;0.85;3165.546439;509.2325374;3674.778977
62.53501129;1.2;0.8;97.86%;0.05;142.9558411;3;143.127594;0.03;0.02;50.62903976;82.18%;0.98;2.471359968;0.1;0.1;2.5;0.8;0.9;0.85;1947.976387;722.5602297;2670.536617
57.28394699;1.2;0.8;99.98%;0.05;145.588913;3;156.8384857;0.03;0.02;58.46854401;78.60%;0.98;2.324608803;0.1;0.1;2.5;0.8;0.9;0.85;3211.375372;535.7777451;3747.153117
71.10630035;1.2;0.8;97.13%;0.05;142.9608307;3;156.3545227;0.03;0.02;66.17775726;74.61%;0.98;2.604628086;0.1;0.1;2.5;0.8;0.9;0.85;3394.952491;751.4041211;4146.356612
74.10456085;1.2;0.8;96.43%;0.05;143.6829834;3;153.6012115;0.03;0.02;67.19891357;74.04%;0.98;2.912270546;0.1;0.1;2.5;0.8;0.9;0.85;3074.36663;424.3494915;3498.716122
61.62080765;1.2;0.8;98.84%;0.05;144.2042542;3;144.7289276;0.03;0.02;68.54967499;73.27%;0.98;2.874572992;0.1;0.1;2.5;0.8;0.9;0.85;2972.581994;547.7201153;3520.30211
73.21858978;1.2;0.8;93.18%;0.05;141.0327606;3;146.7827759;0.03;0.02;50.81339264;82.10%;0.98;2.646221638;0.1;0.1;2.5;0.8;0.9;0.85;2846.222537;386.8312221;3233.053759
67.62194061;1.2;0.8;99.31%;0.05;145.8090515;3;157.2632446;0.03;0.02;59.45743561;78.12%;0.98;2.711797714;0.1;0.1;2.5;0.8;0.9;0.85;3206.143352;433.6685405;3639.811893
68.45507813;1.2;0.8;97.80%;0.05;145.4184113;3;143.4522705;0.03;0.02;66.85470581;74.21%;0.98;2.08255434;0.1;0.1;2.5;0.8;0.9;0.85;2953.570305;587.1599114;3540.730217
51.87672424;1.2;0.8;99.89%;0.05;141.8297729;3;153.3801117;0.03;0.02;69.38321686;72.79%;0.98;2.231475592;0.1;0.1;2.5;0.8;0.9;0.85;3185.709212;657.891803;3843.601015
53.4526329;1.2;0.8;100.01%;0.05;148.8486023;3;145.3077087;0.03;0.02;68.97885895;73.03%;0.98;2.360366821;0.1;0.1;2.5;0.8;0.9;0.85;3107.351094;640.1256222;3747.476717
52.86019516;1.2;0.8;100.00%;0.05;145.4713898;3;157.5997772;0.03;0.02;53.51622772;80.92%;0.98;2.842725277;0.1;0.1;2.5;0.8;0.9;0.85;3042.416755;321.5134422;3363.930198
51.26880646;1.2;0.8;100.03%;0.05;148.0292511;3;145.8634644;0.03;0.02;55.39263535;80.07%;0.98;2.936141968;0.1;0.1;2.5;0.8;0.9;0.85;1804.194102;583.0866464;2387.280748
62.4897728;1.2;0.8;99.86%;0.05;145.8079834;3;159.2276459;0.03;0.02;52.69020844;81.24%;0.98;2.107985735;0.1;0.1;2.5;0.8;0.9;0.85;3201.134256;395.5693571;3596.703613
70.23947906;1.2;0.8;99.16%;0.05;147.3323059;3;152.6378632;0.03;0.02;62.29111099;76.68%;0.98;2.568118572;0.1;0.1;2.5;0.8;0.9;0.85;3143.108126;702.0836375;3845.191764
60.1096344;1.2;0.8;99.99%;0.05;147.0015564;3;157.0418243;0.03;0.02;59.32092667;78.19%;0.98;2.852391243;0.1;0.1;2.5;0.8;0.9;0.85;2997.162886;355.8048455;3352.967731
66.08822632;1.2;0.8;98.80%;0.05;144.2644958;3;154.3406219;0.03;0.02;62.29513168;76.68%;0.98;2.550670147;0.1;0.1;2.5;0.8;0.9;0.85;2988.339244;212.3527351;3200.691979
52.72509003;1.2;0.8;99.25%;0.05;140.0207214;3;148.9805298;0.03;0.02;68.34369659;73.39%;0.98;2.523146391;0.1;0.1;2.5;0.8;0.9;0.85;2751.293385;218.1621087;2969.455494
60.28568268;1.2;0.8;99.97%;0.05;147.4360352;3;153.0603638;0.03;0.02;67.88882446;73.64%;0.98;2.198676109;0.1;0.1;2.5;0.8;0.9;0.85;3263.684137;684.9000094;3948.584147
71.48695374;1.2;0.8;98.27%;0.05;146.8595123;3;146.8296356;0.03;0.02;53.15083694;81.08%;0.98;2.798901081;0.1;0.1;2.5;0.8;0.9;0.85;3205.445457;774.0376022;3979.483059
64.65894318;1.2;0.8;99.13%;0.05;147.0294342;3;141.4521332;0.03;0.02;59.85710907;77.92%;0.98;2.581900597;0.1;0.1;2.5;0.8;0.9;0.85;2788.434334;471.9251263;3260.35946
74.42593384;1.2;0.8;98.73%;0.05;147.256073;3;155.9102173;0.03;0.02;66.52922058;74.41%;0.98;2.449125528;0.1;0.1;2.5;0.8;0.9;0.85;3178.122648;716.0509345;3894.173583
62.2509079;1.2;0.8;99.76%;0.05;147.7682037;3;144.9248352;0.03;0.02;60.72317505;77.48%;0.98;2.509363651;0.1;0.1;2.5;0.8;0.9;0.85;2995.348178;424.597808;3419.945986
55.43698502;1.2;0.8;100.05%;0.05;147.9114685;3;159.7659607;0.03;0.02;66.5977478;74.37%;0.98;2.44348526;0.1;0.1;2.5;0.8;0.9;0.85;3241.725796;473.7625281;3715.488324
69.4296875;1.2;0.8;97.58%;0.05;144.3856049;3;148.8288269;0.03;0.02;53.18599701;81.07%;0.98;2.763720036;0.1;0.1;2.5;0.8;0.9;0.85;3066.428109;609.6835152;3676.111624
59.51369858;1.2;0.8;99.51%;0.05;144.208374;3;149.850708;0.03;0.02;67.74484253;73.73%;0.98;2.311216116;0.1;0.1;2.5;0.8;0.9;0.85;2181.641373;321.3862404;2503.027613
54.24794769;1.2;0.8;100.10%;0.05;149.5934296;3;150.6433563;0.03;0.02;63.557827;76.02%;0.98;2.585630417;0.1;0.1;2.5;0.8;0.9;0.85;2257.423121;462.972153;2720.395273
54.23267365;1.2;0.8;99.72%;0.05;144.4298859;3;140.2160034;0.03;0.02;56.56596375;79.51%;0.98;2.750499249;0.1;0.1;2.5;0.8;0.9;0.85;2900.062335;613.0467135;3513.109049
61.05231476;1.2;0.8;99.72%;0.05;144.5507507;3;157.1640778;0.03;0.02;50.20170975;82.33%;0.98;2.408140182;0.1;0.1;2.5;0.8;0.9;0.85;3140.323538;415.6223598;3555.945898
57.48789215;1.2;0.8;99.93%;0.05;146.4782104;3;147.1985016;0.03;0.02;52.80110168;81.24%;0.98;2.487836123;0.1;0.1;2.5;0.8;0.9;0.85;1411.164793;217.8065682;1628.971361
66.34272003;1.2;0.8;96.44%;0.05;141.8326416;3;146.6905518;0.03;0.02;56.96895981;79.32%;0.98;2.841050625;0.1;0.1;2.5;0.8;0.9;0.85;2947.698139;411.0173448;3358.715484
71.47509766;1.2;0.8;99.00%;0.05;147.0934601;3;154.1075134;0.03;0.02;55.27227402;80.12%;0.98;2.387423515;0.1;0.1;2.5;0.8;0.9;0.85;2657.860452;355.3840652;3013.244517
65.88180542;1.2;0.8;97.20%;0.05;140.8989258;3;156.2137604;0.03;0.02;51.63667679;81.74%;0.98;2.905297756;0.1;0.1;2.5;0.8;0.9;0.85;3184.050157;549.1654548;3733.215612
72.92615509;1.2;0.8;94.64%;0.05;143.5724182;3;140.9125519;0.03;0.02;52.82104111;81.23%;0.98;2.810528517;0.1;0.1;2.5;0.8;0.9;0.85;2947.652296;739.9782836;3687.630579
68.05426788;1.2;0.8;99.11%;0.05;146.0629578;3;153.6035461;0.03;0.02;69.34523773;72.81%;0.98;2.517323494;0.1;0.1;2.5;0.8;0.9;0.85;3123.965763;585.4997336;3709.465496
59.59344482;1.2;0.8;100.00%;0.05;147.9871826;3;158.9307404;0.03;0.02;60.24598312;77.72%;0.98;2.224863529;0.1;0.1;2.5;0.8;0.9;0.85;3126.96321;470.1556175;3597.118827
68.47626495;1.2;0.8;99.40%;0.05;146.9603729;3;154.7962036;0.03;0.02;61.03581238;77.32%;0.98;2.223454475;0.1;0.1;2.5;0.8;0.9;0.85;3022.135285;247.963915;3270.0992
52.98423767;1.2;0.8;99.96%;0.05;143.9040833;3;150.5143738;0.03;0.02;59.2402153;78.17%;0.98;2.063961267;0.1;0.1;2.5;0.8;0.9;0.85;2932.406546;391.6518558;3324.058402
55.85475922;1.2;0.8;99.00%;0.05;141.517807;3;145.9819183;0.03;0.02;66.88784027;74.21%;0.98;2.184273243;0.1;0.1;2.5;0.8;0.9;0.85;2425.18922;372.3848505;2797.57407
57.34505081;1.2;0.8;99.96%;0.05;145.6022491;3;153.7383881;0.03;0.02;64.32888031;75.61%;0.98;2.836549759;0.1;0.1;2.5;0.8;0.9;0.85;2951.518872;386.7983681;3338.31724
74.09692383;1.2;0.8;94.01%;0.05;141.4216461;3;150.7922821;0.03;0.02;54.75654602;80.35%;0.98;2.408997059;0.1;0.1;2.5;0.8;0.9;0.85;2918.726737;273.7273392;3192.454076
74.89603424;1.2;0.8;99.31%;0.05;149.7925415;3;152.0879211;0.03;0.02;53.80666351;80.78%;0.98;2.485927343;0.1;0.1;2.5;0.8;0.9;0.85;3167.071492;755.380463;3922.451955
65.669487;1.2;0.8;94.48%;0.05;140.0868073;3;142.4878082;0.03;0.02;63.61043167;75.96%;0.98;2.239849091;0.1;0.1;2.5;0.8;0.9;0.85;2884.069942;518.0394238;3402.109366
52.31536102;1.2;0.8;100.26%;0.05;149.8361206;3;149.1457214;0.03;0.02;65.67527008;74.88%;0.98;2.999337673;0.1;0.1;2.5;0.8;0.9;0.85;2989.895528;486.0072951;3475.902823
71.20813751;1.2;0.8;94.90%;0.05;143.1254883;3;141.1453705;0.03;0.02;51.96879196;81.54%;0.98;2.086437225;0.1;0.1;2.5;0.8;0.9;0.85;2948.091695;621.0217942;3569.11349
58.47356415;1.2;0.8;99.03%;0.05;142.4633636;3;148.2796936;0.03;0.02;58.58094025;78.55%;0.98;2.267344713;0.1;0.1;2.5;0.8;0.9;0.85;1037.241584;273.5430918;1310.784676
60.3768692;1.2;0.8;98.77%;0.05;141.3158875;3;155.8457947;0.03;0.02;51.33919144;81.87%;0.98;2.410125256;0.1;0.1;2.5;0.8;0.9;0.85;2934.789585;183.4002151;3118.1898
68.41794586;1.2;0.8;99.54%;0.05;146.9925079;3;157.3304443;0.03;0.02;57.75194168;78.91%;0.98;2.193207741;0.1;0.1;2.5;0.8;0.9;0.85;3138.652533;463.1624874;3601.81502
68.97738647;1.2;0.8;98.84%;0.05;146.0709534;3;151.8612976;0.03;0.02;64.65497589;75.44%;0.98;2.958411694;0.1;0.1;2.5;0.8;0.9;0.85;2921.015426;189.9552406;3110.970667
53.60695267;1.2;0.8;100.04%;0.05;147.0484161;3;158.2986908;0.03;0.02;65.93608856;74.72%;0.98;2.052256346;0.1;0.1;2.5;0.8;0.9;0.85;3066.821183;467.3214379;3534.142621
67.30844879;1.2;0.8;98.94%;0.05;147.4071655;3;142.8430023;0.03;0.02;69.71278381;72.59%;0.98;2.249300957;0.1;0.1;2.5;0.8;0.9;0.85;2893.003974;544.4343306;3437.438304
53.39451599;1.2;0.8;99.88%;0.05;144.7813721;3;142.0328064;0.03;0.02;59.33819962;78.15%;0.98;2.10126543;0.1;0.1;2.5;0.8;0.9;0.85;2856.934869;310.2728666;3167.207735
59.77527237;1.2;0.8;99.43%;0.05;144.4132843;3;148.0084534;0.03;0.02;67.6100235;73.81%;0.98;2.305682182;0.1;0.1;2.5;0.8;0.9;0.85;2982.961419;386.6378442;3369.599263
52.76446533;1.2;0.8;100.01%;0.05;147.5857697;3;147.9163666;0.03;0.02;68.55764771;73.27%;0.98;2.43783021;0.1;0.1;2.5;0.8;0.9;0.85;2967.254864;372.3521527;3339.607017
65.74889374;1.2;0.8;99.86%;0.05;148.2190552;3;154.3290558;0.03;0.02;56.18238831;79.69%;0.98;2.639700413;0.1;0.1;2.5;0.8;0.9;0.85;3096.857359;537.0497625;3633.907121
66.31488037;1.2;0.8;99.43%;0.05;147.318924;3;148.5555573;0.03;0.02;64.52583313;75.49%;0.98;2.109741211;0.1;0.1;2.5;0.8;0.9;0.85;3180.181576;643.2907604;3823.472336
56.67553329;1.2;0.8;99.97%;0.05;147.4640198;3;143.7176666;0.03;0.02;68.44135284;73.34%;0.98;2.48713541;0.1;0.1;2.5;0.8;0.9;0.85;937.3371166;213.4633702;1150.800487
53.49248505;1.2;0.8;99.93%;0.05;142.0197601;3;159.4667206;0.03;0.02;69.44367981;72.76%;0.98;2.474359274;0.1;0.1;2.5;0.8;0.9;0.85;3394.056079;793.8163018;4187.872381
74.43599701;1.2;0.8;97.02%;0.05;146.2662201;3;145.2160339;0.03;0.02;56.01166916;79.74%;0.98;2.291772842;0.1;0.1;2.5;0.8;0.9;0.85;2817.225222;457.5557001;3274.780922
65.07700348;1.2;0.8;96.58%;0.05;140.1276245;3;153.7639008;0.03;0.02;52.71914673;81.27%;0.98;2.807990551;0.1;0.1;2.5;0.8;0.9;0.85;3026.078962;410.9098866;3436.988848
55.9550209;1.2;0.8;99.93%;0.05;144.6909485;3;152.182312;0.03;0.02;57.56888199;79.03%;0.98;2.439783096;0.1;0.1;2.5;0.8;0.9;0.85;3182.184149;524.1986412;3706.38279
70.91553497;1.2;0.8;98.04%;0.05;147.2009735;3;141.8462524;0.03;0.02;51.90472412;81.58%;0.98;2.165261507;0.1;0.1;2.5;0.8;0.9;0.85;3113.034346;705.9790541;3819.0134
64.06067657;1.2;0.8;96.77%;0.05;141.7195282;3;144.4785767;0.03;0.02;52.27680588;81.44%;0.98;2.244092464;0.1;0.1;2.5;0.8;0.9;0.85;2818.094013;326.0896612;3144.183674
68.90694427;1.2;0.8;98.79%;0.05;145.1361847;3;156.0855865;0.03;0.02;58.63492966;78.52%;0.98;2.488493919;0.1;0.1;2.5;0.8;0.9;0.85;3187.325817;495.0256641;3682.351481
74.59371185;1.2;0.8;94.02%;0.05;140.7180634;3;155.6582642;0.03;0.02;58.22504044;78.67%;0.98;2.178761959;0.1;0.1;2.5;0.8;0.9;0.85;3127.827481;423.5232265;3551.350708
50.23623657;1.2;0.8;99.93%;0.05;143.8862457;3;140.513916;0.03;0.02;69.56382751;72.69%;0.98;2.967079878;0.1;0.1;2.5;0.8;0.9;0.85;2751.687393;198.0208452;2949.708239
69.76696777;1.2;0.8;98.70%;0.05;147.4061584;3;145.1537628;0.03;0.02;55.86646271;79.83%;0.98;2.363358498;0.1;0.1;2.5;0.8;0.9;0.85;2776.640881;213.9320657;2990.572946
70.85891724;1.2;0.8;97.61%;0.05;145.6795654;3;145.5108643;0.03;0.02;62.30248642;76.68%;0.98;2.646856785;0.1;0.1;2.5;0.8;0.9;0.85;3127.819424;764.9040493;3892.723473
62.77471924;1.2;0.8;97.63%;0.05;140.3256683;3;155.4638519;0.03;0.02;56.45474243;79.54%;0.98;2.297333717;0.1;0.1;2.5;0.8;0.9;0.85;2919.648259;212.8606056;3132.508865
54.23536301;1.2;0.8;99.44%;0.05;141.7386627;3;147.4912262;0.03;0.02;56.35653305;79.61%;0.98;2.289482355;0.1;0.1;2.5;0.8;0.9;0.85;3120.210135;801.3519512;3921.562087
53.65205765;1.2;0.8;99.97%;0.05;143.8094788;3;154.341217;0.03;0.02;55.48181915;80.03%;0.98;2.844395161;0.1;0.1;2.5;0.8;0.9;0.85;3230.265707;570.8208092;3801.086517
50.31523132;1.2;0.8;99.94%;0.05;141.4989777;3;153.5924377;0.03;0.02;59.06360626;78.31%;0.98;2.481809616;0.1;0.1;2.5;0.8;0.9;0.85;3021.563562;404.4961097;3426.059672
66.38426971;1.2;0.8;96.92%;0.05;143.4502563;3;141.97995;0.03;0.02;51.11541748;81.94%;0.98;2.46688509;0.1;0.1;2.5;0.8;0.9;0.85;2737.064241;408.4344472;3145.498688
50.77179718;1.2;0.8;100.00%;0.05;144.3275604;3;151.3621368;0.03;0.02;56.53089142;79.54%;0.98;2.995261908;0.1;0.1;2.5;0.8;0.9;0.85;3158.714627;579.8938828;3738.60851
67.26622009;1.2;0.8;97.25%;0.05;144.0691681;3;143.203064;0.03;0.02;67.63654327;73.79%;0.98;2.710151672;0.1;0.1;2.5;0.8;0.9;0.85;2230.010182;588.3783948;2818.388577
60.4863472;1.2;0.8;98.77%;0.05;143.7418823;3;143.4455719;0.03;0.02;69.57259369;72.68%;0.98;2.395207882;0.1;0.1;2.5;0.8;0.9;0.85;2657.861338;203.6400405;2861.501378
64.51171875;1.2;0.8;95.42%;0.05;140.1846313;3;144.6499329;0.03;0.02;63.87697983;75.85%;0.98;2.936927795;0.1;0.1;2.5;0.8;0.9;0.85;3055.312654;759.3248874;3814.637541
50.28255081;1.2;0.8;99.99%;0.05;144.1285248;3;147.2731476;0.03;0.02;54.64745331;80.41%;0.98;2.900336504;0.1;0.1;2.5;0.8;0.9;0.85;2904.415711;349.0562861;3253.471997
64.11288452;1.2;0.8;99.99%;0.05;148.9810944;3;156.9638824;0.03;0.02;66.65679932;74.34%;0.98;2.311702251;0.1;0.1;2.5;0.8;0.9;0.85;3205.322662;491.3139486;3696.636611
65.91083527;1.2;0.8;100.00%;0.05;149.9619904;3;159.7479706;0.03;0.02;69.79624176;72.55%;0.98;2.492032051;0.1;0.1;2.5;0.8;0.9;0.85;2985.33442;266.8591478;3252.193567
56.94954681;1.2;0.8;99.77%;0.05;145.7777863;3;141.9796295;0.03;0.02;69.22185516;72.85%;0.98;2.035098553;0.1;0.1;2.5;0.8;0.9;0.85;3025.020708;574.7831043;3599.803812
68.28276062;1.2;0.8;99.13%;0.05;147.5233917;3;146.9332581;0.03;0.02;65.57926178;74.91%;0.98;2.273749113;0.1;0.1;2.5;0.8;0.9;0.85;3213.707762;729.9057789;3943.613541
62.14859009;1.2;0.8;97.60%;0.05;141.9974213;3;144.9107971;0.03;0.02;54.68127441;80.39%;0.98;2.828246117;0.1;0.1;2.5;0.8;0.9;0.85;2887.775008;555.4794993;3443.254507
54.95539474;1.2;0.8;100.20%;0.05;149.1192627;3;158.7398834;0.03;0.02;61.01384354;77.32%;0.98;2.080387592;0.1;0.1;2.5;0.8;0.9;0.85;3104.352644;340.6764229;3445.029067
51.69335938;1.2;0.8;100.00%;0.05;145.6350098;3;151.5374298;0.03;0.02;64.44496918;75.55%;0.98;2.667159081;0.1;0.1;2.5;0.8;0.9;0.85;2923.730158;360.8041859;3284.534344
62.86568451;1.2;0.8;99.98%;0.05;149.8002472;3;148.6139221;0.03;0.02;64.51185608;75.51%;0.98;2.337667704;0.1;0.1;2.5;0.8;0.9;0.85;2072.2482;512.5930824;2584.841282
56.28300476;1.2;0.8;99.83%;0.05;144.2265625;3;150.3934326;0.03;0.02;51.66113281;81.74%;0.98;2.767107487;0.1;0.1;2.5;0.8;0.9;0.85;3189.244204;780.5554036;3969.799607
52.31484604;1.2;0.8;100.05%;0.05;146.5799103;3;158.2240601;0.03;0.02;59.81719971;77.93%;0.98;2.171504974;0.1;0.1;2.5;0.8;0.9;0.85;3398.209491;795.5582633;4193.767754
52.4418869;1.2;0.8;99.82%;0.05;140.3178406;3;159.9541626;0.03;0.02;59.65373993;78.03%;0.98;2.816996098;0.1;0.1;2.5;0.8;0.9;0.85;3030.639522;183.5542618;3214.193784
72.20272064;1.2;0.8;92.75%;0.05;140.1534271;3;147.1491394;0.03;0.02;56.94329834;79.34%;0.98;2.767385244;0.1;0.1;2.5;0.8;0.9;0.85;2758.156703;256.813332;3014.970035
55.87892151;1.2;0.8;100.00%;0.05;149.433136;3;140.8238678;0.03;0.02;65.36004639;75.04%;0.98;2.46373558;0.1;0.1;2.5;0.8;0.9;0.85;2930.011936;562.7357731;3492.74771
56.512146;1.2;0.8;100.00%;0.05;149.116394;3;147.5657043;0.03;0.02;68.11061096;73.53%;0.98;2.979739666;0.1;0.1;2.5;0.8;0.9;0.85;1118.450039;334.7124563;1453.162496
71.09698486;1.2;0.8;94.68%;0.05;140.5440216;3;152.9232025;0.03;0.02;67.76808929;73.69%;0.98;2.046621323;0.1;0.1;2.5;0.8;0.9;0.85;3084.306507;651.3142246;3735.620732
52.04336548;1.2;0.8;100.00%;0.05;146.6835175;3;143.9354095;0.03;0.02;68.68412781;73.17%;0.98;2.191319704;0.1;0.1;2.5;0.8;0.9;0.85;2942.328569;655.2332087;3597.561778
72.2522583;1.2;0.8;99.65%;0.05;149.0380707;3;157.6767273;0.03;0.02;61.3541832;77.17%;0.98;2.581704617;0.1;0.1;2.5;0.8;0.9;0.85;3143.621856;331.3013427;3474.923198
52.39836502;1.2;0.8;100.85%;0.05;149.9074097;3;157.6925659;0.03;0.02;63.11086655;76.26%;0.98;2.422572136;0.1;0.1;2.5;0.8;0.9;0.85;2990.973161;249.1776381;3240.150799
65.26363373;1.2;0.8;96.83%;0.05;142.1876068;3;145.2004242;0.03;0.02;54.52043533;80.47%;0.98;2.996171474;0.1;0.1;2.5;0.8;0.9;0.85;3061.188338;623.2777131;3684.466051
63.21526718;1.2;0.8;98.28%;0.05;141.3973541;3;156.9316864;0.03;0.02;55.85738754;79.85%;0.98;2.691014051;0.1;0.1;2.5;0.8;0.9;0.85;2932.558236;242.2889226;3174.847159
56.17205811;1.2;0.8;99.99%;0.05;147.1184845;3;146.4891357;0.03;0.02;53.03221893;81.13%;0.98;2.612713814;0.1;0.1;2.5;0.8;0.9;0.85;1428.68905;566.6757494;1995.364799
73.65270233;1.2;0.8;96.09%;0.05;143.5379486;3;151.0948944;0.03;0.02;67.34726715;73.96%;0.98;2.620607853;0.1;0.1;2.5;0.8;0.9;0.85;2904.174997;162.7338347;3066.908832
50.74993515;1.2;0.8;99.84%;0.05;141.2788391;3;150.6041565;0.03;0.02;68.45570374;73.33%;0.98;2.883908272;0.1;0.1;2.5;0.8;0.9;0.85;1111.808366;155.3822766;1267.190642
59.12418365;1.2;0.8;99.78%;0.05;145.2080231;3;150.6594849;0.03;0.02;54.89863205;80.29%;0.98;2.301136255;0.1;0.1;2.5;0.8;0.9;0.85;2616.570085;303.9048198;2920.474905
60.36048889;1.2;0.8;99.56%;0.05;145.4078064;3;146.860672;0.03;0.02;51.59532928;81.75%;0.98;2.376587391;0.1;0.1;2.5;0.8;0.9;0.85;2827.100951;163.8526637;2990.953615
65.28247833;1.2;0.8;96.89%;0.05;140.9992065;3;151.8253937;0.03;0.02;58.66161346;78.49%;0.98;2.397577286;0.1;0.1;2.5;0.8;0.9;0.85;3036.968898;323.1044784;3360.073377
64.06713104;1.2;0.8;99.95%;0.05;149.0042725;3;152.015274;0.03;0.02;50.93132019;82.02%;0.98;2.006218433;0.1;0.1;2.5;0.8;0.9;0.85;2762.21085;172.9948008;2935.205651
73.2539978;1.2;0.8;94.91%;0.05;142.9348602;3;146.2027588;0.03;0.02;52.55590057;81.33%;0.98;2.509479284;0.1;0.1;2.5;0.8;0.9;0.85;2954.776654;622.403923;3577.180577
51.99284363;1.2;0.8;100.01%;0.05;148.2956543;3;142.453476;0.03;0.02;56.0571785;79.75%;0.98;2.521274567;0.1;0.1;2.5;0.8;0.9;0.85;2972.047344;687.4852481;3659.532592
71.12315369;1.2;0.8;98.09%;0.05;144.6886444;3;155.4993286;0.03;0.02;60.20819855;77.75%;0.98;2.780335903;0.1;0.1;2.5;0.8;0.9;0.85;3180.811916;620.0126864;3800.824603
74.92956543;1.2;0.8;97.93%;0.05;146.7066498;3;151.3771515;0.03;0.02;66.11720276;74.63%;0.98;2.237613678;0.1;0.1;2.5;0.8;0.9;0.85;2862.213285;179.7094918;3041.922777
56.66673279;1.2;0.8;100.00%;0.05;148.3034363;3;151.2080078;0.03;0.02;55.88974762;79.84%;0.98;2.756961107;0.1;0.1;2.5;0.8;0.9;0.85;3080.892775;458.451653;3539.344428
50.19754028;1.2;0.8;100.18%;0.05;147.8279572;3;150.9921265;0.03;0.02;63.24394608;76.14%;0.98;2.02284956;0.1;0.1;2.5;0.8;0.9;0.85;2914.087815;152.9092563;3066.997071
71.33828735;1.2;0.8;97.70%;0.05;143.4099731;3;159.2944031;0.03;0.02;50.45381546;82.23%;0.98;2.498864174;0.1;0.1;2.5;0.8;0.9;0.85;2969.050279;257.8666873;3226.916966
73.7547226;1.2;0.8;95.16%;0.05;140.885025;3;159.6956177;0.03;0.02;50.9957695;82.02%;0.98;2.530730724;0.1;0.1;2.5;0.8;0.9;0.85;3231.030106;548.549892;3779.579998
65.50251007;1.2;0.8;99.85%;0.05;148.9456177;3;149.8842316;0.03;0.02;62.27321243;76.70%;0.98;2.937624693;0.1;0.1;2.5;0.8;0.9;0.85;2713.506126;187.6286974;2901.134823
63.55611801;1.2;0.8;99.97%;0.05;148.7068329;3;154.2637482;0.03;0.02;57.79429626;78.93%;0.98;2.685511589;0.1;0.1;2.5;0.8;0.9;0.85;3144.488373;554.3782288;3698.866602
69.91959381;1.2;0.8;99.18%;0.05;147.3731537;3;151.9508667;0.03;0.02;53.17776871;81.04%;0.98;2.486267567;0.1;0.1;2.5;0.8;0.9;0.85;3269.614806;701.5909844;3971.205791
59.16320419;1.2;0.8;99.98%;0.05;148.1946411;3;147.0390625;0.03;0.02;65.36194611;75.05%;0.98;2.416331291;0.1;0.1;2.5;0.8;0.9;0.85;2737.373304;230.7668644;2968.140168
73.47960663;1.2;0.8;94.61%;0.05;141.3994751;3;153.0028839;0.03;0.02;69.3918457;72.79%;0.98;2.89863801;0.1;0.1;2.5;0.8;0.9;0.85;2926.359302;318.4872894;3244.846592
52.60325241;1.2;0.8;99.90%;0.05;143.2906952;3;148.1179657;0.03;0.02;62.15940857;76.75%;0.98;2.641584873;0.1;0.1;2.5;0.8;0.9;0.85;2831.631625;336.8282972;3168.459922
57.18688202;1.2;0.8;99.20%;0.05;143.194397;3;143.7714691;0.03;0.02;67.47184753;73.88%;0.98;2.37877655;0.1;0.1;2.5;0.8;0.9;0.85;2473.529018;766.9077498;3240.436767
50.47874832;1.2;0.8;99.80%;0.05;140.4470367;3;152.5383148;0.03;0.02;61.82315826;76.93%;0.98;2.503302097;0.1;0.1;2.5;0.8;0.9;0.85;2612.086159;356.2989032;2968.385062
59.39439392;1.2;0.8;99.81%;0.05;146.1093445;3;147.8979645;0.03;0.02;65.24369812;75.12%;0.98;2.940294027;0.1;0.1;2.5;0.8;0.9;0.85;3026.794817;510.6074867;3537.402303
67.32673645;1.2;0.8;99.31%;0.05;146.5942078;3;152.4668579;0.03;0.02;66.60295105;74.37%;0.98;2.851518631;0.1;0.1;2.5;0.8;0.9;0.85;3145.620148;614.8550852;3760.475233
72.28811646;1.2;0.8;99.57%;0.05;148.8961639;3;156.6214142;0.03;0.02;57.74035645;78.88%;0.98;2.015746593;0.1;0.1;2.5;0.8;0.9;0.85;2865.342405;220.7971356;3086.139541
50.22820663;1.2;0.8;101.03%;0.05;149.6100006;3;154.3867493;0.03;0.02;55.79932022;79.88%;0.98;2.978654861;0.1;0.1;2.5;0.8;0.9;0.85;2937.071724;633.3118231;3570.383547
69.62139893;1.2;0.8;96.09%;0.05;142.4258118;3;148.4659729;0.03;0.02;58.13931274;78.76%;0.98;2.316010714;0.1;0.1;2.5;0.8;0.9;0.85;3051.195633;556.5408925;3607.736526
59.66747665;1.2;0.8;97.43%;0.05;141.2882385;3;141.2850647;0.03;0.02;59.20109177;78.25%;0.98;2.603887081;0.1;0.1;2.5;0.8;0.9;0.85;1935.812676;262.9951024;2198.807778
65.69935608;1.2;0.8;99.92%;0.05;148.9071655;3;153.9284515;0.03;0.02;63.70008469;75.95%;0.98;2.939658165;0.1;0.1;2.5;0.8;0.9;0.85;3221.798843;763.4409952;3985.239838
56.6415596;1.2;0.8;99.85%;0.05;142.8075256;3;159.8402405;0.03;0.02;55.52286148;79.96%;0.98;2.107526302;0.1;0.1;2.5;0.8;0.9;0.85;3131.620859;330.1424803;3461.763339
55.6132431;1.2;0.8;99.61%;0.05;143.6057129;3;145.165863;0.03;0.02;66.70173645;74.32%;0.98;2.732331038;0.1;0.1;2.5;0.8;0.9;0.85;2890.37409;709.1252291;3599.499319
71.01952362;1.2;0.8;96.47%;0.05;142.6999664;3;152.6096649;0.03;0.02;55.84250641;79.83%;0.98;2.015389442;0.1;0.1;2.5;0.8;0.9;0.85;2776.686616;170.815203;2947.501819
61.72481155;1.2;0.8;99.99%;0.05;149.0623627;3;150.6828308;0.03;0.02;50.38033676;82.29%;0.98;2.896116734;0.1;0.1;2.5;0.8;0.9;0.85;2201.802192;463.8751292;2665.677322
51.15190887;1.2;0.8;100.14%;0.05;147.3199158;3;155.2171173;0.03;0.02;52.03869629;81.57%;0.98;2.733178139;0.1;0.1;2.5;0.8;0.9;0.85;2887.137474;566.5007885;3453.638263
61.40069962;1.2;0.8;98.71%;0.05;141.8121338;3;155.0191498;0.03;0.02;69.86650848;72.51%;0.98;2.848922968;0.1;0.1;2.5;0.8;0.9;0.85;3357.100923;699.5406172;4056.64154
69.73004913;1.2;0.8;98.22%;0.05;143.8127594;3;158.5402832;0.03;0.02;50.22837067;82.33%;0.98;2.530849934;0.1;0.1;2.5;0.8;0.9;0.85;3030.065051;297.0814221;3327.146473
70.99680328;1.2;0.8;93.98%;0.05;141.6029663;3;143.4372559;0.03;0.02;58.12290192;78.77%;0.98;2.333852768;0.1;0.1;2.5;0.8;0.9;0.85;3087.132402;633.5953347;3720.727737
60.89549255;1.2;0.8;99.85%;0.05;145.5836639;3;155.8982544;0.03;0.02;69.20425415;72.90%;0.98;2.776997089;0.1;0.1;2.5;0.8;0.9;0.85;3246.82091;713.0094083;3959.830318
61.09265137;1.2;0.8;99.04%;0.05;143.1144104;3;151.609787;0.03;0.02;56.88169098;79.37%;0.98;2.778579473;0.1;0.1;2.5;0.8;0.9;0.85;3258.547046;719.2532967;3977.800343
63.59934616;1.2;0.8;97.33%;0.05;140.2662964;3;155.2390442;0.03;0.02;63.87234879;75.86%;0.98;2.423217773;0.1;0.1;2.5;0.8;0.9;0.85;3128.906837;651.7026971;3780.609534
52.97578049;1.2;0.8;98.59%;0.05;140.1764374;3;140.3069916;0.03;0.02;52.58208466;81.33%;0.98;2.904721737;0.1;0.1;2.5;0.8;0.9;0.85;431.2957085;262.2096511;693.5053597
71.21166229;1.2;0.8;94.89%;0.05;140.1915741;3;156.3270264;0.03;0.02;53.68944931;80.84%;0.98;2.738494873;0.1;0.1;2.5;0.8;0.9;0.85;3289.35539;682.4057628;3971.761153
71.37610626;1.2;0.8;96.55%;0.05;142.4881287;3;155.0842743;0.03;0.02;57.30782318;79.16%;0.98;2.587218523;0.1;0.1;2.5;0.8;0.9;0.85;3120.326358;438.0719057;3558.398264
62.38082504;1.2;0.8;99.59%;0.05;145.3564453;3;152.9305267;0.03;0.02;56.10062027;79.72%;0.98;2.293567181;0.1;0.1;2.5;0.8;0.9;0.85;2962.312011;313.7871462;3276.099157
53.45031738;1.2;0.8;99.99%;0.05;144.8364868;3;150.9697418;0.03;0.02;54.72467422;80.37%;0.98;2.963704109;0.1;0.1;2.5;0.8;0.9;0.85;2816.577419;272.5278191;3089.105238
63.14289856;1.2;0.8;99.71%;0.05;148.8926392;3;140.0092621;0.03;0.02;64.97670746;75.23%;0.98;2.195308208;0.1;0.1;2.5;0.8;0.9;0.85;2955.143656;602.2274644;3557.37112
64.01621246;1.2;0.8;99.70%;0.05;148.8151245;3;142.1516113;0.03;0.02;51.01794815;82.01%;0.98;2.793883085;0.1;0.1;2.5;0.8;0.9;0.85;886.9376992;640.7203489;1527.658048
65.28102875;1.2;0.8;98.58%;0.05;145.0353699;3;145.9018555;0.03;0.02;54.05184937;80.67%;0.98;2.571097374;0.1;0.1;2.5;0.8;0.9;0.85;2886.460572;377.4732322;3263.933804
67.03710938;1.2;0.8;99.65%;0.05;147.0430756;3;156.6657562;0.03;0.02;50.82997513;82.04%;0.98;2.068905354;0.1;0.1;2.5;0.8;0.9;0.85;3107.730316;574.7301166;3682.460433
50.93480682;1.2;0.8;100.43%;0.05;149.5921478;3;149.5133514;0.03;0.02;65.36095428;75.05%;0.98;2.303198814;0.1;0.1;2.5;0.8;0.9;0.85;3068.110751;487.4977404;3555.608492
53.35621643;1.2;0.8;100.49%;0.05;149.8834839;3;156.083252;0.03;0.02;58.19762039;78.74%;0.98;2.870741129;0.1;0.1;2.5;0.8;0.9;0.85;3027.2293;281.0066342;3308.235934
73.45963287;1.2;0.8;94.12%;0.05;142.9114838;3;142.502655;0.03;0.02;62.67721558;76.43%;0.98;2.013132572;0.1;0.1;2.5;0.8;0.9;0.85;2749.325643;351.4694513;3100.795094
74.68099213;1.2;0.8;94.87%;0.05;144.6624146;3;140.1977844;0.03;0.02;62.48977661;76.58%;0.98;2.481555939;0.1;0.1;2.5;0.8;0.9;0.85;2848.276108;393.6819331;3241.958041
69.53611755;1.2;0.8;98.80%;0.05;145.3516388;3;156.4701233;0.03;0.02;69.94960785;72.46%;0.98;2.29605341;0.1;0.1;2.5;0.8;0.9;0.85;3185.215779;568.0400075;3753.255787
58.81751633;1.2;0.8;100.00%;0.05;147.3875427;3;156.7131958;0.03;0.02;69.34487915;72.81%;0.98;2.743085623;0.1;0.1;2.5;0.8;0.9;0.85;3365.510034;736.9123315;4102.422365
52.52942657;1.2;0.8;100.00%;0.05;145.2494049;3;155.1450043;0.03;0.02;54.74038315;80.35%;0.98;2.205121994;0.1;0.1;2.5;0.8;0.9;0.85;3172.515402;450.2563494;3622.771751
56.1548996;1.2;0.8;100.00%;0.05;146.9669647;3;155.9310303;0.03;0.02;56.60838318;79.49%;0.98;2.666011333;0.1;0.1;2.5;0.8;0.9;0.85;3088.22556;560.1357852;3648.361346
62.09868622;1.2;0.8;99.99%;0.05;149.388855;3;151.5729523;0.03;0.02;56.66258621;79.47%;0.98;2.985883713;0.1;0.1;2.5;0.8;0.9;0.85;3025.108441;306.53415;3331.642591
67.39962006;1.2;0.8;96.71%;0.05;141.927887;3;150.4379425;0.03;0.02;55.27027893;80.11%;0.98;2.289334536;0.1;0.1;2.5;0.8;0.9;0.85;2838.809832;246.2448186;3085.054651
70.05632782;1.2;0.8;98.46%;0.05;145.9700623;3;150.3035278;0.03;0.02;60.81753159;77.38%;0.98;2.060639858;0.1;0.1;2.5;0.8;0.9;0.85;3175.627555;612.1428008;3787.770355
52.55991745;1.2;0.8;100.87%;0.05;149.6354218;3;159.7932434;0.03;0.02;55.40258408;80.06%;0.98;2.789752007;0.1;0.1;2.5;0.8;0.9;0.85;3261.724728;564.9001536;3826.624882
67.47749329;1.2;0.8;95.84%;0.05;140.0778503;3;154.577713;0.03;0.02;56.23231888;79.67%;0.98;2.262826443;0.1;0.1;2.5;0.8;0.9;0.85;3341.081317;689.7185361;4030.799853
71.18016815;1.2;0.8;98.23%;0.05;148.0113525;3;140.2164459;0.03;0.02;57.09685898;79.27%;0.98;2.841030836;0.1;0.1;2.5;0.8;0.9;0.85;3080.199628;780.2433302;3860.442958
58.05937958;1.2;0.8;99.45%;0.05;141.6505737;3;158.5153503;0.03;0.02;59.29732513;78.19%;0.98;2.321385384;0.1;0.1;2.5;0.8;0.9;0.85;3033.051451;171.9514344;3205.002886
53.82524109;1.2;0.8;100.56%;0.05;149.7527771;3;159.2746735;0.03;0.02;66.40167999;74.48%;0.98;2.223383427;0.1;0.1;2.5;0.8;0.9;0.85;3030.704074;195.4123512;3226.116425
57.73064041;1.2;0.8;99.80%;0.05;145.9488678;3;144.3027344;0.03;0.02;62.20372009;76.73%;0.98;2.595143318;0.1;0.1;2.5;0.8;0.9;0.85;2299.879276;627.9297069;2927.808983
54.81491089;1.2;0.8;100.11%;0.05;149.0510254;3;155.5702209;0.03;0.02;56.2601738;79.66%;0.98;2.682842493;0.1;0.1;2.5;0.8;0.9;0.85;3107.007714;515.3437615;3622.351476
50.51074982;1.2;0.8;100.00%;0.05;146.5243683;3;144.3800507;0.03;0.02;66.3809433;74.47%;0.98;2.057182789;0.1;0.1;2.5;0.8;0.9;0.85;2765.938893;152.2206501;2918.159544
61.20819473;1.2;0.8;96.90%;0.05;140.8102264;3;143.4280243;0.03;0.02;52.44747162;81.33%;0.98;2.040636063;0.1;0.1;2.5;0.8;0.9;0.85;2930.64456;517.6822445;3448.326804
50.61936569;1.2;0.8;99.70%;0.05;140.6884613;3;148.628891;0.03;0.02;60.93421936;77.38%;0.98;2.529221058;0.1;0.1;2.5;0.8;0.9;0.85;3033.442238;555.5626877;3589.004926
58.03774643;1.2;0.8;98.61%;0.05;142.3662415;3;142.5832214;0.03;0.02;64.50826263;75.52%;0.98;2.552562475;0.1;0.1;2.5;0.8;0.9;0.85;2511.251988;706.7847171;3218.036705
70.83573151;1.2;0.8;99.36%;0.05;147.4810638;3;156.5597687;0.03;0.02;66.08205414;74.66%;0.98;2.165981293;0.1;0.1;2.5;0.8;0.9;0.85;3131.423233;317.3734548;3448.796688
74.7942276;1.2;0.8;98.60%;0.05;147.7052307;3;152.8685608;0.03;0.02;61.69425201;76.99%;0.98;2.518365383;0.1;0.1;2.5;0.8;0.9;0.85;2992.597718;275.8319427;3268.429661
72.1080246;1.2;0.8;99.29%;0.05;148.1393738;3;154.4995575;0.03;0.02;61.59373093;77.01%;0.98;2.189571381;0.1;0.1;2.5;0.8;0.9;0.85;3331.423643;794.4981187;4125.921761
63.16068268;1.2;0.8;99.23%;0.05;144.1825714;3;153.901947;0.03;0.02;53.90167999;80.66%;0.98;2.141108751;0.1;0.1;2.5;0.8;0.9;0.85;3324.348762;778.8889048;4103.237666
69.41274261;1.2;0.8;99.84%;0.05;149.0665894;3;157.7790833;0.03;0.02;60.22682571;77.74%;0.98;2.873855114;0.1;0.1;2.5;0.8;0.9;0.85;2991.971481;155.661184;3147.632665
55.99691391;1.2;0.8;99.30%;0.05;141.7415009;3;149.7739868;0.03;0.02;57.60881424;79.02%;0.98;2.636551857;0.1;0.1;2.5;0.8;0.9;0.85;3121.076885;801.8144037;3922.891288
68.86408997;1.2;0.8;99.59%;0.05;147.3006592;3;157.9205627;0.03;0.02;66.16468048;74.62%;0.98;2.778831005;0.1;0.1;2.5;0.8;0.9;0.85;3308.982041;572.1585345;3881.140575
57.57385635;1.2;0.8;99.95%;0.05;144.6318817;3;158.7353973;0.03;0.02;66.81346893;74.26%;0.98;2.59252429;0.1;0.1;2.5;0.8;0.9;0.85;3375.003026;616.2651516;3991.268177
61.0733223;1.2;0.8;100.00%;0.05;148.4830627;3;154.825119;0.03;0.02;58.45393372;78.60%;0.98;2.235003471;0.1;0.1;2.5;0.8;0.9;0.85;3160.249031;515.73637;3675.985401
65.05795288;1.2;0.8;99.03%;0.05;145.6289978;3;147.884552;0.03;0.02;68.97045898;73.03%;0.98;2.578300953;0.1;0.1;2.5;0.8;0.9;0.85;2974.361;451.0656802;3425.42668
70.75816345;1.2;0.8;99.18%;0.05;147.3275604;3;153.9602966;0.03;0.02;59.44199371;78.10%;0.98;2.07776165;0.1;0.1;2.5;0.8;0.9;0.85;3091.920024;312.7103796;3404.630403
71.24552917;1.2;0.8;96.48%;0.05;142.752243;3;152.8550262;0.03;0.02;65.9291687;74.72%;0.98;2.00397706;0.1;0.1;2.5;0.8;0.9;0.85;2885.636016;236.49383;3122.129846
62.60214615;1.2;0.8;97.00%;0.05;140.5888977;3;148.5475006;0.03;0.02;68.21455383;73.46%;0.98;2.631750584;0.1;0.1;2.5;0.8;0.9;0.85;3163.447109;660.821579;3824.268688
73.54716492;1.2;0.8;98.22%;0.05;148.4839325;3;142.503006;0.03;0.02;59.87098694;77.89%;0.98;2.22984314;0.1;0.1;2.5;0.8;0.9;0.85;2740.593586;166.8526737;2907.44626
53.3639946;1.2;0.8;99.70%;0.05;142.5316162;3;146.749588;0.03;0.02;59.03308868;78.33%;0.98;2.945250034;0.1;0.1;2.5;0.8;0.9;0.85;3134.367624;655.1202879;3789.487912
64.22208405;1.2;0.8;97.12%;0.05;141.4879913;3;148.5948334;0.03;0.02;64.24684143;75.65%;0.98;2.925760031;0.1;0.1;2.5;0.8;0.9;0.85;3278.214777;772.0705795;4050.285357
55.23700333;1.2;0.8;99.42%;0.05;142.8987579;3;143.8583069;0.03;0.02;64.77235413;75.37%;0.98;2.27454567;0.1;0.1;2.5;0.8;0.9;0.85;1988.293888;559.9114263;2548.205314
51.86250687;1.2;0.8;99.12%;0.05;140.8287659;3;140.4945526;0.03;0.02;59.71469116;77.99%;0.98;2.680533886;0.1;0.1;2.5;0.8;0.9;0.85;2912.856826;534.4419708;3447.298797
50.45842361;1.2;0.8;100.42%;0.05;147.3806152;3;159.4818115;0.03;0.02;65.35788727;75.06%;0.98;2.818307877;0.1;0.1;2.5;0.8;0.9;0.85;2906.855351;161.9530657;3068.808417
64.12804413;1.2;0.8;97.46%;0.05;142.6897125;3;144.8513184;0.03;0.02;55.07702637;80.21%;0.98;2.86129117;0.1;0.1;2.5;0.8;0.9;0.85;2838.847314;215.3168478;3054.164162
72.16881561;1.2;0.8;95.44%;0.05;140.5835114;3;159.7321777;0.03;0.02;61.20350266;77.25%;0.98;2.701962948;0.1;0.1;2.5;0.8;0.9;0.85;3364.504811;560.4580036;3924.962815
56.73004913;1.2;0.8;100.01%;0.05;149.5922089;3;150.2869415;0.03;0.02;53.21836472;81.05%;0.98;2.722853661;0.1;0.1;2.5;0.8;0.9;0.85;3205.104443;799.1561215;4004.260564
66.52143097;1.2;0.8;95.75%;0.05;141.4985504;3;144.4128418;0.03;0.02;51.64880753;81.69%;0.98;2.212071896;0.1;0.1;2.5;0.8;0.9;0.85;2798.24122;229.0902987;3027.331518
53.66603088;1.2;0.8;99.89%;0.05;142.1142426;3;157.0834351;0.03;0.02;62.04276657;76.82%;0.98;2.767113447;0.1;0.1;2.5;0.8;0.9;0.85;3003.358985;291.985939;3295.344924
61.04161453;1.2;0.8;98.96%;0.05;141.4703369;3;159.206192;0.03;0.02;58.39667511;78.64%;0.98;2.280701637;0.1;0.1;2.5;0.8;0.9;0.85;3039.499186;406.4271569;3445.926343
68.70399475;1.2;0.8;97.33%;0.05;143.1092224;3;151.8704224;0.03;0.02;50.4113121;82.24%;0.98;2.352407932;0.1;0.1;2.5;0.8;0.9;0.85;3074.797352;502.9465085;3577.74386
64.23612976;1.2;0.8;99.16%;0.05;144.6657257;3;152.8610077;0.03;0.02;53.95077515;80.69%;0.98;2.21980381;0.1;0.1;2.5;0.8;0.9;0.85;2854.652886;176.0117451;3030.664631
58.11681747;1.2;0.8;99.60%;0.05;144.4246674;3;147.3126984;0.03;0.02;69.07961273;72.97%;0.98;2.552894831;0.1;0.1;2.5;0.8;0.9;0.85;2877.603177;242.2861133;3119.88929
71.45257568;1.2;0.8;96.01%;0.05;141.0426025;3;159.3799744;0.03;0.02;55.05304718;80.22%;0.98;2.705585957;0.1;0.1;2.5;0.8;0.9;0.85;2932.010593;220.2422083;3152.252802
54.66665649;1.2;0.8;99.98%;0.05;146.1210175;3;146.797699;0.03;0.02;56.63532257;79.48%;0.98;2.26792717;0.1;0.1;2.5;0.8;0.9;0.85;2887.503069;466.3370681;3353.840138
51.98874664;1.2;0.8;99.64%;0.05;141.818634;3;145.2071838;0.03;0.02;61.12121582;77.26%;0.98;2.012890339;0.1;0.1;2.5;0.8;0.9;0.85;2830.789757;191.6264997;3022.416257
57.8392868;1.2;0.8;100.00%;0.05;148.1903229;3;154.1230621;0.03;0.02;50.43561554;82.26%;0.98;2.581428289;0.1;0.1;2.5;0.8;0.9;0.85;3043.173618;421.3408973;3464.514516
67.45199585;1.2;0.8;98.81%;0.05;147.4399872;3;141.4156494;0.03;0.02;57.68628311;78.97%;0.98;2.499565125;0.1;0.1;2.5;0.8;0.9;0.85;2588.136525;175.4693819;2763.605907
55.32849503;1.2;0.8;99.90%;0.05;144.7750549;3;148.1840363;0.03;0.02;62.54470062;76.54%;0.98;2.371266842;0.1;0.1;2.5;0.8;0.9;0.85;2995.537556;497.2222742;3492.75983
71.36863708;1.2;0.8;98.28%;0.05;148.0500793;3;140.8947449;0.03;0.02;64.83004761;75.34%;0.98;2.340843201;0.1;0.1;2.5;0.8;0.9;0.85;2286.735375;352.3292726;2639.064648
50.77045059;1.2;0.8;99.46%;0.05;140.886795;3;142.661026;0.03;0.02;60.67131805;77.50%;0.98;2.168631792;0.1;0.1;2.5;0.8;0.9;0.85;2786.470871;662.616216;3449.087087
65.04328918;1.2;0.8;98.77%;0.05;146.4583588;3;140.537796;0.03;0.02;50.62256241;82.17%;0.98;2.51371336;0.1;0.1;2.5;0.8;0.9;0.85;2674.063704;169.5032302;2843.566934
72.72808075;1.2;0.8;94.69%;0.05;141.6250458;3;150.7071381;0.03;0.02;54.1062355;80.64%;0.98;2.267407417;0.1;0.1;2.5;0.8;0.9;0.85;2907.25085;372.8108593;3280.061709
59.66828156;1.2;0.8;99.23%;0.05;143.6090546;3;148.4295197;0.03;0.02;69.55968475;72.68%;0.98;2.031299114;0.1;0.1;2.5;0.8;0.9;0.85;2795.777926;294.6858154;3090.463741
64.92544556;1.2;0.8;98.88%;0.05;143.8959198;3;154.6355896;0.03;0.02;64.65976715;75.43%;0.98;2.083548307;0.1;0.1;2.5;0.8;0.9;0.85;3131.796808;605.2349661;3737.031774
69.68299866;1.2;0.8;99.20%;0.05;146.549881;3;156.0335388;0.03;0.02;66.00054932;74.70%;0.98;2.427229881;0.1;0.1;2.5;0.8;0.9;0.85;3445.651424;805.5103555;4251.16178
57.73211288;1.2;0.8;97.52%;0.05;140.6309509;3;140.607254;0.03;0.02;62.59923172;76.53%;0.98;2.764454365;0.1;0.1;2.5;0.8;0.9;0.85;471.5497913;166.9403883;638.4901796
62.38328552;1.2;0.8;100.00%;0.05;148.9008484;3;155.3798981;0.03;0.02;62.60506439;76.52%;0.98;2.490019798;0.1;0.1;2.5;0.8;0.9;0.85;2898.030133;197.3766425;3095.406775
70.8975296;1.2;0.8;99.45%;0.05;147.5057831;3;158.3182068;0.03;0.02;67.58650208;73.81%;0.98;2.048345804;0.1;0.1;2.5;0.8;0.9;0.85;3365.397152;675.9207373;4041.317889
63.78079224;1.2;0.8;97.81%;0.05;143.8229675;3;141.2525024;0.03;0.02;53.77142334;80.75%;0.98;2.247438908;0.1;0.1;2.5;0.8;0.9;0.85;2901.486309;446.5982459;3348.084555
72.53541565;1.2;0.8;94.36%;0.05;142.1589813;3;145.6871338;0.03;0.02;54.61547852;80.42%;0.98;2.373638153;0.1;0.1;2.5;0.8;0.9;0.85;2702.265186;577.3918324;3279.657018
70.71237946;1.2;0.8;99.84%;0.05;149.4869995;3;158.376709;0.03;0.02;64.07360077;75.74%;0.98;2.200891972;0.1;0.1;2.5;0.8;0.9;0.85;3083.274697;453.8824573;3537.157155
69.35810089;1.2;0.8;99.18%;0.05;145.9107208;3;158.5428772;0.03;0.02;64.94958496;75.26%;0.98;2.238317251;0.1;0.1;2.5;0.8;0.9;0.85;3143.063566;452.4249439;3595.488509
69.19946289;1.2;0.8;99.27%;0.05;147.0422363;3;153.6067657;0.03;0.02;51.69884872;81.72%;0.98;2.809789658;0.1;0.1;2.5;0.8;0.9;0.85;3232.309297;780.1630292;4012.472326
53.16093445;1.2;0.8;100.00%;0.05;147.9815979;3;145.3119812;0.03;0.02;62.0592804;76.80%;0.98;2.809314251;0.1;0.1;2.5;0.8;0.9;0.85;3128.960872;634.6875528;3763.648425
59.05741882;1.2;0.8;98.72%;0.05;141.0852509;3;153.113327;0.03;0.02;56.88521194;79.33%;0.98;2.225927353;0.1;0.1;2.5;0.8;0.9;0.85;3163.265571;690.540431;3853.806002
53.55665588;1.2;0.8;99.61%;0.05;142.211319;3;146.7061005;0.03;0.02;52.55955505;81.34%;0.98;2.781880617;0.1;0.1;2.5;0.8;0.9;0.85;1039.940775;300.099693;1340.040468
59.75492859;1.2;0.8;98.53%;0.05;142.6286163;3;144.5709534;0.03;0.02;55.35900497;80.06%;0.98;2.27785635;0.1;0.1;2.5;0.8;0.9;0.85;3021.470167;598.9125715;3620.382739
71.95975494;1.2;0.8;97.03%;0.05;146.2774963;3;140.4095459;0.03;0.02;52.14742661;81.49%;0.98;2.488963127;0.1;0.1;2.5;0.8;0.9;0.85;2882.091821;647.9224644;3530.014285
72.52338409;1.2;0.8;96.21%;0.05;144.5696564;3;144.3456268;0.03;0.02;56.77232742;79.41%;0.98;2.705262661;0.1;0.1;2.5;0.8;0.9;0.85;3049.352851;748.4879237;3797.840774
71.82084656;1.2;0.8;96.50%;0.05;143.4144135;3;150.7668304;0.03;0.02;56.53945541;79.52%;0.98;2.260578871;0.1;0.1;2.5;0.8;0.9;0.85;2998.931644;389.9540637;3388.885707
73.7162323;1.2;0.8;99.27%;0.05;149.6592255;3;149.6821899;0.03;0.02;68.14055634;73.51%;0.98;2.643338203;0.1;0.1;2.5;0.8;0.9;0.85;3094.328057;710.5850836;3804.913141
50.1110611;1.2;0.8;100.00%;0.05;146.6316681;3;143.4700775;0.03;0.02;57.40922165;79.09%;0.98;2.03319025;0.1;0.1;2.5;0.8;0.9;0.85;2987.534447;568.1911669;3555.725614
64.41838074;1.2;0.8;97.62%;0.05;140.970459;3;155.8919373;0.03;0.02;62.27986145;76.69%;0.98;2.357159615;0.1;0.1;2.5;0.8;0.9;0.85;2960.408682;356.347911;3316.756593
65.05641937;1.2;0.8;98.74%;0.05;145.4330902;3;145.246582;0.03;0.02;63.32484055;76.14%;0.98;2.209079981;0.1;0.1;2.5;0.8;0.9;0.85;2446.05507;371.3395332;2817.394603
51.30554199;1.2;0.8;100.01%;0.05;144.8674927;3;158.5400543;0.03;0.02;51.24468231;81.86%;0.98;2.226059437;0.1;0.1;2.5;0.8;0.9;0.85;3130.766771;337.4888098;3468.255581
70.12218475;1.2;0.8;97.76%;0.05;145.0353088;3;148.5462799;0.03;0.02;65.68645477;74.88%;0.98;2.765726089;0.1;0.1;2.5;0.8;0.9;0.85;2788.837513;315.9025189;3104.740032
58.75363541;1.2;0.8;99.68%;0.05;146.4742126;3;140.6331329;0.03;0.02;64.76524353;75.38%;0.98;2.978004932;0.1;0.1;2.5;0.8;0.9;0.85;3137.390164;766.8018524;3904.192016
54.24727249;1.2;0.8;100.00%;0.05;148.0866852;3;141.2293091;0.03;0.02;69.66374969;72.63%;0.98;2.615176916;0.1;0.1;2.5;0.8;0.9;0.85;2681.150432;353.8936979;3035.04413
72.19815063;1.2;0.8;98.31%;0.05;147.6430359;3;144.8066864;0.03;0.02;53.68504715;80.79%;0.98;2.173969269;0.1;0.1;2.5;0.8;0.9;0.85;3003.219425;716.9623388;3720.181764
63.32858276;1.2;0.8;99.74%;0.05;148.8858795;3;141.253418;0.03;0.02;50.13343048;82.38%;0.98;2.213426113;0.1;0.1;2.5;0.8;0.9;0.85;1289.644641;762.7233589;2052.368
62.7435112;1.2;0.8;99.84%;0.05;147.4236603;3;150.5125885;0.03;0.02;58.39838791;78.64%;0.98;2.942310333;0.1;0.1;2.5;0.8;0.9;0.85;3085.558211;501.5002325;3587.058444
52.95541382;1.2;0.8;99.61%;0.05;140.100769;3;156.3615112;0.03;0.02;52.61673737;81.32%;0.98;2.419787645;0.1;0.1;2.5;0.8;0.9;0.85;3095.54273;580.2256999;3675.76843
68.0224762;1.2;0.8;98.91%;0.05;145.0317841;3;156.206665;0.03;0.02;62.28783035;76.69%;0.98;2.963141918;0.1;0.1;2.5;0.8;0.9;0.85;3005.713197;191.655998;3197.369195
72.39381409;1.2;0.8;94.81%;0.05;141.9870911;3;148.7691956;0.03;0.02;59.21693802;78.24%;0.98;2.60627079;0.1;0.1;2.5;0.8;0.9;0.85;3088.256951;785.7473415;3874.004292
54.30548477;1.2;0.8;99.96%;0.05;145.3178558;3;146.5361328;0.03;0.02;50.16172409;82.37%;0.98;2.702712536;0.1;0.1;2.5;0.8;0.9;0.85;2879.763446;260.7811678;3140.544614
54.82098007;1.2;0.8;99.77%;0.05;144.1072083;3;144.8521881;0.03;0.02;59.5568428;78.05%;0.98;2.016955137;0.1;0.1;2.5;0.8;0.9;0.85;2957.639258;443.9725055;3401.611764
59.86005783;1.2;0.8;99.77%;0.05;146.7358551;3;144.5271149;0.03;0.02;51.69169617;81.72%;0.98;2.897776604;0.1;0.1;2.5;0.8;0.9;0.85;2926.81959;428.5087542;3355.328344
63.8095932;1.2;0.8;99.96%;0.05;149.5489044;3;149.8338623;0.03;0.02;66.71627808;74.31%;0.98;2.377365589;0.1;0.1;2.5;0.8;0.9;0.85;2947.863621;213.3261016;3161.189723
69.56015778;1.2;0.8;95.66%;0.05;141.8120422;3;148.7721558;0.03;0.02;69.85016632;72.52%;0.98;2.289973259;0.1;0.1;2.5;0.8;0.9;0.85;3001.831768;632.4683898;3634.300158
71.06223297;1.2;0.8;94.75%;0.05;141.6440735;3;147.4727936;0.03;0.02;58.16962051;78.75%;0.98;2.753847361;0.1;0.1;2.5;0.8;0.9;0.85;3060.831107;781.0009219;3841.832029
70.74557495;1.2;0.8;94.87%;0.05;140.1136627;3;155.6176605;0.03;0.02;54.3478241;80.53%;0.98;2.610197544;0.1;0.1;2.5;0.8;0.9;0.85;2999.990513;199.7713128;3199.761825
65.39572906;1.2;0.8;97.41%;0.05;143.1875305;3;144.7501678;0.03;0.02;61.72325134;76.98%;0.98;2.662940979;0.1;0.1;2.5;0.8;0.9;0.85;2789.33092;152.3838273;2941.714747
65.33126831;1.2;0.8;97.94%;0.05;143.7177582;3;146.3514862;0.03;0.02;60.0711441;77.82%;0.98;2.812979221;0.1;0.1;2.5;0.8;0.9;0.85;2870.700682;455.2983765;3325.999058
67.97555542;1.2;0.8;99.01%;0.05;148.1557007;3;141.5573273;0.03;0.02;66.45310974;74.45%;0.98;2.430757284;0.1;0.1;2.5;0.8;0.9;0.85;2723.203827;268.9472852;2992.151112
63.16680527;1.2;0.8;99.72%;0.05;145.1798706;3;159.3903809;0.03;0.02;50.51987839;82.22%;0.98;2.560853958;0.1;0.1;2.5;0.8;0.9;0.85;3144.749158;292.7247236;3437.473881
53.80018234;1.2;0.8;99.98%;0.05;145.9254303;3;145.383316;0.03;0.02;58.64215088;78.52%;0.98;2.802352428;0.1;0.1;2.5;0.8;0.9;0.85;3010.67536;697.2152446;3707.890605
56.64567184;1.2;0.8;100.00%;0.05;148.0027924;3;147.4674988;0.03;0.02;66.2445755;74.57%;0.98;2.958742142;0.1;0.1;2.5;0.8;0.9;0.85;2179.520245;419.3806639;2598.900909
54.43546677;1.2;0.8;100.01%;0.05;147.9926758;3;151.0022888;0.03;0.02;62.71786499;76.46%;0.98;2.801102877;0.1;0.1;2.5;0.8;0.9;0.85;2851.120242;336.9360675;3188.05631
51.56467819;1.2;0.8;101.18%;0.05;149.6053467;3;159.8199158;0.03;0.02;58.28403854;78.70%;0.98;2.538320065;0.1;0.1;2.5;0.8;0.9;0.85;3365.445363;563.8492175;3929.29458
66.99902344;1.2;0.8;99.09%;0.05;147.1913147;3;145.1610565;0.03;0.02;67.18977356;74.04%;0.98;2.838080406;0.1;0.1;2.5;0.8;0.9;0.85;2945.891021;602.171043;3548.062064
54.23334122;1.2;0.8;100.00%;0.05;146.7911377;3;149.3760681;0.03;0.02;66.60287476;74.37%;0.98;2.492398739;0.1;0.1;2.5;0.8;0.9;0.85;3089.09865;774.9958293;3864.094479
69.39459991;1.2;0.8;99.85%;0.05;149.4118347;3;156.2666321;0.03;0.02;55.58692551;79.94%;0.98;2.071427107;0.1;0.1;2.5;0.8;0.9;0.85;3037.872414;255.86127;3293.733684
64.83322906;1.2;0.8;97.90%;0.05;143.7172699;3;144.9433441;0.03;0.02;63.52896881;76.03%;0.98;2.159295082;0.1;0.1;2.5;0.8;0.9;0.85;1732.874754;266.1387801;1999.013534
66.79645538;1.2;0.8;99.53%;0.05;147.8201447;3;149.0736389;0.03;0.02;62.39541245;76.61%;0.98;2.015730381;0.1;0.1;2.5;0.8;0.9;0.85;2951.905471;227.4890395;3179.394511
52.0273819;1.2;0.8;99.83%;0.05;142.3630981;3;148.3955231;0.03;0.02;62.190979;76.74%;0.98;2.757210732;0.1;0.1;2.5;0.8;0.9;0.85;2033.073752;350.6517704;2383.725522
69.38371277;1.2;0.8;99.45%;0.05;149.5762634;3;144.3718719;0.03;0.02;53.99584579;80.69%;0.98;2.401397943;0.1;0.1;2.5;0.8;0.9;0.85;3108.113856;738.8467344;3846.96059
58.8196373;1.2;0.8;99.95%;0.05;145.4990082;3;156.8602905;0.03;0.02;69.95584869;72.45%;0.98;2.36860323;0.1;0.1;2.5;0.8;0.9;0.85;3150.409325;340.3031677;3490.712493
51.32479095;1.2;0.8;99.99%;0.05;145.0531311;3;143.6737671;0.03;0.02;54.60086823;80.42%;0.98;2.284032822;0.1;0.1;2.5;0.8;0.9;0.85;1014.572815;557.3504574;1571.923273
64.66403198;1.2;0.8;97.60%;0.05;142.1551666;3;149.9067383;0.03;0.02;66.86630249;74.21%;0.98;2.174564838;0.1;0.1;2.5;0.8;0.9;0.85;2884.273626;153.5440164;3037.817642
66.01170349;1.2;0.8;99.99%;0.05;149.5552979;3;158.9019623;0.03;0.02;57.1926651;79.21%;0.98;2.403808355;0.1;0.1;2.5;0.8;0.9;0.85;3159.913283;340.785832;3500.699115
53.82418442;1.2;0.8;99.93%;0.05;145.5902405;3;141.7328796;0.03;0.02;69.07834625;72.97%;0.98;2.939193726;0.1;0.1;2.5;0.8;0.9;0.85;2775.569059;468.9367439;3244.505803
67.544487;1.2;0.8;99.25%;0.05;147.537735;3;147.0767059;0.03;0.02;59.46044159;78.12%;0.98;2.794843197;0.1;0.1;2.5;0.8;0.9;0.85;2794.695043;254.0487623;3048.743806
64.98264313;1.2;0.8;99.08%;0.05;143.7601471;3;158.3530884;0.03;0.02;57.29876328;79.17%;0.98;2.743972778;0.1;0.1;2.5;0.8;0.9;0.85;3082.988674;423.7245642;3506.713238
63.46557236;1.2;0.8;99.96%;0.05;149.3245239;3;150.0034027;0.03;0.02;64.73793793;75.39%;0.98;2.644576311;0.1;0.1;2.5;0.8;0.9;0.85;3015.066853;368.0600695;3383.126922
72.10028839;1.2;0.8;96.82%;0.05;142.2868347;3;159.7856903;0.03;0.02;50.22262955;82.35%;0.98;2.972140789;0.1;0.1;2.5;0.8;0.9;0.85;3277.005336;713.091348;3990.096684
73.74412537;1.2;0.8;94.53%;0.05;140.3276672;3;158.9601593;0.03;0.02;67.9409256;73.61%;0.98;2.403141975;0.1;0.1;2.5;0.8;0.9;0.85;3244.71855;567.7082685;3812.426818
71.5256958;1.2;0.8;99.46%;0.05;149.9270325;3;147.2404022;0.03;0.02;62.97079086;76.33%;0.98;2.54307127;0.1;0.1;2.5;0.8;0.9;0.85;2796.333334;306.7873049;3103.120639
71.0104599;1.2;0.8;95.23%;0.05;142.7657776;3;144.3851929;0.03;0.02;66.50470734;74.42%;0.98;2.14274478;0.1;0.1;2.5;0.8;0.9;0.85;3076.094509;623.4496305;3699.54414
50.35449982;1.2;0.8;100.10%;0.05;146.5409546;3;155.3058472;0.03;0.02;50.52737427;82.21%;0.98;2.396643639;0.1;0.1;2.5;0.8;0.9;0.85;3088.685691;530.3325743;3619.018265
52.04039383;1.2;0.8;100.39%;0.05;149.8828888;3;150.5643768;0.03;0.02;56.32161331;79.58%;0.98;2.167034626;0.1;0.1;2.5;0.8;0.9;0.85;2969.802796;426.5655331;3396.368329
61.03879547;1.2;0.8;99.04%;0.05;143.5611115;3;149.1370697;0.03;0.02;56.1772995;79.69%;0.98;2.227622032;0.1;0.1;2.5;0.8;0.9;0.85;3165.236937;799.6991871;3964.936124
65.48962402;1.2;0.8;98.26%;0.05;142.6671448;3;155.3187866;0.03;0.02;52.67851639;81.29%;0.98;2.87048173;0.1;0.1;2.5;0.8;0.9;0.85;3031.727863;388.0770968;3419.80496
52.24648285;1.2;0.8;100.00%;0.05;146.9610138;3;146.6429749;0.03;0.02;64.9437561;75.28%;0.98;2.470026493;0.1;0.1;2.5;0.8;0.9;0.85;1950.438832;411.3126401;2361.751472
70.87812042;1.2;0.8;99.66%;0.05;149.0696106;3;154.6921082;0.03;0.02;56.19430542;79.69%;0.98;2.847751617;0.1;0.1;2.5;0.8;0.9;0.85;3219.768922;692.0588139;3911.827736
55.97067261;1.2;0.8;99.36%;0.05;142.7239227;3;145.6739197;0.03;0.02;62.02571869;76.82%;0.98;2.531511784;0.1;0.1;2.5;0.8;0.9;0.85;3006.445913;495.7107586;3502.156671
53.82445908;1.2;0.8;100.00%;0.05;145.7229614;3;152.6381836;0.03;0.02;63.75741577;75.90%;0.98;2.25308013;0.1;0.1;2.5;0.8;0.9;0.85;3174.050675;712.6094642;3886.660139
55.88903046;1.2;0.8;99.98%;0.05;144.8116302;3;156.2091522;0.03;0.02;56.2354393;79.64%;0.98;2.277738571;0.1;0.1;2.5;0.8;0.9;0.85;3068.874044;243.1975176;3312.071562
72.53025055;1.2;0.8;96.03%;0.05;142.1602936;3;155.7085571;0.03;0.02;64.46330261;75.53%;0.98;2.409648418;0.1;0.1;2.5;0.8;0.9;0.85;3234.692506;558.3677591;3793.060265
61.97318268;1.2;0.8;99.83%;0.05;145.6332092;3;157.5443268;0.03;0.02;68.43596649;73.34%;0.98;2.766752243;0.1;0.1;2.5;0.8;0.9;0.85;3113.724394;494.0747726;3607.799167
60.51447296;1.2;0.8;99.97%;0.05;147.5338135;3;152.7398834;0.03;0.02;60.55195618;77.57%;0.98;2.668957949;0.1;0.1;2.5;0.8;0.9;0.85;2802.684006;162.1686844;2964.852691
66.34806061;1.2;0.8;99.44%;0.05;149.0137329;3;140.4790039;0.03;0.02;64.97859955;75.25%;0.98;2.233354092;0.1;0.1;2.5;0.8;0.9;0.85;2464.417165;291.6106549;2756.02782
60.59786606;1.2;0.8;100.01%;0.05;149.8336334;3;159.5414734;0.03;0.02;53.34539413;81.00%;0.98;2.520205498;0.1;0.1;2.5;0.8;0.9;0.85;3232.173336;498.2445704;3730.417907
55.40130615;1.2;0.8;100.00%;0.05;145.6630249;3;154.5041656;0.03;0.02;56.14046097;79.70%;0.98;2.323480129;0.1;0.1;2.5;0.8;0.9;0.85;3403.43106;799.5858761;4203.016936
65.13730621;1.2;0.8;99.62%;0.05;147.6065369;3;148.58284;0.03;0.02;54.18517685;80.62%;0.98;2.949658155;0.1;0.1;2.5;0.8;0.9;0.85;3023.910243;380.6794183;3404.589662
53.14261627;1.2;0.8;99.87%;0.05;141.1444397;3;159.9896545;0.03;0.02;59.56191254;78.06%;0.98;2.578572273;0.1;0.1;2.5;0.8;0.9;0.85;2928.513092;218.6892546;3147.202347
62.51016235;1.2;0.8;98.56%;0.05;144.1746216;3;143.6811066;0.03;0.02;60.36988449;77.65%;0.98;2.050028324;0.1;0.1;2.5;0.8;0.9;0.85;2130.604802;626.4411345;2757.045936
70.8131485;1.2;0.8;97.99%;0.05;146.3436127;3;145.3717651;0.03;0.02;68.68412781;73.19%;0.98;2.169957161;0.1;0.1;2.5;0.8;0.9;0.85;3028.229546;649.8951839;3678.12473
64.84870911;1.2;0.8;99.37%;0.05;144.3542175;3;159.6885681;0.03;0.02;56.09263229;79.74%;0.98;2.879848719;0.1;0.1;2.5;0.8;0.9;0.85;3251.169426;526.5212825;3777.690709
62.74486542;1.2;0.8;96.95%;0.05;140.4371796;3;149.340683;0.03;0.02;66.18654633;74.60%;0.98;2.883217335;0.1;0.1;2.5;0.8;0.9;0.85;3243.152276;719.6571427;3962.809419
67.02445984;1.2;0.8;97.57%;0.05;143.6744537;3;147.1801605;0.03;0.02;58.37856293;78.65%;0.98;2.572847366;0.1;0.1;2.5;0.8;0.9;0.85;2887.312655;372.3944492;3259.707105
63.46993637;1.2;0.8;99.49%;0.05;146.3615265;3;148.0279999;0.03;0.02;62.4243927;76.62%;0.98;2.352570057;0.1;0.1;2.5;0.8;0.9;0.85;1786.939017;152.0831474;1939.022165
61.8825798;1.2;0.8;95.92%;0.05;140.0961914;3;142.1410217;0.03;0.02;68.02236176;73.57%;0.98;2.697322607;0.1;0.1;2.5;0.8;0.9;0.85;2596.483416;218.3600128;2814.843429
56.08010101;1.2;0.8;100.00%;0.05;148.7815704;3;147.1942291;0.03;0.02;58.86616898;78.41%;0.98;2.545238495;0.1;0.1;2.5;0.8;0.9;0.85;2967.939521;576.9936052;3544.933126
61.72621918;1.2;0.8;99.74%;0.05;148.2305908;3;140.6539001;0.03;0.02;65.52573395;74.97%;0.98;2.865518093;0.1;0.1;2.5;0.8;0.9;0.85;2937.165542;771.42864;3708.594182
71.83603668;1.2;0.8;98.25%;0.05;144.5595093;3;159.4162445;0.03;0.02;56.53116989;79.52%;0.98;2.495830536;0.1;0.1;2.5;0.8;0.9;0.85;3347.132644;609.9741282;3957.106773
51.05092621;1.2;0.8;100.08%;0.05;146.0580292;3;158.5867004;0.03;0.02;52.03491974;81.57%;0.98;2.592997789;0.1;0.1;2.5;0.8;0.9;0.85;3222.566018;517.0911856;3739.657204
71.02674103;1.2;0.8;97.69%;0.05;145.7235413;3;146.2748718;0.03;0.02;69.42695618;72.77%;0.98;2.290709972;0.1;0.1;2.5;0.8;0.9;0.85;2140.184054;260.8936984;2401.077753
70.52899933;1.2;0.8;98.00%;0.05;144.1467438;3;156.2800293;0.03;0.02;55.2781868;80.11%;0.98;2.408020973;0.1;0.1;2.5;0.8;0.9;0.85;2861.161028;209.6655009;3070.826529
55.07891464;1.2;0.8;99.88%;0.05;144.936615;3;145.5423279;0.03;0.02;62.98688889;76.31%;0.98;2.302375317;0.1;0.1;2.5;0.8;0.9;0.85;2800.169384;269.0469396;3069.216323
57.24388504;1.2;0.8;99.99%;0.05;147.3715973;3;148.2346039;0.03;0.02;60.50334549;77.58%;0.98;2.210917234;0.1;0.1;2.5;0.8;0.9;0.85;2884.123448;325.3799068;3209.503354
59.91632462;1.2;0.8;98.76%;0.05;143.46521;3;143.3697357;0.03;0.02;57.50758362;79.07%;0.98;2.673830986;0.1;0.1;2.5;0.8;0.9;0.85;1670.321816;292.6953814;1963.017197
66.17451477;1.2;0.8;99.97%;0.05;149.1328735;3;157.7987976;0.03;0.02;66.41522217;74.48%;0.98;2.883461475;0.1;0.1;2.5;0.8;0.9;0.85;3180.798708;643.001396;3823.800104
55.56918716;1.2;0.8;99.43%;0.05;141.6480865;3;151.4746399;0.03;0.02;56.58646393;79.49%;0.98;2.052966118;0.1;0.1;2.5;0.8;0.9;0.85;3054.37057;535.4117475;3589.782318
72.92971802;1.2;0.8;99.30%;0.05;148.0749664;3;156.8561859;0.03;0.02;66.1131897;74.61%;0.98;2.148248911;0.1;0.1;2.5;0.8;0.9;0.85;3189.548072;642.7502701;3832.298342
52.03352737;1.2;0.8;99.79%;0.05;141.8649902;3;149.3284454;0.03;0.02;60.55921936;77.57%;0.98;2.576925755;0.1;0.1;2.5;0.8;0.9;0.85;2860.220002;262.9357936;3123.155795
57.73257446;1.2;0.8;99.99%;0.05;147.305191;3;150.5129547;0.03;0.02;53.02864075;81.14%;0.98;2.678070068;0.1;0.1;2.5;0.8;0.9;0.85;2779.137609;723.5012105;3502.63882
61.3805809;1.2;0.8;99.28%;0.05;144.0054626;3;151.3440094;0.03;0.02;64.93732452;75.27%;0.98;2.106489658;0.1;0.1;2.5;0.8;0.9;0.85;3015.810331;411.4623167;3427.272648
70.65480804;1.2;0.8;98.05%;0.05;146.1124725;3;146.7854462;0.03;0.02;51.86250305;81.64%;0.98;2.455285788;0.1;0.1;2.5;0.8;0.9;0.85;2771.407754;310.4958988;3081.903653
66.11614227;1.2;0.8;98.81%;0.05;143.4375458;3;159.0630798;0.03;0.02;63.84553146;75.87%;0.98;2.710443497;0.1;0.1;2.5;0.8;0.9;0.85;3254.268564;467.9241244;3722.192688
53.10113907;1.2;0.8;99.98%;0.05;144.1861572;3;151.2877045;0.03;0.02;54.5227356;80.44%;0.98;2.381202221;0.1;0.1;2.5;0.8;0.9;0.85;3257.156982;709.1169571;3966.273939
68.78994751;1.2;0.8;97.02%;0.05;141.476532;3;158.343811;0.03;0.02;58.45938492;78.59%;0.98;2.399957657;0.1;0.1;2.5;0.8;0.9;0.85;3344.682739;750.9654702;4095.648209
65.54367828;1.2;0.8;99.67%;0.05;148.3347015;3;146.9188843;0.03;0.02;61.06182861;77.28%;0.98;2.135445833;0.1;0.1;2.5;0.8;0.9;0.85;2724.705215;266.7694042;2991.47462
72.85507965;1.2;0.8;98.20%;0.05;148.3537445;3;141.5482788;0.03;0.02;50.44269943;82.22%;0.98;2.112958431;0.1;0.1;2.5;0.8;0.9;0.85;2789.16054;273.1687441;3062.329284
71.50627899;1.2;0.8;96.40%;0.05;141.704483;3;158.5507965;0.03;0.02;65.61430359;74.90%;0.98;2.285338402;0.1;0.1;2.5;0.8;0.9;0.85;3002.327559;172.4857598;3174.813319
69.77727509;1.2;0.8;99.67%;0.05;148.6852875;3;154.7299194;0.03;0.02;60.38507462;77.66%;0.98;2.948506832;0.1;0.1;2.5;0.8;0.9;0.85;3195.997344;658.6007771;3854.598121
52.7989502;1.2;0.8;99.97%;0.05;145.4984894;3;142.7154541;0.03;0.02;67.33421326;73.96%;0.98;2.645272017;0.1;0.1;2.5;0.8;0.9;0.85;2982.705992;600.7512219;3583.457214
57.39438248;1.2;0.8;100.00%;0.05;149.4407654;3;149.8211212;0.03;0.02;51.23938751;81.91%;0.98;2.651169777;0.1;0.1;2.5;0.8;0.9;0.85;2911.356801;404.57922;3315.936021
56.00219345;1.2;0.8;99.30%;0.05;143.1951294;3;142.2924805;0.03;0.02;66.33263397;74.52%;0.98;2.88608408;0.1;0.1;2.5;0.8;0.9;0.85;2788.466238;292.1318699;3080.598108
64.52566528;1.2;0.8;95.12%;0.05;140.4120331;3;141.8206635;0.03;0.02;56.75930786;79.42%;0.98;2.345398903;0.1;0.1;2.5;0.8;0.9;0.85;2138.270145;435.791717;2574.061862
70.20140076;1.2;0.8;98.65%;0.05;147.266922;3;146.1966705;0.03;0.02;64.61519623;75.45%;0.98;2.394432306;0.1;0.1;2.5;0.8;0.9;0.85;2793.116566;225.3350381;3018.451604
56.83122635;1.2;0.8;100.00%;0.05;147.1819763;3;150.9812317;0.03;0.02;54.93677521;80.27%;0.98;2.519901752;0.1;0.1;2.5;0.8;0.9;0.85;3217.771964;657.2643004;3875.036265
60.97120667;1.2;0.8;99.99%;0.05;148.3993073;3;154.0654602;0.03;0.02;52.01953888;81.58%;0.98;2.382169724;0.1;0.1;2.5;0.8;0.9;0.85;2940.457108;252.006355;3192.463463
73.92134857;1.2;0.8;97.94%;0.05;146.5932617;3;149.9969177;0.03;0.02;66.43951416;74.46%;0.98;2.262020588;0.1;0.1;2.5;0.8;0.9;0.85;3045.482165;598.7619584;3644.244123
60.60990143;1.2;0.8;99.83%;0.05;147.2093353;3;145.9464874;0.03;0.02;57.15283966;79.24%;0.98;2.245719671;0.1;0.1;2.5;0.8;0.9;0.85;1528.739051;477.5881008;2006.327152
72.71589661;1.2;0.8;97.81%;0.05;144.7170563;3;156.1907349;0.03;0.02;58.04852676;78.81%;0.98;2.742103577;0.1;0.1;2.5;0.8;0.9;0.85;3011.074253;222.8464883;3233.920741
64.62376404;1.2;0.8;99.96%;0.05;148.4644775;3;156.9850006;0.03;0.02;63.32930756;76.13%;0.98;2.175450802;0.1;0.1;2.5;0.8;0.9;0.85;3027.470659;187.3182627;3214.788921
52.05368042;1.2;0.8;100.01%;0.05;147.3217773;3;148.7020569;0.03;0.02;51.09560776;81.98%;0.98;2.947883606;0.1;0.1;2.5;0.8;0.9;0.85;2868.598355;241.9624902;3110.560846
59.46147537;1.2;0.8;100.00%;0.05;147.8013153;3;157.1114044;0.03;0.02;69.5076828;72.69%;0.98;2.01505208;0.1;0.1;2.5;0.8;0.9;0.85;3039.457355;209.0326137;3248.489968
58.55182266;1.2;0.8;99.30%;0.05;142.8418732;3;150.6742096;0.03;0.02;54.90082169;80.29%;0.98;2.668849468;0.1;0.1;2.5;0.8;0.9;0.85;3022.617596;635.2932048;3657.910801
56.49845123;1.2;0.8;99.32%;0.05;140.9443512;3;155.7288055;0.03;0.02;56.22873306;79.67%;0.98;2.370907784;0.1;0.1;2.5;0.8;0.9;0.85;2682.398755;202.5908993;2884.989654
73.7151413;1.2;0.8;99.10%;0.05;147.8465729;3;156.4419098;0.03;0.02;65.21001434;75.14%;0.98;2.730624676;0.1;0.1;2.5;0.8;0.9;0.85;3359.884379;638.5319327;3998.416311
57.27125549;1.2;0.8;99.92%;0.05;145.4246979;3;151.4004211;0.03;0.02;56.55276871;79.53%;0.98;2.971472502;0.1;0.1;2.5;0.8;0.9;0.85;3129.411423;695.3643423;3824.775765
57.29553223;1.2;0.8;99.66%;0.05;145.0085907;3;143.7187805;0.03;0.02;67.63232422;73.80%;0.98;2.479338646;0.1;0.1;2.5;0.8;0.9;0.85;-11.88419392;206.569036;194.6848421
74.96195221;1.2;0.8;95.98%;0.05;144.7988892;3;146.5371246;0.03;0.02;51.9971199;81.58%;0.98;2.276646137;0.1;0.1;2.5;0.8;0.9;0.85;3033.966261;698.9764034;3732.942664
71.90133667;1.2;0.8;96.60%;0.05;143.572937;3;150.7848663;0.03;0.02;66.07765961;74.66%;0.98;2.516005516;0.1;0.1;2.5;0.8;0.9;0.85;2512.719652;330.5779316;2843.297584
62.13249969;1.2;0.8;99.33%;0.05;145.367569;3;147.0849915;0.03;0.02;53.47365189;80.90%;0.98;2.337148905;0.1;0.1;2.5;0.8;0.9;0.85;3156.503997;726.7340075;3883.238005
63.85670471;1.2;0.8;98.74%;0.05;142.3256226;3;158.6740723;0.03;0.02;56.19421387;79.69%;0.98;2.680895329;0.1;0.1;2.5;0.8;0.9;0.85;3067.428669;245.6126338;3313.041303
69.70910645;1.2;0.8;97.92%;0.05;145.3943024;3;147.2127075;0.03;0.02;67.22625732;74.02%;0.98;2.903896332;0.1;0.1;2.5;0.8;0.9;0.85;3191.550112;737.6828775;3929.23299
50.31099701;1.2;0.8;100.03%;0.05;145.0624084;3;158.3617554;0.03;0.02;63.80596161;75.89%;0.98;2.287912846;0.1;0.1;2.5;0.8;0.9;0.85;3277.920984;693.5249115;3971.445895
62.21660233;1.2;0.8;99.95%;0.05;146.8242645;3;158.999115;0.03;0.02;65.76837158;74.83%;0.98;2.787374258;0.1;0.1;2.5;0.8;0.9;0.85;2844.585086;208.2075973;3052.792683
62.59812927;1.2;0.8;99.80%;0.05;148.5575867;3;142.9521637;0.03;0.02;68.35015869;73.39%;0.98;2.608968735;0.1;0.1;2.5;0.8;0.9;0.85;1699.713186;803.2472571;2502.960443
64.2628479;1.2;0.8;99.91%;0.05;149.5030518;3;147.1207581;0.03;0.02;63.82044983;75.88%;0.98;2.467013836;0.1;0.1;2.5;0.8;0.9;0.85;2402.560851;331.1764041;2733.737255
70.84597778;1.2;0.8;95.60%;0.05;143.0327301;3;144.8659515;0.03;0.02;51.31483841;81.88%;0.98;2.608358383;0.1;0.1;2.5;0.8;0.9;0.85;2886.02741;371.7663223;3257.793733
63.27307129;1.2;0.8;99.82%;0.05;147.8953705;3;148.5392914;0.03;0.02;59.2474823;78.22%;0.98;2.95056653;0.1;0.1;2.5;0.8;0.9;0.85;3076.387081;487.0809402;3563.468021
64.83572388;1.2;0.8;99.50%;0.05;145.125412;3;158.0276794;0.03;0.02;69.67632294;72.62%;0.98;2.927133083;0.1;0.1;2.5;0.8;0.9;0.85;3147.170094;344.8661984;3492.036293
68.47426605;1.2;0.8;96.08%;0.05;140.303833;3;157.1890259;0.03;0.02;58.99648666;78.35%;0.98;2.883479118;0.1;0.1;2.5;0.8;0.9;0.85;3358.141499;770.4956191;4128.637118
66.11125946;1.2;0.8;97.36%;0.05;143.3579559;3;145.0533295;0.03;0.02;54.33671951;80.53%;0.98;2.117478848;0.1;0.1;2.5;0.8;0.9;0.85;2628.959281;188.3832456;2817.342527
51.1295433;1.2;0.8;99.80%;0.05;140.5877228;3;153.6644745;0.03;0.02;50.03402328;82.43%;0.98;2.90826869;0.1;0.1;2.5;0.8;0.9;0.85;3310.173363;752.4193939;4062.592757
71.33853149;1.2;0.8;98.18%;0.05;146.1062164;3;149.4377441;0.03;0.02;53.56139374;80.85%;0.98;2.127087593;0.1;0.1;2.5;0.8;0.9;0.85;3099.569189;660.1513897;3759.720578
66.02254486;1.2;0.8;98.42%;0.05;142.3816376;3;159.9077606;0.03;0.02;55.28367233;80.09%;0.98;2.273897648;0.1;0.1;2.5;0.8;0.9;0.85;3110.960883;370.1622538;3481.123137
51.9149437;1.2;0.8;99.90%;0.05;142.0683289;3;152.742218;0.03;0.02;61.41651917;77.11%;0.98;2.033535957;0.1;0.1;2.5;0.8;0.9;0.85;2884.48031;199.3132304;3083.79354
54.19178009;1.2;0.8;100.00%;0.05;145.8144073;3;158.8961792;0.03;0.02;54.56354904;80.44%;0.98;2.695148706;0.1;0.1;2.5;0.8;0.9;0.85;3134.790648;326.2598618;3461.050509
59.82872009;1.2;0.8;99.55%;0.05;143.233429;3;156.7819366;0.03;0.02;51.20653534;81.81%;0.98;2.028656483;0.1;0.1;2.5;0.8;0.9;0.85;3135.061712;644.0965015;3779.158214
51.91501999;1.2;0.8;100.11%;0.05;146.7276611;3;159.3296661;0.03;0.02;50.52379608;82.21%;0.98;2.461999893;0.1;0.1;2.5;0.8;0.9;0.85;3368.570176;687.1580353;4055.728211
64.7682724;1.2;0.8;96.43%;0.05;140.3504028;3;150.8134918;0.03;0.02;53.91166687;80.74%;0.98;2.652916431;0.1;0.1;2.5;0.8;0.9;0.85;3047.50305;675.2940151;3722.797065
55.94366837;1.2;0.8;100.00%;0.05;148.3947601;3;145.3183594;0.03;0.02;59.58409882;78.06%;0.98;2.798999548;0.1;0.1;2.5;0.8;0.9;0.85;2853.79989;300.1836618;3153.983552
72.48158264;1.2;0.8;92.71%;0.05;140.8966675;3;143.7223969;0.03;0.02;61.6254158;77.02%;0.98;2.279788971;0.1;0.1;2.5;0.8;0.9;0.85;3053.2867;552.0964013;3605.383101
69.98713684;1.2;0.8;98.43%;0.05;145.7393646;3;151.0700073;0.03;0.02;67.87116241;73.66%;0.98;2.474641323;0.1;0.1;2.5;0.8;0.9;0.85;3029.686001;301.947786;3331.633787
74.3855896;1.2;0.8;98.45%;0.05;149.5469208;3;141.2105255;0.03;0.02;55.99207687;79.79%;0.98;2.850131989;0.1;0.1;2.5;0.8;0.9;0.85;2703.760183;465.2906583;3169.050842
57.44721985;1.2;0.8;98.41%;0.05;142.0543518;3;140.5775146;0.03;0.02;52.15622711;81.52%;0.98;2.660739183;0.1;0.1;2.5;0.8;0.9;0.85;2920.581599;589.485362;3510.066961
53.42553711;1.2;0.8;99.42%;0.05;141.141861;3;147.9837036;0.03;0.02;61.64421463;77.02%;0.98;2.856559277;0.1;0.1;2.5;0.8;0.9;0.85;3006.489741;363.3742853;3369.864026
50.40246964;1.2;0.8;100.29%;0.05;148.220459;3;152.306488;0.03;0.02;65.79256439;74.81%;0.98;2.041802406;0.1;0.1;2.5;0.8;0.9;0.85;2956.531491;382.8271767;3339.358667
71.18437958;1.2;0.8;98.73%;0.05;146.1569366;3;154.9391479;0.03;0.02;64.64017487;75.44%;0.98;2.577819347;0.1;0.1;2.5;0.8;0.9;0.85;3268.514306;596.9558498;3865.470156
64.84256744;1.2;0.8;98.66%;0.05;144.4250488;3;148.8826447;0.03;0.02;69.65297699;72.63%;0.98;2.174410582;0.1;0.1;2.5;0.8;0.9;0.85;2125.804086;260.4873552;2386.291442
61.24212265;1.2;0.8;99.99%;0.05;148.6711273;3;151.3529816;0.03;0.02;55.90159607;79.83%;0.98;2.563166618;0.1;0.1;2.5;0.8;0.9;0.85;3302.515932;762.9253989;4065.441331
72.15271759;1.2;0.8;97.23%;0.05;144.3809052;3;151.7793579;0.03;0.02;68.06729126;73.54%;0.98;2.096588612;0.1;0.1;2.5;0.8;0.9;0.85;2917.672873;430.8332684;3348.506141
53.78524399;1.2;0.8;99.99%;0.05;146.8356934;3;142.067749;0.03;0.02;59.65088654;78.02%;0.98;2.366740227;0.1;0.1;2.5;0.8;0.9;0.85;2010.426902;676.1696001;2686.596502
51.84798431;1.2;0.8;99.52%;0.05;142.0449219;3;141.0052032;0.03;0.02;69.7598877;72.57%;0.98;2.187181711;0.1;0.1;2.5;0.8;0.9;0.85;952.1132182;476.3710221;1428.48424
56.46601486;1.2;0.8;99.96%;0.05;145.8428802;3;149.6798553;0.03;0.02;66.84873962;74.23%;0.98;2.531935215;0.1;0.1;2.5;0.8;0.9;0.85;2889.089921;195.6858739;3084.775795
50.55770111;1.2;0.8;99.96%;0.05;140.8369141;3;159.7913666;0.03;0.02;53.78715515;80.78%;0.98;2.275230408;0.1;0.1;2.5;0.8;0.9;0.85;3153.528156;570.9465282;3724.474684
66.51191711;1.2;0.8;96.81%;0.05;143.3947296;3;141.7271576;0.03;0.02;53.63162994;80.87%;0.98;2.825781345;0.1;0.1;2.5;0.8;0.9;0.85;2844.027181;523.6121085;3367.639289
72.25984192;1.2;0.8;96.86%;0.05;145.3583069;3;144.2791901;0.03;0.02;60.47502136;77.61%;0.98;2.999345541;0.1;0.1;2.5;0.8;0.9;0.85;2658.069529;242.0872728;2900.156802
64.08500671;1.2;0.8;99.48%;0.05;147.6717834;3;142.8764038;0.03;0.02;64.74931335;75.38%;0.98;2.723314285;0.1;0.1;2.5;0.8;0.9;0.85;2757.521458;430.8804813;3188.40194
74.76538086;1.2;0.8;98.07%;0.05;145.6109467;3;158.2077179;0.03;0.02;67.35644531;73.95%;0.98;2.417083263;0.1;0.1;2.5;0.8;0.9;0.85;3215.422377;570.1471082;3785.569485
61.89126205;1.2;0.8;99.94%;0.05;147.8018341;3;152.1107483;0.03;0.02;62.00232315;76.80%;0.98;2.141954422;0.1;0.1;2.5;0.8;0.9;0.85;3175.614413;502.0783371;3677.69275
72.45266724;1.2;0.8;96.80%;0.05;143.7157898;3;152.6011047;0.03;0.02;50.10891724;82.39%;0.98;2.86432004;0.1;0.1;2.5;0.8;0.9;0.85;3257.658359;659.4460053;3917.104365
61.04000473;1.2;0.8;99.70%;0.05;146.8287048;3;144.9172668;0.03;0.02;57.67948532;78.97%;0.98;2.425878048;0.1;0.1;2.5;0.8;0.9;0.85;2819.290895;343.0457308;3162.336626
70.2518158;1.2;0.8;96.72%;0.05;143.1317139;3;150.4561615;0.03;0.02;68.49195862;73.27%;0.98;2.064627647;0.1;0.1;2.5;0.8;0.9;0.85;2856.636534;164.7294192;3021.365953
63.15324783;1.2;0.8;99.33%;0.05;147.1809998;3;140.4743958;0.03;0.02;52.99539566;81.14%;0.98;2.580396175;0.1;0.1;2.5;0.8;0.9;0.85;2971.948954;534.5342896;3506.483244
53.87908173;1.2;0.8;99.57%;0.05;140.3742065;3;156.4299011;0.03;0.02;57.28461838;79.16%;0.98;2.488648176;0.1;0.1;2.5;0.8;0.9;0.85;3320.763333;672.0266473;3992.789981
63.72506332;1.2;0.8;99.96%;0.05;148.6408234;3;153.8395233;0.03;0.02;61.52793121;77.08%;0.98;2.756325722;0.1;0.1;2.5;0.8;0.9;0.85;2918.417198;167.1193292;3085.536527
61.32121658;1.2;0.8;100.00%;0.05;149.2341766;3;151.526947;0.03;0.02;62.22298813;76.72%;0.98;2.963469028;0.1;0.1;2.5;0.8;0.9;0.85;3033.805603;696.8749995;3730.680603
51.73097992;1.2;0.8;100.28%;0.05;148.8125305;3;153.1364288;0.03;0.02;57.65576172;79.00%;0.98;2.984368324;0.1;0.1;2.5;0.8;0.9;0.85;3000.350596;431.4315848;3431.782181
60.56985855;1.2;0.8;99.97%;0.05;147.4966431;3;152.7870941;0.03;0.02;60.93767929;77.37%;0.98;2.531997919;0.1;0.1;2.5;0.8;0.9;0.85;3191.638092;665.6384668;3857.276559
65.48734283;1.2;0.8;98.63%;0.05;146.091507;3;141.7427979;0.03;0.02;69.99582672;72.41%;0.98;2.159481525;0.1;0.1;2.5;0.8;0.9;0.85;2956.664751;516.4964589;3473.16121
58.60590363;1.2;0.8;99.99%;0.05;146.1595459;3;157.9727783;0.03;0.02;68.89133453;73.08%;0.98;2.562337875;0.1;0.1;2.5;0.8;0.9;0.85;2969.988399;204.9339084;3174.922307
54.76069641;1.2;0.8;99.91%;0.05;145.1329193;3;145.4777222;0.03;0.02;59.84085083;77.91%;0.98;2.275257587;0.1;0.1;2.5;0.8;0.9;0.85;2645.773048;218.0220307;2863.795079
66.63388062;1.2;0.8;97.03%;0.05;141.1524353;3;155.2566376;0.03;0.02;50.31613922;82.29%;0.98;2.107162237;0.1;0.1;2.5;0.8;0.9;0.85;2949.30432;177.1185563;3126.422877
74.12714386;1.2;0.8;95.98%;0.05;144.8204346;3;144.7892151;0.03;0.02;64.5968399;75.47%;0.98;2.908294678;0.1;0.1;2.5;0.8;0.9;0.85;2386.93887;746.45691;3133.39578
71.56632233;1.2;0.8;99.37%;0.05;147.5552826;3;157.9089203;0.03;0.02;54.15129852;80.63%;0.98;2.513089657;0.1;0.1;2.5;0.8;0.9;0.85;3085.222359;297.0307755;3382.253134
57.58174896;1.2;0.8;100.00%;0.05;148.7349701;3;151.9416504;0.03;0.02;66.22058105;74.58%;0.98;2.952575684;0.1;0.1;2.5;0.8;0.9;0.85;2951.673617;461.6721981;3413.345815
63.75815964;1.2;0.8;99.20%;0.05;146.3171692;3;143.9850311;0.03;0.02;54.98055267;80.24%;0.98;2.280059099;0.1;0.1;2.5;0.8;0.9;0.85;2620.867714;185.5338486;2806.401563
74.39788055;1.2;0.8;98.87%;0.05;148.1234741;3;153.2033539;0.03;0.02;64.65713501;75.43%;0.98;2.603839397;0.1;0.1;2.5;0.8;0.9;0.85;3087.262097;590.737948;3678.000045
70.99105835;1.2;0.8;95.26%;0.05;143.4750977;3;141.0130768;0.03;0.02;58.96966934;78.35%;0.98;2.170704842;0.1;0.1;2.5;0.8;0.9;0.85;1879.212477;586.7170464;2465.929524
66.23661804;1.2;0.8;99.75%;0.05;147.3676758;3;156.0340424;0.03;0.02;56.27737045;79.65%;0.98;2.593959332;0.1;0.1;2.5;0.8;0.9;0.85;3207.93539;635.2905515;3843.225942
73.70783234;1.2;0.8;95.40%;0.05;141.8726807;3;155.6812744;0.03;0.02;54.80395889;80.33%;0.98;2.569731474;0.1;0.1;2.5;0.8;0.9;0.85;2948.519628;166.3499538;3114.869582
65.50609589;1.2;0.8;95.97%;0.05;141.9527893;3;141.2723389;0.03;0.02;57.31539917;79.15%;0.98;2.675314903;0.1;0.1;2.5;0.8;0.9;0.85;2924.862309;488.8488882;3413.711197
51.49679947;1.2;0.8;100.00%;0.05;145.378952;3;148.5254974;0.03;0.02;69.62574768;72.64%;0.98;2.093288898;0.1;0.1;2.5;0.8;0.9;0.85;2953.833254;329.5438517;3283.377106
69.97090912;1.2;0.8;98.89%;0.05;148.9363251;3;140.323288;0.03;0.02;52.30614471;81.42%;0.98;2.35517025;0.1;0.1;2.5;0.8;0.9;0.85;3119.96311;753.9003186;3873.863429
60.82615662;1.2;0.8;99.80%;0.05;145.6070557;3;153.6168213;0.03;0.02;69.97190857;72.45%;0.98;2.44834733;0.1;0.1;2.5;0.8;0.9;0.85;3022.532317;382.6331746;3405.165491
73.61145782;1.2;0.8;99.70%;0.05;149.9167938;3;157.3457947;0.03;0.02;67.52279663;73.86%;0.98;2.880045414;0.1;0.1;2.5;0.8;0.9;0.85;3130.137028;604.1273745;3734.264402
69.02837372;1.2;0.8;94.27%;0.05;141.1330566;3;143.2489319;0.03;0.02;67.71133423;73.75%;0.98;2.542072296;0.1;0.1;2.5;0.8;0.9;0.85;2541.676848;714.2640232;3255.940871
53.73335266;1.2;0.8;100.01%;0.05;146.5024567;3;156.4402161;0.03;0.02;69.41432953;72.78%;0.98;2.470095158;0.1;0.1;2.5;0.8;0.9;0.85;3147.696812;392.6957684;3540.39258
69.53453064;1.2;0.8;99.85%;0.05;149.2146301;3;157.6256714;0.03;0.02;50.98245239;82.03%;0.98;2.841199636;0.1;0.1;2.5;0.8;0.9;0.85;3019.758616;248.4776383;3268.236254
64.32675934;1.2;0.8;99.92%;0.05;148.2801056;3;153.8358002;0.03;0.02;68.04299927;73.56%;0.98;2.803480148;0.1;0.1;2.5;0.8;0.9;0.85;3192.406447;496.4248052;3688.831252
53.3587265;1.2;0.8;99.67%;0.05;140.0098724;3;159.548584;0.03;0.02;60.13072205;77.79%;0.98;2.981410503;0.1;0.1;2.5;0.8;0.9;0.85;3268.964317;607.7426352;3876.706952
60.67580414;1.2;0.8;99.37%;0.05;143.2838135;3;155.0782013;0.03;0.02;65.52184296;74.96%;0.98;2.750745773;0.1;0.1;2.5;0.8;0.9;0.85;3041.217204;323.6150802;3364.832284
61.83245087;1.2;0.8;99.15%;0.05;143.29599;3;154.1043243;0.03;0.02;68.64613342;73.22%;0.98;2.626706362;0.1;0.1;2.5;0.8;0.9;0.85;3164.402071;620.2073129;3784.609384
55.2179184;1.2;0.8;99.58%;0.05;140.9636536;3;157.21698;0.03;0.02;69.45217133;72.74%;0.98;2.359193325;0.1;0.1;2.5;0.8;0.9;0.85;3247.258051;758.679202;4005.937254
70.58894348;1.2;0.8;99.28%;0.05;147.6880951;3;153.3522034;0.03;0.02;69.10070801;72.95%;0.98;2.578783989;0.1;0.1;2.5;0.8;0.9;0.85;2795.810528;155.4173156;2951.227844
54.65324402;1.2;0.8;100.02%;0.05;147.6544495;3;155.9931183;0.03;0.02;51.36110306;81.85%;0.98;2.087258816;0.1;0.1;2.5;0.8;0.9;0.85;2371.964552;224.1383273;2596.102879
54.79756546;1.2;0.8;99.45%;0.05;142.3579712;3;146.011734;0.03;0.02;64.08599854;75.73%;0.98;2.136410475;0.1;0.1;2.5;0.8;0.9;0.85;1884.758305;195.9156954;2080.674
53.30397797;1.2;0.8;100.00%;0.05;144.5445557;3;158.0264587;0.03;0.02;50.13899994;82.37%;0.98;2.288884163;0.1;0.1;2.5;0.8;0.9;0.85;3262.450605;725.713194;3988.163799
60.64820862;1.2;0.8;98.36%;0.05;141.2527161;3;152.1500397;0.03;0.02;62.15058517;76.76%;0.98;2.704798222;0.1;0.1;2.5;0.8;0.9;0.85;2988.287995;453.9836724;3442.271667
57.72377396;1.2;0.8;100.00%;0.05;148.1446075;3;158.0032959;0.03;0.02;60.47703552;77.61%;0.98;2.947896004;0.1;0.1;2.5;0.8;0.9;0.85;3032.309042;313.8603457;3346.169388
58.08563232;1.2;0.8;100.00%;0.05;149.8136597;3;142.8694153;0.03;0.02;58.73759079;78.48%;0.98;2.654979944;0.1;0.1;2.5;0.8;0.9;0.85;202.9286724;425.1844188;628.1130911
67.55710602;1.2;0.8;96.24%;0.05;143.2562408;3;140.8638153;0.03;0.02;66.30464935;74.54%;0.98;2.662376881;0.1;0.1;2.5;0.8;0.9;0.85;2995.713794;765.4360335;3761.149828
74.79385376;1.2;0.8;95.28%;0.05;144.194931;3;144.9947968;0.03;0.02;62.12215424;76.77%;0.98;2.43318367;0.1;0.1;2.5;0.8;0.9;0.85;3091.327416;605.5641298;3696.891546
62.64863205;1.2;0.8;99.92%;0.05;148.4408417;3;148.9896088;0.03;0.02;59.22706604;78.24%;0.98;2.879044056;0.1;0.1;2.5;0.8;0.9;0.85;1539.543532;372.5470133;1912.090545
61.43053818;1.2;0.8;98.86%;0.05;142.9823914;3;150.761322;0.03;0.02;64.34896088;75.60%;0.98;2.920207739;0.1;0.1;2.5;0.8;0.9;0.85;3009.794443;599.3646449;3609.159088
71.40259552;1.2;0.8;97.49%;0.05;143.988327;3;154.3911896;0.03;0.02;61.96278763;76.85%;0.98;2.377620697;0.1;0.1;2.5;0.8;0.9;0.85;3190.299236;642.2707273;3832.569963
63.11133575;1.2;0.8;97.86%;0.05;141.4122009;3;152.5017395;0.03;0.02;57.16971588;79.22%;0.98;2.040795803;0.1;0.1;2.5;0.8;0.9;0.85;3111.257092;663.5390919;3774.796184
70.39217377;1.2;0.8;96.88%;0.05;142.3858948;3;155.8954315;0.03;0.02;56.78110886;79.29%;0.98;2.005214691;0.1;0.1;2.5;0.8;0.9;0.85;3197.174417;722.0789702;3919.253387
72.14429474;1.2;0.8;98.29%;0.05;148.0897369;3;142.3339539;0.03;0.02;52.98065948;81.15%;0.98;2.623011827;0.1;0.1;2.5;0.8;0.9;0.85;3134.418582;797.4082291;3931.826811
65.21886444;1.2;0.8;95.53%;0.05;141.2867432;3;141.3331604;0.03;0.02;58.93959427;78.37%;0.98;2.660689831;0.1;0.1;2.5;0.8;0.9;0.85;2766.16543;499.0977585;3265.263188
62.01421738;1.2;0.8;99.54%;0.05;144.2082367;3;156.8485718;0.03;0.02;50.76005936;82.10%;0.98;2.507615089;0.1;0.1;2.5;0.8;0.9;0.85;3264.256788;650.6032215;3914.860009
52.62186813;1.2;0.8;100.28%;0.05;148.9788208;3;154.726593;0.03;0.02;55.12159348;80.19%;0.98;2.529044628;0.1;0.1;2.5;0.8;0.9;0.85;3247.873758;589.878751;3837.752509
52.61703873;1.2;0.8;99.99%;0.05;145.2675629;3;146.7963104;0.03;0.02;67.00572968;74.15%;0.98;2.907435179;0.1;0.1;2.5;0.8;0.9;0.85;2891.693158;249.294851;3140.988009
63.83745193;1.2;0.8;97.77%;0.05;142.3536072;3;148.4768524;0.03;0.02;66.87373352;74.22%;0.98;2.565783501;0.1;0.1;2.5;0.8;0.9;0.85;3098.7143;529.940512;3628.654812
56.74420166;1.2;0.8;99.94%;0.05;145.2929993;3;151.7755432;0.03;0.02;51.67248917;81.70%;0.98;2.016746998;0.1;0.1;2.5;0.8;0.9;0.85;2924.012368;231.4508664;3155.463235
64.20832825;1.2;0.8;99.25%;0.05;147.3748627;3;140.5514832;0.03;0.02;59.04343414;78.32%;0.98;2.231295586;0.1;0.1;2.5;0.8;0.9;0.85;1992.186976;400.1128003;2392.299776
57.81703186;1.2;0.8;99.87%;0.05;143.5539398;3;159.9198456;0.03;0.02;69.10971069;72.95%;0.98;2.870645761;0.1;0.1;2.5;0.8;0.9;0.85;3055.16806;281.863178;3337.031238
59.0430336;1.2;0.8;99.33%;0.05;142.0473328;3;156.6718903;0.03;0.02;53.21638489;81.04%;0.98;2.475225925;0.1;0.1;2.5;0.8;0.9;0.85;3276.983748;652.6507012;3929.634449
68.87110901;1.2;0.8;97.79%;0.05;143.7826996;3;152.5854034;0.03;0.02;63.99879456;75.79%;0.98;2.454421997;0.1;0.1;2.5;0.8;0.9;0.85;2925.35822;349.3489281;3274.707149
55.72529221;1.2;0.8;99.72%;0.05;141.8855591;3;157.5009308;0.03;0.02;66.15406036;74.62%;0.98;2.970854282;0.1;0.1;2.5;0.8;0.9;0.85;3468.551286;791.7477518;4260.299038
72.79065704;1.2;0.8;98.22%;0.05;145.8932037;3;154.038559;0.03;0.02;52.29066467;81.43%;0.98;2.062936544;0.1;0.1;2.5;0.8;0.9;0.85;3170.971495;718.3505546;3889.322049
57.07339859;1.2;0.8;100.00%;0.05;147.8825836;3;150.8303528;0.03;0.02;53.23121262;81.04%;0.98;2.599466324;0.1;0.1;2.5;0.8;0.9;0.85;2837.335098;181.5937943;3018.928892
68.79290009;1.2;0.8;94.01%;0.05;140.1997986;3;146.1433563;0.03;0.02;57.14328003;79.25%;0.98;2.909995556;0.1;0.1;2.5;0.8;0.9;0.85;2921.174589;280.305698;3201.480287
60.94960403;1.2;0.8;99.85%;0.05;146.9786987;3;148.7683105;0.03;0.02;56.87338638;79.36%;0.98;2.184732437;0.1;0.1;2.5;0.8;0.9;0.85;2117.997696;327.3484122;2445.346108
50.16243362;1.2;0.8;100.00%;0.05;144.1359406;3;148.0489502;0.03;0.02;69.85913086;72.52%;0.98;2.987725496;0.1;0.1;2.5;0.8;0.9;0.85;2805.443922;205.7075759;3011.151498
66.11946869;1.2;0.8;98.76%;0.05;145.0302277;3;149.9268799;0.03;0.02;59.99439621;77.85%;0.98;2.477078915;0.1;0.1;2.5;0.8;0.9;0.85;3313.743767;773.4801777;4087.223945
63.23563385;1.2;0.8;96.32%;0.05;141.4730072;3;140.8771515;0.03;0.02;55.82273483;79.85%;0.98;2.175948143;0.1;0.1;2.5;0.8;0.9;0.85;2367.326682;578.9020214;2946.228703
59.36124802;1.2;0.8;98.64%;0.05;142.2782745;3;146.6094971;0.03;0.02;64.43383789;75.55%;0.98;2.388066769;0.1;0.1;2.5;0.8;0.9;0.85;2938.649367;402.7963667;3341.445734
72.63499451;1.2;0.8;97.56%;0.05;144.0389862;3;157.4099731;0.03;0.02;65.43815613;75.01%;0.98;2.601555586;0.1;0.1;2.5;0.8;0.9;0.85;3138.71469;469.6875463;3608.402236
58.82527542;1.2;0.8;99.14%;0.05;141.3174438;3;156.9985504;0.03;0.02;54.39459991;80.51%;0.98;2.474762917;0.1;0.1;2.5;0.8;0.9;0.85;2946.111334;208.388255;3154.499589
57.75352097;1.2;0.8;99.99%;0.05;145.9372864;3;156.7770386;0.03;0.02;50.06646347;82.41%;0.98;2.247885227;0.1;0.1;2.5;0.8;0.9;0.85;3391.956356;787.0892808;4179.045637
63.64332581;1.2;0.8;99.48%;0.05;147.5645905;3;142.3428192;0.03;0.02;64.88034058;75.32%;0.98;2.674118996;0.1;0.1;2.5;0.8;0.9;0.85;130.880505;337.5713739;468.4518789
65.48910522;1.2;0.8;95.02%;0.05;140.2654266;3;144.1431427;0.03;0.02;62.96328354;76.34%;0.98;2.814094782;0.1;0.1;2.5;0.8;0.9;0.85;3106.499926;750.4987257;3856.998651
59.7879982;1.2;0.8;98.74%;0.05;142.2276001;3;149.144989;0.03;0.02;55.13300323;80.17%;0.98;2.287342548;0.1;0.1;2.5;0.8;0.9;0.85;3139.908103;572.6287907;3712.536893
69.22888184;1.2;0.8;99.67%;0.05;148.333847;3;155.3957214;0.03;0.02;65.21625519;75.13%;0.98;2.824537277;0.1;0.1;2.5;0.8;0.9;0.85;3013.576115;416.1331177;3429.709233
57.1820755;1.2;0.8;100.00%;0.05;147.7741394;3;156.3491516;0.03;0.02;67.0703125;74.10%;0.98;2.214275837;0.1;0.1;2.5;0.8;0.9;0.85;2958.129498;320.5825283;3278.712026
59.08364105;1.2;0.8;98.29%;0.05;141.3845978;3;146.8324127;0.03;0.02;56.68256378;79.46%;0.98;2.988136053;0.1;0.1;2.5;0.8;0.9;0.85;2554.324573;748.6354933;3302.960067
58.05792618;1.2;0.8;99.86%;0.05;145.9003754;3;147.5283203;0.03;0.02;68.72327423;73.17%;0.98;2.437767029;0.1;0.1;2.5;0.8;0.9;0.85;2851.114152;730.509714;3581.623866
63.37216568;1.2;0.8;99.15%;0.05;144.8101501;3;149.848465;0.03;0.02;51.92641449;81.62%;0.98;2.807759762;0.1;0.1;2.5;0.8;0.9;0.85;2984.799389;583.1863008;3567.985689
56.56684875;1.2;0.8;100.00%;0.05;147.9997253;3;148.0718689;0.03;0.02;62.67367172;76.49%;0.98;2.758049011;0.1;0.1;2.5;0.8;0.9;0.85;2352.752684;428.2245403;2780.977224
51.35562515;1.2;0.8;100.00%;0.05;144.8720856;3;150.6242828;0.03;0.02;61.15654755;77.26%;0.98;2.439597368;0.1;0.1;2.5;0.8;0.9;0.85;2956.874032;297.5637742;3254.437806
69.63847351;1.2;0.8;99.17%;0.05;148.1316376;3;147.3731232;0.03;0.02;59.49158096;78.11%;0.98;2.777110577;0.1;0.1;2.5;0.8;0.9;0.85;3092.39084;579.4255775;3671.816417
67.22194672;1.2;0.8;99.74%;0.05;147.9199066;3;154.812973;0.03;0.02;56.16373062;79.70%;0.98;2.80253315;0.1;0.1;2.5;0.8;0.9;0.85;2950.568293;410.8284151;3361.396708
74.09012604;1.2;0.8;98.47%;0.05;148.4903412;3;146.0167999;0.03;0.02;56.17284775;79.67%;0.98;2.133075237;0.1;0.1;2.5;0.8;0.9;0.85;2804.090282;297.0631613;3101.153443
70.32019043;1.2;0.8;96.88%;0.05;142.109726;3;157.2277527;0.03;0.02;61.25827408;77.22%;0.98;2.937521696;0.1;0.1;2.5;0.8;0.9;0.85;2950.78497;345.66476;3296.44973
74.9861908;1.2;0.8;97.92%;0.05;147.3735504;3;147.9665222;0.03;0.02;59.57659912;78.06%;0.98;2.984572411;0.1;0.1;2.5;0.8;0.9;0.85;3027.168551;722.5429834;3749.711534
56.64492416;1.2;0.8;99.53%;0.05;141.6230774;3;156.5294952;0.03;0.02;69.20750427;72.89%;0.98;2.61696291;0.1;0.1;2.5;0.8;0.9;0.85;3134.471119;627.5261731;3761.997292
55.24751282;1.2;0.8;100.23%;0.05;149.6512756;3;157.7523346;0.03;0.02;54.86275482;80.30%;0.98;2.745116234;0.1;0.1;2.5;0.8;0.9;0.85;3394.649953;760.4080531;4155.058006
61.57059479;1.2;0.8;99.27%;0.05;143.3856049;3;154.9142761;0.03;0.02;62.17329788;76.74%;0.98;2.204077005;0.1;0.1;2.5;0.8;0.9;0.85;3315.943854;665.0328929;3980.976747
56.51074219;1.2;0.8;100.00%;0.05;149.7345276;3;142.6581421;0.03;0.02;58.92950439;78.36%;0.98;2.067476749;0.1;0.1;2.5;0.8;0.9;0.85;2210.132685;177.5985673;2387.731252
68.83592224;1.2;0.8;98.12%;0.05;146.2858734;3;142.8007813;0.03;0.02;57.64953613;79.00%;0.98;2.76227951;0.1;0.1;2.5;0.8;0.9;0.85;2837.845446;621.802251;3459.647697
66.23773956;1.2;0.8;99.81%;0.05;147.0440674;3;159.9093018;0.03;0.02;58.85082245;78.41%;0.98;2.07805872;0.1;0.1;2.5;0.8;0.9;0.85;2788.922864;247.8524769;3036.775341
50.77823257;1.2;0.8;99.95%;0.05;142.8940582;3;148.5178528;0.03;0.02;59.3996582;78.14%;0.98;2.414556265;0.1;0.1;2.5;0.8;0.9;0.85;2684.124643;178.7904397;2862.915083
61.07492065;1.2;0.8;99.16%;0.05;143.979187;3;148.8600616;0.03;0.02;55.31396103;80.10%;0.98;2.861272812;0.1;0.1;2.5;0.8;0.9;0.85;3019.036213;631.9884568;3651.02467
64.81788635;1.2;0.8;98.68%;0.05;143.6807556;3;152.9920349;0.03;0.02;53.39411926;80.97%;0.98;2.952838421;0.1;0.1;2.5;0.8;0.9;0.85;3175.842157;733.4373049;3909.279462
56.46266174;1.2;0.8;99.97%;0.05;146.3864594;3;148.181076;0.03;0.02;51.05696487;81.96%;0.98;2.193914413;0.1;0.1;2.5;0.8;0.9;0.85;2815.140437;349.6210462;3164.761483
56.19261169;1.2;0.8;99.74%;0.05;143.735672;3;149.4349823;0.03;0.02;68.74790955;73.16%;0.98;2.697377443;0.1;0.1;2.5;0.8;0.9;0.85;3097.378025;561.5478026;3658.925827
62.49464417;1.2;0.8;99.91%;0.05;146.5284576;3;158.0469055;0.03;0.02;64.30614471;75.62%;0.98;2.529534817;0.1;0.1;2.5;0.8;0.9;0.85;2958.433192;223.7913709;3182.224563
66.94190216;1.2;0.8;96.55%;0.05;141.9864197;3;148.0310059;0.03;0.02;63.65804672;75.97%;0.98;2.60612011;0.1;0.1;2.5;0.8;0.9;0.85;3047.403292;616.8971023;3664.300394
71.02725983;1.2;0.8;99.11%;0.05;148.5525055;3;147.3235321;0.03;0.02;67.21360779;74.02%;0.98;2.232820034;0.1;0.1;2.5;0.8;0.9;0.85;2833.112568;252.2219736;3085.334542
51.14136887;1.2;0.8;99.89%;0.05;142.9172821;3;145.6246185;0.03;0.02;56.34109116;79.62%;0.98;2.634083509;0.1;0.1;2.5;0.8;0.9;0.85;2930.784372;675.0557655;3605.840137
74.03895569;1.2;0.8;97.32%;0.05;146.4594574;3;145.7557983;0.03;0.02;69.29473114;72.81%;0.98;2.063961983;0.1;0.1;2.5;0.8;0.9;0.85;2898.876417;415.3746676;3314.251084
71.38715363;1.2;0.8;92.34%;0.05;140.7878571;3;140.4079437;0.03;0.02;60.97062302;77.35%;0.98;2.342730045;0.1;0.1;2.5;0.8;0.9;0.85;2617.398532;223.2762429;2840.674775
63.23963547;1.2;0.8;98.34%;0.05;144.5724487;3;141.1549988;0.03;0.02;65.86567688;74.78%;0.98;2.9130373;0.1;0.1;2.5;0.8;0.9;0.85;2658.479244;338.9073823;2997.386626
51.53026581;1.2;0.8;100.01%;0.05;146.3519745;3;151.6082764;0.03;0.02;68.61475372;73.24%;0.98;2.759342432;0.1;0.1;2.5;0.8;0.9;0.85;2447.740023;168.6658057;2616.405828
60.93002319;1.2;0.8;96.50%;0.05;140.5056152;3;141.586319;0.03;0.02;51.48088837;81.81%;0.98;2.784378529;0.1;0.1;2.5;0.8;0.9;0.85;2858.660704;429.0465913;3287.707295
60.66097641;1.2;0.8;99.55%;0.05;146.0762634;3;144.1755524;0.03;0.02;53.17363739;81.07%;0.98;2.486398697;0.1;0.1;2.5;0.8;0.9;0.85;2957.171472;782.2418802;3739.413353
57.11102676;1.2;0.8;97.95%;0.05;140.632843;3;142.5563507;0.03;0.02;58.37059021;78.63%;0.98;2.03095293;0.1;0.1;2.5;0.8;0.9;0.85;2819.08955;553.1004366;3372.189986
53.34318924;1.2;0.8;100.00%;0.05;143.8590851;3;158.4699097;0.03;0.02;62.31694794;76.66%;0.98;2.06094718;0.1;0.1;2.5;0.8;0.9;0.85;3075.471795;461.2738147;3536.745609
52.84313965;1.2;0.8;100.23%;0.05;148.0565491;3;159.2006073;0.03;0.02;59.87828445;77.91%;0.98;2.838733673;0.1;0.1;2.5;0.8;0.9;0.85;3022.988741;192.8874357;3215.876177
66.09881592;1.2;0.8;98.42%;0.05;145.2490997;3;144.9490967;0.03;0.02;53.42139435;80.95%;0.98;2.563981533;0.1;0.1;2.5;0.8;0.9;0.85;2893.539367;546.9442627;3440.48363
59.85578537;1.2;0.8;98.61%;0.05;143.0764313;3;143.4709625;0.03;0.02;58.89826584;78.40%;0.98;2.961078644;0.1;0.1;2.5;0.8;0.9;0.85;3027.567366;725.7099164;3753.277283
70.14215088;1.2;0.8;96.56%;0.05;144.1641846;3;143.8560181;0.03;0.02;54.50821686;80.47%;0.98;2.479815722;0.1;0.1;2.5;0.8;0.9;0.85;2857.572692;486.2306395;3343.803331
56.40672302;1.2;0.8;99.94%;0.05;146.1581879;3;146.3232422;0.03;0.02;61.31309891;77.19%;0.98;2.703101635;0.1;0.1;2.5;0.8;0.9;0.85;3075.91581;668.0641181;3743.979929
55.36424637;1.2;0.8;99.50%;0.05;142.1100769;3;149.9062805;0.03;0.02;50.18068314;82.37%;0.98;2.805459023;0.1;0.1;2.5;0.8;0.9;0.85;2327.86923;358.3644878;2686.233718
74.39139557;1.2;0.8;94.69%;0.05;143.4022675;3;144.9046631;0.03;0.02;54.43113327;80.44%;0.98;2.156051159;0.1;0.1;2.5;0.8;0.9;0.85;2747.331019;247.815643;2995.146662
70.56728363;1.2;0.8;99.26%;0.05;149.8991394;3;141.9756012;0.03;0.02;52.56160355;81.34%;0.98;2.409991026;0.1;0.1;2.5;0.8;0.9;0.85;119.1886249;291.8023939;410.9910188
67.70231628;1.2;0.8;98.64%;0.05;144.5126495;3;154.7413483;0.03;0.02;50.42399597;82.26%;0.98;2.681681633;0.1;0.1;2.5;0.8;0.9;0.85;3000.162805;248.369868;3248.532673
69.94896698;1.2;0.8;96.88%;0.05;141.8691559;3;157.7873535;0.03;0.02;57.23080826;79.20%;0.98;2.643936634;0.1;0.1;2.5;0.8;0.9;0.85;3202.739622;699.4833374;3902.222959
61.83845139;1.2;0.8;98.58%;0.05;143.2655945;3;146.9258423;0.03;0.02;54.76410675;80.35%;0.98;2.646632195;0.1;0.1;2.5;0.8;0.9;0.85;2990.958386;361.8704954;3352.828881
65.83686066;1.2;0.8;97.97%;0.05;142.6020203;3;153.6001129;0.03;0.02;64.16265869;75.68%;0.98;2.198641062;0.1;0.1;2.5;0.8;0.9;0.85;3181.445108;713.8558851;3895.300993
59.76458359;1.2;0.8;97.98%;0.05;140.4783478;3;150.3045502;0.03;0.02;59.66215515;78.02%;0.98;2.406797886;0.1;0.1;2.5;0.8;0.9;0.85;2827.789469;324.5719806;3152.361449
62.67279816;1.2;0.8;99.56%;0.05;146.1425476;3;148.8950653;0.03;0.02;63.66355896;75.95%;0.98;2.215644836;0.1;0.1;2.5;0.8;0.9;0.85;3206.057752;713.3375575;3919.39531
54.02069473;1.2;0.8;100.40%;0.05;149.477951;3;158.665329;0.03;0.02;62.50461578;76.57%;0.98;2.541708469;0.1;0.1;2.5;0.8;0.9;0.85;3224.836496;561.2400992;3786.076596
72.24725342;1.2;0.8;99.23%;0.05;147.7171631;3;156.0635529;0.03;0.02;67.30943298;73.97%;0.98;2.646058798;0.1;0.1;2.5;0.8;0.9;0.85;3075.393311;430.0274493;3505.420761
70.08132935;1.2;0.8;96.37%;0.05;144.0699463;3;142.9249268;0.03;0.02;69.29124451;72.83%;0.98;2.338899612;0.1;0.1;2.5;0.8;0.9;0.85;2745.740502;374.6932109;3120.433713
60.18369675;1.2;0.8;100.00%;0.05;147.952713;3;155.0946198;0.03;0.02;63.88323975;75.85%;0.98;2.859939098;0.1;0.1;2.5;0.8;0.9;0.85;3073.136788;494.221874;3567.358662
65.96497345;1.2;0.8;99.79%;0.05;149.0071259;3;148.3164978;0.03;0.02;63.07257462;76.27%;0.98;2.528291702;0.1;0.1;2.5;0.8;0.9;0.85;2814.845988;226.7756953;3041.621683
73.67298889;1.2;0.8;99.45%;0.05;149.5951538;3;153.2624207;0.03;0.02;60.31246948;77.69%;0.98;2.505662203;0.1;0.1;2.5;0.8;0.9;0.85;2995.711646;214.8124109;3210.524057
63.09345627;1.2;0.8;98.98%;0.05;142.958313;3;156.5771179;0.03;0.02;57.3874321;79.12%;0.98;2.266561031;0.1;0.1;2.5;0.8;0.9;0.85;2951.07322;255.2137897;3206.28701
50.45773315;1.2;0.8;100.03%;0.05;146.728363;3;149.8137665;0.03;0.02;67.60664368;73.81%;0.98;2.619299889;0.1;0.1;2.5;0.8;0.9;0.85;3221.91622;760.3744188;3982.290639
58.40127945;1.2;0.8;99.71%;0.05;143.9771118;3;153.1352234;0.03;0.02;54.70041275;80.37%;0.98;2.371518612;0.1;0.1;2.5;0.8;0.9;0.85;2928.656169;263.3870086;3192.043177
59.06668854;1.2;0.8;99.82%;0.05;146.4928284;3;145.6556702;0.03;0.02;51.79481125;81.68%;0.98;2.983994246;0.1;0.1;2.5;0.8;0.9;0.85;3066.432305;648.3630662;3714.795371
67.69501495;1.2;0.8;99.77%;0.05;147.4706268;3;159.2982025;0.03;0.02;69.83939362;72.53%;0.98;2.806481361;0.1;0.1;2.5;0.8;0.9;0.85;3264.498837;528.3859975;3792.884835
70.29911041;1.2;0.8;97.76%;0.05;143.3044586;3;158.0427551;0.03;0.02;69.86306;72.51%;0.98;2.739332676;0.1;0.1;2.5;0.8;0.9;0.85;3147.727683;562.774714;3710.502397
50.26270294;1.2;0.8;100.03%;0.05;146.6682129;3;149.4398346;0.03;0.02;58.43304443;78.61%;0.98;2.414650917;0.1;0.1;2.5;0.8;0.9;0.85;2704.443146;154.2110842;2858.65423
59.95912552;1.2;0.8;99.29%;0.05;145.5732727;3;140.2648163;0.03;0.02;50.69201279;82.10%;0.98;2.240722895;0.1;0.1;2.5;0.8;0.9;0.85;2866.206067;479.9158146;3346.121882
64.73317719;1.2;0.8;99.40%;0.05;145.5902557;3;153.1878052;0.03;0.02;50.34830475;82.30%;0.98;2.903484821;0.1;0.1;2.5;0.8;0.9;0.85;2757.648004;171.0321482;2928.680152
67.8401413;1.2;0.8;98.00%;0.05;144.9222107;3;146.3342896;0.03;0.02;60.99430084;77.34%;0.98;2.168767929;0.1;0.1;2.5;0.8;0.9;0.85;2883.431957;230.9748354;3114.406792
56.18548584;1.2;0.8;99.63%;0.05;144.516922;3;142.6112061;0.03;0.02;68.12789917;73.48%;0.98;2.079075336;0.1;0.1;2.5;0.8;0.9;0.85;2787.484269;251.8143038;3039.298573
62.95918274;1.2;0.8;99.56%;0.05;147.9058228;3;140.6738129;0.03;0.02;56.25211334;79.67%;0.98;2.888641119;0.1;0.1;2.5;0.8;0.9;0.85;2612.278206;228.2514696;2840.529676
74.50823212;1.2;0.8;97.95%;0.05;147.9568787;3;144.4080505;0.03;0.02;50.42782974;82.25%;0.98;2.33052063;0.1;0.1;2.5;0.8;0.9;0.85;2662.784312;175.0049004;2837.789212
65.04128265;1.2;0.8;96.53%;0.05;140.2290802;3;152.8036346;0.03;0.02;56.65465546;79.43%;0.98;2.059461117;0.1;0.1;2.5;0.8;0.9;0.85;3110.468125;391.1556909;3501.623816
74.0089798;1.2;0.8;97.85%;0.05;145.1160431;3;157.0927124;0.03;0.02;60.4548912;77.60%;0.98;2.364303589;0.1;0.1;2.5;0.8;0.9;0.85;3453.921809;796.2486643;4250.170473
72.2538681;1.2;0.8;97.25%;0.05;143.4660645;3;157.0291595;0.03;0.02;68.03566742;73.56%;0.98;2.493666887;0.1;0.1;2.5;0.8;0.9;0.85;3231.590708;545.1223905;3776.713099
69.27359772;1.2;0.8;97.18%;0.05;142.8663635;3;153.1835175;0.03;0.02;59.4041481;78.11%;0.98;2.188663006;0.1;0.1;2.5;0.8;0.9;0.85;3175.128841;601.3560935;3776.484934
70.19111633;1.2;0.8;98.23%;0.05;144.2787781;3;157.1284943;0.03;0.02;67.81092072;73.69%;0.98;2.266392708;0.1;0.1;2.5;0.8;0.9;0.85;3125.420918;329.5541527;3454.975071
72.27566528;1.2;0.8;93.67%;0.05;141.2145691;3;146.3901825;0.03;0.02;64.89644623;75.30%;0.98;2.347972393;0.1;0.1;2.5;0.8;0.9;0.85;2734.6922;278.4789094;3013.17111
72.10832977;1.2;0.8;98.65%;0.05;146.1358337;3;156.039856;0.03;0.02;55.91571426;79.74%;0.98;2.074843168;0.1;0.1;2.5;0.8;0.9;0.85;3139.64332;578.6796135;3718.322933
60.73581696;1.2;0.8;97.42%;0.05;141.270874;3;143.8013306;0.03;0.02;54.41592407;80.51%;0.98;2.407111168;0.1;0.1;2.5;0.8;0.9;0.85;2524.290505;253.022174;2777.31268
65.40632629;1.2;0.8;98.26%;0.05;143.5312653;3;150.549118;0.03;0.02;50.74238968;82.13%;0.98;2.847668171;0.1;0.1;2.5;0.8;0.9;0.85;2787.415241;283.6650725;3071.080314
52.73114777;1.2;0.8;99.98%;0.05;145.7177887;3;143.0720062;0.03;0.02;53.74748993;80.81%;0.98;2.685843468;0.1;0.1;2.5;0.8;0.9;0.85;2864.35823;350.1011352;3214.459365
64.36581421;1.2;0.8;99.90%;0.05;148.7032166;3;150.977356;0.03;0.02;50.07780838;82.41%;0.98;2.604337931;0.1;0.1;2.5;0.8;0.9;0.85;2954.550571;264.6748676;3219.225439
62.5545578;1.2;0.8;98.41%;0.05;141.7788239;3;154.6111145;0.03;0.02;50.41433716;82.25%;0.98;2.243189335;0.1;0.1;2.5;0.8;0.9;0.85;2938.501708;275.284507;3213.786215
69.13175201;1.2;0.8;94.45%;0.05;140.8527527;3;145.8682556;0.03;0.02;57.04086304;79.29%;0.98;2.564517975;0.1;0.1;2.5;0.8;0.9;0.85;2817.58002;460.2975609;3277.877581
62.82415771;1.2;0.8;99.66%;0.05;146.6872406;3;148.7690125;0.03;0.02;52.11544037;81.50%;0.98;2.111803532;0.1;0.1;2.5;0.8;0.9;0.85;2803.672064;258.9950369;3062.667101
55.94771957;1.2;0.8;100.00%;0.05;147.8625488;3;151.6756592;0.03;0.02;51.01998901;82.00%;0.98;2.507444143;0.1;0.1;2.5;0.8;0.9;0.85;3181.001082;653.775149;3834.776231
52.84261322;1.2;0.8;100.00%;0.05;145.6548309;3;148.0249481;0.03;0.02;50.16305161;82.37%;0.98;2.782346725;0.1;0.1;2.5;0.8;0.9;0.85;3069.953606;555.3090646;3625.262671
73.64032745;1.2;0.8;92.60%;0.05;140.5157013;3;147.4511108;0.03;0.02;63.61064148;75.99%;0.98;2.381297588;0.1;0.1;2.5;0.8;0.9;0.85;3032.767249;708.2604133;3741.027663
58.2065506;1.2;0.8;98.70%;0.05;142.3406677;3;144.1745758;0.03;0.02;67.92021942;73.63%;0.98;2.937864304;0.1;0.1;2.5;0.8;0.9;0.85;2821.706641;449.7842202;3271.490861
71.35355377;1.2;0.8;99.64%;0.05;149.2144165;3;154.5312653;0.03;0.02;59.55281067;78.06%;0.98;2.162579775;0.1;0.1;2.5;0.8;0.9;0.85;3034.666322;311.1024092;3345.768731
61.66590118;1.2;0.8;97.05%;0.05;141.8198242;3;140.5174561;0.03;0.02;54.23824692;80.59%;0.98;2.438157558;0.1;0.1;2.5;0.8;0.9;0.85;1241.695963;704.0901473;1945.78611
57.53313828;1.2;0.8;98.95%;0.05;143.1988068;3;141.2254333;0.03;0.02;62.66851425;76.49%;0.98;2.96548748;0.1;0.1;2.5;0.8;0.9;0.85;1839.687408;191.0475367;2030.734944
65.23330688;1.2;0.8;99.70%;0.05;146.052124;3;159.0445709;0.03;0.02;61.89424515;76.89%;0.98;2.554162502;0.1;0.1;2.5;0.8;0.9;0.85;3103.142079;272.6341847;3375.776263
65.16095734;1.2;0.8;97.83%;0.05;142.2656555;3;152.5031281;0.03;0.02;66.79931641;74.25%;0.98;2.401287794;0.1;0.1;2.5;0.8;0.9;0.85;2940.065122;225.9521616;3166.017283
58.54346466;1.2;0.8;99.09%;0.05;141.8509216;3;152.6257629;0.03;0.02;51.02858734;82.00%;0.98;2.452321053;0.1;0.1;2.5;0.8;0.9;0.85;2946.819878;383.7649579;3330.584836
73.23937988;1.2;0.8;92.69%;0.05;140.9870605;3;144.6814728;0.03;0.02;51.74378586;81.66%;0.98;2.187693119;0.1;0.1;2.5;0.8;0.9;0.85;2821.187653;332.6691126;3153.856765
68.46253204;1.2;0.8;94.50%;0.05;141.3518524;3;142.1973267;0.03;0.02;57.58244324;79.04%;0.98;2.928959846;0.1;0.1;2.5;0.8;0.9;0.85;2723.613021;274.4543401;2998.067362
59.52568054;1.2;0.8;99.57%;0.05;145.4293518;3;145.1127625;0.03;0.02;64.19504547;75.66%;0.98;2.00823617;0.1;0.1;2.5;0.8;0.9;0.85;2809.228932;211.3331703;3020.562102
64.94747162;1.2;0.8;99.49%;0.05;144.9815521;3;158.9494476;0.03;0.02;66.73525238;74.30%;0.98;2.394661427;0.1;0.1;2.5;0.8;0.9;0.85;2983.798687;289.5573223;3273.356009
59.5163765;1.2;0.8;99.37%;0.05;142.3716583;3;156.871933;0.03;0.02;63.67824554;75.96%;0.98;2.621644974;0.1;0.1;2.5;0.8;0.9;0.85;3244.443746;562.5621389;3807.005885
73.15545654;1.2;0.8;98.42%;0.05;146.9264069;3;151.5137177;0.03;0.02;51.34223938;81.79%;0.98;2.108643055;0.1;0.1;2.5;0.8;0.9;0.85;3102.05392;562.3251378;3664.379058
56.68162155;1.2;0.8;98.82%;0.05;141.0248413;3;148.4441223;0.03;0.02;53.48806;80.92%;0.98;2.221217871;0.1;0.1;2.5;0.8;0.9;0.85;3090.984764;540.5403186;3631.525082
66.80321503;1.2;0.8;98.45%;0.05;143.1013336;3;158.15065;0.03;0.02;55.37190628;80.08%;0.98;2.663127899;0.1;0.1;2.5;0.8;0.9;0.85;3181.883038;513.2048214;3695.087859
53.94957733;1.2;0.8;100.00%;0.05;147.250061;3;148.4120789;0.03;0.02;56.62619781;79.43%;0.98;2.044198513;0.1;0.1;2.5;0.8;0.9;0.85;3085.668936;606.792446;3692.461382
67.77643585;1.2;0.8;95.32%;0.05;141.6185303;3;143.9371185;0.03;0.02;62.34354782;76.66%;0.98;2.717723846;0.1;0.1;2.5;0.8;0.9;0.85;2918.370636;476.1834971;3394.554134
51.44078827;1.2;0.8;99.32%;0.05;140.2776947;3;145.1437073;0.03;0.02;56.73889923;79.42%;0.98;2.231150866;0.1;0.1;2.5;0.8;0.9;0.85;2731.396801;310.5817405;3041.978541
51.98911285;1.2;0.8;99.99%;0.05;145.7561951;3;142.953949;0.03;0.02;68.76472473;73.15%;0.98;2.983794689;0.1;0.1;2.5;0.8;0.9;0.85;571.4981503;215.6442167;787.142367
55.45255661;1.2;0.8;99.52%;0.05;141.9259796;3;151.4796143;0.03;0.02;64.05443573;75.76%;0.98;2.935334206;0.1;0.1;2.5;0.8;0.9;0.85;2442.438639;160.740123;2603.178762
61.49294662;1.2;0.8;99.97%;0.05;149.4272766;3;145.4733582;0.03;0.02;62.56879807;76.53%;0.98;2.45883894;0.1;0.1;2.5;0.8;0.9;0.85;2813.561494;225.3956735;3038.957168
68.6933136;1.2;0.8;99.68%;0.05;148.3197784;3;154.420517;0.03;0.02;66.32061005;74.53%;0.98;2.682078123;0.1;0.1;2.5;0.8;0.9;0.85;3138.412103;388.0099842;3526.422087
72.83670807;1.2;0.8;97.35%;0.05;145.1482544;3;150.1464691;0.03;0.02;66.55238342;74.40%;0.98;2.910861015;0.1;0.1;2.5;0.8;0.9;0.85;3123.189968;572.8426145;3696.032583
61.76701355;1.2;0.8;99.16%;0.05;144.109375;3;149.8147888;0.03;0.02;64.74224854;75.39%;0.98;2.97815752;0.1;0.1;2.5;0.8;0.9;0.85;2988.443251;525.6723865;3514.115638
71.67559814;1.2;0.8;95.93%;0.05;144.5078888;3;141.1908264;0.03;0.02;66.81290436;74.25%;0.98;2.612750053;0.1;0.1;2.5;0.8;0.9;0.85;2888.645099;561.4426855;3450.087785
50.9074707;1.2;0.8;100.07%;0.05;149.1891632;3;142.0460052;0.03;0.02;54.9187355;80.24%;0.98;2.171167612;0.1;0.1;2.5;0.8;0.9;0.85;2898.75737;463.0908486;3361.848219
58.63066483;1.2;0.8;98.63%;0.05;141.1359253;3;150.5778351;0.03;0.02;66.18605042;74.58%;0.98;2.326651096;0.1;0.1;2.5;0.8;0.9;0.85;2961.555357;520.708007;3482.263364
56.96276855;1.2;0.8;100.00%;0.05;147.9164581;3;148.7203522;0.03;0.02;52.78144836;81.25%;0.98;2.558898926;0.1;0.1;2.5;0.8;0.9;0.85;1737.013862;353.6541216;2090.667984
61.39812851;1.2;0.8;99.54%;0.05;146.1719055;3;145.2203522;0.03;0.02;62.6832962;76.48%;0.98;2.538343906;0.1;0.1;2.5;0.8;0.9;0.85;3024.403619;486.7182981;3511.121917
70.62963104;1.2;0.8;94.67%;0.05;140.8301849;3;150.3541718;0.03;0.02;65.53132629;74.96%;0.98;2.748712301;0.1;0.1;2.5;0.8;0.9;0.85;3251.255391;686.3762519;3937.631643
53.10878372;1.2;0.8;100.02%;0.05;146.2338715;3;159.1601257;0.03;0.02;52.92939377;81.18%;0.98;2.941614151;0.1;0.1;2.5;0.8;0.9;0.85;2996.442326;355.5495836;3351.99191
73.93778229;1.2;0.8;98.59%;0.05;148.8696899;3;145.0615082;0.03;0.02;67.57632446;73.82%;0.98;2.266913891;0.1;0.1;2.5;0.8;0.9;0.85;2901.473796;557.2664886;3458.740285
51.93738174;1.2;0.8;99.98%;0.05;143.8871155;3;150.7553101;0.03;0.02;60.59988785;77.55%;0.98;2.172632217;0.1;0.1;2.5;0.8;0.9;0.85;1046.37392;200.3601866;1246.734106
67.98432159;1.2;0.8;94.62%;0.05;140.0934296;3;148.2415161;0.03;0.02;61.46893311;77.10%;0.98;2.418130159;0.1;0.1;2.5;0.8;0.9;0.85;3040.966708;686.7605104;3727.727218
51.96197891;1.2;0.8;99.32%;0.05;140.6129608;3;144.867981;0.03;0.02;69.85858917;72.52%;0.98;2.794324398;0.1;0.1;2.5;0.8;0.9;0.85;3112.842704;752.1340093;3864.976713
56.91811371;1.2;0.8;100.03%;0.05;148.8977814;3;157.2660065;0.03;0.02;63.84366989;75.87%;0.98;2.394682884;0.1;0.1;2.5;0.8;0.9;0.85;3303.747945;709.1466115;4012.894556
60.27334213;1.2;0.8;97.71%;0.05;142.2775116;3;140.0515747;0.03;0.02;63.7951088;75.89%;0.98;2.530751705;0.1;0.1;2.5;0.8;0.9;0.85;3027.273967;770.9353626;3798.209329
63.17416382;1.2;0.8;99.52%;0.05;147.735733;3;141.1669922;0.03;0.02;56.35459518;79.62%;0.98;2.635964155;0.1;0.1;2.5;0.8;0.9;0.85;2821.92247;553.4240597;3375.346529
65.33428955;1.2;0.8;98.99%;0.05;147.1003723;3;140.7384796;0.03;0.02;67.86231232;73.66%;0.98;2.751481056;0.1;0.1;2.5;0.8;0.9;0.85;2824.202953;472.4834093;3296.686363
73.95797729;1.2;0.8;94.78%;0.05;141.3356934;3;155.3240967;0.03;0.02;61.61278915;77.01%;0.98;2.437811375;0.1;0.1;2.5;0.8;0.9;0.85;3295.325531;678.5604465;3973.885978
61.58911133;1.2;0.8;99.84%;0.05;146.1233978;3;154.427475;0.03;0.02;58.31387329;78.67%;0.98;2.205964088;0.1;0.1;2.5;0.8;0.9;0.85;3069.415676;535.9798632;3605.395539
68.97993469;1.2;0.8;95.94%;0.05;143.4201813;3;141.1521149;0.03;0.02;64.12386322;75.72%;0.98;2.811882257;0.1;0.1;2.5;0.8;0.9;0.85;2947.692816;508.518881;3456.211697
55.32289505;1.2;0.8;100.00%;0.05;146.1794739;3;153.8712463;0.03;0.02;55.64173126;79.84%;0.98;2.007908344;0.1;0.1;2.5;0.8;0.9;0.85;3115.188266;620.9648265;3736.153093
54.43968201;1.2;0.8;100.00%;0.05;145.9246368;3;150.7884827;0.03;0.02;56.2254715;79.68%;0.98;2.595029831;0.1;0.1;2.5;0.8;0.9;0.85;2910.651201;304.0882089;3214.739409
51.77092743;1.2;0.8;99.99%;0.05;145.3612671;3;144.2638855;0.03;0.02;63.01361084;76.31%;0.98;2.869656086;0.1;0.1;2.5;0.8;0.9;0.85;3090.679868;666.3465045;3757.026373
53.26050568;1.2;0.8;99.72%;0.05;140.7161102;3;156.780838;0.03;0.02;69.0247879;73.00%;0.98;2.808677435;0.1;0.1;2.5;0.8;0.9;0.85;3114.585146;579.8539274;3694.439074
73.47807312;1.2;0.8;94.65%;0.05;140.9899445;3;155.4284058;0.03;0.02;69.71051788;72.60%;0.98;2.586555481;0.1;0.1;2.5;0.8;0.9;0.85;3040.608619;389.2007641;3429.809383
51.57368851;1.2;0.8;99.96%;0.05;143.8120728;3;146.7744293;0.03;0.02;68.33602142;73.39%;0.98;2.268193722;0.1;0.1;2.5;0.8;0.9;0.85;2856.94625;375.5680935;3232.514344
59.90814209;1.2;0.8;98.57%;0.05;140.0839233;3;159.0041809;0.03;0.02;59.56423569;78.07%;0.98;2.771339417;0.1;0.1;2.5;0.8;0.9;0.85;3029.667334;256.4862753;3286.153609
51.45289993;1.2;0.8;99.68%;0.05;142.0991058;3;143.1996613;0.03;0.02;55.61791229;79.95%;0.98;2.442267656;0.1;0.1;2.5;0.8;0.9;0.85;2845.907916;273.58055;3119.488466
73.30325317;1.2;0.8;95.11%;0.05;142.327652;3;150.6345367;0.03;0.02;64.39483643;75.57%;0.98;2.838496685;0.1;0.1;2.5;0.8;0.9;0.85;3211.051106;656.5294958;3867.580602
54.8985672;1.2;0.8;99.58%;0.05;142.551712;3;147.9596405;0.03;0.02;53.91122818;80.74%;0.98;2.562283516;0.1;0.1;2.5;0.8;0.9;0.85;2923.037528;342.8942593;3265.931787
60.79323578;1.2;0.8;99.87%;0.05;145.5403595;3;157.1541901;0.03;0.02;62.44817734;76.60%;0.98;2.238650799;0.1;0.1;2.5;0.8;0.9;0.85;3220.033326;579.537796;3799.571122
54.07225037;1.2;0.8;99.95%;0.05;143.951004;3;152.1175842;0.03;0.02;58.77627945;78.46%;0.98;2.98169589;0.1;0.1;2.5;0.8;0.9;0.85;2195.075085;210.7653667;2405.840452
72.75497437;1.2;0.8;96.10%;0.05;143.6447601;3;148.7767639;0.03;0.02;61.83337402;76.92%;0.98;2.942931175;0.1;0.1;2.5;0.8;0.9;0.85;2564.361806;389.5447551;2953.906561
52.7810173;1.2;0.8;99.62%;0.05;141.1035156;3;150.5843658;0.03;0.02;54.23039627;80.60%;0.98;2.785404682;0.1;0.1;2.5;0.8;0.9;0.85;3182.620911;607.2188449;3789.839756
62.42181396;1.2;0.8;99.93%;0.05;147.1358643;3;156.2823029;0.03;0.02;68.96035004;73.04%;0.98;2.177351952;0.1;0.1;2.5;0.8;0.9;0.85;2531.610937;177.6087122;2709.219649
69.21181488;1.2;0.8;94.33%;0.05;141.5598907;3;141.8060608;0.03;0.02;53.68544388;80.84%;0.98;2.649130106;0.1;0.1;2.5;0.8;0.9;0.85;2684.213309;490.8173936;3175.030703
66.74290466;1.2;0.8;99.27%;0.05;146.0496826;3;153.2047119;0.03;0.02;61.97729492;76.85%;0.98;2.40718317;0.1;0.1;2.5;0.8;0.9;0.85;2919.089066;242.5560463;3161.645112
69.91586304;1.2;0.8;98.12%;0.05;144.8336945;3;152.451355;0.03;0.02;65.88531494;74.77%;0.98;2.948787689;0.1;0.1;2.5;0.8;0.9;0.85;2980.362701;229.7499529;3210.112654
68.49260712;1.2;0.8;97.75%;0.05;145.4319763;3;143.0193481;0.03;0.02;69.20818329;72.89%;0.98;2.571329594;0.1;0.1;2.5;0.8;0.9;0.85;2844.712462;426.1234485;3270.835911
60.04298782;1.2;0.8;99.26%;0.05;144.1201019;3;147.0990906;0.03;0.02;65.84344482;74.78%;0.98;2.119863272;0.1;0.1;2.5;0.8;0.9;0.85;2066.801883;364.1734712;2430.975354
64.62983704;1.2;0.8;98.40%;0.05;143.3070374;3;151.3304596;0.03;0.02;52.59026718;81.33%;0.98;2.566701889;0.1;0.1;2.5;0.8;0.9;0.85;2209.337978;266.3866284;2475.724606
54.8260498;1.2;0.8;98.53%;0.05;140.5147095;3;142.9258118;0.03;0.02;50.7802887;82.06%;0.98;2.266788006;0.1;0.1;2.5;0.8;0.9;0.85;2999.811286;532.2119604;3532.023247
65.9074707;1.2;0.8;95.45%;0.05;141.1464386;3;143.0587006;0.03;0.02;56.11159134;79.73%;0.98;2.982595444;0.1;0.1;2.5;0.8;0.9;0.85;3038.875813;624.1046024;3662.980416
57.3152771;1.2;0.8;100.01%;0.05;149.7322235;3;149.3931732;0.03;0.02;61.06083679;77.30%;0.98;2.022313356;0.1;0.1;2.5;0.8;0.9;0.85;3054.975234;523.5002802;3578.475514
52.73168945;1.2;0.8;100.00%;0.05;146.8377533;3;144.6286316;0.03;0.02;59.24847031;78.18%;0.98;2.08506155;0.1;0.1;2.5;0.8;0.9;0.85;2677.815848;235.6880889;2913.503937
67.36266327;1.2;0.8;96.62%;0.05;141.3252563;3;152.9354858;0.03;0.02;66.1321106;74.63%;0.98;2.656886101;0.1;0.1;2.5;0.8;0.9;0.85;2923.94683;187.1269138;3111.073744
62.27138519;1.2;0.8;97.15%;0.05;140.1533051;3;151.1562347;0.03;0.02;55.40300369;80.04%;0.98;2.051286221;0.1;0.1;2.5;0.8;0.9;0.85;2814.968656;285.3749604;3100.343616
71.85632324;1.2;0.8;93.06%;0.05;140.4030914;3;146.6472626;0.03;0.02;55.46065903;80.01%;0.98;2.438023329;0.1;0.1;2.5;0.8;0.9;0.85;2666.997759;157.8631787;2824.860938
56.81750488;1.2;0.8;99.36%;0.05;140.7189484;3;158.6363525;0.03;0.02;55.34056854;80.09%;0.98;2.453961372;0.1;0.1;2.5;0.8;0.9;0.85;3266.680275;630.8840648;3897.56434
66.20488739;1.2;0.8;96.23%;0.05;141.8503265;3;144.9706268;0.03;0.02;54.4700737;80.46%;0.98;2.239687443;0.1;0.1;2.5;0.8;0.9;0.85;3017.222239;782.1622815;3799.38452
73.39245605;1.2;0.8;98.11%;0.05;148.4828186;3;141.1302795;0.03;0.02;55.62733459;79.95%;0.98;2.995663643;0.1;0.1;2.5;0.8;0.9;0.85;3069.940691;775.1303666;3845.071058
57.07187653;1.2;0.8;99.93%;0.05;147.0457916;3;143.3828735;0.03;0.02;65.47846222;74.99%;0.98;2.401661158;0.1;0.1;2.5;0.8;0.9;0.85;1299.940797;553.1865124;1853.12731
54.60945129;1.2;0.8;100.00%;0.05;146.6840515;3;152.9532013;0.03;0.02;52.06774139;81.56%;0.98;2.493225574;0.1;0.1;2.5;0.8;0.9;0.85;2521.74176;346.9682266;2868.709987
71.36005402;1.2;0.8;95.16%;0.05;143.0811157;3;143.0839386;0.03;0.02;53.6359787;80.86%;0.98;2.838922501;0.1;0.1;2.5;0.8;0.9;0.85;2949.676742;601.1540534;3550.830795
60.78190994;1.2;0.8;99.98%;0.05;147.3215332;3;155.8617096;0.03;0.02;58.14201355;78.73%;0.98;2.112114429;0.1;0.1;2.5;0.8;0.9;0.85;3067.815942;400.2211168;3468.037058
71.4458313;1.2;0.8;95.89%;0.05;144.47966;3;140.68396;0.03;0.02;57.86229706;78.89%;0.98;2.401019812;0.1;0.1;2.5;0.8;0.9;0.85;2578.024176;182.5350091;2760.559185
63.28282166;1.2;0.8;99.97%;0.05;149.1226807;3;151.2413177;0.03;0.02;68.44365692;73.34%;0.98;2.850803375;0.1;0.1;2.5;0.8;0.9;0.85;2364.693978;293.9645894;2658.658567
51.66362;1.2;0.8;100.00%;0.05;147.4150848;3;142.890686;0.03;0.02;66.78412628;74.27%;0.98;2.481446743;0.1;0.1;2.5;0.8;0.9;0.85;2689.882591;188.4544942;2878.337085
69.15411377;1.2;0.8;99.69%;0.05;148.0121918;3;157.2938995;0.03;0.02;67.11695862;74.06%;0.98;2.275150299;0.1;0.1;2.5;0.8;0.9;0.85;3322.523655;628.1288596;3950.652515
66.04020691;1.2;0.8;99.04%;0.05;146.4302673;3;146.1970215;0.03;0.02;59.6727066;78.01%;0.98;2.87701726;0.1;0.1;2.5;0.8;0.9;0.85;2750.563209;270.4615322;3021.024741
51.96603394;1.2;0.8;99.51%;0.05;140.0807648;3;151.2252808;0.03;0.02;61.29448318;77.20%;0.98;2.502768993;0.1;0.1;2.5;0.8;0.9;0.85;3009.682388;451.0963491;3460.778737
62.2791481;1.2;0.8;98.14%;0.05;143.6559448;3;141.568573;0.03;0.02;52.38130569;81.41%;0.98;2.897240639;0.1;0.1;2.5;0.8;0.9;0.85;2947.494865;712.3592747;3659.854139
63.92653275;1.2;0.8;99.86%;0.05;147.0538483;3;156.4326782;0.03;0.02;59.53458786;78.08%;0.98;2.43740797;0.1;0.1;2.5;0.8;0.9;0.85;3200.236289;522.6188424;3722.855131
71.99512482;1.2;0.8;92.61%;0.05;140.52948;3;144.1310577;0.03;0.02;68.28273773;73.43%;0.98;2.72369647;0.1;0.1;2.5;0.8;0.9;0.85;2648.266495;537.9176217;3186.184117
54.24062729;1.2;0.8;99.98%;0.05;144.2604218;3;154.692215;0.03;0.02;55.25889587;80.10%;0.98;2.253321648;0.1;0.1;2.5;0.8;0.9;0.85;2924.83513;194.1004564;3118.935587
57.19834137;1.2;0.8;99.07%;0.05;142.0136566;3;147.8578491;0.03;0.02;54.20682144;80.58%;0.98;2.019409657;0.1;0.1;2.5;0.8;0.9;0.85;2551.75875;364.6471611;2916.405911
68.71977997;1.2;0.8;94.38%;0.05;141.1017456;3;143.3464355;0.03;0.02;55.18982697;80.12%;0.98;2.129649162;0.1;0.1;2.5;0.8;0.9;0.85;2720.889566;344.2002232;3065.089789
63.028862;1.2;0.8;98.17%;0.05;143.3153687;3;145.2575226;0.03;0.02;61.3779335;77.16%;0.98;2.788225412;0.1;0.1;2.5;0.8;0.9;0.85;2783.231862;184.1972159;2967.429077
55.64127731;1.2;0.8;99.96%;0.05;144.0200653;3;157.491745;0.03;0.02;52.78807068;81.22%;0.98;2.234785557;0.1;0.1;2.5;0.8;0.9;0.85;3270.414545;586.4296329;3856.844178
51.7410202;1.2;0.8;100.30%;0.05;149.1044312;3;152.061264;0.03;0.02;51.35246277;81.86%;0.98;2.484184265;0.1;0.1;2.5;0.8;0.9;0.85;3209.29067;579.5569153;3788.847586
52.85759354;1.2;0.8;99.92%;0.05;141.9674225;3;157.1660004;0.03;0.02;66.69010162;74.32%;0.98;2.960760593;0.1;0.1;2.5;0.8;0.9;0.85;3154.228601;568.1823486;3722.41095
67.93778992;1.2;0.8;99.05%;0.05;145.2322693;3;156.9104156;0.03;0.02;66.9563446;74.17%;0.98;2.370897055;0.1;0.1;2.5;0.8;0.9;0.85;2954.662615;178.1386674;3132.801282
56.15577316;1.2;0.8;99.98%;0.05;144.3743591;3;159.5359497;0.03;0.02;64.14567566;75.71%;0.98;2.40760994;0.1;0.1;2.5;0.8;0.9;0.85;3318.207338;778.7920598;4096.999398
60.05514145;1.2;0.8;99.41%;0.05;142.9507294;3;156.0440216;0.03;0.02;68.22253418;73.46%;0.98;2.130919933;0.1;0.1;2.5;0.8;0.9;0.85;3176.314849;469.4395419;3645.754391
68.86681366;1.2;0.8;96.80%;0.05;141.6186676;3;156.0847473;0.03;0.02;69.4553299;72.74%;0.98;2.117753983;0.1;0.1;2.5;0.8;0.9;0.85;2897.248821;248.101886;3145.350707
58.09643173;1.2;0.8;99.93%;0.05;145.6307678;3;152.9862366;0.03;0.02;53.32852173;81.00%;0.98;2.725129366;0.1;0.1;2.5;0.8;0.9;0.85;2118.145235;312.2935793;2430.438814
57.72503281;1.2;0.8;100.00%;0.05;147.9941711;3;154.799469;0.03;0.02;57.40787888;79.09%;0.98;2.060369015;0.1;0.1;2.5;0.8;0.9;0.85;2992.659766;300.3533942;3293.01316
57.61677551;1.2;0.8;99.97%;0.05;147.9812622;3;143.2338715;0.03;0.02;64.53382874;75.50%;0.98;2.50209713;0.1;0.1;2.5;0.8;0.9;0.85;2753.212102;425.2185993;3178.430701
64.97743225;1.2;0.8;99.49%;0.05;147.1794739;3;147.358551;0.03;0.02;51.71792984;81.71%;0.98;2.865766048;0.1;0.1;2.5;0.8;0.9;0.85;3089.690806;616.1831338;3705.87394
59.95742035;1.2;0.8;99.88%;0.05;147.7677002;3;143.9439392;0.03;0.02;59.11750412;78.29%;0.98;2.557465315;0.1;0.1;2.5;0.8;0.9;0.85;194.8654932;184.8705267;379.7360199
51.74309921;1.2;0.8;98.97%;0.05;140.2066803;3;141.3193817;0.03;0.02;68.46335602;73.31%;0.98;2.309762001;0.1;0.1;2.5;0.8;0.9;0.85;3027.994781;695.3096377;3723.304419
68.73012543;1.2;0.8;94.33%;0.05;140.0309906;3;148.6210632;0.03;0.02;65.31563568;75.07%;0.98;2.343321323;0.1;0.1;2.5;0.8;0.9;0.85;3026.40068;479.8173308;3506.218011
72.62255096;1.2;0.8;98.57%;0.05;145.9301453;3;157.3057404;0.03;0.02;64.52282715;75.49%;0.98;2.04805851;0.1;0.1;2.5;0.8;0.9;0.85;2852.052244;173.619416;3025.67166
67.55151367;1.2;0.8;97.47%;0.05;143.8061523;3;146.8050385;0.03;0.02;63.25884628;76.18%;0.98;2.52757287;0.1;0.1;2.5;0.8;0.9;0.85;2664.563522;181.6787776;2846.2423
56.55714035;1.2;0.8;99.80%;0.05;143.9952545;3;151.1953125;0.03;0.02;51.01328278;82.00%;0.98;2.600613117;0.1;0.1;2.5;0.8;0.9;0.85;3134.647688;613.1685306;3747.816218
54.02750397;1.2;0.8;99.43%;0.05;141.3411255;3;148.7583008;0.03;0.02;50.90976715;81.97%;0.98;2.103322983;0.1;0.1;2.5;0.8;0.9;0.85;3174.875649;635.4732382;3810.348887
68.93840027;1.2;0.8;93.09%;0.05;140.3071747;3;141.3071899;0.03;0.02;51.72744751;81.71%;0.98;2.586018085;0.1;0.1;2.5;0.8;0.9;0.85;1237.903585;254.9208355;1492.824421
54.98760986;1.2;0.8;100.20%;0.05;149.8154602;3;155.1534882;0.03;0.02;55.00058746;80.25%;0.98;2.748245001;0.1;0.1;2.5;0.8;0.9;0.85;3123.449612;494.1845719;3617.634184
54.96744919;1.2;0.8;99.76%;0.05;144.9995728;3;140.589386;0.03;0.02;66.57132721;74.36%;0.98;2.205871582;0.1;0.1;2.5;0.8;0.9;0.85;3023.098675;718.4681577;3741.566832
72.96936798;1.2;0.8;97.76%;0.05;145.5591278;3;151.760849;0.03;0.02;66.97051239;74.17%;0.98;2.433957577;0.1;0.1;2.5;0.8;0.9;0.85;2911.9463;536.4235085;3448.369809
64.26433563;1.2;0.8;98.51%;0.05;142.9033661;3;153.8062744;0.03;0.02;60.00170517;77.85%;0.98;2.979156494;0.1;0.1;2.5;0.8;0.9;0.85;3382.077999;772.8248156;4154.902815
63.9527092;1.2;0.8;96.78%;0.05;140.7712097;3;149.135788;0.03;0.02;63.90328217;75.80%;0.98;2.285399675;0.1;0.1;2.5;0.8;0.9;0.85;3189.367069;792.1965477;3981.563617
56.7274437;1.2;0.8;100.00%;0.05;146.5155029;3;159.726181;0.03;0.02;54.46365738;80.49%;0.98;2.726611614;0.1;0.1;2.5;0.8;0.9;0.85;3334.586784;744.9457846;4079.532569
71.34429932;1.2;0.8;95.59%;0.05;142.7387085;3;147.3064117;0.03;0.02;54.46466446;80.49%;0.98;2.690205574;0.1;0.1;2.5;0.8;0.9;0.85;2978.935805;450.8487349;3429.78454
64.64283752;1.2;0.8;98.11%;0.05;141.4677124;3;158.3088226;0.03;0.02;68.82802582;73.12%;0.98;2.805110455;0.1;0.1;2.5;0.8;0.9;0.85;3224.970464;545.6106735;3770.581138
66.21195221;1.2;0.8;98.59%;0.05;145.5552368;3;145.4609375;0.03;0.02;69.83997345;72.53%;0.98;2.658079863;0.1;0.1;2.5;0.8;0.9;0.85;3029.448088;551.1803147;3580.628403
61.04366302;1.2;0.8;98.92%;0.05;144.4952087;3;142.8928223;0.03;0.02;61.82894897;76.93%;0.98;2.592032433;0.1;0.1;2.5;0.8;0.9;0.85;1291.029677;477.4815791;1768.511257
68.76898193;1.2;0.8;98.51%;0.05;144.3398285;3;156.6352386;0.03;0.02;59.67152786;78.01%;0.98;2.430172443;0.1;0.1;2.5;0.8;0.9;0.85;2981.04321;288.9291954;3269.972405
59.31951141;1.2;0.8;99.76%;0.05;143.9055023;3;157.3832245;0.03;0.02;60.50133514;77.59%;0.98;2.219641685;0.1;0.1;2.5;0.8;0.9;0.85;3051.917746;242.9307842;3294.848531
51.1085968;1.2;0.8;99.82%;0.05;141.9556274;3;147.4003906;0.03;0.02;52.99620438;81.13%;0.98;2.338453531;0.1;0.1;2.5;0.8;0.9;0.85;3058.147764;688.8313235;3746.979088
69.07578278;1.2;0.8;97.65%;0.05;142.5471039;3;158.4389343;0.03;0.02;53.61837769;80.87%;0.98;2.559458256;0.1;0.1;2.5;0.8;0.9;0.85;3258.266057;734.0423326;3992.30839
71.18825531;1.2;0.8;98.57%;0.05;148.2286987;3;142.5500793;0.03;0.02;64.18289185;75.69%;0.98;2.915088654;0.1;0.1;2.5;0.8;0.9;0.85;2848.402895;584.7885744;3433.19147
58.24308777;1.2;0.8;98.96%;0.05;143.2782745;3;142.6603088;0.03;0.02;50.12905121;82.36%;0.98;2.456636906;0.1;0.1;2.5;0.8;0.9;0.85;3047.342042;749.2377116;3796.579753
63.06403732;1.2;0.8;98.25%;0.05;141.6667175;3;154.788147;0.03;0.02;63.87002563;75.83%;0.98;2.25181365;0.1;0.1;2.5;0.8;0.9;0.85;3165.155381;619.2437012;3784.399082
71.4365921;1.2;0.8;99.25%;0.05;146.9358063;3;158.7765961;0.03;0.02;62.59560776;76.49%;0.98;2.214338303;0.1;0.1;2.5;0.8;0.9;0.85;3107.237187;419.8502958;3527.087482
58.37505341;1.2;0.8;99.84%;0.05;143.6777802;3;159.4161377;0.03;0.02;54.90306091;80.29%;0.98;2.609309673;0.1;0.1;2.5;0.8;0.9;0.85;3058.847381;205.2919462;3264.139327
54.56542206;1.2;0.8;99.54%;0.05;142.803772;3;144.8334503;0.03;0.02;55.63109207;79.95%;0.98;2.328107834;0.1;0.1;2.5;0.8;0.9;0.85;2270.417574;217.9530453;2488.370619
64.07778168;1.2;0.8;99.44%;0.05;145.289093;3;154.0207062;0.03;0.02;53.27198792;81.02%;0.98;2.276578188;0.1;0.1;2.5;0.8;0.9;0.85;3080.440179;544.1122682;3624.552447
60.69200897;1.2;0.8;98.35%;0.05;141.5822449;3;150.3804321;0.03;0.02;59.3368187;78.16%;0.98;2.470246792;0.1;0.1;2.5;0.8;0.9;0.85;3295.927587;782.4726382;4078.400225
71.4304657;1.2;0.8;97.59%;0.05;146.3657684;3;143.1611633;0.03;0.02;54.04882431;80.67%;0.98;2.680315971;0.1;0.1;2.5;0.8;0.9;0.85;3022.442477;605.1352337;3627.57771
62.14149475;1.2;0.8;96.66%;0.05;140.8560486;3;143.6585236;0.03;0.02;67.73988342;73.73%;0.98;2.724191189;0.1;0.1;2.5;0.8;0.9;0.85;2785.681411;290.4443008;3076.125712
71.2274704;1.2;0.8;98.66%;0.05;147.3295898;3;148.0570221;0.03;0.02;62.32513046;76.67%;0.98;2.744290113;0.1;0.1;2.5;0.8;0.9;0.85;2901.115339;470.7888168;3371.904156
68.86107635;1.2;0.8;96.12%;0.05;143.0635376;3;143.7875671;0.03;0.02;62.23067474;76.70%;0.98;2.068882942;0.1;0.1;2.5;0.8;0.9;0.85;2840.207463;502.102841;3342.310304
50.28367615;1.2;0.8;99.90%;0.05;143.377655;3;141.2754059;0.03;0.02;69.14948273;72.93%;0.98;2.498713017;0.1;0.1;2.5;0.8;0.9;0.85;1253.378188;262.4974548;1515.875643
53.0294075;1.2;0.8;100.01%;0.05;145.9653473;3;157.9538574;0.03;0.02;60.00035095;77.84%;0.98;2.113148689;0.1;0.1;2.5;0.8;0.9;0.85;3233.567991;531.6771669;3765.245158
69.16885376;1.2;0.8;94.86%;0.05;141.2012939;3;146.4186096;0.03;0.02;52.46500778;81.38%;0.98;2.939617395;0.1;0.1;2.5;0.8;0.9;0.85;3018.736286;539.5966846;3558.332971
54.91596222;1.2;0.8;99.91%;0.05;145.6131134;3;143.59758;0.03;0.02;67.47835541;73.87%;0.98;2.080070972;0.1;0.1;2.5;0.8;0.9;0.85;2937.67432;601.2793042;3538.953624
71.1920166;1.2;0.8;98.58%;0.05;148.2046356;3;142.8115692;0.03;0.02;63.04683685;76.28%;0.98;2.138231277;0.1;0.1;2.5;0.8;0.9;0.85;1203.313914;243.3884763;1446.70239
69.99040222;1.2;0.8;96.54%;0.05;141.818222;3;155.6003265;0.03;0.02;58.76991272;78.40%;0.98;2.041367054;0.1;0.1;2.5;0.8;0.9;0.85;3345.401081;721.4175211;4066.818603
72.63582611;1.2;0.8;97.42%;0.05;144.2235413;3;155.1894226;0.03;0.02;55.43965912;80.04%;0.98;2.600353003;0.1;0.1;2.5;0.8;0.9;0.85;3200.866836;696.5161813;3897.383017
67.28195953;1.2;0.8;99.50%;0.05;146.1205902;3;158.4726105;0.03;0.02;59.09352493;78.30%;0.98;2.401760101;0.1;0.1;2.5;0.8;0.9;0.85;2955.022609;189.7958872;3144.818497
59.24094391;1.2;0.8;99.78%;0.05;145.7441711;3;148.3849182;0.03;0.02;63.89517975;75.84%;0.98;2.875726223;0.1;0.1;2.5;0.8;0.9;0.85;3139.736194;601.1887022;3740.924896
63.98881912;1.2;0.8;97.04%;0.05;142.2574158;3;143.5413055;0.03;0.02;53.21848679;81.05%;0.98;2.633358002;0.1;0.1;2.5;0.8;0.9;0.85;1201.742681;526.9168565;1728.659538
63.9404068;1.2;0.8;97.74%;0.05;142.6219025;3;147.0159607;0.03;0.02;63.30963898;76.14%;0.98;2.417414904;0.1;0.1;2.5;0.8;0.9;0.85;2933.732563;365.8700146;3299.602577
56.33748627;1.2;0.8;100.01%;0.05;149.131897;3;151.1372375;0.03;0.02;58.90236282;78.39%;0.98;2.260024548;0.1;0.1;2.5;0.8;0.9;0.85;3289.411889;719.7913679;4009.203257
50.84402084;1.2;0.8;100.00%;0.05;147.2999725;3;140.1731567;0.03;0.02;55.16130447;80.17%;0.98;2.691178322;0.1;0.1;2.5;0.8;0.9;0.85;2882.173129;703.9636479;3586.136777
56.69215012;1.2;0.8;100.00%;0.05;146.2819824;3;157.7826233;0.03;0.02;65.32849884;75.06%;0.98;2.091758251;0.1;0.1;2.5;0.8;0.9;0.85;3111.232404;484.8560023;3596.088406
55.4727211;1.2;0.8;100.00%;0.05;146.528244;3;151.1072235;0.03;0.02;58.4479866;78.61%;0.98;2.534846067;0.1;0.1;2.5;0.8;0.9;0.85;3258.346828;741.5253064;3999.872135
61.91408157;1.2;0.8;97.98%;0.05;141.8491516;3;148.3785858;0.03;0.02;56.54353333;79.53%;0.98;2.70906353;0.1;0.1;2.5;0.8;0.9;0.85;2933.363442;421.4016888;3354.765131
56.24295044;1.2;0.8;99.97%;0.05;145.5820007;3;151.9165344;0.03;0.02;65.62451172;74.91%;0.98;2.767693043;0.1;0.1;2.5;0.8;0.9;0.85;2939.528381;216.4076612;3155.936042
52.97099686;1.2;0.8;99.94%;0.05;143.0471649;3;153.3926697;0.03;0.02;59.89487457;77.90%;0.98;2.197329521;0.1;0.1;2.5;0.8;0.9;0.85;2620.442568;364.7722558;2985.214824
52.20103455;1.2;0.8;99.96%;0.05;144.9806366;3;143.2346649;0.03;0.02;63.5402565;76.02%;0.98;2.049814463;0.1;0.1;2.5;0.8;0.9;0.85;2001.780429;531.8041345;2533.584564
50.79642105;1.2;0.8;100.40%;0.05;149.1307678;3;151.0462799;0.03;0.02;59.46821594;78.11%;0.98;2.131201267;0.1;0.1;2.5;0.8;0.9;0.85;2714.405905;521.7368584;3236.142763
72.0075531;1.2;0.8;99.82%;0.05;149.7064667;3;158.9178009;0.03;0.02;59.37660217;78.16%;0.98;2.991500854;0.1;0.1;2.5;0.8;0.9;0.85;3355.012562;736.416791;4091.429353
53.39908981;1.2;0.8;100.01%;0.05;146.864502;3;154.5022736;0.03;0.02;54.52503204;80.46%;0.98;2.80895853;0.1;0.1;2.5;0.8;0.9;0.85;3312.654356;805.6322507;4118.286607
64.17173004;1.2;0.8;97.64%;0.05;140.9234161;3;155.7322845;0.03;0.02;51.58448792;81.77%;0.98;2.512613058;0.1;0.1;2.5;0.8;0.9;0.85;2544.499276;214.5729907;2759.072266
54.22229385;1.2;0.8;100.00%;0.05;148.4914093;3;144.0523987;0.03;0.02;62.94007492;76.35%;0.98;2.736886978;0.1;0.1;2.5;0.8;0.9;0.85;336.9154043;335.1623446;672.0777489
68.53578949;1.2;0.8;94.46%;0.05;140.1958313;3;148.04216;0.03;0.02;65.8218689;74.80%;0.98;2.451957226;0.1;0.1;2.5;0.8;0.9;0.85;2760.331805;230.7410339;2991.072838
66.75328064;1.2;0.8;96.22%;0.05;142.2017822;3;144.3048096;0.03;0.02;69.63889313;72.64%;0.98;2.363656998;0.1;0.1;2.5;0.8;0.9;0.85;2785.892818;370.0007934;3155.893611
69.00933075;1.2;0.8;98.52%;0.05;146.2071686;3;147.496582;0.03;0.02;55.89123535;79.82%;0.98;2.426659822;0.1;0.1;2.5;0.8;0.9;0.85;2808.282307;400.6699127;3208.95222
55.38261795;1.2;0.8;99.89%;0.05;145.101944;3;146.371582;0.03;0.02;60.03528976;77.78%;0.98;2.064694881;0.1;0.1;2.5;0.8;0.9;0.85;2743.132493;209.1302391;2952.262732
52.55371857;1.2;0.8;99.95%;0.05;143.9788055;3;147.7173615;0.03;0.02;69.67710876;72.62%;0.98;2.941542625;0.1;0.1;2.5;0.8;0.9;0.85;2957.461553;563.2195299;3520.681083
72.51355743;1.2;0.8;99.43%;0.05;148.6829987;3;155.0561523;0.03;0.02;58.46887589;78.60%;0.98;2.376561642;0.1;0.1;2.5;0.8;0.9;0.85;3199.010214;453.7594696;3652.769683
74.41645813;1.2;0.8;98.24%;0.05;146.5887299;3;153.9865112;0.03;0.02;60.08353806;77.81%;0.98;2.748497725;0.1;0.1;2.5;0.8;0.9;0.85;2920.349534;197.3316147;3117.681149
51.92143631;1.2;0.8;100.00%;0.05;146.7895508;3;141.0409088;0.03;0.02;51.64252472;81.74%;0.98;2.481324196;0.1;0.1;2.5;0.8;0.9;0.85;1712.766067;542.2355354;2255.001603
54.61555099;1.2;0.8;100.26%;0.05;149.3903503;3;157.9336548;0.03;0.02;60.97161484;77.35%;0.98;2.455862522;0.1;0.1;2.5;0.8;0.9;0.85;3312.78853;621.1745143;3933.963045
58.36302185;1.2;0.8;99.99%;0.05;146.0884552;3;158.0746307;0.03;0.02;57.05990601;79.29%;0.98;2.940934181;0.1;0.1;2.5;0.8;0.9;0.85;3137.987133;376.3880375;3514.375171
